intervention,seed,round,target_class,holder_client_id,local_recall_holder_own_rows,local_recall_holder_validation,logit_margin_holder_post_local,global_recall_post_intervention_validation,conditional_retention,logit_margin_post_intervention,delta_margin,logit_margin_retention_ratio_secondary,holder_update_norm,cosine_holder_vs_realized_aggregate,holder_weighted_sum_norm_baseline,nonholder_weighted_sum_norm_baseline,nonholder_over_holder_contribution_ratio_baseline,intervention_c_macro_f1_all_classes,intervention_c_flagged_invalid
0,11,1,Manipulation,2,0.956480605487228,0.9064748201438849,0.30252698063850403,0.0,0,-2.51257586479187,-2.815102845430374,-8.305295149176136,0.09638915210962296,-0.49707973425672186,0.0077748228795826435,0.2661205232143402,34.228499778843286,,
0,11,1,Manipulation,13,1.0,1.0,3.05118727684021,0.0,0,-2.51257586479187,-5.56376314163208,-0.8234748105641938,0.1373928040266037,-0.6498125149807129,0.0077748228795826435,0.2661205232143402,34.228499778843286,,
A,11,1,Manipulation,2,0.956480605487228,0.9064748201438849,0.30252698063850403,0.0,0,-0.8933918476104736,-1.1959188282489777,-2.953098086408388,0.09638915210962296,0.9261697680761023,0.0077748228795826435,0.2661205232143402,34.228499778843286,,
A,11,1,Manipulation,13,1.0,1.0,3.05118727684021,0.0,0,-0.8933918476104736,-3.9445791244506836,-0.29280138075813705,0.1373928040266037,0.9824133011930967,0.0077748228795826435,0.2661205232143402,34.228499778843286,,
B,11,1,Manipulation,2,0.956480605487228,0.9064748201438849,0.30252698063850403,0.0,0,-0.2851164937019348,-0.5876434743404388,-0.9424498043122528,0.09638915210962296,0.9261697680761023,0.0077748228795826435,0.2661205232143402,34.228499778843286,,
B,11,1,Manipulation,13,1.0,1.0,3.05118727684021,0.0,0,-0.2851164937019348,-3.3363037705421448,-0.09344444238676809,0.1373928040266037,0.9824133011930967,0.0077748228795826435,0.2661205232143402,34.228499778843286,,
C,11,1,Manipulation,2,0.956480605487228,0.9064748201438849,0.30252698063850403,1.0,1,0.38142138719558716,0.07889440655708313,1.2607846956015991,0.09638915210962296,-0.49707973425672186,0.0077748228795826435,0.2661205232143402,34.228499778843286,0.0256773254497143,True
C,11,1,Manipulation,13,1.0,1.0,3.05118727684021,1.0,1,0.38142138719558716,-2.669765889644623,0.12500753070476378,0.1373928040266037,-0.6498125149807129,0.0077748228795826435,0.2661205232143402,34.228499778843286,0.0256773254497143,True
0,11,1,Replay,1,1.0,1.0,1.7694051265716553,0.0,0,-2.4354288578033447,-4.204833984375,-1.3764111006743585,0.11305484920740128,-0.6957574385322014,0.019466746598482132,0.2529427409172058,12.993580598461602,,
0,11,1,Replay,4,0.9921171171171171,0.9944700460829493,1.8940024375915527,0.0,0,-2.4354288578033447,-4.3294312953948975,-1.2858636343152121,0.18966259062290192,-0.3646995913378622,0.019466746598482132,0.2529427409172058,12.993580598461602,,
0,11,1,Replay,10,0.0,0.0,-0.694056510925293,0.0,0,-2.4354288578033447,-1.7413723468780518,nan,0.12982532382011414,-0.7327516054354263,0.019466746598482132,0.2529427409172058,12.993580598461602,,
A,11,1,Replay,1,1.0,1.0,1.7694051265716553,0.0,0,-0.7255842685699463,-2.4949893951416016,-0.41007243489557194,0.11305484920740128,0.9288081770912124,0.019466746598482132,0.2529427409172058,12.993580598461602,,
A,11,1,Replay,4,0.9921171171171171,0.9944700460829493,1.8940024375915527,0.0,0,-0.7255842685699463,-2.619586706161499,-0.3830957416784596,0.18966259062290192,0.9719497027183212,0.019466746598482132,0.2529427409172058,12.993580598461602,,
A,11,1,Replay,10,0.0,0.0,-0.694056510925293,0.0,0,-0.7255842685699463,-0.03152775764465332,nan,0.12982532382011414,0.8951969696562462,0.019466746598482132,0.2529427409172058,12.993580598461602,,
B,11,1,Replay,1,1.0,1.0,1.7694051265716553,0.0,0,-0.2756953537464142,-2.0451004803180695,-0.15581245335294863,0.11305484920740128,0.9288081770912124,0.019466746598482132,0.2529427409172058,12.993580598461602,,
B,11,1,Replay,4,0.9921171171171171,0.9944700460829493,1.8940024375915527,0.0,0,-0.2756953537464142,-2.169697791337967,-0.14556230143874224,0.18966259062290192,0.9719497027183212,0.019466746598482132,0.2529427409172058,12.993580598461602,,
B,11,1,Replay,10,0.0,0.0,-0.694056510925293,0.0,0,-0.2756953537464142,0.4183611571788788,nan,0.12982532382011414,0.8951969696562462,0.019466746598482132,0.2529427409172058,12.993580598461602,,
C,11,1,Replay,1,1.0,1.0,1.7694051265716553,0.9870967741935484,1,0.4412173926830292,-1.328187733888626,0.24935916939379416,0.11305484920740128,-0.6957574385322014,0.019466746598482132,0.2529427409172058,12.993580598461602,0.14846536711340602,False
C,11,1,Replay,4,0.9921171171171171,0.9944700460829493,1.8940024375915527,0.9870967741935484,1,0.4412173926830292,-1.4527850449085236,0.2329550289513297,0.18966259062290192,-0.3646995913378622,0.019466746598482132,0.2529427409172058,12.993580598461602,0.14846536711340602,False
C,11,1,Replay,10,0.0,0.0,-0.694056510925293,0.9870967741935484,0,0.4412173926830292,1.1352739036083221,nan,0.12982532382011414,-0.7327516054354263,0.019466746598482132,0.2529427409172058,12.993580598461602,0.14846536711340602,False
0,11,5,Manipulation,2,0.0,0.0,-1.1262538433074951,0.0,0,-6.089604377746582,-4.963350534439087,nan,0.10626208782196045,-0.8416447861716636,0.008190304040908813,0.201289102435112,24.576511620291026,,
0,11,5,Manipulation,13,1.0,1.0,1.5520844459533691,0.0,0,-6.089604377746582,-7.641688823699951,-3.9235006791180345,0.1348945051431656,-0.8947156540612086,0.008190304040908813,0.201289102435112,24.576511620291026,,
A,11,5,Manipulation,2,0.0,0.0,-1.1262538433074951,0.0,0,-3.604151487350464,-2.4778976440429688,nan,0.10626208782196045,0.9885993415827532,0.008190304040908813,0.201289102435112,24.576511620291026,,
A,11,5,Manipulation,13,1.0,1.0,1.5520844459533691,0.0,0,-3.604151487350464,-5.156235933303833,-2.322136206407642,0.1348945051431656,0.9964901032458029,0.008190304040908813,0.201289102435112,24.576511620291026,,
B,11,5,Manipulation,2,0.0,0.0,-1.1262538433074951,0.0,0,-3.2085628509521484,-2.0823090076446533,nan,0.10626208782196045,0.9885993415827532,0.008190304040908813,0.201289102435112,24.576511620291026,,
B,11,5,Manipulation,13,1.0,1.0,1.5520844459533691,0.0,0,-3.2085628509521484,-4.760647296905518,-2.0672604891554633,0.1348945051431656,0.9964901032458029,0.008190304040908813,0.201289102435112,24.576511620291026,,
C,11,5,Manipulation,2,0.0,0.0,-1.1262538433074951,0.0,0,-0.8644060492515564,0.2618477940559387,nan,0.10626208782196045,-0.8416447861716636,0.008190304040908813,0.201289102435112,24.576511620291026,0.3323284804112518,False
C,11,5,Manipulation,13,1.0,1.0,1.5520844459533691,0.0,0,-0.8644060492515564,-2.4164904952049255,-0.556932357324536,0.1348945051431656,-0.8947156540612086,0.008190304040908813,0.201289102435112,24.576511620291026,0.3323284804112518,False
0,11,5,Replay,1,1.0,1.0,2.601640462875366,0.0,0,-4.355103015899658,-6.956743478775024,-1.6739834262442024,0.11855065077543259,-0.8675161182397626,0.019187502562999725,0.1839221715927124,9.585519063193729,,
0,11,5,Replay,4,0.9921171171171171,0.9944700460829493,1.4849168062210083,0.0,0,-4.355103015899658,-5.8400198221206665,-2.9328936123923595,0.1737516224384308,-0.6307551981726257,0.019187502562999725,0.1839221715927124,9.585519063193729,,
0,11,5,Replay,10,0.9942528735632183,0.9944700460829493,0.5040614604949951,0.0,0,-4.355103015899658,-4.859164476394653,-8.640023801111255,0.12471504509449005,-0.8274323612882897,0.019187502562999725,0.1839221715927124,9.585519063193729,,
A,11,5,Replay,1,1.0,1.0,2.601640462875366,0.0,0,-1.904802680015564,-4.50644314289093,-0.7321544645374833,0.11855065077543259,0.9668018455832086,0.019187502562999725,0.1839221715927124,9.585519063193729,,
A,11,5,Replay,4,0.9921171171171171,0.9944700460829493,1.4849168062210083,0.0,0,-1.904802680015564,-3.3897194862365723,-1.2827672715639409,0.1737516224384308,0.9876428547754675,0.019187502562999725,0.1839221715927124,9.585519063193729,,
A,11,5,Replay,10,0.9942528735632183,0.9944700460829493,0.5040614604949951,0.0,0,-1.904802680015564,-2.408864140510559,-3.77890957611602,0.12471504509449005,0.979660224550179,0.019187502562999725,0.1839221715927124,9.585519063193729,,
B,11,5,Replay,1,1.0,1.0,2.601640462875366,0.0,0,-2.1219289302825928,-4.723569393157959,-0.8156119035515806,0.11855065077543259,0.9668018455832086,0.019187502562999725,0.1839221715927124,9.585519063193729,,
B,11,5,Replay,4,0.9921171171171171,0.9944700460829493,1.4849168062210083,0.0,0,-2.1219289302825928,-3.606845736503601,-1.4289884264174557,0.1737516224384308,0.9876428547754675,0.019187502562999725,0.1839221715927124,9.585519063193729,,
B,11,5,Replay,10,0.9942528735632183,0.9944700460829493,0.5040614604949951,0.0,0,-2.1219289302825928,-2.625990390777588,-4.209663099810943,0.12471504509449005,0.979660224550179,0.019187502562999725,0.1839221715927124,9.585519063193729,,
C,11,5,Replay,1,1.0,1.0,2.601640462875366,0.5870967741935483,1,0.11852946132421494,-2.4831110015511513,0.045559508708291944,0.11855065077543259,-0.8675161182397626,0.019187502562999725,0.1839221715927124,9.585519063193729,0.35960538598479774,False
C,11,5,Replay,4,0.9921171171171171,0.9944700460829493,1.4849168062210083,0.5870967741935483,1,0.11852946132421494,-1.3663873448967934,0.07982229093753926,0.1737516224384308,-0.6307551981726257,0.019187502562999725,0.1839221715927124,9.585519063193729,0.35960538598479774,False
C,11,5,Replay,10,0.9942528735632183,0.9944700460829493,0.5040614604949951,0.5870967741935483,1,0.11852946132421494,-0.3855319991707802,0.23514882730335585,0.12471504509449005,-0.8274323612882897,0.019187502562999725,0.1839221715927124,9.585519063193729,0.35960538598479774,False
0,11,10,Manipulation,2,0.0,0.0,-1.4091649055480957,0.0,0,-7.910390377044678,-6.501225471496582,nan,0.10407841205596924,-0.8972702470390793,0.007837023586034775,0.199546679854393,25.4620491649376,,
0,11,10,Manipulation,13,0.0,0.0,-0.13945212960243225,0.0,0,-7.910390377044678,-7.7709382474422455,nan,0.1267234981060028,-0.9107363032418825,0.007837023586034775,0.199546679854393,25.4620491649376,,
A,11,10,Manipulation,2,0.0,0.0,-1.4091649055480957,0.0,0,-6.0056657791137695,-4.596500873565674,nan,0.10407841205596924,0.9947188237968343,0.007837023586034775,0.199546679854393,25.4620491649376,,
A,11,10,Manipulation,13,0.0,0.0,-0.13945212960243225,0.0,0,-6.0056657791137695,-5.866213649511337,nan,0.1267234981060028,0.9982286075735536,0.007837023586034775,0.199546679854393,25.4620491649376,,
B,11,10,Manipulation,2,0.0,0.0,-1.4091649055480957,0.0,0,-5.747732639312744,-4.338567733764648,nan,0.10407841205596924,0.9947188237968343,0.007837023586034775,0.199546679854393,25.4620491649376,,
B,11,10,Manipulation,13,0.0,0.0,-0.13945212960243225,0.0,0,-5.747732639312744,-5.608280509710312,nan,0.1267234981060028,0.9982286075735536,0.007837023586034775,0.199546679854393,25.4620491649376,,
C,11,10,Manipulation,2,0.0,0.0,-1.4091649055480957,0.0,0,-1.2148364782333374,0.1943284273147583,nan,0.10407841205596924,-0.8972702470390793,0.007837023586034775,0.199546679854393,25.4620491649376,0.35998802498488636,False
C,11,10,Manipulation,13,0.0,0.0,-0.13945212960243225,0.0,0,-1.2148364782333374,-1.0753843486309052,nan,0.1267234981060028,-0.9107363032418825,0.007837023586034775,0.199546679854393,25.4620491649376,0.35998802498488636,False
0,11,10,Replay,1,1.0,1.0,2.1073925495147705,0.0,0,-4.483883380889893,-6.591275930404663,-2.127692527869244,0.11371692270040512,-0.8167707231409839,0.018088631331920624,0.1651328057050705,9.12909344410509,,
0,11,10,Replay,4,0.9921171171171171,0.9944700460829493,1.6576337814331055,0.0,0,-4.483883380889893,-6.141517162322998,-2.704990348961974,0.16336482763290405,-0.6390022360183637,0.018088631331920624,0.1651328057050705,9.12909344410509,,
0,11,10,Replay,10,0.6253918495297806,0.656221198156682,0.10680225491523743,0.0,0,-4.483883380889893,-4.59068563580513,-41.98304038101521,0.11387552320957184,-0.7269573403892796,0.018088631331920624,0.1651328057050705,9.12909344410509,,
A,11,10,Replay,1,1.0,1.0,2.1073925495147705,0.0,0,-2.6913845539093018,-4.798777103424072,-1.2771159101464016,0.11371692270040512,0.9729040495570868,0.018088631331920624,0.1651328057050705,9.12909344410509,,
A,11,10,Replay,4,0.9921171171171171,0.9944700460829493,1.6576337814331055,0.0,0,-2.6913845539093018,-4.349018335342407,-1.6236303724351395,0.16336482763290405,0.9916120401579867,0.018088631331920624,0.1651328057050705,9.12909344410509,,
A,11,10,Replay,10,0.6253918495297806,0.656221198156682,0.10680225491523743,0.0,0,-2.6913845539093018,-2.798186808824539,-25.199697853245635,0.11387552320957184,0.9864195280167601,0.018088631331920624,0.1651328057050705,9.12909344410509,,
B,11,10,Replay,1,1.0,1.0,2.1073925495147705,0.0,0,-2.6985342502593994,-4.80592679977417,-1.2805085843549842,0.11371692270040512,0.9729040495570868,0.018088631331920624,0.1651328057050705,9.12909344410509,,
B,11,10,Replay,4,0.9921171171171171,0.9944700460829493,1.6576337814331055,0.0,0,-2.6985342502593994,-4.356168031692505,-1.6279435665979156,0.16336482763290405,0.9916120401579867,0.018088631331920624,0.1651328057050705,9.12909344410509,,
B,11,10,Replay,10,0.6253918495297806,0.656221198156682,0.10680225491523743,0.0,0,-2.6985342502593994,-2.805336505174637,-25.266641162221386,0.11387552320957184,0.9864195280167601,0.018088631331920624,0.1651328057050705,9.12909344410509,,
C,11,10,Replay,1,1.0,1.0,2.1073925495147705,0.1870967741935484,1,-0.36140090227127075,-2.4687934517860413,-0.1714919711348907,0.11371692270040512,-0.8167707231409839,0.018088631331920624,0.1651328057050705,9.12909344410509,0.3553540078226192,False
C,11,10,Replay,4,0.9921171171171171,0.9944700460829493,1.6576337814331055,0.1870967741935484,1,-0.36140090227127075,-2.019034683704376,-0.21802216286809864,0.16336482763290405,-0.6390022360183637,0.018088631331920624,0.1651328057050705,9.12909344410509,0.3553540078226192,False
C,11,10,Replay,10,0.6253918495297806,0.656221198156682,0.10680225491523743,0.1870967741935484,1,-0.36140090227127075,-0.4682031571865082,-3.38383213498716,0.11387552320957184,-0.7269573403892796,0.018088631331920624,0.1651328057050705,9.12909344410509,0.3553540078226192,False
0,11,20,Manipulation,2,0.0,0.0,-2.3796281814575195,0.0,0,-10.25708293914795,-7.87745475769043,nan,0.09354371577501297,-0.9322230663643729,0.007042160257697105,0.1539483666419983,21.860957576722598,,
0,11,20,Manipulation,13,0.0,0.0,-1.3076691627502441,0.0,0,-10.25708293914795,-8.949413776397705,nan,0.11388754099607468,-0.9470903802514756,0.007042160257697105,0.1539483666419983,21.860957576722598,,
A,11,20,Manipulation,2,0.0,0.0,-2.3796281814575195,0.0,0,-8.859079360961914,-6.4794511795043945,nan,0.09354371577501297,0.9944134541121668,0.007042160257697105,0.1539483666419983,21.860957576722598,,
A,11,20,Manipulation,13,0.0,0.0,-1.3076691627502441,0.0,0,-8.859079360961914,-7.55141019821167,nan,0.11388754099607468,0.9981261251149852,0.007042160257697105,0.1539483666419983,21.860957576722598,,
B,11,20,Manipulation,2,0.0,0.0,-2.3796281814575195,0.0,0,-8.795374870300293,-6.415746688842773,nan,0.09354371577501297,0.9944134541121668,0.007042160257697105,0.1539483666419983,21.860957576722598,,
B,11,20,Manipulation,13,0.0,0.0,-1.3076691627502441,0.0,0,-8.795374870300293,-7.487705707550049,nan,0.11388754099607468,0.9981261251149852,0.007042160257697105,0.1539483666419983,21.860957576722598,,
C,11,20,Manipulation,2,0.0,0.0,-2.3796281814575195,0.0,0,-2.0779166221618652,0.3017115592956543,nan,0.09354371577501297,-0.9322230663643729,0.007042160257697105,0.1539483666419983,21.860957576722598,0.41899841277293576,False
C,11,20,Manipulation,13,0.0,0.0,-1.3076691627502441,0.0,0,-2.0779166221618652,-0.7702474594116211,nan,0.11388754099607468,-0.9470903802514756,0.007042160257697105,0.1539483666419983,21.860957576722598,0.41899841277293576,False
0,11,20,Replay,1,0.9944506104328524,0.9861751152073732,0.7098916172981262,0.0,0,-5.422502517700195,-6.1323941349983215,-7.638493518684501,0.10337455570697784,-0.8664907708368921,0.017088323831558228,0.1571750044822693,9.197801143726162,,
0,11,20,Replay,4,0.990990990990991,0.9944700460829493,1.0168747901916504,0.0,0,-5.422502517700195,-6.439377307891846,-5.33251740529256,0.15897247195243835,-0.6489830481101855,0.017088323831558228,0.1571750044822693,9.197801143726162,,
0,11,20,Replay,10,0.0,0.0,-0.5374674797058105,0.0,0,-5.422502517700195,-4.885035037994385,nan,0.10582874715328217,-0.7502025335825192,0.017088323831558228,0.1571750044822693,9.197801143726162,,
A,11,20,Replay,1,0.9944506104328524,0.9861751152073732,0.7098916172981262,0.0,0,-3.9283838272094727,-4.638275444507599,-5.533779708740677,0.10337455570697784,0.956502922903373,0.017088323831558228,0.1571750044822693,9.197801143726162,,
A,11,20,Replay,4,0.990990990990991,0.9944700460829493,1.0168747901916504,0.0,0,-3.9283838272094727,-4.945258617401123,-3.863193251618609,0.15897247195243835,0.9897492755268956,0.017088323831558228,0.1571750044822693,9.197801143726162,,
A,11,20,Replay,10,0.0,0.0,-0.5374674797058105,0.0,0,-3.9283838272094727,-3.390916347503662,nan,0.10582874715328217,0.9800424869596737,0.017088323831558228,0.1571750044822693,9.197801143726162,,
B,11,20,Replay,1,0.9944506104328524,0.9861751152073732,0.7098916172981262,0.0,0,-3.902711868286133,-4.612603485584259,-5.497616499741184,0.10337455570697784,0.956502922903373,0.017088323831558228,0.1571750044822693,9.197801143726162,,
B,11,20,Replay,4,0.990990990990991,0.9944700460829493,1.0168747901916504,0.0,0,-3.902711868286133,-4.919586658477783,-3.8379473126190775,0.15897247195243835,0.9897492755268956,0.017088323831558228,0.1571750044822693,9.197801143726162,,
B,11,20,Replay,10,0.0,0.0,-0.5374674797058105,0.0,0,-3.902711868286133,-3.3652443885803223,nan,0.10582874715328217,0.9800424869596737,0.017088323831558228,0.1571750044822693,9.197801143726162,,
C,11,20,Replay,1,0.9944506104328524,0.9861751152073732,0.7098916172981262,0.0,0,-0.8293165564537048,-1.539208173751831,-1.1682298202225776,0.10337455570697784,-0.8664907708368921,0.017088323831558228,0.1571750044822693,9.197801143726162,0.3526265621353568,False
C,11,20,Replay,4,0.990990990990991,0.9944700460829493,1.0168747901916504,0.0,0,-0.8293165564537048,-1.8461913466453552,-0.8155542496017661,0.15897247195243835,-0.6489830481101855,0.017088323831558228,0.1571750044822693,9.197801143726162,0.3526265621353568,False
C,11,20,Replay,10,0.0,0.0,-0.5374674797058105,0.0,0,-0.8293165564537048,-0.2918490767478943,nan,0.10582874715328217,-0.7502025335825192,0.017088323831558228,0.1571750044822693,9.197801143726162,0.3526265621353568,False
0,11,30,Manipulation,2,0.0,0.0,-2.1406309604644775,0.0,0,-9.636433601379395,-7.495802640914917,nan,0.08801504969596863,-0.8536883490041025,0.0065896944142878056,0.14143891632556915,21.463653309765114,,
0,11,30,Manipulation,13,0.0,0.0,-0.512455403804779,0.0,0,-9.636433601379395,-9.123978197574615,nan,0.10848596692085266,-0.9320278317952505,0.0065896944142878056,0.14143891632556915,21.463653309765114,,
A,11,30,Manipulation,2,0.0,0.0,-2.1406309604644775,0.0,0,-8.435452461242676,-6.294821500778198,nan,0.08801504969596863,0.9712292248594124,0.0065896944142878056,0.14143891632556915,21.463653309765114,,
A,11,30,Manipulation,13,0.0,0.0,-0.512455403804779,0.0,0,-8.435452461242676,-7.922997057437897,nan,0.10848596692085266,0.9906590703897625,0.0065896944142878056,0.14143891632556915,21.463653309765114,,
B,11,30,Manipulation,2,0.0,0.0,-2.1406309604644775,0.0,0,-8.56158447265625,-6.4209535121917725,nan,0.08801504969596863,0.9712292248594124,0.0065896944142878056,0.14143891632556915,21.463653309765114,,
B,11,30,Manipulation,13,0.0,0.0,-0.512455403804779,0.0,0,-8.56158447265625,-8.049129068851471,nan,0.10848596692085266,0.9906590703897625,0.0065896944142878056,0.14143891632556915,21.463653309765114,,
C,11,30,Manipulation,2,0.0,0.0,-2.1406309604644775,0.0,0,-1.4575263261795044,0.6831046342849731,nan,0.08801504969596863,-0.8536883490041025,0.0065896944142878056,0.14143891632556915,21.463653309765114,0.4131809619421634,False
C,11,30,Manipulation,13,0.0,0.0,-0.512455403804779,0.0,0,-1.4575263261795044,-0.9450709223747253,nan,0.10848596692085266,-0.9320278317952505,0.0065896944142878056,0.14143891632556915,21.463653309765114,0.4131809619421634,False
0,11,30,Replay,1,0.9944506104328524,0.9944700460829493,0.8276968598365784,0.0,0,-5.335543155670166,-6.163240015506744,-6.446252746112415,0.09290652722120285,-0.8279743916378283,0.014870183542370796,0.15113987028598785,10.163954591100575,,
0,11,30,Replay,4,0.990990990990991,0.9935483870967742,0.9771358370780945,0.0,0,-5.335543155670166,-6.3126789927482605,-5.460390411659561,0.1354360282421112,-0.6656183864670187,0.014870183542370796,0.15113987028598785,10.163954591100575,,
0,11,30,Replay,10,0.0,0.0,-0.4913536012172699,0.0,0,-5.335543155670166,-4.844189554452896,nan,0.1009538322687149,-0.7210086404283655,0.014870183542370796,0.15113987028598785,10.163954591100575,,
A,11,30,Replay,1,0.9944506104328524,0.9944700460829493,0.8276968598365784,0.0,0,-4.106586456298828,-4.9342833161354065,-4.961461925939454,0.09290652722120285,0.9595882634916926,0.014870183542370796,0.15113987028598785,10.163954591100575,,
A,11,30,Replay,4,0.990990990990991,0.9935483870967742,0.9771358370780945,0.0,0,-4.106586456298828,-5.083722293376923,-4.202677151396528,0.1354360282421112,0.9795439935994282,0.014870183542370796,0.15113987028598785,10.163954591100575,,
A,11,30,Replay,10,0.0,0.0,-0.4913536012172699,0.0,0,-4.106586456298828,-3.6152328550815582,nan,0.1009538322687149,0.9406913564733487,0.014870183542370796,0.15113987028598785,10.163954591100575,,
B,11,30,Replay,1,0.9944506104328524,0.9944700460829493,0.8276968598365784,0.0,0,-4.337751865386963,-5.165448725223541,-5.240749452937896,0.09290652722120285,0.9595882634916926,0.014870183542370796,0.15113987028598785,10.163954591100575,,
B,11,30,Replay,4,0.990990990990991,0.9935483870967742,0.9771358370780945,0.0,0,-4.337751865386963,-5.314887702465057,-4.439251638091625,0.1354360282421112,0.9795439935994282,0.014870183542370796,0.15113987028598785,10.163954591100575,,
B,11,30,Replay,10,0.0,0.0,-0.4913536012172699,0.0,0,-4.337751865386963,-3.846398264169693,nan,0.1009538322687149,0.9406913564733487,0.014870183542370796,0.15113987028598785,10.163954591100575,,
C,11,30,Replay,1,0.9944506104328524,0.9944700460829493,0.8276968598365784,0.13732718894009216,1,-0.3383372724056244,-1.1660341322422028,-0.4087695493642759,0.09290652722120285,-0.8279743916378283,0.014870183542370796,0.15113987028598785,10.163954591100575,0.391984367105858,False
C,11,30,Replay,4,0.990990990990991,0.9935483870967742,0.9771358370780945,0.13732718894009216,1,-0.3383372724056244,-1.3154731094837189,-0.3462540821523301,0.1354360282421112,-0.6656183864670187,0.014870183542370796,0.15113987028598785,10.163954591100575,0.391984367105858,False
C,11,30,Replay,10,0.0,0.0,-0.4913536012172699,0.13732718894009216,0,-0.3383372724056244,0.1530163288116455,nan,0.1009538322687149,-0.7210086404283655,0.014870183542370796,0.15113987028598785,10.163954591100575,0.391984367105858,False
0,11,45,Manipulation,2,0.0,0.0,-1.2130069732666016,0.0,0,-9.735237121582031,-8.52223014831543,nan,0.08427263796329498,-0.834067212471096,0.006351850926876068,0.09769100695848465,15.379927533426937,,
0,11,45,Manipulation,13,0.3351863963374755,0.28879753340184994,-0.1565704494714737,0.0,0,-9.735237121582031,-9.578666672110558,nan,0.1048150360584259,-0.8762656083328745,0.006351850926876068,0.09769100695848465,15.379927533426937,,
A,11,45,Manipulation,2,0.0,0.0,-1.2130069732666016,0.0,0,-8.781575202941895,-7.568568229675293,nan,0.08427263796329498,0.9726089266749088,0.006351850926876068,0.09769100695848465,15.379927533426937,,
A,11,45,Manipulation,13,0.3351863963374755,0.28879753340184994,-0.1565704494714737,0.0,0,-8.781575202941895,-8.62500475347042,nan,0.1048150360584259,0.9912627873088337,0.006351850926876068,0.09769100695848465,15.379927533426937,,
B,11,45,Manipulation,2,0.0,0.0,-1.2130069732666016,0.0,0,-8.70447826385498,-7.491471290588379,nan,0.08427263796329498,0.9726089266749088,0.006351850926876068,0.09769100695848465,15.379927533426937,,
B,11,45,Manipulation,13,0.3351863963374755,0.28879753340184994,-0.1565704494714737,0.0,0,-8.70447826385498,-8.547907814383507,nan,0.1048150360584259,0.9912627873088337,0.006351850926876068,0.09769100695848465,15.379927533426937,,
C,11,45,Manipulation,2,0.0,0.0,-1.2130069732666016,0.0,0,-1.0259467363357544,0.18706023693084717,nan,0.08427263796329498,-0.834067212471096,0.006351850926876068,0.09769100695848465,15.379927533426937,0.3811034641757718,False
C,11,45,Manipulation,13,0.3351863963374755,0.28879753340184994,-0.1565704494714737,0.0,0,-1.0259467363357544,-0.8693762868642807,nan,0.1048150360584259,-0.8762656083328745,0.006351850926876068,0.09769100695848465,15.379927533426937,0.3811034641757718,False
0,11,45,Replay,1,0.9800221975582686,0.9944700460829493,1.0669012069702148,0.0,0,-5.463961124420166,-6.530862331390381,-5.121337466602665,0.08117986470460892,-0.7852448206164401,0.013800342567265034,0.1264905333518982,9.165753149631142,,
0,11,45,Replay,4,0.990990990990991,0.9944700460829493,1.3621073961257935,0.0,0,-5.463961124420166,-6.8260685205459595,-4.0114025810014455,0.1318468302488327,-0.5176016047114126,0.013800342567265034,0.1264905333518982,9.165753149631142,,
0,11,45,Replay,10,0.38610240334378265,0.4608294930875576,-0.07386141270399094,0.0,0,-5.463961124420166,-5.390099711716175,nan,0.09083643555641174,-0.6168779160710622,0.013800342567265034,0.1264905333518982,9.165753149631142,,
A,11,45,Replay,1,0.9800221975582686,0.9944700460829493,1.0669012069702148,0.0,0,-4.417917251586914,-5.484818458557129,-4.14088691879252,0.08117986470460892,0.9226212017502682,0.013800342567265034,0.1264905333518982,9.165753149631142,,
A,11,45,Replay,4,0.990990990990991,0.9944700460829493,1.3621073961257935,0.0,0,-4.417917251586914,-5.7800246477127075,-3.243442671372816,0.1318468302488327,0.977959259595864,0.013800342567265034,0.1264905333518982,9.165753149631142,,
A,11,45,Replay,10,0.38610240334378265,0.4608294930875576,-0.07386141270399094,0.0,0,-4.417917251586914,-4.344055838882923,nan,0.09083643555641174,0.9368288036523036,0.013800342567265034,0.1264905333518982,9.165753149631142,,
B,11,45,Replay,1,0.9800221975582686,0.9944700460829493,1.0669012069702148,0.0,0,-4.452032566070557,-5.5189337730407715,-4.172862995172191,0.08117986470460892,0.9226212017502682,0.013800342567265034,0.1264905333518982,9.165753149631142,,
B,11,45,Replay,4,0.990990990990991,0.9944700460829493,1.3621073961257935,0.0,0,-4.452032566070557,-5.81413996219635,-3.268488651286497,0.1318468302488327,0.977959259595864,0.013800342567265034,0.1264905333518982,9.165753149631142,,
B,11,45,Replay,10,0.38610240334378265,0.4608294930875576,-0.07386141270399094,0.0,0,-4.452032566070557,-4.378171153366566,nan,0.09083643555641174,0.9368288036523036,0.013800342567265034,0.1264905333518982,9.165753149631142,,
C,11,45,Replay,1,0.9800221975582686,0.9944700460829493,1.0669012069702148,0.48663594470046084,1,-0.007858066819608212,-1.074759273789823,-0.007365318145926129,0.08117986470460892,-0.7852448206164401,0.013800342567265034,0.1264905333518982,9.165753149631142,0.43202907977794003,False
C,11,45,Replay,4,0.990990990990991,0.9944700460829493,1.3621073961257935,0.48663594470046084,1,-0.007858066819608212,-1.3699654629454017,-0.005769050841335057,0.1318468302488327,-0.5176016047114126,0.013800342567265034,0.1264905333518982,9.165753149631142,0.43202907977794003,False
C,11,45,Replay,10,0.38610240334378265,0.4608294930875576,-0.07386141270399094,0.48663594470046084,1,-0.007858066819608212,0.06600334588438272,nan,0.09083643555641174,-0.6168779160710622,0.013800342567265034,0.1264905333518982,9.165753149631142,0.43202907977794003,False
0,22,1,Manipulation,2,0.9952696310312205,0.9948612538540597,0.3771021366119385,0.0,0,-2.619657039642334,-2.9967591762542725,-6.946810387176681,0.09655553102493286,-0.4822148061821633,0.007627084851264954,0.28443464636802673,37.29270775332376,,
0,22,1,Manipulation,13,1.0,1.0,4.543319225311279,0.0,0,-2.619657039642334,-7.162976264953613,-0.5765954161987928,0.13599006831645966,-0.7092086548467188,0.007627084851264954,0.28443464636802673,37.29270775332376,,
A,22,1,Manipulation,2,0.9952696310312205,0.9948612538540597,0.3771021366119385,0.0,0,-0.7120174169540405,-1.089119553565979,-1.8881288325522023,0.09655553102493286,0.9018329975609052,0.007627084851264954,0.28443464636802673,37.29270775332376,,
A,22,1,Manipulation,13,1.0,1.0,4.543319225311279,0.0,0,-0.7120174169540405,-5.25533664226532,-0.15671745295539025,0.13599006831645966,0.9762780688603556,0.007627084851264954,0.28443464636802673,37.29270775332376,,
B,22,1,Manipulation,2,0.9952696310312205,0.9948612538540597,0.3771021366119385,0.22199383350462487,1,-0.08157733827829361,-0.4586794748902321,-0.21632690552013964,0.09655553102493286,0.9018329975609052,0.007627084851264954,0.28443464636802673,37.29270775332376,,
B,22,1,Manipulation,13,1.0,1.0,4.543319225311279,0.22199383350462487,1,-0.08157733827829361,-4.624896563589573,-0.01795544936041875,0.13599006831645966,0.9762780688603556,0.007627084851264954,0.28443464636802673,37.29270775332376,,
C,22,1,Manipulation,2,0.9952696310312205,0.9948612538540597,0.3771021366119385,1.0,1,1.0723193883895874,0.6952172517776489,2.8435781298504565,0.09655553102493286,-0.4822148061821633,0.007627084851264954,0.28443464636802673,37.29270775332376,0.018824107340486125,True
C,22,1,Manipulation,13,1.0,1.0,4.543319225311279,1.0,1,1.0723193883895874,-3.470999836921692,0.23602114119905782,0.13599006831645966,-0.7092086548467188,0.007627084851264954,0.28443464636802673,37.29270775332376,0.018824107340486125,True
0,22,1,Replay,1,1.0,1.0,2.731963634490967,0.0,0,-3.0039918422698975,-5.735955476760864,-1.0995724117058447,0.12076109647750854,-0.7140750485008338,0.017581472173333168,0.2560640275478363,14.564424697962629,,
0,22,1,Replay,4,0.9898648648648649,0.9935483870967742,1.6473652124404907,0.0,0,-3.0039918422698975,-4.651357054710388,-1.8235129767124505,0.17065981030464172,-0.244320598417042,0.017581472173333168,0.2560640275478363,14.564424697962629,,
0,22,1,Replay,10,0.6745036572622779,0.7050691244239631,0.058511074632406235,0.0,0,-3.0039918422698975,-3.0625029169023037,-51.34056862128016,0.11556795984506607,-0.6390271034559335,0.017581472173333168,0.2560640275478363,14.564424697962629,,
A,22,1,Replay,1,1.0,1.0,2.731963634490967,0.0,0,-1.1470379829406738,-3.8790016174316406,-0.4198584375206721,0.12076109647750854,0.8343326312961352,0.017581472173333168,0.2560640275478363,14.564424697962629,,
A,22,1,Replay,4,0.9898648648648649,0.9935483870967742,1.6473652124404907,0.0,0,-1.1470379829406738,-2.7944031953811646,-0.6962863937386375,0.17065981030464172,0.9549570196104004,0.017581472173333168,0.2560640275478363,14.564424697962629,,
A,22,1,Replay,10,0.6745036572622779,0.7050691244239631,0.058511074632406235,0.0,0,-1.1470379829406738,-1.20554905757308,-19.603775697966572,0.11556795984506607,0.9143968988518362,0.017581472173333168,0.2560640275478363,14.564424697962629,,
B,22,1,Replay,1,1.0,1.0,2.731963634490967,0.0,0,-1.437374234199524,-4.169337868690491,-0.5261322720598156,0.12076109647750854,0.8343326312961352,0.017581472173333168,0.2560640275478363,14.564424697962629,,
B,22,1,Replay,4,0.9898648648648649,0.9935483870967742,1.6473652124404907,0.0,0,-1.437374234199524,-3.0847394466400146,-0.872529189851062,0.17065981030464172,0.9549570196104004,0.017581472173333168,0.2560640275478363,14.564424697962629,,
B,22,1,Replay,10,0.6745036572622779,0.7050691244239631,0.058511074632406235,0.0,0,-1.437374234199524,-1.4958853088319302,-24.5658491700892,0.11556795984506607,0.9143968988518362,0.017581472173333168,0.2560640275478363,14.564424697962629,,
C,22,1,Replay,1,1.0,1.0,2.731963634490967,0.83963133640553,1,0.32554739713668823,-2.4064162373542786,0.11916241967010877,0.12076109647750854,-0.7140750485008338,0.017581472173333168,0.2560640275478363,14.564424697962629,0.24229824149100557,False
C,22,1,Replay,4,0.9898648648648649,0.9935483870967742,1.6473652124404907,0.83963133640553,1,0.32554739713668823,-1.3218178153038025,0.19761701575232715,0.17065981030464172,-0.244320598417042,0.017581472173333168,0.2560640275478363,14.564424697962629,0.24229824149100557,False
C,22,1,Replay,10,0.6745036572622779,0.7050691244239631,0.058511074632406235,0.83963133640553,1,0.32554739713668823,0.267036322504282,5.56385947757631,0.11556795984506607,-0.6390271034559335,0.017581472173333168,0.2560640275478363,14.564424697962629,0.24229824149100557,False
0,22,5,Manipulation,2,0.0,0.0,-1.1615163087844849,0.0,0,-6.58785343170166,-5.426337122917175,nan,0.10914013534784317,-0.8883085654038163,0.008541824296116829,0.20844364166259766,24.402707716354872,,
0,22,5,Manipulation,13,1.0,1.0,2.1431751251220703,0.0,0,-6.58785343170166,-8.73102855682373,-3.0738754637824712,0.14220431447029114,-0.9112799862520413,0.008541824296116829,0.20844364166259766,24.402707716354872,,
A,22,5,Manipulation,2,0.0,0.0,-1.1615163087844849,0.0,0,-3.684213161468506,-2.522696852684021,nan,0.10914013534784317,0.9855047438511801,0.008541824296116829,0.20844364166259766,24.402707716354872,,
A,22,5,Manipulation,13,1.0,1.0,2.1431751251220703,0.0,0,-3.684213161468506,-5.827388286590576,-1.7190443833929163,0.14220431447029114,0.9957689646844545,0.008541824296116829,0.20844364166259766,24.402707716354872,,
B,22,5,Manipulation,2,0.0,0.0,-1.1615163087844849,0.0,0,-3.217423915863037,-2.0559076070785522,nan,0.10914013534784317,0.9855047438511801,0.008541824296116829,0.20844364166259766,24.402707716354872,,
B,22,5,Manipulation,13,1.0,1.0,2.1431751251220703,0.0,0,-3.217423915863037,-5.360599040985107,-1.5012417222226673,0.14220431447029114,0.9957689646844545,0.008541824296116829,0.20844364166259766,24.402707716354872,,
C,22,5,Manipulation,2,0.0,0.0,-1.1615163087844849,0.0,0,-1.3169348239898682,-0.1554185152053833,nan,0.10914013534784317,-0.8883085654038163,0.008541824296116829,0.20844364166259766,24.402707716354872,0.28783879063046824,False
C,22,5,Manipulation,13,1.0,1.0,2.1431751251220703,0.0,0,-1.3169348239898682,-3.4601099491119385,-0.6144784010195428,0.14220431447029114,-0.9112799862520413,0.008541824296116829,0.20844364166259766,24.402707716354872,0.28783879063046824,False
0,22,5,Replay,1,1.0,1.0,2.561178684234619,0.0,0,-5.614655494689941,-8.17583417892456,-2.192215455036797,0.12357047945261002,-0.9013016054301999,0.019247326999902725,0.1810726374387741,9.407677099250677,,
0,22,5,Replay,4,0.9921171171171171,0.9944700460829493,2.19563364982605,0.0,0,-5.614655494689941,-7.810289144515991,-2.557191403554398,0.1700313240289688,-0.7512498082057079,0.019247326999902725,0.1810726374387741,9.407677099250677,,
0,22,5,Replay,10,0.9111807732497388,0.9096774193548387,0.6253974437713623,0.0,0,-5.614655494689941,-6.240052938461304,-8.977739756708361,0.12458053976297379,-0.8888427805018557,0.019247326999902725,0.1810726374387741,9.407677099250677,,
A,22,5,Replay,1,1.0,1.0,2.561178684234619,0.0,0,-2.810359239578247,-5.371537923812866,-1.097291359200146,0.12357047945261002,0.9809164252002297,0.019247326999902725,0.1810726374387741,9.407677099250677,,
A,22,5,Replay,4,0.9921171171171171,0.9944700460829493,2.19563364982605,0.0,0,-2.810359239578247,-5.005992889404297,-1.2799763930566919,0.1700313240289688,0.9912907693698124,0.019247326999902725,0.1810726374387741,9.407677099250677,,
A,22,5,Replay,10,0.9111807732497388,0.9096774193548387,0.6253974437713623,0.0,0,-2.810359239578247,-3.4357566833496094,-4.4937171834774565,0.12458053976297379,0.9880701744828568,0.019247326999902725,0.1810726374387741,9.407677099250677,,
B,22,5,Replay,1,1.0,1.0,2.561178684234619,0.0,0,-3.3091888427734375,-5.870367527008057,-1.2920569982653722,0.12357047945261002,0.9809164252002297,0.019247326999902725,0.1810726374387741,9.407677099250677,,
B,22,5,Replay,4,0.9921171171171171,0.9944700460829493,2.19563364982605,0.0,0,-3.3091888427734375,-5.504822492599487,-1.5071680300744206,0.1700313240289688,0.9912907693698124,0.019247326999902725,0.1810726374387741,9.407677099250677,,
B,22,5,Replay,10,0.9111807732497388,0.9096774193548387,0.6253974437713623,0.0,0,-3.3091888427734375,-3.9345862865448,-5.291337333932622,0.12458053976297379,0.9880701744828568,0.019247326999902725,0.1810726374387741,9.407677099250677,,
C,22,5,Replay,1,1.0,1.0,2.561178684234619,0.8543778801843318,1,0.28261861205101013,-2.278560072183609,0.11034708893630656,0.12357047945261002,-0.9013016054301999,0.019247326999902725,0.1810726374387741,9.407677099250677,0.3208059092388724,False
C,22,5,Replay,4,0.9921171171171171,0.9944700460829493,2.19563364982605,0.8543778801843318,1,0.28261861205101013,-1.9130150377750397,0.1287184736276021,0.1700313240289688,-0.7512498082057079,0.019247326999902725,0.1810726374387741,9.407677099250677,0.3208059092388724,False
C,22,5,Replay,10,0.9111807732497388,0.9096774193548387,0.6253974437713623,0.8543778801843318,1,0.28261861205101013,-0.3427788317203522,0.4519024100046243,0.12458053976297379,-0.8888427805018557,0.019247326999902725,0.1810726374387741,9.407677099250677,0.3208059092388724,False
0,22,10,Manipulation,2,0.0,0.0,-2.248208522796631,0.0,0,-8.831462860107422,-6.583254337310791,nan,0.10296596586704254,-0.7942957516361688,0.00787550862878561,0.21041128039360046,26.71716714581843,,
0,22,10,Manipulation,13,0.20896010464355788,0.24871531346351491,-0.19876763224601746,0.0,0,-8.831462860107422,-8.632695227861404,nan,0.1299532800912857,-0.8893852599138258,0.00787550862878561,0.21041128039360046,26.71716714581843,,
A,22,10,Manipulation,2,0.0,0.0,-2.248208522796631,0.0,0,-6.407836437225342,-4.159627914428711,nan,0.10296596586704254,0.9816267683193531,0.00787550862878561,0.21041128039360046,26.71716714581843,,
A,22,10,Manipulation,13,0.20896010464355788,0.24871531346351491,-0.19876763224601746,0.0,0,-6.407836437225342,-6.209068804979324,nan,0.1299532800912857,0.9942910999177983,0.00787550862878561,0.21041128039360046,26.71716714581843,,
B,22,10,Manipulation,2,0.0,0.0,-2.248208522796631,0.0,0,-6.101207733154297,-3.852999210357666,nan,0.10296596586704254,0.9816267683193531,0.00787550862878561,0.21041128039360046,26.71716714581843,,
B,22,10,Manipulation,13,0.20896010464355788,0.24871531346351491,-0.19876763224601746,0.0,0,-6.101207733154297,-5.902440100908279,nan,0.1299532800912857,0.9942910999177983,0.00787550862878561,0.21041128039360046,26.71716714581843,,
C,22,10,Manipulation,2,0.0,0.0,-2.248208522796631,0.0,0,-1.8141297101974487,0.43407881259918213,nan,0.10296596586704254,-0.7942957516361688,0.00787550862878561,0.21041128039360046,26.71716714581843,0.29241009266654905,False
C,22,10,Manipulation,13,0.20896010464355788,0.24871531346351491,-0.19876763224601746,0.0,0,-1.8141297101974487,-1.6153620779514313,nan,0.1299532800912857,-0.8893852599138258,0.00787550862878561,0.21041128039360046,26.71716714581843,0.29241009266654905,False
0,22,10,Replay,1,0.9977802441731409,0.9972350230414746,1.5567947626113892,0.0,0,-5.898033618927002,-7.454828381538391,-3.7885749365147903,0.116197369992733,-0.8806833344979766,0.018932363018393517,0.1818622350692749,9.605892032209015,,
0,22,10,Replay,4,0.9921171171171171,0.9944700460829493,1.601255178451538,0.0,0,-5.898033618927002,-7.49928879737854,-3.683381448689882,0.17428770661354065,-0.6869837139688398,0.018932363018393517,0.1818622350692749,9.605892032209015,,
0,22,10,Replay,10,0.44096133751306166,0.4894009216589862,-0.09104062616825104,0.0,0,-5.898033618927002,-5.806992992758751,nan,0.11546338349580765,-0.8040107495482589,0.018932363018393517,0.1818622350692749,9.605892032209015,,
A,22,10,Replay,1,0.9977802441731409,0.9972350230414746,1.5567947626113892,0.0,0,-3.4433720111846924,-5.0001667737960815,-2.211834272495067,0.116197369992733,0.9678480649943426,0.018932363018393517,0.1818622350692749,9.605892032209015,,
A,22,10,Replay,4,0.9921171171171171,0.9944700460829493,1.601255178451538,0.0,0,-3.4433720111846924,-5.0446271896362305,-2.150420531045237,0.17428770661354065,0.9926689279532489,0.018932363018393517,0.1818622350692749,9.605892032209015,,
A,22,10,Replay,10,0.44096133751306166,0.4894009216589862,-0.09104062616825104,0.0,0,-3.4433720111846924,-3.3523313850164413,nan,0.11546338349580765,0.9916842819572677,0.018932363018393517,0.1818622350692749,9.605892032209015,,
B,22,10,Replay,1,0.9977802441731409,0.9972350230414746,1.5567947626113892,0.0,0,-3.8734560012817383,-5.430250763893127,-2.4880967577154163,0.116197369992733,0.9678480649943426,0.018932363018393517,0.1818622350692749,9.605892032209015,,
B,22,10,Replay,4,0.9921171171171171,0.9944700460829493,1.601255178451538,0.0,0,-3.8734560012817383,-5.474711179733276,-2.4190123182161924,0.17428770661354065,0.9926689279532489,0.018932363018393517,0.1818622350692749,9.605892032209015,,
B,22,10,Replay,10,0.44096133751306166,0.4894009216589862,-0.09104062616825104,0.0,0,-3.8734560012817383,-3.7824153751134872,nan,0.11546338349580765,0.9916842819572677,0.018932363018393517,0.1818622350692749,9.605892032209015,,
C,22,10,Replay,1,0.9977802441731409,0.9972350230414746,1.5567947626113892,0.0,0,-0.32556086778640747,-1.8823556303977966,-0.20912253535611022,0.116197369992733,-0.8806833344979766,0.018932363018393517,0.1818622350692749,9.605892032209015,0.32206978309911743,False
C,22,10,Replay,4,0.9921171171171171,0.9944700460829493,1.601255178451538,0.0,0,-0.32556086778640747,-1.9268160462379456,-0.20331604366846429,0.17428770661354065,-0.6869837139688398,0.018932363018393517,0.1818622350692749,9.605892032209015,0.32206978309911743,False
C,22,10,Replay,10,0.44096133751306166,0.4894009216589862,-0.09104062616825104,0.0,0,-0.32556086778640747,-0.23452024161815643,nan,0.11546338349580765,-0.8040107495482589,0.018932363018393517,0.1818622350692749,9.605892032209015,0.32206978309911743,False
0,22,20,Manipulation,2,0.0,0.0,-3.0154290199279785,0.0,0,-12.33427906036377,-9.318850040435791,nan,0.09531083703041077,-0.8902573764838956,0.007408159784972668,0.1666790097951889,22.499381038364557,,
0,22,20,Manipulation,13,0.0,0.0,-1.5769683122634888,0.0,0,-12.33427906036377,-10.75731074810028,nan,0.12236395478248596,-0.9303725353021989,0.007408159784972668,0.1666790097951889,22.499381038364557,,
A,22,20,Manipulation,2,0.0,0.0,-3.0154290199279785,0.0,0,-10.633748054504395,-7.618319034576416,nan,0.09531083703041077,0.990532140790882,0.007408159784972668,0.1666790097951889,22.499381038364557,,
A,22,20,Manipulation,13,0.0,0.0,-1.5769683122634888,0.0,0,-10.633748054504395,-9.056779742240906,nan,0.12236395478248596,0.9971482727542544,0.007408159784972668,0.1666790097951889,22.499381038364557,,
B,22,20,Manipulation,2,0.0,0.0,-3.0154290199279785,0.0,0,-10.475972175598145,-7.460543155670166,nan,0.09531083703041077,0.990532140790882,0.007408159784972668,0.1666790097951889,22.499381038364557,,
B,22,20,Manipulation,13,0.0,0.0,-1.5769683122634888,0.0,0,-10.475972175598145,-8.899003863334656,nan,0.12236395478248596,0.9971482727542544,0.007408159784972668,0.1666790097951889,22.499381038364557,,
C,22,20,Manipulation,2,0.0,0.0,-3.0154290199279785,0.0,0,-2.3412749767303467,0.6741540431976318,nan,0.09531083703041077,-0.8902573764838956,0.007408159784972668,0.1666790097951889,22.499381038364557,0.334692121629104,False
C,22,20,Manipulation,13,0.0,0.0,-1.5769683122634888,0.0,0,-2.3412749767303467,-0.7643066644668579,nan,0.12236395478248596,-0.9303725353021989,0.007408159784972668,0.1666790097951889,22.499381038364557,0.334692121629104,False
0,22,20,Replay,1,0.9822419533851277,0.9520737327188941,0.4641663432121277,0.0,0,-6.878882884979248,-7.343049228191376,-14.819865734719038,0.10488177090883255,-0.8042431890842622,0.017318787053227425,0.16708414256572723,9.64756608255602,,
0,22,20,Replay,4,0.9887387387387387,0.9843317972350231,0.7112618088722229,0.0,0,-6.878882884979248,-7.590144693851471,-9.671379510572075,0.15963710844516754,-0.6952732918469056,0.017318787053227425,0.16708414256572723,9.64756608255602,,
0,22,20,Replay,10,0.0,0.0,-0.6051830649375916,0.0,0,-6.878882884979248,-6.2736998200416565,nan,0.10963520407676697,-0.6871071391506537,0.017318787053227425,0.16708414256572723,9.64756608255602,,
A,22,20,Replay,1,0.9822419533851277,0.9520737327188941,0.4641663432121277,0.0,0,-5.153920650482178,-5.618086993694305,-11.103606984547769,0.10488177090883255,0.9663409886717312,0.017318787053227425,0.16708414256572723,9.64756608255602,,
A,22,20,Replay,4,0.9887387387387387,0.9843317972350231,0.7112618088722229,0.0,0,-5.153920650482178,-5.865182459354401,-7.2461653166141975,0.15963710844516754,0.9894054879845624,0.017318787053227425,0.16708414256572723,9.64756608255602,,
A,22,20,Replay,10,0.0,0.0,-0.6051830649375916,0.0,0,-5.153920650482178,-4.548737585544586,nan,0.10963520407676697,0.9738680890427669,0.017318787053227425,0.16708414256572723,9.64756608255602,,
B,22,20,Replay,1,0.9822419533851277,0.9520737327188941,0.4641663432121277,0.0,0,-5.46949577331543,-5.933662116527557,-11.783482049700934,0.10488177090883255,0.9663409886717312,0.017318787053227425,0.16708414256572723,9.64756608255602,,
B,22,20,Replay,4,0.9887387387387387,0.9843317972350231,0.7112618088722229,0.0,0,-5.46949577331543,-6.180757582187653,-7.689848808257912,0.15963710844516754,0.9894054879845624,0.017318787053227425,0.16708414256572723,9.64756608255602,,
B,22,20,Replay,10,0.0,0.0,-0.6051830649375916,0.0,0,-5.46949577331543,-4.864312708377838,nan,0.10963520407676697,0.9738680890427669,0.017318787053227425,0.16708414256572723,9.64756608255602,,
C,22,20,Replay,1,0.9822419533851277,0.9520737327188941,0.4641663432121277,0.0,0,-0.7045363783836365,-1.1687027215957642,-1.5178532194042724,0.10488177090883255,-0.8042431890842622,0.017318787053227425,0.16708414256572723,9.64756608255602,0.31467627228302253,False
C,22,20,Replay,4,0.9887387387387387,0.9843317972350231,0.7112618088722229,0.0,0,-0.7045363783836365,-1.4157981872558594,-0.990544367201087,0.15963710844516754,-0.6952732918469056,0.017318787053227425,0.16708414256572723,9.64756608255602,0.31467627228302253,False
C,22,20,Replay,10,0.0,0.0,-0.6051830649375916,0.0,0,-0.7045363783836365,-0.09935331344604492,nan,0.10963520407676697,-0.6871071391506537,0.017318787053227425,0.16708414256572723,9.64756608255602,0.31467627228302253,False
0,22,30,Manipulation,2,0.0,0.0,-3.472870111465454,0.0,0,-12.67288589477539,-9.200015783309937,nan,0.09392062574625015,-0.8216316056961092,0.007137831766158342,0.13850486278533936,19.40433276138759,,
0,22,30,Manipulation,13,0.0,0.0,-2.1893904209136963,0.0,0,-12.67288589477539,-10.483495473861694,nan,0.11856009811162949,-0.9064377903510941,0.007137831766158342,0.13850486278533936,19.40433276138759,,
A,22,30,Manipulation,2,0.0,0.0,-3.472870111465454,0.0,0,-11.314565658569336,-7.841695547103882,nan,0.09392062574625015,0.9700413444105142,0.007137831766158342,0.13850486278533936,19.40433276138759,,
A,22,30,Manipulation,13,0.0,0.0,-2.1893904209136963,0.0,0,-11.314565658569336,-9.12517523765564,nan,0.11856009811162949,0.9907326419181451,0.007137831766158342,0.13850486278533936,19.40433276138759,,
B,22,30,Manipulation,2,0.0,0.0,-3.472870111465454,0.0,0,-11.282792091369629,-7.809921979904175,nan,0.09392062574625015,0.9700413444105142,0.007137831766158342,0.13850486278533936,19.40433276138759,,
B,22,30,Manipulation,13,0.0,0.0,-2.1893904209136963,0.0,0,-11.282792091369629,-9.093401670455933,nan,0.11856009811162949,0.9907326419181451,0.007137831766158342,0.13850486278533936,19.40433276138759,,
C,22,30,Manipulation,2,0.0,0.0,-3.472870111465454,0.0,0,-2.8903656005859375,0.5825045108795166,nan,0.09392062574625015,-0.8216316056961092,0.007137831766158342,0.13850486278533936,19.40433276138759,0.3315079497294043,False
C,22,30,Manipulation,13,0.0,0.0,-2.1893904209136963,0.0,0,-2.8903656005859375,-0.7009751796722412,nan,0.11856009811162949,-0.9064377903510941,0.007137831766158342,0.13850486278533936,19.40433276138759,0.3315079497294043,False
0,22,30,Replay,1,0.038845726970033294,0.026728110599078342,-0.1208927109837532,0.0,0,-7.0524821281433105,-6.931589417159557,nan,0.09802687168121338,-0.8197390691007713,0.015868613496422768,0.16553469002246857,10.431578666893913,,
0,22,30,Replay,4,0.7308558558558559,0.7880184331797235,0.25681522488594055,0.0,0,-7.0524821281433105,-7.309297353029251,-27.46130853914729,0.1461811363697052,-0.673257114419229,0.015868613496422768,0.16553469002246857,10.431578666893913,,
0,22,30,Replay,10,0.0,0.0,-0.9526529312133789,0.0,0,-7.0524821281433105,-6.099829196929932,nan,0.10243088752031326,-0.7237645595594313,0.015868613496422768,0.16553469002246857,10.431578666893913,,
A,22,30,Replay,1,0.038845726970033294,0.026728110599078342,-0.1208927109837532,0.0,0,-5.591781139373779,-5.470888428390026,nan,0.09802687168121338,0.9700665690610754,0.015868613496422768,0.16553469002246857,10.431578666893913,,
A,22,30,Replay,4,0.7308558558558559,0.7880184331797235,0.25681522488594055,0.0,0,-5.591781139373779,-5.84859636425972,-21.773557785981183,0.1461811363697052,0.9829718367894098,0.015868613496422768,0.16553469002246857,10.431578666893913,,
A,22,30,Replay,10,0.0,0.0,-0.9526529312133789,0.0,0,-5.591781139373779,-4.6391282081604,nan,0.10243088752031326,0.9524949244830329,0.015868613496422768,0.16553469002246857,10.431578666893913,,
B,22,30,Replay,1,0.038845726970033294,0.026728110599078342,-0.1208927109837532,0.0,0,-5.909114837646484,-5.788222126662731,nan,0.09802687168121338,0.9700665690610754,0.015868613496422768,0.16553469002246857,10.431578666893913,,
B,22,30,Replay,4,0.7308558558558559,0.7880184331797235,0.25681522488594055,0.0,0,-5.909114837646484,-6.165930062532425,-23.00920765219781,0.1461811363697052,0.9829718367894098,0.015868613496422768,0.16553469002246857,10.431578666893913,,
B,22,30,Replay,10,0.0,0.0,-0.9526529312133789,0.0,0,-5.909114837646484,-4.9564619064331055,nan,0.10243088752031326,0.9524949244830329,0.015868613496422768,0.16553469002246857,10.431578666893913,,
C,22,30,Replay,1,0.038845726970033294,0.026728110599078342,-0.1208927109837532,0.0,0,-1.0748761892318726,-0.9539834782481194,nan,0.09802687168121338,-0.8197390691007713,0.015868613496422768,0.16553469002246857,10.431578666893913,0.3076003507228398,False
C,22,30,Replay,4,0.7308558558558559,0.7880184331797235,0.25681522488594055,0.0,0,-1.0748761892318726,-1.331691414117813,-4.185406802533836,0.1461811363697052,-0.673257114419229,0.015868613496422768,0.16553469002246857,10.431578666893913,0.3076003507228398,False
C,22,30,Replay,10,0.0,0.0,-0.9526529312133789,0.0,0,-1.0748761892318726,-0.12222325801849365,nan,0.10243088752031326,-0.7237645595594313,0.015868613496422768,0.16553469002246857,10.431578666893913,0.3076003507228398,False
0,22,45,Manipulation,2,0.0,0.0,-2.216007947921753,0.0,0,-11.586283683776855,-9.370275735855103,nan,0.08323866873979568,-0.755251642709326,0.006374131888151169,0.11810628324747086,18.52899897898533,,
0,22,45,Manipulation,13,0.0,0.0,-1.4788435697555542,0.0,0,-11.586283683776855,-10.107440114021301,nan,0.10546717047691345,-0.8099268674954129,0.006374131888151169,0.11810628324747086,18.52899897898533,,
A,22,45,Manipulation,2,0.0,0.0,-2.216007947921753,0.0,0,-10.73785400390625,-8.521846055984497,nan,0.08323866873979568,0.9791748792964815,0.006374131888151169,0.11810628324747086,18.52899897898533,,
A,22,45,Manipulation,13,0.0,0.0,-1.4788435697555542,0.0,0,-10.73785400390625,-9.259010434150696,nan,0.10546717047691345,0.9935853656041383,0.006374131888151169,0.11810628324747086,18.52899897898533,,
B,22,45,Manipulation,2,0.0,0.0,-2.216007947921753,0.0,0,-10.740457534790039,-8.524449586868286,nan,0.08323866873979568,0.9791748792964815,0.006374131888151169,0.11810628324747086,18.52899897898533,,
B,22,45,Manipulation,13,0.0,0.0,-1.4788435697555542,0.0,0,-10.740457534790039,-9.261613965034485,nan,0.10546717047691345,0.9935853656041383,0.006374131888151169,0.11810628324747086,18.52899897898533,,
C,22,45,Manipulation,2,0.0,0.0,-2.216007947921753,0.0,0,-1.8232208490371704,0.3927870988845825,nan,0.08323866873979568,-0.755251642709326,0.006374131888151169,0.11810628324747086,18.52899897898533,0.3172802824789034,False
C,22,45,Manipulation,13,0.0,0.0,-1.4788435697555542,0.0,0,-1.8232208490371704,-0.3443772792816162,nan,0.10546717047691345,-0.8099268674954129,0.006374131888151169,0.11810628324747086,18.52899897898533,0.3172802824789034,False
0,22,45,Replay,1,0.0,0.0,-0.31558287143707275,0.0,0,-7.667122840881348,-7.351539969444275,nan,0.08871959894895554,-0.7201113922063191,0.014228170737624168,0.13291555643081665,9.341717841446918,,
0,22,45,Replay,4,0.9448198198198198,0.9548387096774194,0.0447121188044548,0.0,0,-7.667122840881348,-7.7118349596858025,-171.4775109274725,0.12804462015628815,-0.5752142683768654,0.014228170737624168,0.13291555643081665,9.341717841446918,,
0,22,45,Replay,10,0.0,0.0,-0.8720195293426514,0.0,0,-7.667122840881348,-6.795103311538696,nan,0.0967021957039833,-0.6371845941881292,0.014228170737624168,0.13291555643081665,9.341717841446918,,
A,22,45,Replay,1,0.0,0.0,-0.31558287143707275,0.0,0,-6.811709880828857,-6.496127009391785,nan,0.08871959894895554,0.9549830409897752,0.014228170737624168,0.13291555643081665,9.341717841446918,,
A,22,45,Replay,4,0.9448198198198198,0.9548387096774194,0.0447121188044548,0.0,0,-6.811709880828857,-6.856421999633312,-152.34594250877205,0.12804462015628815,0.9851928082124232,0.014228170737624168,0.13291555643081665,9.341717841446918,,
A,22,45,Replay,10,0.0,0.0,-0.8720195293426514,0.0,0,-6.811709880828857,-5.939690351486206,nan,0.0967021957039833,0.9600461864839532,0.014228170737624168,0.13291555643081665,9.341717841446918,,
B,22,45,Replay,1,0.0,0.0,-0.31558287143707275,0.0,0,-6.974780559539795,-6.659197688102722,nan,0.08871959894895554,0.9549830409897752,0.014228170737624168,0.13291555643081665,9.341717841446918,,
B,22,45,Replay,4,0.9448198198198198,0.9548387096774194,0.0447121188044548,0.0,0,-6.974780559539795,-7.01949267834425,-155.99306733915898,0.12804462015628815,0.9851928082124232,0.014228170737624168,0.13291555643081665,9.341717841446918,,
B,22,45,Replay,10,0.0,0.0,-0.8720195293426514,0.0,0,-6.974780559539795,-6.1027610301971436,nan,0.0967021957039833,0.9600461864839532,0.014228170737624168,0.13291555643081665,9.341717841446918,,
C,22,45,Replay,1,0.0,0.0,-0.31558287143707275,0.0,0,-0.7772326469421387,-0.4616497755050659,nan,0.08871959894895554,-0.7201113922063191,0.014228170737624168,0.13291555643081665,9.341717841446918,0.30668931763153784,False
C,22,45,Replay,4,0.9448198198198198,0.9548387096774194,0.0447121188044548,0.0,0,-0.7772326469421387,-0.8219447657465935,-17.383042175686395,0.12804462015628815,-0.5752142683768654,0.014228170737624168,0.13291555643081665,9.341717841446918,0.30668931763153784,False
C,22,45,Replay,10,0.0,0.0,-0.8720195293426514,0.0,0,-0.7772326469421387,0.0947868824005127,nan,0.0967021957039833,-0.6371845941881292,0.014228170737624168,0.13291555643081665,9.341717841446918,0.30668931763153784,False
0,33,1,Manipulation,2,1.0,1.0,0.6102647185325623,0.0,0,-1.2682437896728516,-1.8785085082054138,-2.0781863200652673,0.09551151096820831,-0.4466215010119817,0.008009670302271843,0.28526681661605835,35.61530073655416,,
0,33,1,Manipulation,13,1.0,1.0,4.411870002746582,0.0,0,-1.2682437896728516,-5.680113792419434,-0.287461731393562,0.14763830602169037,-0.6986612757059598,0.008009670302271843,0.28526681661605835,35.61530073655416,,
A,33,1,Manipulation,2,1.0,1.0,0.6102647185325623,0.7225077081192189,1,0.2857067584991455,-0.32455796003341675,0.4681685665626447,0.09551151096820831,0.885438951889894,0.008009670302271843,0.28526681661605835,35.61530073655416,,
A,33,1,Manipulation,13,1.0,1.0,4.411870002746582,0.7225077081192189,1,0.2857067584991455,-4.1261632442474365,0.06475865297963915,0.14763830602169037,0.9772267226915453,0.008009670302271843,0.28526681661605835,35.61530073655416,,
B,33,1,Manipulation,2,1.0,1.0,0.6102647185325623,1.0,1,0.7452363967895508,0.13497167825698853,1.2211690667314676,0.09551151096820831,0.885438951889894,0.008009670302271843,0.28526681661605835,35.61530073655416,,
B,33,1,Manipulation,13,1.0,1.0,4.411870002746582,1.0,1,0.7452363967895508,-3.6666336059570312,0.16891621836672624,0.14763830602169037,0.9772267226915453,0.008009670302271843,0.28526681661605835,35.61530073655416,,
C,33,1,Manipulation,2,1.0,1.0,0.6102647185325623,1.0,1,1.249752402305603,0.6394876837730408,2.0478857196771063,0.09551151096820831,-0.4466215010119817,0.008009670302271843,0.28526681661605835,35.61530073655416,0.0335706601159609,True
C,33,1,Manipulation,13,1.0,1.0,4.411870002746582,1.0,1,1.249752402305603,-3.162117600440979,0.28327045029150394,0.14763830602169037,-0.6986612757059598,0.008009670302271843,0.28526681661605835,35.61530073655416,0.0335706601159609,True
0,33,1,Replay,1,1.0,1.0,2.6311304569244385,0.0,0,-1.5951191186904907,-4.226249575614929,-0.60624858584741,0.11740628629922867,-0.7103360603140871,0.01812688261270523,0.2593090534210205,14.30522053688754,,
0,33,1,Replay,4,0.9921171171171171,0.9944700460829493,1.9014252424240112,0.0,0,-1.5951191186904907,-3.496544361114502,-0.8389070909024908,0.18041206896305084,-0.04333223960759974,0.01812688261270523,0.2593090534210205,14.30522053688754,,
0,33,1,Replay,10,0.9942528735632183,0.9944700460829493,0.6647309064865112,0.0,0,-1.5951191186904907,-2.259850025177002,-2.3996463879220262,0.12328431755304337,-0.449328131247317,0.01812688261270523,0.2593090534210205,14.30522053688754,,
A,33,1,Replay,1,1.0,1.0,2.6311304569244385,0.4423963133640553,1,-0.181814506649971,-2.8129449635744095,-0.06910128920878225,0.11740628629922867,0.7966445502304242,0.01812688261270523,0.2593090534210205,14.30522053688754,,
A,33,1,Replay,4,0.9921171171171171,0.9944700460829493,1.9014252424240112,0.4423963133640553,1,-0.181814506649971,-2.0832397490739822,-0.09562011831618832,0.18041206896305084,0.950896946792316,0.01812688261270523,0.2593090534210205,14.30522053688754,,
A,33,1,Replay,10,0.9942528735632183,0.9944700460829493,0.6647309064865112,0.4423963133640553,1,-0.181814506649971,-0.8465454131364822,-0.2735159519074662,0.12328431755304337,0.912074560096454,0.01812688261270523,0.2593090534210205,14.30522053688754,,
B,33,1,Replay,1,1.0,1.0,2.6311304569244385,0.7078341013824885,1,0.037138812243938446,-2.5939916446805,0.014115154247178786,0.11740628629922867,0.7966445502304242,0.01812688261270523,0.2593090534210205,14.30522053688754,,
B,33,1,Replay,4,0.9921171171171171,0.9944700460829493,1.9014252424240112,0.7078341013824885,1,0.037138812243938446,-1.8642864301800728,0.019532091725358833,0.18041206896305084,0.950896946792316,0.01812688261270523,0.2593090534210205,14.30522053688754,,
B,33,1,Replay,10,0.9942528735632183,0.9944700460829493,0.6647309064865112,0.7078341013824885,1,0.037138812243938446,-0.6275920942425728,0.05587044604295388,0.12328431755304337,0.912074560096454,0.01812688261270523,0.2593090534210205,14.30522053688754,,
C,33,1,Replay,1,1.0,1.0,2.6311304569244385,0.9944700460829493,1,1.4276137351989746,-1.2035167217254639,0.5425856902845214,0.11740628629922867,-0.7103360603140871,0.01812688261270523,0.2593090534210205,14.30522053688754,0.13329930707768922,False
C,33,1,Replay,4,0.9921171171171171,0.9944700460829493,1.9014252424240112,0.9944700460829493,1,1.4276137351989746,-0.4738115072250366,0.7508124449736434,0.18041206896305084,-0.04333223960759974,0.01812688261270523,0.2593090534210205,14.30522053688754,0.13329930707768922,False
C,33,1,Replay,10,0.9942528735632183,0.9944700460829493,0.6647309064865112,0.9944700460829493,1,1.4276137351989746,0.7628828287124634,2.147656625061624,0.12328431755304337,-0.449328131247317,0.01812688261270523,0.2593090534210205,14.30522053688754,0.13329930707768922,False
0,33,5,Manipulation,2,0.0,0.0,-0.5642150640487671,0.0,0,-4.973658561706543,-4.409443497657776,nan,0.10978204756975174,-0.8278413993884043,0.008642058819532394,0.19605237245559692,22.685841018865567,,
0,33,5,Manipulation,13,1.0,1.0,2.7943220138549805,0.0,0,-4.973658561706543,-7.767980575561523,-1.7799160358204391,0.14363722503185272,-0.8681596022490217,0.008642058819532394,0.19605237245559692,22.685841018865567,,
A,33,5,Manipulation,2,0.0,0.0,-0.5642150640487671,0.0,0,-2.182666540145874,-1.618451476097107,nan,0.10978204756975174,0.9911726513835043,0.008642058819532394,0.19605237245559692,22.685841018865567,,
A,33,5,Manipulation,13,1.0,1.0,2.7943220138549805,0.0,0,-2.182666540145874,-4.9769885540008545,-0.7811077353732467,0.14363722503185272,0.9974395175577443,0.008642058819532394,0.19605237245559692,22.685841018865567,,
B,33,5,Manipulation,2,0.0,0.0,-0.5642150640487671,0.0,0,-1.8625365495681763,-1.2983214855194092,nan,0.10978204756975174,0.9911726513835043,0.008642058819532394,0.19605237245559692,22.685841018865567,,
B,33,5,Manipulation,13,1.0,1.0,2.7943220138549805,0.0,0,-1.8625365495681763,-4.656858563423157,-0.6665432760910275,0.14363722503185272,0.9974395175577443,0.008642058819532394,0.19605237245559692,22.685841018865567,,
C,33,5,Manipulation,2,0.0,0.0,-0.5642150640487671,0.0,0,-0.8193033933639526,-0.25508832931518555,nan,0.10978204756975174,-0.8278413993884043,0.008642058819532394,0.19605237245559692,22.685841018865567,0.30222583251361385,False
C,33,5,Manipulation,13,1.0,1.0,2.7943220138549805,0.0,0,-0.8193033933639526,-3.613625407218933,-0.2932029269717777,0.14363722503185272,-0.8681596022490217,0.008642058819532394,0.19605237245559692,22.685841018865567,0.30222583251361385,False
0,33,5,Replay,1,1.0,1.0,3.3542497158050537,0.0,0,-3.9290530681610107,-7.2833027839660645,-1.1713657005462392,0.11990654468536377,-0.8268652890151716,0.017385052517056465,0.1798255890607834,10.343689723361871,,
0,33,5,Replay,4,0.9921171171171171,0.9944700460829493,1.429872751235962,0.0,0,-3.9290530681610107,-5.358925819396973,-2.7478340745809673,0.14666156470775604,-0.6409100842667637,0.017385052517056465,0.1798255890607834,10.343689723361871,,
0,33,5,Replay,10,0.9942528735632183,0.9944700460829493,0.785125195980072,0.0,0,-3.9290530681610107,-4.714178264141083,-5.00436502137264,0.11834587156772614,-0.7938867343306882,0.017385052517056465,0.1798255890607834,10.343689723361871,,
A,33,5,Replay,1,1.0,1.0,3.3542497158050537,0.0,0,-1.2631808519363403,-4.617430567741394,-0.37659117804625475,0.11990654468536377,0.9783375520320057,0.017385052517056465,0.1798255890607834,10.343689723361871,,
A,33,5,Replay,4,0.9921171171171171,0.9944700460829493,1.429872751235962,0.0,0,-1.2631808519363403,-2.6930536031723022,-0.8834218645291789,0.14666156470775604,0.9883352911523636,0.017385052517056465,0.1798255890607834,10.343689723361871,,
A,33,5,Replay,10,0.9942528735632183,0.9944700460829493,0.785125195980072,0.0,0,-1.2631808519363403,-2.0483060479164124,-1.6088909875825743,0.11834587156772614,0.9876841130165513,0.017385052517056465,0.1798255890607834,10.343689723361871,,
B,33,5,Replay,1,1.0,1.0,3.3542497158050537,0.0,0,-1.6046178340911865,-4.95886754989624,-0.47838353433565456,0.11990654468536377,0.9783375520320057,0.017385052517056465,0.1798255890607834,10.343689723361871,,
B,33,5,Replay,4,0.9921171171171171,0.9944700460829493,1.429872751235962,0.0,0,-1.6046178340911865,-3.0344905853271484,-1.1222102335359405,0.14666156470775604,0.9883352911523636,0.017385052517056465,0.1798255890607834,10.343689723361871,,
B,33,5,Replay,10,0.9942528735632183,0.9944700460829493,0.785125195980072,0.0,0,-1.6046178340911865,-2.3897430300712585,-2.0437731998756474,0.11834587156772614,0.9876841130165513,0.017385052517056465,0.1798255890607834,10.343689723361871,,
C,33,5,Replay,1,1.0,1.0,3.3542497158050537,0.271889400921659,1,-0.29174596071243286,-3.6459956765174866,-0.08697800862521975,0.11990654468536377,-0.8268652890151716,0.017385052517056465,0.1798255890607834,10.343689723361871,0.276604280663554,False
C,33,5,Replay,4,0.9921171171171171,0.9944700460829493,1.429872751235962,0.271889400921659,1,-0.29174596071243286,-1.7216187119483948,-0.2040363105459921,0.14666156470775604,-0.6409100842667637,0.017385052517056465,0.1798255890607834,10.343689723361871,0.276604280663554,False
C,33,5,Replay,10,0.9942528735632183,0.9944700460829493,0.785125195980072,0.271889400921659,1,-0.29174596071243286,-1.0768711566925049,-0.3715916419523975,0.11834587156772614,-0.7938867343306882,0.017385052517056465,0.1798255890607834,10.343689723361871,0.276604280663554,False
0,33,10,Manipulation,2,0.0,0.0,-2.148953676223755,0.0,0,-8.349532127380371,-6.200578451156616,nan,0.10462819784879684,-0.9256013541091662,0.008123709820210934,0.21046102046966553,25.907008636135757,,
0,33,10,Manipulation,13,0.4090909090909091,0.4450154162384378,-0.1315125674009323,0.0,0,-8.349532127380371,-8.218019559979439,nan,0.133376806974411,-0.9186180348770143,0.008123709820210934,0.21046102046966553,25.907008636135757,,
A,33,10,Manipulation,2,0.0,0.0,-2.148953676223755,0.0,0,-5.837533473968506,-3.688579797744751,nan,0.10462819784879684,0.9969184730057244,0.008123709820210934,0.21046102046966553,25.907008636135757,,
A,33,10,Manipulation,13,0.4090909090909091,0.4450154162384378,-0.1315125674009323,0.0,0,-5.837533473968506,-5.7060209065675735,nan,0.133376806974411,0.9990564250632209,0.008123709820210934,0.21046102046966553,25.907008636135757,,
B,33,10,Manipulation,2,0.0,0.0,-2.148953676223755,0.0,0,-5.562102317810059,-3.4131486415863037,nan,0.10462819784879684,0.9969184730057244,0.008123709820210934,0.21046102046966553,25.907008636135757,,
B,33,10,Manipulation,13,0.4090909090909091,0.4450154162384378,-0.1315125674009323,0.0,0,-5.562102317810059,-5.430589750409126,nan,0.133376806974411,0.9990564250632209,0.008123709820210934,0.21046102046966553,25.907008636135757,,
C,33,10,Manipulation,2,0.0,0.0,-2.148953676223755,0.0,0,-1.8934134244918823,0.25554025173187256,nan,0.10462819784879684,-0.9256013541091662,0.008123709820210934,0.21046102046966553,25.907008636135757,0.33677233598188555,False
C,33,10,Manipulation,13,0.4090909090909091,0.4450154162384378,-0.1315125674009323,0.0,0,-1.8934134244918823,-1.76190085709095,nan,0.133376806974411,-0.9186180348770143,0.008123709820210934,0.21046102046966553,25.907008636135757,0.33677233598188555,False
0,33,10,Replay,1,1.0,1.0,2.7432992458343506,0.0,0,-4.121895790100098,-6.865195035934448,-1.5025323235732013,0.11220820248126984,-0.8801947459597187,0.01647527515888214,0.17228588461875916,10.457238677793887,,
0,33,10,Replay,4,0.9921171171171171,0.9944700460829493,1.3849554061889648,0.0,0,-4.121895790100098,-5.5068511962890625,-2.9761938699834944,0.14196787774562836,-0.7164173626131499,0.01647527515888214,0.17228588461875916,10.457238677793887,,
0,33,10,Replay,10,0.9937304075235109,0.9944700460829493,0.7038545608520508,0.0,0,-4.121895790100098,-4.825750350952148,-5.856175436457127,0.10788647085428238,-0.8630238023561667,0.01647527515888214,0.17228588461875916,10.457238677793887,,
A,33,10,Replay,1,1.0,1.0,2.7432992458343506,0.0,0,-1.8529409170150757,-4.596240162849426,-0.6754425058909386,0.11220820248126984,0.9840452632389513,0.01647527515888214,0.17228588461875916,10.457238677793887,,
A,33,10,Replay,4,0.9921171171171171,0.9944700460829493,1.3849554061889648,0.0,0,-1.8529409170150757,-3.2378963232040405,-1.3379065554997793,0.14196787774562836,0.9897210220055249,0.01647527515888214,0.17228588461875916,10.457238677793887,,
A,33,10,Replay,10,0.9937304075235109,0.9944700460829493,0.7038545608520508,0.0,0,-1.8529409170150757,-2.5567954778671265,-2.6325622082664335,0.10788647085428238,0.980835346356317,0.01647527515888214,0.17228588461875916,10.457238677793887,,
B,33,10,Replay,1,1.0,1.0,2.7432992458343506,0.0,0,-1.8696006536483765,-4.612899899482727,-0.6815153893572969,0.11220820248126984,0.9840452632389513,0.01647527515888214,0.17228588461875916,10.457238677793887,,
B,33,10,Replay,4,0.9921171171171171,0.9944700460829493,1.3849554061889648,0.0,0,-1.8696006536483765,-3.2545560598373413,-1.349935633518359,0.14196787774562836,0.9897210220055249,0.01647527515888214,0.17228588461875916,10.457238677793887,,
B,33,10,Replay,10,0.9937304075235109,0.9944700460829493,0.7038545608520508,0.0,0,-1.8696006536483765,-2.5734552145004272,-2.6562314967244545,0.10788647085428238,0.980835346356317,0.01647527515888214,0.17228588461875916,10.457238677793887,,
C,33,10,Replay,1,1.0,1.0,2.7432992458343506,0.0,0,-0.38996535539627075,-3.1332646012306213,-0.1421519566224596,0.11220820248126984,-0.8801947459597187,0.01647527515888214,0.17228588461875916,10.457238677793887,0.25457199865947977,False
C,33,10,Replay,4,0.9921171171171171,0.9944700460829493,1.3849554061889648,0.0,0,-0.38996535539627075,-1.7749207615852356,-0.28157249948527474,0.14196787774562836,-0.7164173626131499,0.01647527515888214,0.17228588461875916,10.457238677793887,0.25457199865947977,False
C,33,10,Replay,10,0.9937304075235109,0.9944700460829493,0.7038545608520508,0.0,0,-0.38996535539627075,-1.0938199162483215,-0.5540425211199859,0.10788647085428238,-0.8630238023561667,0.01647527515888214,0.17228588461875916,10.457238677793887,0.25457199865947977,False
0,33,20,Manipulation,2,0.0,0.0,-2.490812301635742,0.0,0,-11.277043342590332,-8.78623104095459,nan,0.0965876653790474,-0.9076430137595694,0.007311506196856499,0.18268537521362305,24.98601113026022,,
0,33,20,Manipulation,13,0.0,0.0,-1.3110564947128296,0.0,0,-11.277043342590332,-9.965986847877502,nan,0.11929775029420853,-0.9479197718801644,0.007311506196856499,0.18268537521362305,24.98601113026022,,
A,33,20,Manipulation,2,0.0,0.0,-2.490812301635742,0.0,0,-9.54058837890625,-7.049776077270508,nan,0.0965876653790474,0.9880145518524623,0.007311506196856499,0.18268537521362305,24.98601113026022,,
A,33,20,Manipulation,13,0.0,0.0,-1.3110564947128296,0.0,0,-9.54058837890625,-8.22953188419342,nan,0.11929775029420853,0.9961023635099451,0.007311506196856499,0.18268537521362305,24.98601113026022,,
B,33,20,Manipulation,2,0.0,0.0,-2.490812301635742,0.0,0,-9.322189331054688,-6.831377029418945,nan,0.0965876653790474,0.9880145518524623,0.007311506196856499,0.18268537521362305,24.98601113026022,,
B,33,20,Manipulation,13,0.0,0.0,-1.3110564947128296,0.0,0,-9.322189331054688,-8.011132836341858,nan,0.11929775029420853,0.9961023635099451,0.007311506196856499,0.18268537521362305,24.98601113026022,,
C,33,20,Manipulation,2,0.0,0.0,-2.490812301635742,0.0,0,-2.1171107292175293,0.3737015724182129,nan,0.0965876653790474,-0.9076430137595694,0.007311506196856499,0.18268537521362305,24.98601113026022,0.47634166878414586,False
C,33,20,Manipulation,13,0.0,0.0,-1.3110564947128296,0.0,0,-2.1171107292175293,-0.8060542345046997,nan,0.11929775029420853,-0.9479197718801644,0.007311506196856499,0.18268537521362305,24.98601113026022,0.47634166878414586,False
0,33,20,Replay,1,0.9944506104328524,0.9944700460829493,1.630044937133789,0.0,0,-4.638030529022217,-6.268075466156006,-2.8453390599019674,0.10472454875707626,-0.8276783790318879,0.01610470749437809,0.16020935773849487,9.947983084723615,,
0,33,20,Replay,4,0.9921171171171171,0.9944700460829493,1.523842453956604,0.0,0,-4.638030529022217,-6.161872982978821,-3.0436417603274744,0.14991411566734314,-0.6621737831755449,0.01610470749437809,0.16020935773849487,9.947983084723615,,
0,33,20,Replay,10,0.47910135841170326,0.5133640552995392,-0.07194870710372925,0.0,0,-4.638030529022217,-4.5660818219184875,nan,0.09753800183534622,-0.8215586802304824,0.01610470749437809,0.16020935773849487,9.947983084723615,,
A,33,20,Replay,1,0.9944506104328524,0.9944700460829493,1.630044937133789,0.0,0,-3.001939535140991,-4.63198447227478,-1.8416299248899795,0.10472454875707626,0.9368651449738593,0.01610470749437809,0.16020935773849487,9.947983084723615,,
A,33,20,Replay,4,0.9921171171171171,0.9944700460829493,1.523842453956604,0.0,0,-3.001939535140991,-4.525781989097595,-1.9699802478573551,0.14991411566734314,0.9833326636113904,0.01610470749437809,0.16020935773849487,9.947983084723615,,
A,33,20,Replay,10,0.47910135841170326,0.5133640552995392,-0.07194870710372925,0.0,0,-3.001939535140991,-2.929990828037262,nan,0.09753800183534622,0.9701801831217522,0.01610470749437809,0.16020935773849487,9.947983084723615,,
B,33,20,Replay,1,0.9944506104328524,0.9944700460829493,1.630044937133789,0.0,0,-3.0082738399505615,-4.638318777084351,-1.8455158943287782,0.10472454875707626,0.9368651449738593,0.01610470749437809,0.16020935773849487,9.947983084723615,,
B,33,20,Replay,4,0.9921171171171171,0.9944700460829493,1.523842453956604,0.0,0,-3.0082738399505615,-4.5321162939071655,-1.9741370455585372,0.14991411566734314,0.9833326636113904,0.01610470749437809,0.16020935773849487,9.947983084723615,,
B,33,20,Replay,10,0.47910135841170326,0.5133640552995392,-0.07194870710372925,0.0,0,-3.0082738399505615,-2.9363251328468323,nan,0.09753800183534622,0.9701801831217522,0.01610470749437809,0.16020935773849487,9.947983084723615,,
C,33,20,Replay,1,0.9944506104328524,0.9944700460829493,1.630044937133789,0.3271889400921659,1,-0.20232097804546356,-1.8323659151792526,-0.12411987757909136,0.10472454875707626,-0.8276783790318879,0.01610470749437809,0.16020935773849487,9.947983084723615,0.4391034921557783,False
C,33,20,Replay,4,0.9921171171171171,0.9944700460829493,1.523842453956604,0.3271889400921659,1,-0.20232097804546356,-1.7261634320020676,-0.1327702726224382,0.14991411566734314,-0.6621737831755449,0.01610470749437809,0.16020935773849487,9.947983084723615,0.4391034921557783,False
C,33,20,Replay,10,0.47910135841170326,0.5133640552995392,-0.07194870710372925,0.3271889400921659,1,-0.20232097804546356,-0.13037227094173431,nan,0.09753800183534622,-0.8215586802304824,0.01610470749437809,0.16020935773849487,9.947983084723615,0.4391034921557783,False
0,33,30,Manipulation,2,0.0,0.0,-2.1313560009002686,0.0,0,-9.987890243530273,-7.856534242630005,nan,0.08455725014209747,-0.8597860895278912,0.0065874396823346615,0.14078709483146667,21.37205069353594,,
0,33,30,Manipulation,13,0.0,0.0,-1.0508849620819092,0.0,0,-9.987890243530273,-8.937005281448364,nan,0.111729197204113,-0.9310230886505045,0.0065874396823346615,0.14078709483146667,21.37205069353594,,
A,33,30,Manipulation,2,0.0,0.0,-2.1313560009002686,0.0,0,-9.030389785766602,-6.899033784866333,nan,0.08455725014209747,0.9598112473829268,0.0065874396823346615,0.14078709483146667,21.37205069353594,,
A,33,30,Manipulation,13,0.0,0.0,-1.0508849620819092,0.0,0,-9.030389785766602,-7.979504823684692,nan,0.111729197204113,0.9887009894293809,0.0065874396823346615,0.14078709483146667,21.37205069353594,,
B,33,30,Manipulation,2,0.0,0.0,-2.1313560009002686,0.0,0,-9.00439167022705,-6.873035669326782,nan,0.08455725014209747,0.9598112473829268,0.0065874396823346615,0.14078709483146667,21.37205069353594,,
B,33,30,Manipulation,13,0.0,0.0,-1.0508849620819092,0.0,0,-9.00439167022705,-7.953506708145142,nan,0.111729197204113,0.9887009894293809,0.0065874396823346615,0.14078709483146667,21.37205069353594,,
C,33,30,Manipulation,2,0.0,0.0,-2.1313560009002686,0.0,0,-1.6112011671066284,0.5201548337936401,nan,0.08455725014209747,-0.8597860895278912,0.0065874396823346615,0.14078709483146667,21.37205069353594,0.34702777981905375,False
C,33,30,Manipulation,13,0.0,0.0,-1.0508849620819092,0.0,0,-1.6112011671066284,-0.5603162050247192,nan,0.111729197204113,-0.9310230886505045,0.0065874396823346615,0.14078709483146667,21.37205069353594,0.34702777981905375,False
0,33,30,Replay,1,0.9855715871254163,0.9668202764976959,0.21964912116527557,0.0,0,-4.867074966430664,-5.08672408759594,-22.1584085591147,0.09214503318071365,-0.773965628311209,0.015458165667951107,0.14875765144824982,9.62324085817401,,
0,33,30,Replay,4,0.9921171171171171,0.9944700460829493,1.092399001121521,0.0,0,-4.867074966430664,-5.959473967552185,-4.455400418193205,0.1479281485080719,-0.5095398301111709,0.015458165667951107,0.14875765144824982,9.62324085817401,,
0,33,30,Replay,10,0.0,0.0,-0.45508086681365967,0.0,0,-4.867074966430664,-4.411994099617004,nan,0.10147801786661148,-0.6710210545013618,0.015458165667951107,0.14875765144824982,9.62324085817401,,
A,33,30,Replay,1,0.9855715871254163,0.9668202764976959,0.21964912116527557,0.0,0,-3.8147425651550293,-4.034391686320305,-17.367438325804255,0.09214503318071365,0.9444689818715863,0.015458165667951107,0.14875765144824982,9.62324085817401,,
A,33,30,Replay,4,0.9921171171171171,0.9944700460829493,1.092399001121521,0.0,0,-3.8147425651550293,-4.90714156627655,-3.492078042215885,0.1479281485080719,0.9732507204565557,0.015458165667951107,0.14875765144824982,9.62324085817401,,
A,33,30,Replay,10,0.0,0.0,-0.45508086681365967,0.0,0,-3.8147425651550293,-3.3596616983413696,nan,0.10147801786661148,0.9181149626532937,0.015458165667951107,0.14875765144824982,9.62324085817401,,
B,33,30,Replay,1,0.9855715871254163,0.9668202764976959,0.21964912116527557,0.0,0,-3.9272079467773438,-4.146857067942619,-17.87946123318338,0.09214503318071365,0.9444689818715863,0.015458165667951107,0.14875765144824982,9.62324085817401,,
B,33,30,Replay,4,0.9921171171171171,0.9944700460829493,1.092399001121521,0.0,0,-3.9272079467773438,-5.019606947898865,-3.595030701003426,0.1479281485080719,0.9732507204565557,0.015458165667951107,0.14875765144824982,9.62324085817401,,
B,33,30,Replay,10,0.0,0.0,-0.45508086681365967,0.0,0,-3.9272079467773438,-3.472127079963684,nan,0.10147801786661148,0.9181149626532937,0.015458165667951107,0.14875765144824982,9.62324085817401,,
C,33,30,Replay,1,0.9855715871254163,0.9668202764976959,0.21964912116527557,0.0,0,-0.5279264450073242,-0.7475755661725998,-2.403499008812717,0.09214503318071365,-0.773965628311209,0.015458165667951107,0.14875765144824982,9.62324085817401,0.3158167295654486,False
C,33,30,Replay,4,0.9921171171171171,0.9944700460829493,1.092399001121521,0.0,0,-0.5279264450073242,-1.6203254461288452,-0.4832725446154051,0.1479281485080719,-0.5095398301111709,0.015458165667951107,0.14875765144824982,9.62324085817401,0.3158167295654486,False
C,33,30,Replay,10,0.0,0.0,-0.45508086681365967,0.0,0,-0.5279264450073242,-0.07284557819366455,nan,0.10147801786661148,-0.6710210545013618,0.015458165667951107,0.14875765144824982,9.62324085817401,0.3158167295654486,False
0,33,45,Manipulation,2,0.0,0.0,-1.5588680505752563,0.0,0,-10.996419906616211,-9.437551856040955,nan,0.07628940790891647,-0.8173624457943631,0.005790604744106531,0.11876136064529419,20.509319128743027,,
0,33,45,Manipulation,13,0.0,0.0,-1.4360178709030151,0.0,0,-10.996419906616211,-9.560402035713196,nan,0.09880092740058899,-0.946807681808237,0.005790604744106531,0.11876136064529419,20.509319128743027,,
A,33,45,Manipulation,2,0.0,0.0,-1.5588680505752563,0.0,0,-9.932764053344727,-8.37389600276947,nan,0.07628940790891647,0.937128646488274,0.005790604744106531,0.11876136064529419,20.509319128743027,,
A,33,45,Manipulation,13,0.0,0.0,-1.4360178709030151,0.0,0,-9.932764053344727,-8.496746182441711,nan,0.09880092740058899,0.9817487218803588,0.005790604744106531,0.11876136064529419,20.509319128743027,,
B,33,45,Manipulation,2,0.0,0.0,-1.5588680505752563,0.0,0,-9.96346664428711,-8.404598593711853,nan,0.07628940790891647,0.937128646488274,0.005790604744106531,0.11876136064529419,20.509319128743027,,
B,33,45,Manipulation,13,0.0,0.0,-1.4360178709030151,0.0,0,-9.96346664428711,-8.527448773384094,nan,0.09880092740058899,0.9817487218803588,0.005790604744106531,0.11876136064529419,20.509319128743027,,
C,33,45,Manipulation,2,0.0,0.0,-1.5588680505752563,0.0,0,-1.7530940771102905,-0.19422602653503418,nan,0.07628940790891647,-0.8173624457943631,0.005790604744106531,0.11876136064529419,20.509319128743027,0.376249255546802,False
C,33,45,Manipulation,13,0.0,0.0,-1.4360178709030151,0.0,0,-1.7530940771102905,-0.3170762062072754,nan,0.09880092740058899,-0.946807681808237,0.005790604744106531,0.11876136064529419,20.509319128743027,0.376249255546802,False
0,33,45,Replay,1,0.9678135405105438,0.9649769585253456,0.49580928683280945,0.0,0,-6.477624893188477,-6.973434180021286,-13.064751034751755,0.08078526705503464,-0.7884667455712033,0.013074246235191822,0.12318986654281616,9.422330306983755,,
0,33,45,Replay,4,0.9921171171171171,0.9944700460829493,1.2967112064361572,0.0,0,-6.477624893188477,-7.774336099624634,-4.995426013932115,0.12319770455360413,-0.5346041817873962,0.013074246235191822,0.12318986654281616,9.422330306983755,,
0,33,45,Replay,10,0.49895506792058514,0.5824884792626728,-0.04622907191514969,0.0,0,-6.477624893188477,-6.431395821273327,nan,0.09193514287471771,-0.5800879691211016,0.013074246235191822,0.12318986654281616,9.422330306983755,,
A,33,45,Replay,1,0.9678135405105438,0.9649769585253456,0.49580928683280945,0.0,0,-5.4353508949279785,-5.931160181760788,-10.96258387907288,0.08078526705503464,0.9335726211627706,0.013074246235191822,0.12318986654281616,9.422330306983755,,
A,33,45,Replay,4,0.9921171171171171,0.9944700460829493,1.2967112064361572,0.0,0,-5.4353508949279785,-6.732062101364136,-4.191643341979234,0.12319770455360413,0.9672304541034576,0.013074246235191822,0.12318986654281616,9.422330306983755,,
A,33,45,Replay,10,0.49895506792058514,0.5824884792626728,-0.04622907191514969,0.0,0,-5.4353508949279785,-5.389121823012829,nan,0.09193514287471771,0.8895266122289488,0.013074246235191822,0.12318986654281616,9.422330306983755,,
B,33,45,Replay,1,0.9678135405105438,0.9649769585253456,0.49580928683280945,0.0,0,-5.645776748657227,-6.141586035490036,-11.386992738119131,0.08078526705503464,0.9335726211627706,0.013074246235191822,0.12318986654281616,9.422330306983755,,
B,33,45,Replay,4,0.9921171171171171,0.9944700460829493,1.2967112064361572,0.0,0,-5.645776748657227,-6.942487955093384,-4.353919917275885,0.12319770455360413,0.9672304541034576,0.013074246235191822,0.12318986654281616,9.422330306983755,,
B,33,45,Replay,10,0.49895506792058514,0.5824884792626728,-0.04622907191514969,0.0,0,-5.645776748657227,-5.599547676742077,nan,0.09193514287471771,0.8895266122289488,0.013074246235191822,0.12318986654281616,9.422330306983755,,
C,33,45,Replay,1,0.9678135405105438,0.9649769585253456,0.49580928683280945,0.0,0,-0.21862934529781342,-0.7144386321306229,-0.44095451840848,0.08078526705503464,-0.7884667455712033,0.013074246235191822,0.12318986654281616,9.422330306983755,0.3410021049832712,False
C,33,45,Replay,4,0.9921171171171171,0.9944700460829493,1.2967112064361572,0.0,0,-0.21862934529781342,-1.5153405517339706,-0.16860295817037615,0.12319770455360413,-0.5346041817873962,0.013074246235191822,0.12318986654281616,9.422330306983755,0.3410021049832712,False
C,33,45,Replay,10,0.49895506792058514,0.5824884792626728,-0.04622907191514969,0.0,0,-0.21862934529781342,-0.17240027338266373,nan,0.09193514287471771,-0.5800879691211016,0.013074246235191822,0.12318986654281616,9.422330306983755,0.3410021049832712,False
0,44,1,Manipulation,2,0.0,0.0,-0.3362670838832855,0.0,0,-2.641021728515625,-2.3047546446323395,nan,0.09475544095039368,-0.5395465421360963,0.007555604446679354,0.2604934573173523,34.476852137467006,,
0,44,1,Manipulation,13,1.0,1.0,1.6409165859222412,0.0,0,-2.641021728515625,-4.281938314437866,-1.6094795745094481,0.13274414837360382,-0.7683819177724941,0.007555604446679354,0.2604934573173523,34.476852137467006,,
A,44,1,Manipulation,2,0.0,0.0,-0.3362670838832855,0.0,0,-1.2097551822662354,-0.8734880983829498,nan,0.09475544095039368,0.9275437357664422,0.007555604446679354,0.2604934573173523,34.476852137467006,,
A,44,1,Manipulation,13,1.0,1.0,1.6409165859222412,0.0,0,-1.2097551822662354,-2.8506717681884766,-0.7372435580485762,0.13274414837360382,0.9821166699500936,0.007555604446679354,0.2604934573173523,34.476852137467006,,
B,44,1,Manipulation,2,0.0,0.0,-0.3362670838832855,0.0,0,-1.043070673942566,-0.7068035900592804,nan,0.09475544095039368,0.9275437357664422,0.007555604446679354,0.2604934573173523,34.476852137467006,,
B,44,1,Manipulation,13,1.0,1.0,1.6409165859222412,0.0,0,-1.043070673942566,-2.683987259864807,-0.6356634352356985,0.13274414837360382,0.9821166699500936,0.007555604446679354,0.2604934573173523,34.476852137467006,,
C,44,1,Manipulation,2,0.0,0.0,-0.3362670838832855,0.11408016443987667,0,-0.05926857888698578,0.27699850499629974,nan,0.09475544095039368,-0.5395465421360963,0.007555604446679354,0.2604934573173523,34.476852137467006,0.034429045759247975,True
C,44,1,Manipulation,13,1.0,1.0,1.6409165859222412,0.11408016443987667,1,-0.05926857888698578,-1.700185164809227,-0.03611919057645162,0.13274414837360382,-0.7683819177724941,0.007555604446679354,0.2604934573173523,34.476852137467006,0.034429045759247975,True
0,44,1,Replay,1,1.0,1.0,2.4640791416168213,0.0,0,-1.6065925359725952,-4.0706716775894165,-0.6520052496846426,0.12187844514846802,-0.727136458079045,0.01840726099908352,0.2707112431526184,14.706763986564697,,
0,44,1,Replay,4,0.9921171171171171,0.9944700460829493,1.5064538717269897,0.0,0,-1.6065925359725952,-3.113046407699585,-1.0664731035745603,0.18532264232635498,-0.1384994169976458,0.01840726099908352,0.2707112431526184,14.706763986564697,,
0,44,1,Replay,10,0.9942528735632183,0.9944700460829493,0.47483715415000916,0.0,0,-1.6065925359725952,-2.0814296901226044,-3.3834600387337113,0.12045370787382126,-0.5476099566829318,0.01840726099908352,0.2707112431526184,14.706763986564697,,
A,44,1,Replay,1,1.0,1.0,2.4640791416168213,0.4949308755760369,1,-0.04820697382092476,-2.512286115437746,-0.019563890220382064,0.12187844514846802,0.7828363486395046,0.01840726099908352,0.2707112431526184,14.706763986564697,,
A,44,1,Replay,4,0.9921171171171171,0.9944700460829493,1.5064538717269897,0.4949308755760369,1,-0.04820697382092476,-1.5546608455479145,-0.032000298665408565,0.18532264232635498,0.9490716161660587,0.01840726099908352,0.2707112431526184,14.706763986564697,,
A,44,1,Replay,10,0.9942528735632183,0.9944700460829493,0.47483715415000916,0.4949308755760369,1,-0.04820697382092476,-0.5230441279709339,-0.10152317146963473,0.12045370787382126,0.9194087308018217,0.01840726099908352,0.2707112431526184,14.706763986564697,,
B,44,1,Replay,1,1.0,1.0,2.4640791416168213,0.7944700460829494,1,0.10128122568130493,-2.3627979159355164,0.04110307334319165,0.12187844514846802,0.7828363486395046,0.01840726099908352,0.2707112431526184,14.706763986564697,,
B,44,1,Replay,4,0.9921171171171171,0.9944700460829493,1.5064538717269897,0.7944700460829494,1,0.10128122568130493,-1.4051726460456848,0.06723154792997195,0.18532264232635498,0.9490716161660587,0.01840726099908352,0.2707112431526184,14.706763986564697,,
B,44,1,Replay,10,0.9942528735632183,0.9944700460829493,0.47483715415000916,0.7944700460829494,1,0.10128122568130493,-0.3735559284687042,0.21329675825937677,0.12045370787382126,0.9194087308018217,0.01840726099908352,0.2707112431526184,14.706763986564697,,
C,44,1,Replay,1,1.0,1.0,2.4640791416168213,0.9944700460829493,1,1.111643671989441,-1.3524354696273804,0.4511395974319351,0.12187844514846802,-0.727136458079045,0.01840726099908352,0.2707112431526184,14.706763986564697,0.13460949267795494,True
C,44,1,Replay,4,0.9921171171171171,0.9944700460829493,1.5064538717269897,0.9944700460829493,1,1.111643671989441,-0.39481019973754883,0.7379208171273504,0.18532264232635498,-0.1384994169976458,0.01840726099908352,0.2707112431526184,14.706763986564697,0.13460949267795494,True
C,44,1,Replay,10,0.9942528735632183,0.9944700460829493,0.47483715415000916,0.9944700460829493,1,1.111643671989441,0.6368065178394318,2.341105076285277,0.12045370787382126,-0.5476099566829318,0.01840726099908352,0.2707112431526184,14.706763986564697,0.13460949267795494,True
0,44,5,Manipulation,2,0.0,0.0,-1.8480144739151,0.0,0,-6.992539882659912,-5.144525408744812,nan,0.10915827006101608,-0.9092475108670957,0.008584966883063316,0.1895061731338501,22.07418802135552,,
0,44,5,Manipulation,13,0.9986919555264879,0.998972250770812,0.8637253046035767,0.0,0,-6.992539882659912,-7.856265187263489,-8.0957913880609,0.14208635687828064,-0.8933491687269188,0.008584966883063316,0.1895061731338501,22.07418802135552,,
A,44,5,Manipulation,2,0.0,0.0,-1.8480144739151,0.0,0,-4.295043468475342,-2.4470289945602417,nan,0.10915827006101608,0.9956677210930016,0.008584966883063316,0.1895061731338501,22.07418802135552,,
A,44,5,Manipulation,13,0.9986919555264879,0.998972250770812,0.8637253046035767,0.0,0,-4.295043468475342,-5.1587687730789185,-4.97269611713719,0.14208635687828064,0.9987283873249565,0.008584966883063316,0.1895061731338501,22.07418802135552,,
B,44,5,Manipulation,2,0.0,0.0,-1.8480144739151,0.0,0,-3.874868631362915,-2.026854157447815,nan,0.10915827006101608,0.9956677210930016,0.008584966883063316,0.1895061731338501,22.07418802135552,,
B,44,5,Manipulation,13,0.9986919555264879,0.998972250770812,0.8637253046035767,0.0,0,-3.874868631362915,-4.738593935966492,-4.486227983260674,0.14208635687828064,0.9987283873249565,0.008584966883063316,0.1895061731338501,22.07418802135552,,
C,44,5,Manipulation,2,0.0,0.0,-1.8480144739151,0.0,0,-1.5234630107879639,0.32455146312713623,nan,0.10915827006101608,-0.9092475108670957,0.008584966883063316,0.1895061731338501,22.07418802135552,0.36049675823052213,False
C,44,5,Manipulation,13,0.9986919555264879,0.998972250770812,0.8637253046035767,0.0,0,-1.5234630107879639,-2.3871883153915405,-1.7638281553962187,0.14208635687828064,-0.8933491687269188,0.008584966883063316,0.1895061731338501,22.07418802135552,0.36049675823052213,False
0,44,5,Replay,1,1.0,1.0,3.2110543251037598,0.0,0,-3.9839181900024414,-7.194972515106201,-1.2406885049737388,0.12239791452884674,-0.910497062690788,0.018988903611898422,0.16936084628105164,8.918937593370602,,
0,44,5,Replay,4,0.9921171171171171,0.9944700460829493,1.762207269668579,0.0,0,-3.9839181900024414,-5.7461254596710205,-2.260754599401751,0.16570496559143066,-0.8036787398304378,0.018988903611898422,0.16936084628105164,8.918937593370602,,
0,44,5,Replay,10,0.8892371995820272,0.8903225806451613,0.6843380331993103,0.0,0,-3.9839181900024414,-4.668256223201752,-5.821564777537571,0.12269451469182968,-0.8536948470276843,0.018988903611898422,0.16936084628105164,8.918937593370602,,
A,44,5,Replay,1,1.0,1.0,3.2110543251037598,0.0,0,-1.3391104936599731,-4.550164818763733,-0.41703140404412253,0.12239791452884674,0.9860246055644871,0.018988903611898422,0.16936084628105164,8.918937593370602,,
A,44,5,Replay,4,0.9921171171171171,0.9944700460829493,1.762207269668579,0.0,0,-1.3391104936599731,-3.1013177633285522,-0.7599052147321023,0.16570496559143066,0.9969296419885103,0.018988903611898422,0.16936084628105164,8.918937593370602,,
A,44,5,Replay,10,0.8892371995820272,0.8903225806451613,0.6843380331993103,0.0,0,-1.3391104936599731,-2.0234485268592834,-1.95679682948436,0.12269451469182968,0.9972772282039708,0.018988903611898422,0.16936084628105164,8.918937593370602,,
B,44,5,Replay,1,1.0,1.0,3.2110543251037598,0.0,0,-1.546055793762207,-4.757110118865967,-0.48147917700278986,0.12239791452884674,0.9860246055644871,0.018988903611898422,0.16936084628105164,8.918937593370602,,
B,44,5,Replay,4,0.9921171171171171,0.9944700460829493,1.762207269668579,0.0,0,-1.546055793762207,-3.308263063430786,-0.8773404924455771,0.16570496559143066,0.9969296419885103,0.018988903611898422,0.16936084628105164,8.918937593370602,,
B,44,5,Replay,10,0.8892371995820272,0.8903225806451613,0.6843380331993103,0.0,0,-1.546055793762207,-2.2303938269615173,-2.259198990496449,0.12269451469182968,0.9972772282039708,0.018988903611898422,0.16936084628105164,8.918937593370602,,
C,44,5,Replay,1,1.0,1.0,3.2110543251037598,0.45714285714285713,1,-0.08465291559696198,-3.2957072407007217,-0.026362965875461032,0.12239791452884674,-0.910497062690788,0.018988903611898422,0.16936084628105164,8.918937593370602,0.28742165143110515,False
C,44,5,Replay,4,0.9921171171171171,0.9944700460829493,1.762207269668579,0.45714285714285713,1,-0.08465291559696198,-1.846860185265541,-0.0480380015756505,0.16570496559143066,-0.8036787398304378,0.018988903611898422,0.16936084628105164,8.918937593370602,0.28742165143110515,False
C,44,5,Replay,10,0.8892371995820272,0.8903225806451613,0.6843380331993103,0.45714285714285713,1,-0.08465291559696198,-0.7689909487962723,-0.12370043968067343,0.12269451469182968,-0.8536948470276843,0.018988903611898422,0.16936084628105164,8.918937593370602,0.28742165143110515,False
0,44,10,Manipulation,2,0.0,0.0,-2.5727298259735107,0.0,0,-9.489651679992676,-6.916921854019165,nan,0.10404597222805023,-0.9377058297521282,0.007935957983136177,0.2052740603685379,25.866323990719586,,
0,44,10,Manipulation,13,0.0,0.0,-0.6407155394554138,0.0,0,-9.489651679992676,-8.848936140537262,nan,0.1289847046136856,-0.9221679335555842,0.007935957983136177,0.2052740603685379,25.866323990719586,,
A,44,10,Manipulation,2,0.0,0.0,-2.5727298259735107,0.0,0,-7.149448394775391,-4.57671856880188,nan,0.10404597222805023,0.9971231709753595,0.007935957983136177,0.2052740603685379,25.866323990719586,,
A,44,10,Manipulation,13,0.0,0.0,-0.6407155394554138,0.0,0,-7.149448394775391,-6.508732855319977,nan,0.1289847046136856,0.9990684506974978,0.007935957983136177,0.2052740603685379,25.866323990719586,,
B,44,10,Manipulation,2,0.0,0.0,-2.5727298259735107,0.0,0,-6.742716312408447,-4.1699864864349365,nan,0.10404597222805023,0.9971231709753595,0.007935957983136177,0.2052740603685379,25.866323990719586,,
B,44,10,Manipulation,13,0.0,0.0,-0.6407155394554138,0.0,0,-6.742716312408447,-6.1020007729530334,nan,0.1289847046136856,0.9990684506974978,0.007935957983136177,0.2052740603685379,25.866323990719586,,
C,44,10,Manipulation,2,0.0,0.0,-2.5727298259735107,0.0,0,-2.00390362739563,0.5688261985778809,nan,0.10404597222805023,-0.9377058297521282,0.007935957983136177,0.2052740603685379,25.866323990719586,0.3496820069352228,False
C,44,10,Manipulation,13,0.0,0.0,-0.6407155394554138,0.0,0,-2.00390362739563,-1.363188087940216,nan,0.1289847046136856,-0.9221679335555842,0.007935957983136177,0.2052740603685379,25.866323990719586,0.3496820069352228,False
0,44,10,Replay,1,0.9966703662597114,0.9953917050691244,1.3234728574752808,0.0,0,-4.526759147644043,-5.850232005119324,-3.4203641745094058,0.11684509366750717,-0.8740729854877046,0.01952524110674858,0.17918969690799713,9.17733593804704,,
0,44,10,Replay,4,0.9898648648648649,0.9935483870967742,1.8443827629089355,0.0,0,-4.526759147644043,-6.3711419105529785,-2.454349085601136,0.1811845302581787,-0.730567923892404,0.01952524110674858,0.17918969690799713,9.17733593804704,,
0,44,10,Replay,10,0.4315569487983281,0.4783410138248848,-0.12826675176620483,0.0,0,-4.526759147644043,-4.398492395877838,nan,0.11832710355520248,-0.8369134119435936,0.01952524110674858,0.17918969690799713,9.17733593804704,,
A,44,10,Replay,1,0.9966703662597114,0.9953917050691244,1.3234728574752808,0.0,0,-2.1767842769622803,-3.500257134437561,-1.6447517337943875,0.11684509366750717,0.9815386039581974,0.01952524110674858,0.17918969690799713,9.17733593804704,,
A,44,10,Replay,4,0.9898648648648649,0.9935483870967742,1.8443827629089355,0.0,0,-2.1767842769622803,-4.021167039871216,-1.1802237153469628,0.1811845302581787,0.9931801803419626,0.01952524110674858,0.17918969690799713,9.17733593804704,,
A,44,10,Replay,10,0.4315569487983281,0.4783410138248848,-0.12826675176620483,0.0,0,-2.1767842769622803,-2.0485175251960754,nan,0.11832710355520248,0.985222792572173,0.01952524110674858,0.17918969690799713,9.17733593804704,,
B,44,10,Replay,1,0.9966703662597114,0.9953917050691244,1.3234728574752808,0.0,0,-2.389127254486084,-3.7126001119613647,-1.8051955058932572,0.11684509366750717,0.9815386039581974,0.01952524110674858,0.17918969690799713,9.17733593804704,,
B,44,10,Replay,4,0.9898648648648649,0.9935483870967742,1.8443827629089355,0.0,0,-2.389127254486084,-4.2335100173950195,-1.2953532761919684,0.1811845302581787,0.9931801803419626,0.01952524110674858,0.17918969690799713,9.17733593804704,,
B,44,10,Replay,10,0.4315569487983281,0.4783410138248848,-0.12826675176620483,0.0,0,-2.389127254486084,-2.260860502719879,nan,0.11832710355520248,0.985222792572173,0.01952524110674858,0.17918969690799713,9.17733593804704,,
C,44,10,Replay,1,0.9966703662597114,0.9953917050691244,1.3234728574752808,0.0,0,-0.6212993264198303,-1.944772183895111,-0.4694462171328925,0.11684509366750717,-0.8740729854877046,0.01952524110674858,0.17918969690799713,9.17733593804704,0.30829210377817906,False
C,44,10,Replay,4,0.9898648648648649,0.9935483870967742,1.8443827629089355,0.0,0,-0.6212993264198303,-2.465682089328766,-0.33686029760976804,0.1811845302581787,-0.730567923892404,0.01952524110674858,0.17918969690799713,9.17733593804704,0.30829210377817906,False
C,44,10,Replay,10,0.4315569487983281,0.4783410138248848,-0.12826675176620483,0.0,0,-0.6212993264198303,-0.4930325746536255,nan,0.11832710355520248,-0.8369134119435936,0.01952524110674858,0.17918969690799713,9.17733593804704,0.30829210377817906,False
0,44,20,Manipulation,2,0.0,0.0,-2.7790143489837646,0.0,0,-10.719045639038086,-7.940031290054321,nan,0.09579607099294662,-0.9283741350550371,0.007267430424690247,0.14092373847961426,19.391136927963192,,
0,44,20,Manipulation,13,0.0,0.0,-1.2343453168869019,0.0,0,-10.719045639038086,-9.484700322151184,nan,0.1179836168885231,-0.9313035523375093,0.007267430424690247,0.14092373847961426,19.391136927963192,,
A,44,20,Manipulation,2,0.0,0.0,-2.7790143489837646,0.0,0,-9.400407791137695,-6.621393442153931,nan,0.09579607099294662,0.994998885942419,0.007267430424690247,0.14092373847961426,19.391136927963192,,
A,44,20,Manipulation,13,0.0,0.0,-1.2343453168869019,0.0,0,-9.400407791137695,-8.166062474250793,nan,0.1179836168885231,0.998360524877333,0.007267430424690247,0.14092373847961426,19.391136927963192,,
B,44,20,Manipulation,2,0.0,0.0,-2.7790143489837646,0.0,0,-9.239837646484375,-6.46082329750061,nan,0.09579607099294662,0.994998885942419,0.007267430424690247,0.14092373847961426,19.391136927963192,,
B,44,20,Manipulation,13,0.0,0.0,-1.2343453168869019,0.0,0,-9.239837646484375,-8.005492329597473,nan,0.1179836168885231,0.998360524877333,0.007267430424690247,0.14092373847961426,19.391136927963192,,
C,44,20,Manipulation,2,0.0,0.0,-2.7790143489837646,0.0,0,-2.062669038772583,0.7163453102111816,nan,0.09579607099294662,-0.9283741350550371,0.007267430424690247,0.14092373847961426,19.391136927963192,0.32269614295520577,False
C,44,20,Manipulation,13,0.0,0.0,-1.2343453168869019,0.0,0,-2.062669038772583,-0.8283237218856812,nan,0.1179836168885231,-0.9313035523375093,0.007267430424690247,0.14092373847961426,19.391136927963192,0.32269614295520577,False
0,44,20,Replay,1,0.23751387347391786,0.21751152073732719,-0.10206041485071182,0.0,0,-5.2473530769348145,-5.145292662084103,nan,0.10538686066865921,-0.7899048579562976,0.017238179221749306,0.14989987015724182,8.695806455481915,,
0,44,20,Replay,4,0.5855855855855856,0.6,0.09426641464233398,0.0,0,-5.2473530769348145,-5.341619491577148,-55.66513903010254,0.15764711797237396,-0.7155785268621125,0.017238179221749306,0.14989987015724182,8.695806455481915,,
0,44,20,Replay,10,0.0,0.0,-1.108708381652832,0.0,0,-5.2473530769348145,-4.138644695281982,nan,0.11001056432723999,-0.8730991499296515,0.017238179221749306,0.14989987015724182,8.695806455481915,,
A,44,20,Replay,1,0.23751387347391786,0.21751152073732719,-0.10206041485071182,0.0,0,-3.8136606216430664,-3.7116002067923546,nan,0.10538686066865921,0.9639930027407388,0.017238179221749306,0.14989987015724182,8.695806455481915,,
A,44,20,Replay,4,0.5855855855855856,0.6,0.09426641464233398,0.0,0,-3.8136606216430664,-3.9079270362854004,-40.456196791963215,0.15764711797237396,0.9909454491207239,0.017238179221749306,0.14989987015724182,8.695806455481915,,
A,44,20,Replay,10,0.0,0.0,-1.108708381652832,0.0,0,-3.8136606216430664,-2.7049522399902344,nan,0.11001056432723999,0.976111538882761,0.017238179221749306,0.14989987015724182,8.695806455481915,,
B,44,20,Replay,1,0.23751387347391786,0.21751152073732719,-0.10206041485071182,0.0,0,-3.843883991241455,-3.7418235763907433,nan,0.10538686066865921,0.9639930027407388,0.017238179221749306,0.14989987015724182,8.695806455481915,,
B,44,20,Replay,4,0.5855855855855856,0.6,0.09426641464233398,0.0,0,-3.843883991241455,-3.938150405883789,-40.77681330966003,0.15764711797237396,0.9909454491207239,0.017238179221749306,0.14989987015724182,8.695806455481915,,
B,44,20,Replay,10,0.0,0.0,-1.108708381652832,0.0,0,-3.843883991241455,-2.735175609588623,nan,0.11001056432723999,0.976111538882761,0.017238179221749306,0.14989987015724182,8.695806455481915,,
C,44,20,Replay,1,0.23751387347391786,0.21751152073732719,-0.10206041485071182,0.0,0,-0.9349260330200195,-0.8328656181693077,nan,0.10538686066865921,-0.7899048579562976,0.017238179221749306,0.14989987015724182,8.695806455481915,0.3676935644326492,False
C,44,20,Replay,4,0.5855855855855856,0.6,0.09426641464233398,0.0,0,-0.9349260330200195,-1.0291924476623535,-9.917912297474341,0.15764711797237396,-0.7155785268621125,0.017238179221749306,0.14989987015724182,8.695806455481915,0.3676935644326492,False
C,44,20,Replay,10,0.0,0.0,-1.108708381652832,0.0,0,-0.9349260330200195,0.1737823486328125,nan,0.11001056432723999,-0.8730991499296515,0.017238179221749306,0.14989987015724182,8.695806455481915,0.3676935644326492,False
0,44,30,Manipulation,2,0.0,0.0,-3.5181384086608887,0.0,0,-11.411312103271484,-7.893173694610596,nan,0.08742666989564896,-0.8607623736663391,0.006655537057667971,0.12201257050037384,18.332490592896757,,
0,44,30,Manipulation,13,0.0,0.0,-2.4422857761383057,0.0,0,-11.411312103271484,-8.969026327133179,nan,0.11029467731714249,-0.9465265417258341,0.006655537057667971,0.12201257050037384,18.332490592896757,,
A,44,30,Manipulation,2,0.0,0.0,-3.5181384086608887,0.0,0,-10.31496810913086,-6.796829700469971,nan,0.08742666989564896,0.9737523930728269,0.006655537057667971,0.12201257050037384,18.332490592896757,,
A,44,30,Manipulation,13,0.0,0.0,-2.4422857761383057,0.0,0,-10.31496810913086,-7.872682332992554,nan,0.11029467731714249,0.9918600263015556,0.006655537057667971,0.12201257050037384,18.332490592896757,,
B,44,30,Manipulation,2,0.0,0.0,-3.5181384086608887,0.0,0,-10.202178001403809,-6.68403959274292,nan,0.08742666989564896,0.9737523930728269,0.006655537057667971,0.12201257050037384,18.332490592896757,,
B,44,30,Manipulation,13,0.0,0.0,-2.4422857761383057,0.0,0,-10.202178001403809,-7.759892225265503,nan,0.11029467731714249,0.9918600263015556,0.006655537057667971,0.12201257050037384,18.332490592896757,,
C,44,30,Manipulation,2,0.0,0.0,-3.5181384086608887,0.0,0,-3.136679172515869,0.38145923614501953,nan,0.08742666989564896,-0.8607623736663391,0.006655537057667971,0.12201257050037384,18.332490592896757,0.29185022782818926,False
C,44,30,Manipulation,13,0.0,0.0,-2.4422857761383057,0.0,0,-3.136679172515869,-0.6943933963775635,nan,0.11029467731714249,-0.9465265417258341,0.006655537057667971,0.12201257050037384,18.332490592896757,0.29185022782818926,False
0,44,30,Replay,1,0.011098779134295227,0.06267281105990784,-0.16576240956783295,0.0,0,-5.797616958618164,-5.631854549050331,nan,0.0928458720445633,-0.8685442232858617,0.014578075148165226,0.14305011928081512,9.812689112034052,,
0,44,30,Replay,4,0.0011261261261261261,0.03778801843317972,-0.36762359738349915,0.0,0,-5.797616958618164,-5.429993361234665,nan,0.127915158867836,-0.7825016609897892,0.014578075148165226,0.14305011928081512,9.812689112034052,,
0,44,30,Replay,10,0.0,0.0,-1.3092538118362427,0.0,0,-5.797616958618164,-4.488363146781921,nan,0.10230647772550583,-0.7256449475268524,0.014578075148165226,0.14305011928081512,9.812689112034052,,
A,44,30,Replay,1,0.011098779134295227,0.06267281105990784,-0.16576240956783295,0.0,0,-4.61083984375,-4.445077434182167,nan,0.0928458720445633,0.9789061978283022,0.014578075148165226,0.14305011928081512,9.812689112034052,,
A,44,30,Replay,4,0.0011261261261261261,0.03778801843317972,-0.36762359738349915,0.0,0,-4.61083984375,-4.243216246366501,nan,0.127915158867836,0.9866152124635554,0.014578075148165226,0.14305011928081512,9.812689112034052,,
A,44,30,Replay,10,0.0,0.0,-1.3092538118362427,0.0,0,-4.61083984375,-3.3015860319137573,nan,0.10230647772550583,0.9455683014073748,0.014578075148165226,0.14305011928081512,9.812689112034052,,
B,44,30,Replay,1,0.011098779134295227,0.06267281105990784,-0.16576240956783295,0.0,0,-4.669990062713623,-4.50422765314579,nan,0.0928458720445633,0.9789061978283022,0.014578075148165226,0.14305011928081512,9.812689112034052,,
B,44,30,Replay,4,0.0011261261261261261,0.03778801843317972,-0.36762359738349915,0.0,0,-4.669990062713623,-4.302366465330124,nan,0.127915158867836,0.9866152124635554,0.014578075148165226,0.14305011928081512,9.812689112034052,,
B,44,30,Replay,10,0.0,0.0,-1.3092538118362427,0.0,0,-4.669990062713623,-3.3607362508773804,nan,0.10230647772550583,0.9455683014073748,0.014578075148165226,0.14305011928081512,9.812689112034052,,
C,44,30,Replay,1,0.011098779134295227,0.06267281105990784,-0.16576240956783295,0.0,0,-1.0275044441223145,-0.8617420345544815,nan,0.0928458720445633,-0.8685442232858617,0.014578075148165226,0.14305011928081512,9.812689112034052,0.37317872773188887,False
C,44,30,Replay,4,0.0011261261261261261,0.03778801843317972,-0.36762359738349915,0.0,0,-1.0275044441223145,-0.6598808467388153,nan,0.127915158867836,-0.7825016609897892,0.014578075148165226,0.14305011928081512,9.812689112034052,0.37317872773188887,False
C,44,30,Replay,10,0.0,0.0,-1.3092538118362427,0.0,0,-1.0275044441223145,0.2817493677139282,nan,0.10230647772550583,-0.7256449475268524,0.014578075148165226,0.14305011928081512,9.812689112034052,0.37317872773188887,False
0,44,45,Manipulation,2,0.0,0.0,-3.8910765647888184,0.0,0,-12.317455291748047,-8.426378726959229,nan,0.0845951959490776,-0.7793056393569125,0.006309739779680967,0.10706637799739838,16.968430036081752,,
0,44,45,Manipulation,13,0.0,0.0,-2.9217443466186523,0.0,0,-12.317455291748047,-9.395710945129395,nan,0.10413205623626709,-0.880942293315751,0.006309739779680967,0.10706637799739838,16.968430036081752,,
A,44,45,Manipulation,2,0.0,0.0,-3.8910765647888184,0.0,0,-11.417632102966309,-7.52655553817749,nan,0.0845951959490776,0.966198357881097,0.006309739779680967,0.10706637799739838,16.968430036081752,,
A,44,45,Manipulation,13,0.0,0.0,-2.9217443466186523,0.0,0,-11.417632102966309,-8.495887756347656,nan,0.10413205623626709,0.9890156634260047,0.006309739779680967,0.10706637799739838,16.968430036081752,,
B,44,45,Manipulation,2,0.0,0.0,-3.8910765647888184,0.0,0,-11.278945922851562,-7.387869358062744,nan,0.0845951959490776,0.966198357881097,0.006309739779680967,0.10706637799739838,16.968430036081752,,
B,44,45,Manipulation,13,0.0,0.0,-2.9217443466186523,0.0,0,-11.278945922851562,-8.35720157623291,nan,0.10413205623626709,0.9890156634260047,0.006309739779680967,0.10706637799739838,16.968430036081752,,
C,44,45,Manipulation,2,0.0,0.0,-3.8910765647888184,0.0,0,-3.5389912128448486,0.3520853519439697,nan,0.0845951959490776,-0.7793056393569125,0.006309739779680967,0.10706637799739838,16.968430036081752,0.29642452589118057,False
C,44,45,Manipulation,13,0.0,0.0,-2.9217443466186523,0.0,0,-3.5389912128448486,-0.6172468662261963,nan,0.10413205623626709,-0.880942293315751,0.006309739779680967,0.10706637799739838,16.968430036081752,0.29642452589118057,False
0,44,45,Replay,1,0.0,0.0,-0.8215940594673157,0.0,0,-7.060366153717041,-6.238772094249725,nan,0.0834377259016037,-0.7512385167344272,0.013636661693453789,0.1301371455192566,9.543182081119477,,
0,44,45,Replay,4,0.0,0.0,-0.9785753488540649,0.0,0,-7.060366153717041,-6.081790804862976,nan,0.12400709837675095,-0.5404587565522758,0.013636661693453789,0.1301371455192566,9.543182081119477,,
0,44,45,Replay,10,0.0,0.0,-1.172606110572815,0.0,0,-7.060366153717041,-5.887760043144226,nan,0.09084535390138626,-0.6490554598797288,0.013636661693453789,0.1301371455192566,9.543182081119477,,
A,44,45,Replay,1,0.0,0.0,-0.8215940594673157,0.0,0,-6.087867259979248,-5.266273200511932,nan,0.0834377259016037,0.9465817286337135,0.013636661693453789,0.1301371455192566,9.543182081119477,,
A,44,45,Replay,4,0.0,0.0,-0.9785753488540649,0.0,0,-6.087867259979248,-5.109291911125183,nan,0.12400709837675095,0.986707549406268,0.013636661693453789,0.1301371455192566,9.543182081119477,,
A,44,45,Replay,10,0.0,0.0,-1.172606110572815,0.0,0,-6.087867259979248,-4.915261149406433,nan,0.09084535390138626,0.9738645960252439,0.013636661693453789,0.1301371455192566,9.543182081119477,,
B,44,45,Replay,1,0.0,0.0,-0.8215940594673157,0.0,0,-6.096385478973389,-5.274791419506073,nan,0.0834377259016037,0.9465817286337135,0.013636661693453789,0.1301371455192566,9.543182081119477,,
B,44,45,Replay,4,0.0,0.0,-0.9785753488540649,0.0,0,-6.096385478973389,-5.117810130119324,nan,0.12400709837675095,0.986707549406268,0.013636661693453789,0.1301371455192566,9.543182081119477,,
B,44,45,Replay,10,0.0,0.0,-1.172606110572815,0.0,0,-6.096385478973389,-4.923779368400574,nan,0.09084535390138626,0.9738645960252439,0.013636661693453789,0.1301371455192566,9.543182081119477,,
C,44,45,Replay,1,0.0,0.0,-0.8215940594673157,0.0,0,-1.1689636707305908,-0.34736961126327515,nan,0.0834377259016037,-0.7512385167344272,0.013636661693453789,0.1301371455192566,9.543182081119477,0.40024947944928707,False
C,44,45,Replay,4,0.0,0.0,-0.9785753488540649,0.0,0,-1.1689636707305908,-0.19038832187652588,nan,0.12400709837675095,-0.5404587565522758,0.013636661693453789,0.1301371455192566,9.543182081119477,0.40024947944928707,False
C,44,45,Replay,10,0.0,0.0,-1.172606110572815,0.0,0,-1.1689636707305908,0.003642439842224121,nan,0.09084535390138626,-0.6490554598797288,0.013636661693453789,0.1301371455192566,9.543182081119477,0.40024947944928707,False
0,55,1,Manipulation,2,0.9962157048249763,0.9958890030832477,0.601813793182373,0.0,0,-2.3565008640289307,-2.9583146572113037,-3.915664430965973,0.09922457486391068,-0.4780190339841361,0.007859569974243641,0.27539336681365967,35.03924104195814,,
0,55,1,Manipulation,13,1.0,1.0,3.2509536743164062,0.0,0,-2.3565008640289307,-5.607454538345337,-0.7248644859648588,0.14319902658462524,-0.7549161131965663,0.007859569974243641,0.27539336681365967,35.03924104195814,,
A,55,1,Manipulation,2,0.9962157048249763,0.9958890030832477,0.601813793182373,0.0,0,-0.6695459485054016,-1.2713597416877747,-1.112546698148713,0.09922457486391068,0.8723885674297025,0.007859569974243641,0.27539336681365967,35.03924104195814,,
A,55,1,Manipulation,13,1.0,1.0,3.2509536743164062,0.0,0,-0.6695459485054016,-3.920499622821808,-0.20595370330713503,0.14319902658462524,0.9710081872598008,0.007859569974243641,0.27539336681365967,35.03924104195814,,
B,55,1,Manipulation,2,0.9962157048249763,0.9958890030832477,0.601813793182373,0.7656731757451182,1,0.18492244184017181,-0.41689135134220123,0.3072751803548861,0.09922457486391068,0.8723885674297025,0.007859569974243641,0.27539336681365967,35.03924104195814,,
B,55,1,Manipulation,13,1.0,1.0,3.2509536743164062,0.7656731757451182,1,0.18492244184017181,-3.0660312324762344,0.05688252136630533,0.14319902658462524,0.9710081872598008,0.007859569974243641,0.27539336681365967,35.03924104195814,,
C,55,1,Manipulation,2,0.9962157048249763,0.9958890030832477,0.601813793182373,1.0,1,0.8509432077407837,0.24912941455841064,1.4139642816111306,0.09922457486391068,-0.4780190339841361,0.007859569974243641,0.27539336681365967,35.03924104195814,0.021373949642625487,True
C,55,1,Manipulation,13,1.0,1.0,3.2509536743164062,1.0,1,0.8509432077407837,-2.4000104665756226,0.2617518712934953,0.14319902658462524,-0.7549161131965663,0.007859569974243641,0.27539336681365967,35.03924104195814,0.021373949642625487,True
0,55,1,Replay,1,1.0,1.0,1.8599836826324463,0.0,0,-3.482039451599121,-5.342023134231567,-1.8720806446382203,0.10978643596172333,-0.6827108755552616,0.018501682206988335,0.23594462871551514,12.752604118689039,,
0,55,1,Replay,4,0.9921171171171171,0.9944700460829493,2.0172653198242188,0.0,0,-3.482039451599121,-5.49930477142334,-1.7261187298369558,0.187874898314476,-0.1608245113937724,0.018501682206988335,0.23594462871551514,12.752604118689039,,
0,55,1,Replay,10,0.017763845350052248,0.0027649769585253456,-0.06411319971084595,0.0,0,-3.482039451599121,-3.417926251888275,nan,0.12204230576753616,-0.6641575557430288,0.018501682206988335,0.23594462871551514,12.752604118689039,,
A,55,1,Replay,1,1.0,1.0,1.8599836826324463,0.0,0,-1.9999703168869019,-3.859953999519348,-1.0752622915789947,0.10978643596172333,0.8489613526280103,0.018501682206988335,0.23594462871551514,12.752604118689039,,
A,55,1,Replay,4,0.9921171171171171,0.9944700460829493,2.0172653198242188,0.0,0,-1.9999703168869019,-4.017235636711121,-0.9914265105500233,0.187874898314476,0.9600843350296835,0.018501682206988335,0.23594462871551514,12.752604118689039,,
A,55,1,Replay,10,0.017763845350052248,0.0027649769585253456,-0.06411319971084595,0.0,0,-1.9999703168869019,-1.935857117176056,nan,0.12204230576753616,0.8800805244907176,0.018501682206988335,0.23594462871551514,12.752604118689039,,
B,55,1,Replay,1,1.0,1.0,1.8599836826324463,0.0,0,-1.4342443943023682,-3.2942280769348145,-0.7711059014627877,0.10978643596172333,0.8489613526280103,0.018501682206988335,0.23594462871551514,12.752604118689039,,
B,55,1,Replay,4,0.9921171171171171,0.9944700460829493,2.0172653198242188,0.0,0,-1.4342443943023682,-3.451509714126587,-0.7109845096763702,0.187874898314476,0.9600843350296835,0.018501682206988335,0.23594462871551514,12.752604118689039,,
B,55,1,Replay,10,0.017763845350052248,0.0027649769585253456,-0.06411319971084595,0.0,0,-1.4342443943023682,-1.3701311945915222,nan,0.12204230576753616,0.8800805244907176,0.018501682206988335,0.23594462871551514,12.752604118689039,,
C,55,1,Replay,1,1.0,1.0,1.8599836826324463,0.9944700460829493,1,1.174914002418518,-0.6850696802139282,0.6316797364349214,0.10978643596172333,-0.6827108755552616,0.018501682206988335,0.23594462871551514,12.752604118689039,0.18734489673995466,False
C,55,1,Replay,4,0.9921171171171171,0.9944700460829493,2.0172653198242188,0.9944700460829493,1,1.174914002418518,-0.8423513174057007,0.5824290889613362,0.187874898314476,-0.1608245113937724,0.018501682206988335,0.23594462871551514,12.752604118689039,0.18734489673995466,False
C,55,1,Replay,10,0.017763845350052248,0.0027649769585253456,-0.06411319971084595,0.9944700460829493,1,1.174914002418518,1.239027202129364,nan,0.12204230576753616,-0.6641575557430288,0.018501682206988335,0.23594462871551514,12.752604118689039,0.18734489673995466,False
0,55,5,Manipulation,2,0.7076631977294229,0.6341212744090442,0.05388199910521507,0.0,0,-4.520028591156006,-4.573910590261221,-83.887544378778,0.1086130440235138,-0.9337292025494758,0.008414970710873604,0.1878938525915146,22.32852128037987,,
0,55,5,Manipulation,13,1.0,1.0,3.0325140953063965,0.0,0,-4.520028591156006,-7.552542686462402,-1.4905218736334729,0.13805167376995087,-0.9401182767763495,0.008414970710873604,0.1878938525915146,22.32852128037987,,
A,55,5,Manipulation,2,0.7076631977294229,0.6341212744090442,0.05388199910521507,0.0,0,-1.865209698677063,-1.919091697782278,-34.61656452342977,0.1086130440235138,0.9964434337119454,0.008414970710873604,0.1878938525915146,22.32852128037987,,
A,55,5,Manipulation,13,1.0,1.0,3.0325140953063965,0.0,0,-1.865209698677063,-4.8977237939834595,-0.6150704135436533,0.13805167376995087,0.9989047728412053,0.008414970710873604,0.1878938525915146,22.32852128037987,,
B,55,5,Manipulation,2,0.7076631977294229,0.6341212744090442,0.05388199910521507,0.0,0,-1.503997802734375,-1.55787980183959,-27.91280627501454,0.1086130440235138,0.9964434337119454,0.008414970710873604,0.1878938525915146,22.32852128037987,,
B,55,5,Manipulation,13,1.0,1.0,3.0325140953063965,0.0,0,-1.503997802734375,-4.5365118980407715,-0.4959573988665716,0.13805167376995087,0.9989047728412053,0.008414970710873604,0.1878938525915146,22.32852128037987,,
C,55,5,Manipulation,2,0.7076631977294229,0.6341212744090442,0.05388199910521507,0.0,0,-0.27278807759284973,-0.3266700766980648,-5.062694074512306,0.1086130440235138,-0.9337292025494758,0.008414970710873604,0.1878938525915146,22.32852128037987,0.28300197744464295,False
C,55,5,Manipulation,13,1.0,1.0,3.0325140953063965,0.0,0,-0.27278807759284973,-3.305302172899246,-0.08995443022509282,0.13805167376995087,-0.9401182767763495,0.008414970710873604,0.1878938525915146,22.32852128037987,0.28300197744464295,False
0,55,5,Replay,1,1.0,1.0,2.6173651218414307,0.0,0,-5.738005638122559,-8.35537075996399,-2.192283220342457,0.12378620356321335,-0.9333604734802398,0.01862671598792076,0.17950251698493958,9.636831156997571,,
0,55,5,Replay,4,0.9921171171171171,0.9944700460829493,1.6382983922958374,0.0,0,-5.738005638122559,-7.376304030418396,-3.5024179142857954,0.15704204142093658,-0.880054761261918,0.01862671598792076,0.17950251698493958,9.636831156997571,,
0,55,5,Replay,10,0.9691745036572623,0.9917050691244239,0.6553427577018738,0.0,0,-5.738005638122559,-6.393348395824432,-8.755732127481405,0.12619814276695251,-0.901364959246973,0.01862671598792076,0.17950251698493958,9.636831156997571,,
A,55,5,Replay,1,1.0,1.0,2.6173651218414307,0.0,0,-3.0805068016052246,-5.697871923446655,-1.1769495879267902,0.12378620356321335,0.9908357461137717,0.01862671598792076,0.17950251698493958,9.636831156997571,,
A,55,5,Replay,4,0.9921171171171171,0.9944700460829493,1.6382983922958374,0.0,0,-3.0805068016052246,-4.718805193901062,-1.8803087496706516,0.15704204142093658,0.9976808060921453,0.01862671598792076,0.17950251698493958,9.636831156997571,,
A,55,5,Replay,10,0.9691745036572623,0.9917050691244239,0.6553427577018738,0.0,0,-3.0805068016052246,-3.7358495593070984,-4.700604020417965,0.12619814276695251,0.9956287041711,0.01862671598792076,0.17950251698493958,9.636831156997571,,
B,55,5,Replay,1,1.0,1.0,2.6173651218414307,0.0,0,-3.5770835876464844,-6.194448709487915,-1.3666735136784622,0.12378620356321335,0.9908357461137717,0.01862671598792076,0.17950251698493958,9.636831156997571,,
B,55,5,Replay,4,0.9921171171171171,0.9944700460829493,1.6382983922958374,0.0,0,-3.5770835876464844,-5.215381979942322,-2.1834139644327677,0.15704204142093658,0.9976808060921453,0.01862671598792076,0.17950251698493958,9.636831156997571,,
B,55,5,Replay,10,0.9691745036572623,0.9917050691244239,0.6553427577018738,0.0,0,-3.5770835876464844,-4.232426345348358,-5.458339999346966,0.12619814276695251,0.9956287041711,0.01862671598792076,0.17950251698493958,9.636831156997571,,
C,55,5,Replay,1,1.0,1.0,2.6173651218414307,0.6055299539170507,1,0.07545369863510132,-2.5419114232063293,0.02882811343570451,0.12378620356321335,-0.9333604734802398,0.01862671598792076,0.17950251698493958,9.636831156997571,0.2979562178727327,False
C,55,5,Replay,4,0.9921171171171171,0.9944700460829493,1.6382983922958374,0.6055299539170507,1,0.07545369863510132,-1.562844693660736,0.046056139095249866,0.15704204142093658,-0.880054761261918,0.01862671598792076,0.17950251698493958,9.636831156997571,0.2979562178727327,False
C,55,5,Replay,10,0.9691745036572623,0.9917050691244239,0.6553427577018738,0.6055299539170507,1,0.07545369863510132,-0.5798890590667725,0.11513623634096289,0.12619814276695251,-0.901364959246973,0.01862671598792076,0.17950251698493958,9.636831156997571,0.2979562178727327,False
0,55,10,Manipulation,2,0.001892147587511826,0.0010277492291880781,-0.46757784485816956,0.0,0,-6.541121959686279,-6.07354411482811,nan,0.10387267172336578,-0.9487657403718845,0.0080519188195467,0.1812015324831009,22.50414299299928,,
0,55,10,Manipulation,13,1.0,1.0,0.8429012894630432,0.0,0,-6.541121959686279,-7.3840232491493225,-7.760246711513749,0.13202005624771118,-0.9296509370144,0.0080519188195467,0.1812015324831009,22.50414299299928,,
A,55,10,Manipulation,2,0.001892147587511826,0.0010277492291880781,-0.46757784485816956,0.0,0,-4.195444107055664,-3.7278662621974945,nan,0.10387267172336578,0.9974419396697052,0.0080519188195467,0.1812015324831009,22.50414299299928,,
A,55,10,Manipulation,13,1.0,1.0,0.8429012894630432,0.0,0,-4.195444107055664,-5.038345396518707,-4.977384848620062,0.13202005624771118,0.999211975722941,0.0080519188195467,0.1812015324831009,22.50414299299928,,
B,55,10,Manipulation,2,0.001892147587511826,0.0010277492291880781,-0.46757784485816956,0.0,0,-3.8421595096588135,-3.374581664800644,nan,0.10387267172336578,0.9974419396697052,0.0080519188195467,0.1812015324831009,22.50414299299928,,
B,55,10,Manipulation,13,1.0,1.0,0.8429012894630432,0.0,0,-3.8421595096588135,-4.685060799121857,-4.558255584240949,0.13202005624771118,0.999211975722941,0.0080519188195467,0.1812015324831009,22.50414299299928,,
C,55,10,Manipulation,2,0.001892147587511826,0.0010277492291880781,-0.46757784485816956,0.0,0,-1.0746493339538574,-0.6070714890956879,nan,0.10387267172336578,-0.9487657403718845,0.0080519188195467,0.1812015324831009,22.50414299299928,0.30596147812375185,False
C,55,10,Manipulation,13,1.0,1.0,0.8429012894630432,0.0,0,-1.0746493339538574,-1.9175506234169006,-1.2749409063526829,0.13202005624771118,-0.9296509370144,0.0080519188195467,0.1812015324831009,22.50414299299928,0.30596147812375185,False
0,55,10,Replay,1,1.0,1.0,2.8263370990753174,0.0,0,-5.402233123779297,-8.228570222854614,-1.911390232094652,0.1158706322312355,-0.9299610471704526,0.01701568439602852,0.16188767552375793,9.514026691841012,,
0,55,10,Replay,4,0.9921171171171171,0.9944700460829493,1.6501573324203491,0.0,0,-5.402233123779297,-7.052390456199646,-3.2737685174877442,0.1461460292339325,-0.8284358953412922,0.01701568439602852,0.16188767552375793,9.514026691841012,,
0,55,10,Replay,10,0.9315569487983281,0.9797235023041475,0.6208838820457458,0.0,0,-5.402233123779297,-6.023117005825043,-8.70087512334757,0.11171544343233109,-0.9100856774700388,0.01701568439602852,0.16188767552375793,9.514026691841012,,
A,55,10,Replay,1,1.0,1.0,2.8263370990753174,0.0,0,-3.148895740509033,-5.975232839584351,-1.1141260331399414,0.1158706322312355,0.9863267215855844,0.01701568439602852,0.16188767552375793,9.514026691841012,,
A,55,10,Replay,4,0.9921171171171171,0.9944700460829493,1.6501573324203491,0.0,0,-3.148895740509033,-4.799053072929382,-1.9082397045683073,0.1461460292339325,0.9901656093152895,0.01701568439602852,0.16188767552375793,9.514026691841012,,
A,55,10,Replay,10,0.9315569487983281,0.9797235023041475,0.6208838820457458,0.0,0,-3.148895740509033,-3.769779622554779,-5.0716338941409775,0.11171544343233109,0.9827849051478852,0.01701568439602852,0.16188767552375793,9.514026691841012,,
B,55,10,Replay,1,1.0,1.0,2.8263370990753174,0.0,0,-3.231198310852051,-6.057535409927368,-1.1432459036500602,0.1158706322312355,0.9863267215855844,0.01701568439602852,0.16188767552375793,9.514026691841012,,
B,55,10,Replay,4,0.9921171171171171,0.9944700460829493,1.6501573324203491,0.0,0,-3.231198310852051,-4.8813556432724,-1.958115294444517,0.1461460292339325,0.9901656093152895,0.01701568439602852,0.16188767552375793,9.514026691841012,,
B,55,10,Replay,10,0.9315569487983281,0.9797235023041475,0.6208838820457458,0.0,0,-3.231198310852051,-3.8520821928977966,-5.204190999781793,0.11171544343233109,0.9827849051478852,0.01701568439602852,0.16188767552375793,9.514026691841012,,
C,55,10,Replay,1,1.0,1.0,2.8263370990753174,0.26820276497695855,1,-0.18639513850212097,-3.0127322375774384,-0.0659493655456397,0.1158706322312355,-0.9299610471704526,0.01701568439602852,0.16188767552375793,9.514026691841012,0.30319299065549,False
C,55,10,Replay,4,0.9921171171171171,0.9944700460829493,1.6501573324203491,0.26820276497695855,1,-0.18639513850212097,-1.83655247092247,-0.11295597991782279,0.1461460292339325,-0.8284358953412922,0.01701568439602852,0.16188767552375793,9.514026691841012,0.30319299065549,False
C,55,10,Replay,10,0.9315569487983281,0.9797235023041475,0.6208838820457458,0.26820276497695855,1,-0.18639513850212097,-0.8072790205478668,-0.300209336869833,0.11171544343233109,-0.9100856774700388,0.01701568439602852,0.16188767552375793,9.514026691841012,0.30319299065549,False
0,55,20,Manipulation,2,0.0,0.0,-2.2649271488189697,0.0,0,-9.689553260803223,-7.424626111984253,nan,0.09624017775058746,-0.9182112197293854,0.007280379068106413,0.1677684187889099,23.04391257920387,,
0,55,20,Manipulation,13,0.0,0.0,-0.8964473009109497,0.0,0,-9.689553260803223,-8.793105959892273,nan,0.11866742372512817,-0.9379728829999299,0.007280379068106413,0.1677684187889099,23.04391257920387,,
A,55,20,Manipulation,2,0.0,0.0,-2.2649271488189697,0.0,0,-7.550415992736816,-5.285488843917847,nan,0.09624017775058746,0.9887573327675181,0.007280379068106413,0.1677684187889099,23.04391257920387,,
A,55,20,Manipulation,13,0.0,0.0,-0.8964473009109497,0.0,0,-7.550415992736816,-6.653968691825867,nan,0.11866742372512817,0.9963306742680978,0.007280379068106413,0.1677684187889099,23.04391257920387,,
B,55,20,Manipulation,2,0.0,0.0,-2.2649271488189697,0.0,0,-7.449315547943115,-5.1843883991241455,nan,0.09624017775058746,0.9887573327675181,0.007280379068106413,0.1677684187889099,23.04391257920387,,
B,55,20,Manipulation,13,0.0,0.0,-0.8964473009109497,0.0,0,-7.449315547943115,-6.5528682470321655,nan,0.11866742372512817,0.9963306742680978,0.007280379068106413,0.1677684187889099,23.04391257920387,,
C,55,20,Manipulation,2,0.0,0.0,-2.2649271488189697,0.0,0,-2.299933433532715,-0.03500628471374512,nan,0.09624017775058746,-0.9182112197293854,0.007280379068106413,0.1677684187889099,23.04391257920387,0.40572295271262604,False
C,55,20,Manipulation,13,0.0,0.0,-0.8964473009109497,0.0,0,-2.299933433532715,-1.4034861326217651,nan,0.11866742372512817,-0.9379728829999299,0.007280379068106413,0.1677684187889099,23.04391257920387,0.40572295271262604,False
0,55,20,Replay,1,1.0,1.0,2.243178367614746,0.0,0,-5.368377208709717,-7.611555576324463,-2.393201221184256,0.10542165488004684,-0.9022497264911776,0.01613655313849449,0.14552272856235504,9.018204031144908,,
0,55,20,Replay,4,0.9921171171171171,0.9944700460829493,1.6392126083374023,0.0,0,-5.368377208709717,-7.007589817047119,-3.274973106847122,0.14480555057525635,-0.7938497723414406,0.01613655313849449,0.14552272856235504,9.018204031144908,,
0,55,20,Replay,10,0.8437826541274818,0.8774193548387097,0.14740215241909027,0.0,0,-5.368377208709717,-5.515779361128807,-36.41993770515966,0.1025189459323883,-0.8474683775531165,0.01613655313849449,0.14552272856235504,9.018204031144908,,
A,55,20,Replay,1,1.0,1.0,2.243178367614746,0.0,0,-3.2376186847686768,-5.480797052383423,-1.4433175406427246,0.10542165488004684,0.9810625258942106,0.01613655313849449,0.14552272856235504,9.018204031144908,,
A,55,20,Replay,4,0.9921171171171171,0.9944700460829493,1.6392126083374023,0.0,0,-3.2376186847686768,-4.876831293106079,-1.9751060163284635,0.14480555057525635,0.9871432921089884,0.01613655313849449,0.14552272856235504,9.018204031144908,,
A,55,20,Replay,10,0.8437826541274818,0.8774193548387097,0.14740215241909027,0.0,0,-3.2376186847686768,-3.385020837187767,-21.96452786906094,0.1025189459323883,0.9611476790809835,0.01613655313849449,0.14552272856235504,9.018204031144908,,
B,55,20,Replay,1,1.0,1.0,2.243178367614746,0.0,0,-3.495676040649414,-5.73885440826416,-1.5583584841567881,0.10542165488004684,0.9810625258942106,0.01613655313849449,0.14552272856235504,9.018204031144908,,
B,55,20,Replay,4,0.9921171171171171,0.9944700460829493,1.6392126083374023,0.0,0,-3.495676040649414,-5.134888648986816,-2.132533646257736,0.14480555057525635,0.9871432921089884,0.01613655313849449,0.14552272856235504,9.018204031144908,,
B,55,20,Replay,10,0.8437826541274818,0.8774193548387097,0.14740215241909027,0.0,0,-3.495676040649414,-3.6430781930685043,-23.71523063456083,0.1025189459323883,0.9611476790809835,0.01613655313849449,0.14552272856235504,9.018204031144908,,
C,55,20,Replay,1,1.0,1.0,2.243178367614746,0.0,0,-0.48696547746658325,-2.7301438450813293,-0.21708727424310512,0.10542165488004684,-0.9022497264911776,0.01613655313849449,0.14552272856235504,9.018204031144908,0.35477915875024435,False
C,55,20,Replay,4,0.9921171171171171,0.9944700460829493,1.6392126083374023,0.0,0,-0.48696547746658325,-2.1261780858039856,-0.29707279884852505,0.14480555057525635,-0.7938497723414406,0.01613655313849449,0.14552272856235504,9.018204031144908,0.35477915875024435,False
C,55,20,Replay,10,0.8437826541274818,0.8774193548387097,0.14740215241909027,0.0,0,-0.48696547746658325,-0.6343676298856735,-3.30365241941688,0.1025189459323883,-0.8474683775531165,0.01613655313849449,0.14552272856235504,9.018204031144908,0.35477915875024435,False
0,55,30,Manipulation,2,0.0,0.0,-2.6452107429504395,0.0,0,-10.813457489013672,-8.168246746063232,nan,0.09099442511796951,-0.9148529155039327,0.006935472134500742,0.14156638085842133,20.4119313167152,,
0,55,30,Manipulation,13,0.0,0.0,-1.269939661026001,0.0,0,-10.813457489013672,-9.543517827987671,nan,0.1131921261548996,-0.9161242140584568,0.006935472134500742,0.14156638085842133,20.4119313167152,,
A,55,30,Manipulation,2,0.0,0.0,-2.6452107429504395,0.0,0,-9.029687881469727,-6.384477138519287,nan,0.09099442511796951,0.9920007312319095,0.006935472134500742,0.14156638085842133,20.4119313167152,,
A,55,30,Manipulation,13,0.0,0.0,-1.269939661026001,0.0,0,-9.029687881469727,-7.759748220443726,nan,0.1131921261548996,0.9974320000034359,0.006935472134500742,0.14156638085842133,20.4119313167152,,
B,55,30,Manipulation,2,0.0,0.0,-2.6452107429504395,0.0,0,-8.775121688842773,-6.129910945892334,nan,0.09099442511796951,0.9920007312319095,0.006935472134500742,0.14156638085842133,20.4119313167152,,
B,55,30,Manipulation,13,0.0,0.0,-1.269939661026001,0.0,0,-8.775121688842773,-7.5051820278167725,nan,0.1131921261548996,0.9974320000034359,0.006935472134500742,0.14156638085842133,20.4119313167152,,
C,55,30,Manipulation,2,0.0,0.0,-2.6452107429504395,0.0,0,-2.385279417037964,0.2599313259124756,nan,0.09099442511796951,-0.9148529155039327,0.006935472134500742,0.14156638085842133,20.4119313167152,0.4080527170373919,False
C,55,30,Manipulation,13,0.0,0.0,-1.269939661026001,0.0,0,-2.385279417037964,-1.115339756011963,nan,0.1131921261548996,-0.9161242140584568,0.006935472134500742,0.14156638085842133,20.4119313167152,0.4080527170373919,False
0,55,30,Replay,1,0.9955604883462819,0.9972350230414746,1.3722366094589233,0.0,0,-5.912250518798828,-7.2844871282577515,-4.308477472503845,0.09978670626878738,-0.8498819668282557,0.01579584740102291,0.14352978765964508,9.086551928220727,,
0,55,30,Replay,4,0.9921171171171171,0.9944700460829493,1.365620732307434,0.0,0,-5.912250518798828,-7.277871251106262,-4.329350293920288,0.14338161051273346,-0.7520117958415299,0.01579584740102291,0.14352978765964508,9.086551928220727,,
0,55,30,Replay,10,0.03605015673981191,0.04055299539170507,-0.2001277208328247,0.0,0,-5.912250518798828,-5.712122797966003,nan,0.10006064176559448,-0.7745446466593237,0.01579584740102291,0.14352978765964508,9.086551928220727,,
A,55,30,Replay,1,0.9955604883462819,0.9972350230414746,1.3722366094589233,0.0,0,-3.9667792320251465,-5.33901584148407,-2.8907399822172493,0.09978670626878738,0.9760400555419064,0.01579584740102291,0.14352978765964508,9.086551928220727,,
A,55,30,Replay,4,0.9921171171171171,0.9944700460829493,1.365620732307434,0.0,0,-3.9667792320251465,-5.332399964332581,-2.9047444419818085,0.14338161051273346,0.9892255633192755,0.01579584740102291,0.14352978765964508,9.086551928220727,,
A,55,30,Replay,10,0.03605015673981191,0.04055299539170507,-0.2001277208328247,0.0,0,-3.9667792320251465,-3.7666515111923218,nan,0.10006064176559448,0.9660974934030874,0.01579584740102291,0.14352978765964508,9.086551928220727,,
B,55,30,Replay,1,0.9955604883462819,0.9972350230414746,1.3722366094589233,0.0,0,-4.023674964904785,-5.3959115743637085,-2.932202024905407,0.09978670626878738,0.9760400555419064,0.01579584740102291,0.14352978765964508,9.086551928220727,,
B,55,30,Replay,4,0.9921171171171171,0.9944700460829493,1.365620732307434,0.0,0,-4.023674964904785,-5.389295697212219,-2.946407351407257,0.14338161051273346,0.9892255633192755,0.01579584740102291,0.14352978765964508,9.086551928220727,,
B,55,30,Replay,10,0.03605015673981191,0.04055299539170507,-0.2001277208328247,0.0,0,-4.023674964904785,-3.8235472440719604,nan,0.10006064176559448,0.9660974934030874,0.01579584740102291,0.14352978765964508,9.086551928220727,,
C,55,30,Replay,1,0.9955604883462819,0.9972350230414746,1.3722366094589233,0.0,0,-0.7774547934532166,-2.14969140291214,-0.5665603060683311,0.09978670626878738,-0.8498819668282557,0.01579584740102291,0.14352978765964508,9.086551928220727,0.3621063702297629,False
C,55,30,Replay,4,0.9921171171171171,0.9944700460829493,1.365620732307434,0.0,0,-0.7774547934532166,-2.1430755257606506,-0.5693050603732287,0.14338161051273346,-0.7520117958415299,0.01579584740102291,0.14352978765964508,9.086551928220727,0.3621063702297629,False
C,55,30,Replay,10,0.03605015673981191,0.04055299539170507,-0.2001277208328247,0.0,0,-0.7774547934532166,-0.5773270726203918,nan,0.10006064176559448,-0.7745446466593237,0.01579584740102291,0.14352978765964508,9.086551928220727,0.3621063702297629,False
0,55,45,Manipulation,2,0.0,0.0,-3.1892549991607666,0.0,0,-11.313461303710938,-8.124206304550171,nan,0.08120901882648468,-0.7793801368595736,0.006323748268187046,0.12600667774677277,19.92594777699739,,
0,55,45,Manipulation,13,0.0,0.0,-1.4547239542007446,0.0,0,-11.313461303710938,-9.858737349510193,nan,0.10688619315624237,-0.884332094125124,0.006323748268187046,0.12600667774677277,19.92594777699739,,
A,55,45,Manipulation,2,0.0,0.0,-3.1892549991607666,0.0,0,-9.888946533203125,-6.699691534042358,nan,0.08120901882648468,0.9638382021264061,0.006323748268187046,0.12600667774677277,19.92594777699739,,
A,55,45,Manipulation,13,0.0,0.0,-1.4547239542007446,0.0,0,-9.888946533203125,-8.43422257900238,nan,0.10688619315624237,0.9897375387146143,0.006323748268187046,0.12600667774677277,19.92594777699739,,
B,55,45,Manipulation,2,0.0,0.0,-3.1892549991607666,0.0,0,-9.746932983398438,-6.557677984237671,nan,0.08120901882648468,0.9638382021264061,0.006323748268187046,0.12600667774677277,19.92594777699739,,
B,55,45,Manipulation,13,0.0,0.0,-1.4547239542007446,0.0,0,-9.746932983398438,-8.292209029197693,nan,0.10688619315624237,0.9897375387146143,0.006323748268187046,0.12600667774677277,19.92594777699739,,
C,55,45,Manipulation,2,0.0,0.0,-3.1892549991607666,0.0,0,-2.6113078594207764,0.5779471397399902,nan,0.08120901882648468,-0.7793801368595736,0.006323748268187046,0.12600667774677277,19.92594777699739,0.3530950370359523,False
C,55,45,Manipulation,13,0.0,0.0,-1.4547239542007446,0.0,0,-2.6113078594207764,-1.1565839052200317,nan,0.10688619315624237,-0.884332094125124,0.006323748268187046,0.12600667774677277,19.92594777699739,0.3530950370359523,False
0,55,45,Replay,1,0.9877913429522752,0.9898617511520738,0.3704352080821991,0.0,0,-6.203587532043457,-6.574022740125656,-16.746754619142166,0.08580651134252548,-0.719185926195176,0.014252693392336369,0.13237781822681427,9.287915945627052,,
0,55,45,Replay,4,0.9876126126126126,0.9834101382488479,0.7198486328125,0.0,0,-6.203587532043457,-6.923436164855957,-8.617905555791081,0.1333688646554947,-0.5159326105403564,0.014252693392336369,0.13237781822681427,9.287915945627052,,
0,55,45,Replay,10,0.0,0.0,-0.8677993416786194,0.0,0,-6.203587532043457,-5.335788190364838,nan,0.09651190042495728,-0.6222084904047009,0.014252693392336369,0.13237781822681427,9.287915945627052,,
A,55,45,Replay,1,0.9877913429522752,0.9898617511520738,0.3704352080821991,0.0,0,-4.765297889709473,-5.135733097791672,-12.864052297782827,0.08580651134252548,0.9487258992512961,0.014252693392336369,0.13237781822681427,9.287915945627052,,
A,55,45,Replay,4,0.9876126126126126,0.9834101382488479,0.7198486328125,0.0,0,-4.765297889709473,-5.485146522521973,-6.6198609992369,0.1333688646554947,0.9750738251619835,0.014252693392336369,0.13237781822681427,9.287915945627052,,
A,55,45,Replay,10,0.0,0.0,-0.8677993416786194,0.0,0,-4.765297889709473,-3.8974985480308533,nan,0.09651190042495728,0.9290252404761367,0.014252693392336369,0.13237781822681427,9.287915945627052,,
B,55,45,Replay,1,0.9877913429522752,0.9898617511520738,0.3704352080821991,0.0,0,-4.849014759063721,-5.21944996714592,-13.090048281770589,0.08580651134252548,0.9487258992512961,0.014252693392336369,0.13237781822681427,9.287915945627052,,
B,55,45,Replay,4,0.9876126126126126,0.9834101382488479,0.7198486328125,0.0,0,-4.849014759063721,-5.568863391876221,-6.7361588784551465,0.1333688646554947,0.9750738251619835,0.014252693392336369,0.13237781822681427,9.287915945627052,,
B,55,45,Replay,10,0.0,0.0,-0.8677993416786194,0.0,0,-4.849014759063721,-3.9812154173851013,nan,0.09651190042495728,0.9290252404761367,0.014252693392336369,0.13237781822681427,9.287915945627052,,
C,55,45,Replay,1,0.9877913429522752,0.9898617511520738,0.3704352080821991,0.0,0,-0.8400663733482361,-1.2105015814304352,-2.267782205955505,0.08580651134252548,-0.719185926195176,0.014252693392336369,0.13237781822681427,9.287915945627052,0.3295572346847411,False
C,55,45,Replay,4,0.9876126126126126,0.9834101382488479,0.7198486328125,0.0,0,-0.8400663733482361,-1.559915006160736,-1.1670041937372817,0.1333688646554947,-0.5159326105403564,0.014252693392336369,0.13237781822681427,9.287915945627052,0.3295572346847411,False
C,55,45,Replay,10,0.0,0.0,-0.8677993416786194,0.0,0,-0.8400663733482361,0.0277329683303833,nan,0.09651190042495728,-0.6222084904047009,0.014252693392336369,0.13237781822681427,9.287915945627052,0.3295572346847411,False
