seed,round,class,holder_client_id,eval_data,n_eval_rows,n_positive_rows,precision_pre_local_train,recall_pre_local_train,f1_pre_local_train,precision_post_local_pre_agg,recall_post_local_pre_agg,f1_post_local_pre_agg,precision_post_aggregation,recall_post_aggregation,f1_post_aggregation,logit_margin_pre_local_train,logit_margin_post_local_pre_agg,logit_margin_post_aggregation,local_margin_gain,aggregation_margin_change,net_margin_change,update_norm_this_client,cosine_holder_update_vs_aggregate_update,fedavg_weighted_contribution_norm,cancellation_ratio,holder_weighted_sum_norm,nonholder_weighted_sum_norm,cosine_holder_sum_vs_nonholder_sum
11,1,Manipulation,2,own_client_rows,59592,1057,0.0,0.0,0.0,0.8198810535259133,0.912961210974456,0.8639212175470009,0.0,0.0,0.0,-0.17258001863956451,0.2289726436138153,-3.129608392715454,0.4015526622533798,-3.3585810363292694,-2.9570283740758896,0.09813420474529266,-0.5267720818519592,0.002719852142035961,0.07890112713243291,0.007942376658320427,0.31084439158439636,-0.6664948463439941
11,1,Manipulation,2,validation,245526,973,0.0,0.0,0.0,0.03154044268597663,0.868448098663926,0.060870191615041064,0.0,0.0,0.0,-0.17301282286643982,0.20459787547588348,-3.0569825172424316,0.3776106983423233,-3.261580392718315,-2.883969694375992,0.09813420474529266,-0.5267720818519592,0.002719852142035961,0.07890112713243291,0.007942376658320427,0.31084439158439636,-0.6664948463439941
11,1,Manipulation,13,own_client_rows,84436,3058,0.0,0.0,0.0,0.7625935162094764,1.0,0.8653084323712507,0.0,0.0,0.0,-0.1715988665819168,3.537882089614868,-3.1190192699432373,3.709480956196785,-6.6569013595581055,-2.9474204033613205,0.14036677777767181,-0.679413378238678,0.005512250121682882,0.07890112713243291,0.007942376658320427,0.31084439158439636,-0.6664948463439941
11,1,Manipulation,13,validation,245526,973,0.0,0.0,0.0,0.018584307433722972,1.0,0.036490464850269085,0.0,0.0,0.0,-0.17301282286643982,3.4192097187042236,-3.0569825172424316,3.5922225415706635,-6.476192235946655,-2.883969694375992,0.14036677777767181,-0.679413378238678,0.005512250121682882,0.07890112713243291,0.007942376658320427,0.31084439158439636,-0.6664948463439941
11,1,Replay,1,own_client_rows,72601,901,0.0,0.0,0.0,0.9055276381909547,1.0,0.95042194092827,0.0,0.0,0.0,-0.19906090199947357,1.8076785802841187,-2.9023616313934326,2.0067394822835922,-4.710040211677551,-2.703300729393959,0.11639874428510666,-0.7259752154350281,0.003930319100618362,0.1420962961086195,0.021278224885463715,0.29286104440689087,-0.6147094368934631
11,1,Replay,1,validation,245526,1085,0.0,0.0,0.0,0.02741352737562849,1.0,0.05336415502655912,0.0,0.0,0.0,-0.20505547523498535,1.914363980293274,-2.993265390396118,2.1194194555282593,-4.907629370689392,-2.788209915161133,0.11639874428510666,-0.7259752154350281,0.003930319100618362,0.1420962961086195,0.021278224885463715,0.29286104440689087,-0.6147094368934631
11,1,Replay,4,own_client_rows,137596,888,0.0,0.0,0.0,0.0206924088688463,0.9921171171171171,0.04053929688937972,0.0,0.0,0.0,-0.20324985682964325,2.1249682903289795,-2.956404209136963,2.3282181471586227,-5.081372499465942,-2.7531543523073196,0.21530859172344208,-0.4216020107269287,0.013778566382825375,0.1420962961086195,0.021278224885463715,0.29286104440689087,-0.6147094368934631
11,1,Replay,4,validation,245526,1085,0.0,0.0,0.0,0.03030217928555381,0.9944700460829493,0.05881230752459597,0.0,0.0,0.0,-0.20505547523498535,2.2496707439422607,-2.993265390396118,2.454726219177246,-5.242936134338379,-2.788209915161133,0.21530859172344208,-0.4216020107269287,0.013778566382825375,0.1420962961086195,0.021278224885463715,0.29286104440689087,-0.6147094368934631
11,1,Replay,10,own_client_rows,76300,1914,0.0,0.0,0.0,0.0,0.0,0.0,0.0,0.0,0.0,-0.2007669061422348,-1.8009324073791504,-2.9232256412506104,-1.6001655012369156,-1.12229323387146,-2.7224587351083755,0.12997432053089142,-0.7347922921180725,0.004612315446138382,0.1420962961086195,0.021278224885463715,0.29286104440689087,-0.6147094368934631
11,1,Replay,10,validation,245526,1085,0.0,0.0,0.0,0.0,0.0,0.0,0.0,0.0,0.0,-0.20505547523498535,-1.8313277959823608,-2.993265390396118,-1.6262723207473755,-1.1619375944137573,-2.788209915161133,0.12997432053089142,-0.7347922921180725,0.004612315446138382,0.1420962961086195,0.021278224885463715,0.29286104440689087,-0.6147094368934631
11,5,Manipulation,2,own_client_rows,59592,1057,0.0,0.0,0.0,0.0,0.0,0.0,0.0,0.0,0.0,-10.297276496887207,-3.692304849624634,-11.391461372375488,6.604971647262573,-7.6991565227508545,-1.0941848754882812,0.10910209268331528,-0.8851562738418579,0.003023833967745304,0.09251449332704265,0.008453522808849812,0.22035157680511475,-0.9181390404701233
11,5,Manipulation,2,validation,245526,973,0.0,0.0,0.0,0.0,0.0,0.0,0.0,0.0,0.0,-9.953695297241211,-3.686150550842285,-11.011931419372559,6.267544746398926,-7.325780868530273,-1.0582361221313477,0.10910209268331528,-0.8851562738418579,0.003023833967745304,0.09251449332704265,0.008453522808849812,0.22035157680511475,-0.9181390404701233
11,5,Manipulation,13,own_client_rows,84436,3058,0.0,0.0,0.0,0.9947746570868713,0.9960758665794637,0.9954248366013072,0.0,0.0,0.0,-10.232539176940918,0.7539692521095276,-11.321660995483398,10.986508429050446,-12.075630247592926,-1.0891218185424805,0.13936835527420044,-0.919270396232605,0.005473040975630283,0.09251449332704265,0.008453522808849812,0.22035157680511475,-0.9181390404701233
11,5,Manipulation,13,validation,245526,973,0.0,0.0,0.0,0.18686187632440762,0.9969167523124358,0.3147306943543154,0.0,0.0,0.0,-9.953695297241211,0.7318769097328186,-11.011931419372559,10.68557220697403,-11.743808329105377,-1.0582361221313477,0.13936835527420044,-0.919270396232605,0.005473040975630283,0.09251449332704265,0.008453522808849812,0.22035157680511475,-0.9181390404701233
11,5,Replay,1,own_client_rows,72601,901,0.0,0.0,0.0,0.9825136612021858,0.9977802441731409,0.9900881057268722,0.0,0.0,0.0,-7.869968891143799,1.3608996868133545,-8.202921867370605,9.230868577957153,-9.56382155418396,-0.33295297622680664,0.12291061878204346,-0.8663157820701599,0.004150198772549629,0.1881547793731544,0.021266980096697807,0.20589891076087952,-0.8318780064582825
11,5,Replay,1,validation,245526,1085,0.0,0.0,0.0,0.22069253233208178,0.9751152073732718,0.3599251573396836,0.0,0.0,0.0,-8.217364311218262,1.2846378087997437,-8.6021146774292,9.502002120018005,-9.886752486228943,-0.3847503662109375,0.12291061878204346,-0.8663157820701599,0.004150198772549629,0.1881547793731544,0.021266980096697807,0.20589891076087952,-0.8318780064582825
11,5,Replay,4,own_client_rows,137596,888,0.0,0.0,0.0,0.5485074626865671,0.9932432432432432,0.7067307692307693,0.0,0.0,0.0,-8.016829490661621,2.962500810623169,-8.375608444213867,10.97933030128479,-11.338109254837036,-0.3587789535522461,0.19972483813762665,-0.7285616397857666,0.012781292200088501,0.1881547793731544,0.021266980096697807,0.20589891076087952,-0.8318780064582825
11,5,Replay,4,validation,245526,1085,0.0,0.0,0.0,0.20595533498759305,0.9944700460829493,0.34123972169512967,0.0,0.0,0.0,-8.217364311218262,3.1270382404327393,-8.6021146774292,11.344402551651001,-11.729152917861938,-0.3847503662109375,0.19972483813762665,-0.7285616397857666,0.012781292200088501,0.1881547793731544,0.021266980096697807,0.20589891076087952,-0.8318780064582825
11,5,Replay,10,own_client_rows,76300,1914,0.0,0.0,0.0,0.0,0.0,0.0,0.0,0.0,0.0,-8.0200834274292,-1.9657858610153198,-8.381035804748535,6.054297566413879,-6.415249943733215,-0.36095237731933594,0.13026584684848785,-0.8676497936248779,0.004622660111635923,0.1881547793731544,0.021266980096697807,0.20589891076087952,-0.8318780064582825
11,5,Replay,10,validation,245526,1085,0.0,0.0,0.0,0.0,0.0,0.0,0.0,0.0,0.0,-8.217364311218262,-1.9690141677856445,-8.6021146774292,6.248350143432617,-6.633100509643555,-0.3847503662109375,0.13026584684848785,-0.8676497936248779,0.004622660111635923,0.1881547793731544,0.021266980096697807,0.20589891076087952,-0.8318780064582825
11,10,Manipulation,2,own_client_rows,59592,1057,0.0,0.0,0.0,0.0,0.0,0.0,0.0,0.0,0.0,-13.430365562438965,-3.7314677238464355,-13.620246887207031,9.69889783859253,-9.888779163360596,-0.1898813247680664,0.10651888698339462,-0.9212322235107422,0.002952238777652383,0.1045341759913232,0.008131909184157848,0.21148689091205597,-0.93721604347229
11,10,Manipulation,2,validation,245526,973,0.0,0.0,0.0,0.0,0.0,0.0,0.0,0.0,0.0,-13.040668487548828,-3.758180856704712,-13.175738334655762,9.282487630844116,-9.41755747795105,-0.1350698471069336,0.10651888698339462,-0.9212322235107422,0.002952238777652383,0.1045341759913232,0.008131909184157848,0.21148689091205597,-0.93721604347229
11,10,Manipulation,13,own_client_rows,84436,3058,0.0,0.0,0.0,0.0,0.0,0.0,0.0,0.0,0.0,-13.368245124816895,-1.1221976280212402,-13.550202369689941,12.246047496795654,-12.428004741668701,-0.18195724487304688,0.13251619040966034,-0.9341880679130554,0.005203954875469208,0.1045341759913232,0.008131909184157848,0.21148689091205597,-0.93721604347229
11,10,Manipulation,13,validation,245526,973,0.0,0.0,0.0,0.0,0.0,0.0,0.0,0.0,0.0,-13.040668487548828,-1.1090747117996216,-13.175738334655762,11.931593775749207,-12.06666362285614,-0.1350698471069336,0.13251619040966034,-0.9341880679130554,0.005203954875469208,0.1045341759913232,0.008131909184157848,0.21148689091205597,-0.93721604347229
11,10,Replay,1,own_client_rows,72601,901,0.0,0.0,0.0,1.0,0.7513873473917869,0.8580481622306717,0.0,0.0,0.0,-8.0224609375,0.06488487869501114,-7.871407985687256,8.087345816195011,-7.936292864382267,0.15105295181274414,0.11620884388685226,-0.8519004583358765,0.0039239064790308475,0.19626186978755633,0.019889550283551216,0.18510127067565918,-0.7348580360412598
11,10,Replay,1,validation,245526,1085,0.0,0.0,0.0,0.3721881390593047,0.6709677419354839,0.4787898717527129,0.0,0.0,0.0,-8.468329429626465,-0.008779924362897873,-8.379250526428223,8.459549505263567,-8.370470602065325,0.08907890319824219,0.11620884388685226,-0.8519004583358765,0.0039239064790308475,0.19626186978755633,0.019889550283551216,0.18510127067565918,-0.7348580360412598
11,10,Replay,4,own_client_rows,137596,888,0.0,0.0,0.0,0.5725439167208849,0.990990990990991,0.7257731958762886,0.0,0.0,0.0,-8.175575256347656,1.6640865802764893,-8.069093704223633,9.839661836624146,-9.733180284500122,0.10648155212402344,0.19012756645679474,-0.5433034896850586,0.012167119421064854,0.19626186978755633,0.019889550283551216,0.18510127067565918,-0.7348580360412598
11,10,Replay,4,validation,245526,1085,0.0,0.0,0.0,0.21708257252992494,0.9861751152073732,0.35583638177585636,0.0,0.0,0.0,-8.468329429626465,1.7453639507293701,-8.379250526428223,10.213693380355835,-10.124614477157593,0.08907890319824219,0.19012756645679474,-0.5433034896850586,0.012167119421064854,0.19626186978755633,0.019889550283551216,0.18510127067565918,-0.7348580360412598
11,10,Replay,10,own_client_rows,76300,1914,0.0,0.0,0.0,0.0,0.0,0.0,0.0,0.0,0.0,-8.219050407409668,-2.041227340698242,-8.093058586120605,6.177823066711426,-6.051831245422363,0.1259918212890625,0.12296312302350998,-0.8143026232719421,0.0043635135516524315,0.19626186978755633,0.019889550283551216,0.18510127067565918,-0.7348580360412598
11,10,Replay,10,validation,245526,1085,0.0,0.0,0.0,0.0,0.0,0.0,0.0,0.0,0.0,-8.468329429626465,-1.995700478553772,-8.379250526428223,6.472628951072693,-6.383550047874451,0.08907890319824219,0.12296312302350998,-0.8143026232719421,0.0043635135516524315,0.19626186978755633,0.019889550283551216,0.18510127067565918,-0.7348580360412598
11,20,Manipulation,2,own_client_rows,59592,1057,0.0,0.0,0.0,0.0,0.0,0.0,0.0,0.0,0.0,-14.001668930053711,-3.82934308052063,-13.934442520141602,10.172325849533081,-10.105099439620972,0.06722640991210938,0.09655693918466568,-0.8350443243980408,0.0026761372573673725,0.11148613065488422,0.00691233342513442,0.18249112367630005,-0.9152632355690002
11,20,Manipulation,2,validation,245526,973,0.0,0.0,0.0,0.0,0.0,0.0,0.0,0.0,0.0,-13.71747875213623,-3.9157814979553223,-13.58208179473877,9.801697254180908,-9.666300296783447,0.13539695739746094,0.09655693918466568,-0.8350443243980408,0.0026761372573673725,0.11148613065488422,0.00691233342513442,0.18249112367630005,-0.9152632355690002
11,20,Manipulation,13,own_client_rows,84436,3058,0.0,0.0,0.0,0.0,0.0,0.0,0.0,0.0,0.0,-14.020502090454102,-1.5941290855407715,-13.93524169921875,12.42637300491333,-12.341112613677979,0.08526039123535156,0.11035420745611191,-0.9338808655738831,0.0043336465023458,0.11148613065488422,0.00691233342513442,0.18249112367630005,-0.9152632355690002
11,20,Manipulation,13,validation,245526,973,0.0,0.0,0.0,0.0,0.0,0.0,0.0,0.0,0.0,-13.71747875213623,-1.6521639823913574,-13.58208179473877,12.065314769744873,-11.929917812347412,0.13539695739746094,0.11035420745611191,-0.9338808655738831,0.0043336465023458,0.11148613065488422,0.00691233342513442,0.18249112367630005,-0.9152632355690002
11,20,Replay,1,own_client_rows,72601,901,0.0,0.0,0.0,1.0,0.22641509433962265,0.36923076923076925,0.0,0.0,0.0,-8.107549667358398,-0.47110843658447266,-7.912454605102539,7.636441230773926,-7.441346168518066,0.19509506225585938,0.09897905588150024,-0.8441118001937866,0.003342126030474901,0.20473677451756345,0.017210114747285843,0.17128342390060425,-0.7578417062759399
11,20,Replay,1,validation,245526,1085,0.0,0.0,0.0,0.5817694369973191,0.2,0.29766803840877915,0.0,0.0,0.0,-8.383116722106934,-0.43663617968559265,-8.275403022766113,7.946480542421341,-7.838766843080521,0.10771369934082031,0.09897905588150024,-0.8441118001937866,0.003342126030474901,0.20473677451756345,0.017210114747285843,0.17128342390060425,-0.7578417062759399
11,20,Replay,4,own_client_rows,137596,888,0.0,0.0,0.0,0.701254275940707,0.6925675675675675,0.6968838526912181,0.0,0.0,0.0,-8.22240161895752,0.03466501459479332,-8.073859214782715,8.257066633552313,-8.108524229377508,0.1485424041748047,0.16430573165416718,-0.6128329634666443,0.010514664463698864,0.20473677451756345,0.017210114747285843,0.17128342390060425,-0.7578417062759399
11,20,Replay,4,validation,245526,1085,0.0,0.0,0.0,0.43034557235421167,0.7345622119815668,0.5427306775621382,0.0,0.0,0.0,-8.383116722106934,0.06251449137926102,-8.275403022766113,8.445631213486195,-8.337917514145374,0.10771369934082031,0.16430573165416718,-0.6128329634666443,0.010514664463698864,0.20473677451756345,0.017210114747285843,0.17128342390060425,-0.7578417062759399
11,20,Replay,10,own_client_rows,76300,1914,0.0,0.0,0.0,0.0,0.0,0.0,0.0,0.0,0.0,-8.186579704284668,-2.9233622550964355,-8.018856048583984,5.263217449188232,-5.095493793487549,0.1677236557006836,0.10740376263856888,-0.7740550637245178,0.0038113684859126806,0.20473677451756345,0.017210114747285843,0.17128342390060425,-0.7578417062759399
11,20,Replay,10,validation,245526,1085,0.0,0.0,0.0,0.0,0.0,0.0,0.0,0.0,0.0,-8.383116722106934,-2.8489835262298584,-8.275403022766113,5.534133195877075,-5.426419496536255,0.10771369934082031,0.10740376263856888,-0.7740550637245178,0.0038113684859126806,0.20473677451756345,0.017210114747285843,0.17128342390060425,-0.7578417062759399
11,30,Manipulation,2,own_client_rows,59592,1057,0.0,0.0,0.0,0.0,0.0,0.0,0.0,0.0,0.0,-13.464043617248535,-3.4724576473236084,-13.10294246673584,9.991585969924927,-9.630484819412231,0.3611011505126953,0.08665113151073456,-0.8505316972732544,0.0024015912786126137,0.11488951359800903,0.00633710902184248,0.17413808405399323,-0.9295586943626404
11,30,Manipulation,2,validation,245526,973,0.0,0.0,0.0,0.0,0.0,0.0,0.0,0.0,0.0,-13.239812850952148,-3.6007213592529297,-12.902769088745117,9.639091491699219,-9.302047729492188,0.33704376220703125,0.08665113151073456,-0.8505316972732544,0.0024015912786126137,0.11488951359800903,0.00633710902184248,0.17413808405399323,-0.9295586943626404
11,30,Manipulation,13,own_client_rows,84436,3058,0.0,0.0,0.0,0.0,0.0,0.0,0.0,0.0,0.0,-13.452034950256348,-1.2940690517425537,-13.089470863342285,12.157965898513794,-11.795401811599731,0.3625640869140625,0.102305106818676,-0.9496017098426819,0.004017555620521307,0.11488951359800903,0.00633710902184248,0.17413808405399323,-0.9295586943626404
11,30,Manipulation,13,validation,245526,973,0.0,0.0,0.0,0.0,0.0,0.0,0.0,0.0,0.0,-13.239812850952148,-1.3280818462371826,-12.902769088745117,11.911731004714966,-11.574687242507935,0.33704376220703125,0.102305106818676,-0.9496017098426819,0.004017555620521307,0.11488951359800903,0.00633710902184248,0.17413808405399323,-0.9295586943626404
11,30,Replay,1,own_client_rows,72601,901,0.0,0.0,0.0,0.0,0.0,0.0,0.0,0.0,0.0,-8.289610862731934,-1.0898950099945068,-8.212137222290039,7.199715852737427,-7.122242212295532,0.07747364044189453,0.08646699786186218,-0.8195323348045349,0.0029196436516940594,0.1791467244688396,0.015008039772510529,0.17483282089233398,-0.781934380531311
11,30,Replay,1,validation,245526,1085,0.0,0.0,0.0,0.0,0.0,0.0,0.0,0.0,0.0,-8.46971321105957,-1.0120034217834473,-8.358003616333008,7.457709789276123,-7.3460001945495605,0.1117095947265625,0.08646699786186218,-0.8195323348045349,0.0029196436516940594,0.1791467244688396,0.015008039772510529,0.17483282089233398,-0.781934380531311
11,30,Replay,4,own_client_rows,137596,888,0.0,0.0,0.0,0.0,0.0,0.0,0.0,0.0,0.0,-8.48727798461914,-1.3089964389801025,-8.409098625183105,7.178281545639038,-7.100102186203003,0.07817935943603516,0.13679853081703186,-0.6908937096595764,0.00875435397028923,0.1791467244688396,0.015008039772510529,0.17483282089233398,-0.781934380531311
11,30,Replay,4,validation,245526,1085,0.0,0.0,0.0,0.0,0.0,0.0,0.0,0.0,0.0,-8.46971321105957,-1.3325846195220947,-8.358003616333008,7.137128591537476,-7.025418996810913,0.1117095947265625,0.13679853081703186,-0.6908937096595764,0.00875435397028923,0.1791467244688396,0.015008039772510529,0.17483282089233398,-0.781934380531311
11,30,Replay,10,own_client_rows,76300,1914,0.0,0.0,0.0,0.0,0.0,0.0,0.0,0.0,0.0,-8.35962963104248,-3.1083290576934814,-8.267873764038086,5.251300573348999,-5.1595447063446045,0.09175586700439453,0.10573595017194748,-0.7300331592559814,0.0037521838676184416,0.1791467244688396,0.015008039772510529,0.17483282089233398,-0.781934380531311
11,30,Replay,10,validation,245526,1085,0.0,0.0,0.0,0.0,0.0,0.0,0.0,0.0,0.0,-8.46971321105957,-3.0501949787139893,-8.358003616333008,5.419518232345581,-5.3078086376190186,0.1117095947265625,0.10573595017194748,-0.7300331592559814,0.0037521838676184416,0.1791467244688396,0.015008039772510529,0.17483282089233398,-0.781934380531311
11,45,Manipulation,2,own_client_rows,59592,1057,0.0,0.0,0.0,0.0,0.0,0.0,0.0,0.0,0.0,-12.901514053344727,-2.2978579998016357,-12.832813262939453,10.60365605354309,-10.534955263137817,0.06870079040527344,0.08264420181512833,-0.4871537983417511,0.0022905366495251656,0.13263978833708978,0.005791731644421816,0.14158973097801208,-0.7154436111450195
11,45,Manipulation,2,validation,245526,973,0.0,0.0,0.0,0.0,0.0,0.0,0.0,0.0,0.0,-12.96113395690918,-2.456416368484497,-12.96509075164795,10.504717588424683,-10.508674383163452,-0.003956794738769531,0.08264420181512833,-0.4871537983417511,0.0022905366495251656,0.13263978833708978,0.005791731644421816,0.14158973097801208,-0.7154436111450195
11,45,Manipulation,13,own_client_rows,84436,3058,0.0,0.0,0.0,0.0,0.0,0.0,0.0,0.0,0.0,-12.88237476348877,-0.9799751043319702,-12.822588920593262,11.9023996591568,-11.842613816261292,0.05978584289550781,0.0948481485247612,-0.780445396900177,0.003724717767909169,0.13263978833708978,0.005791731644421816,0.14158973097801208,-0.7154436111450195
11,45,Manipulation,13,validation,245526,973,0.0,0.0,0.0,0.0,0.0,0.0,0.0,0.0,0.0,-12.96113395690918,-1.0433331727981567,-12.96509075164795,11.917800784111023,-11.921757578849792,-0.003956794738769531,0.0948481485247612,-0.780445396900177,0.003724717767909169,0.13263978833708978,0.005791731644421816,0.14158973097801208,-0.7154436111450195
11,45,Replay,1,own_client_rows,72601,901,0.0,0.0,0.0,0.0,0.0,0.0,0.0,0.0,0.0,-8.83553695678711,-0.838116466999054,-8.772968292236328,7.997420489788055,-7.934851825237274,0.06256866455078125,0.07547135651111603,-0.5749041438102722,0.0025483649224042892,0.18249874353273798,0.012961425818502903,0.1509045660495758,-0.6080714464187622
11,45,Replay,1,validation,245526,1085,0.0,0.0,0.0,0.0,0.0,0.0,0.0,0.0,0.0,-8.65151596069336,-0.7000599503517151,-8.506235122680664,7.951456010341644,-7.806175172328949,0.1452808380126953,0.07547135651111603,-0.5749041438102722,0.0025483649224042892,0.18249874353273798,0.012961425818502903,0.1509045660495758,-0.6080714464187622
11,45,Replay,4,own_client_rows,137596,888,0.0,0.0,0.0,0.0,0.0,0.0,0.0,0.0,0.0,-8.97641658782959,-2.020131826400757,-8.865985870361328,6.956284761428833,-6.845854043960571,0.11043071746826172,0.11842002719640732,-0.4761658012866974,0.0075782304629683495,0.18249874353273798,0.012961425818502903,0.1509045660495758,-0.6080714464187622
11,45,Replay,4,validation,245526,1085,0.0,0.0,0.0,0.0,0.0,0.0,0.0,0.0,0.0,-8.65151596069336,-2.021693468093872,-8.506235122680664,6.629822492599487,-6.484541654586792,0.1452808380126953,0.11842002719640732,-0.4761658012866974,0.0075782304629683495,0.18249874353273798,0.012961425818502903,0.1509045660495758,-0.6080714464187622
11,45,Replay,10,own_client_rows,76300,1914,0.0,0.0,0.0,0.0,0.0,0.0,0.0,0.0,0.0,-8.807771682739258,-2.9954094886779785,-8.73128890991211,5.812362194061279,-5.735879421234131,0.07648277282714844,0.09295714646577835,-0.6212112903594971,0.0032987105660140514,0.18249874353273798,0.012961425818502903,0.1509045660495758,-0.6080714464187622
11,45,Replay,10,validation,245526,1085,0.0,0.0,0.0,0.0,0.0,0.0,0.0,0.0,0.0,-8.65151596069336,-2.895775079727173,-8.506235122680664,5.7557408809661865,-5.610460042953491,0.1452808380126953,0.09295714646577835,-0.6212112903594971,0.0032987105660140514,0.18249874353273798,0.012961425818502903,0.1509045660495758,-0.6080714464187622
22,1,Manipulation,2,own_client_rows,59592,1057,0.0005734071411243191,0.02459791863765374,0.0011206896551724137,0.5837957824639289,0.9952696310312205,0.7359216509268975,0.0,0.0,0.0,-0.04538870230317116,0.350227952003479,-3.0407540798187256,0.39561665430665016,-3.3909820318222046,-2.9953653775155544,0.09646490961313248,-0.5086925625801086,0.002673586132004857,0.06750082658522327,0.007734200451523066,0.33265697956085205,-0.7054518461227417
22,1,Manipulation,2,validation,245526,973,0.00020388532234792247,0.040082219938335044,0.0004057069443505308,0.021835243165207976,0.9948612538540597,0.04273259022182982,0.0,0.0,0.0,-0.043040983378887177,0.33950889110565186,-2.986753225326538,0.38254987448453903,-3.32626211643219,-2.943712241947651,0.09646490961313248,-0.5086925625801086,0.002673586132004857,0.06750082658522327,0.007734200451523066,0.33265697956085205,-0.7054518461227417
22,1,Manipulation,13,own_client_rows,84436,3058,0.001284877863598534,0.02877697841726619,0.0024599214502355094,0.7938733125649013,1.0,0.8850940665701882,0.0,0.0,0.0,-0.04520547017455101,5.196028232574463,-3.029832124710083,5.241233702749014,-8.225860357284546,-2.984626654535532,0.13877913355827332,-0.7345973253250122,0.005449902266263962,0.06750082658522327,0.007734200451523066,0.33265697956085205,-0.7054518461227417
22,1,Manipulation,13,validation,245526,973,0.00020388532234792247,0.040082219938335044,0.0004057069443505308,0.017669384567890026,1.0,0.034725196288365456,0.0,0.0,0.0,-0.043040983378887177,5.026878356933594,-2.986753225326538,5.069919340312481,-8.013631582260132,-2.943712241947651,0.13877913355827332,-0.7345973253250122,0.005449902266263962,0.06750082658522327,0.007734200451523066,0.33265697956085205,-0.7054518461227417
22,1,Replay,1,own_client_rows,72601,901,0.0,0.0,0.0,0.78965819456617,1.0,0.8824681684622919,0.0,0.0,0.0,-0.23443159461021423,2.7787575721740723,-3.4679150581359863,3.0131891667842865,-6.246672630310059,-3.233483463525772,0.12293823063373566,-0.7219526767730713,0.004151131026446819,0.1248847666915458,0.020173508673906326,0.3009427487850189,-0.561536431312561
22,1,Replay,1,validation,245526,1085,0.0,0.0,0.0,0.022337972494441242,1.0,0.04369978049419015,0.0,0.0,0.0,-0.2453559786081314,2.9223849773406982,-3.527549982070923,3.1677409559488297,-6.449934959411621,-3.2821940034627914,0.12293823063373566,-0.7219526767730713,0.004151131026446819,0.1248847666915458,0.020173508673906326,0.3009427487850189,-0.561536431312561
22,1,Replay,4,own_client_rows,137596,888,0.0,0.0,0.0,0.018408365161855865,0.9932432432432432,0.03614680027048626,0.0,0.0,0.0,-0.23542840778827667,3.3662965297698975,-3.523010730743408,3.601724937558174,-6.889307260513306,-3.2875823229551315,0.20591971278190613,-0.3523898720741272,0.013177729211747646,0.1248847666915458,0.020173508673906326,0.3009427487850189,-0.561536431312561
22,1,Replay,4,validation,245526,1085,0.0,0.0,0.0,0.03194576030317385,0.9944700460829493,0.06190298614497576,0.0,0.0,0.0,-0.2453559786081314,3.572218894958496,-3.527549982070923,3.8175748735666275,-7.099768877029419,-3.2821940034627914,0.20591971278190613,-0.3523898720741272,0.013177729211747646,0.1248847666915458,0.020173508673906326,0.3009427487850189,-0.561536431312561
22,1,Replay,10,own_client_rows,76300,1914,0.0,0.0,0.0,0.0,0.0,0.0,0.0,0.0,0.0,-0.23710183799266815,-0.26198726892471313,-3.480353355407715,-0.024885430932044983,-3.2183660864830017,-3.2432515174150467,0.11991347372531891,-0.6364419460296631,0.004255292005836964,0.1248847666915458,0.020173508673906326,0.3009427487850189,-0.561536431312561
22,1,Replay,10,validation,245526,1085,0.0,0.0,0.0,0.0,0.0,0.0,0.0,0.0,0.0,-0.2453559786081314,-0.24957275390625,-3.527549982070923,-0.004216775298118591,-3.277977228164673,-3.2821940034627914,0.11991347372531891,-0.6364419460296631,0.004255292005836964,0.1248847666915458,0.020173508673906326,0.3009427487850189,-0.561536431312561
22,5,Manipulation,2,own_client_rows,59592,1057,0.0,0.0,0.0,0.0,0.0,0.0,0.0,0.0,0.0,-11.131669044494629,-4.09559965133667,-12.283990859985352,7.036069393157959,-8.188391208648682,-1.1523218154907227,0.11222801357507706,-0.8699082136154175,0.0031104707159101963,0.09119378527221755,0.008864913135766983,0.21930645406246185,-0.8979092240333557
22,5,Manipulation,2,validation,245526,973,0.0,0.0,0.0,0.0,0.0,0.0,0.0,0.0,0.0,-10.750472068786621,-4.091962814331055,-11.914825439453125,6.658509254455566,-7.82286262512207,-1.164353370666504,0.11222801357507706,-0.8699082136154175,0.0031104707159101963,0.09119378527221755,0.008864913135766983,0.21930645406246185,-0.8979092240333557
22,5,Manipulation,13,own_client_rows,84436,3058,0.0,0.0,0.0,0.9932226363944425,0.9584695879659908,0.9755366949575637,0.0,0.0,0.0,-11.069976806640625,1.1179578304290771,-12.228338241577148,12.187934637069702,-13.346296072006226,-1.1583614349365234,0.14780579507350922,-0.8925448656082153,0.005804382264614105,0.09119378527221755,0.008864913135766983,0.21930645406246185,-0.8979092240333557
22,5,Manipulation,13,validation,245526,973,0.0,0.0,0.0,0.1888153938665063,0.9681397738951696,0.3160013418316001,0.0,0.0,0.0,-10.750472068786621,1.0956072807312012,-11.914825439453125,11.846079349517822,-13.010432720184326,-1.164353370666504,0.14780579507350922,-0.8925448656082153,0.005804382264614105,0.09119378527221755,0.008864913135766983,0.21930645406246185,-0.8979092240333557
22,5,Replay,1,own_client_rows,72601,901,0.0,0.0,0.0,0.9833518312985572,0.9833518312985572,0.9833518312985572,0.0,0.0,0.0,-9.406001091003418,1.5861351490020752,-9.766593933105469,10.992136240005493,-11.352729082107544,-0.3605928421020508,0.12710104882717133,-0.9098393321037292,0.00429169274866581,0.19538343861305008,0.021131789311766624,0.19569145143032074,-0.8514642119407654
22,5,Replay,1,validation,245526,1085,0.0,0.0,0.0,0.19823702252693437,0.9327188940092166,0.3269789983844911,0.0,0.0,0.0,-9.819945335388184,1.568953037261963,-10.192072868347168,11.388898372650146,-11.76102590560913,-0.3721275329589844,0.12710104882717133,-0.9098393321037292,0.00429169274866581,0.19538343861305008,0.021131789311766624,0.19569145143032074,-0.8514642119407654
22,5,Replay,4,own_client_rows,137596,888,0.0,0.0,0.0,0.4916387959866221,0.9932432432432432,0.6577181208053692,0.0,0.0,0.0,-9.588578224182129,3.4009106159210205,-9.944252014160156,12.98948884010315,-13.345162630081177,-0.35567378997802734,0.19710952043533325,-0.7231148481369019,0.012613926082849503,0.19538343861305008,0.021131789311766624,0.19569145143032074,-0.8514642119407654
22,5,Replay,4,validation,245526,1085,0.0,0.0,0.0,0.20591603053435115,0.9944700460829493,0.34118577075098816,0.0,0.0,0.0,-9.819945335388184,3.586205244064331,-10.192072868347168,13.406150579452515,-13.778278112411499,-0.3721275329589844,0.19710952043533325,-0.7231148481369019,0.012613926082849503,0.19538343861305008,0.021131789311766624,0.19569145143032074,-0.8514642119407654
22,5,Replay,10,own_client_rows,76300,1914,0.0,0.0,0.0,0.0,0.0,0.0,0.0,0.0,0.0,-9.57850456237793,-1.1399195194244385,-9.941567420959473,8.438585042953491,-8.801647901535034,-0.36306285858154297,0.1309765726327896,-0.9127288460731506,0.004647881258279085,0.19538343861305008,0.021131789311766624,0.19569145143032074,-0.8514642119407654
22,5,Replay,10,validation,245526,1085,0.0,0.0,0.0,0.0,0.0,0.0,0.0,0.0,0.0,-9.819945335388184,-1.1258362531661987,-10.192072868347168,8.694109082221985,-9.06623661518097,-0.3721275329589844,0.1309765726327896,-0.9127288460731506,0.004647881258279085,0.19538343861305008,0.021131789311766624,0.19569145143032074,-0.8514642119407654
22,10,Manipulation,2,own_client_rows,59592,1057,0.0,0.0,0.0,0.0,0.0,0.0,0.0,0.0,0.0,-15.021133422851562,-5.372616291046143,-15.504483222961426,9.64851713180542,-10.131866931915283,-0.4833498001098633,0.10527491569519043,-0.8768069744110107,0.002917761215940118,0.09523671924374144,0.008096410892903805,0.21768909692764282,-0.9126694798469543
22,10,Manipulation,2,validation,245526,973,0.0,0.0,0.0,0.0,0.0,0.0,0.0,0.0,0.0,-14.67349624633789,-5.4326863288879395,-15.186212539672852,9.240809917449951,-9.753526210784912,-0.5127162933349609,0.10527491569519043,-0.8768069744110107,0.002917761215940118,0.09523671924374144,0.008096410892903805,0.21768909692764282,-0.9126694798469543
22,10,Manipulation,13,own_client_rows,84436,3058,0.0,0.0,0.0,0.0,0.0,0.0,0.0,0.0,0.0,-14.985429763793945,-1.534537672996521,-15.481581687927246,13.450892090797424,-13.947044014930725,-0.4961519241333008,0.13262413442134857,-0.917412281036377,0.005208193324506283,0.09523671924374144,0.008096410892903805,0.21768909692764282,-0.9126694798469543
22,10,Manipulation,13,validation,245526,973,0.0,0.0,0.0,0.0,0.0,0.0,0.0,0.0,0.0,-14.67349624633789,-1.4902266263961792,-15.186212539672852,13.183269619941711,-13.695985913276672,-0.5127162933349609,0.13262413442134857,-0.917412281036377,0.005208193324506283,0.09523671924374144,0.008096410892903805,0.21768909692764282,-0.9126694798469543
22,10,Replay,1,own_client_rows,72601,901,0.0,0.0,0.0,1.0,0.42730299667036625,0.5987558320373251,0.0,0.0,0.0,-9.857856750488281,-0.1501978486776352,-10.10425090789795,9.707658901810646,-9.954053059220314,-0.24639415740966797,0.11784353107213974,-0.9058115482330322,0.003979103174060583,0.19684571851172772,0.02021380513906479,0.1938515454530716,-0.8506190180778503
22,10,Replay,1,validation,245526,1085,0.0,0.0,0.0,0.5463917525773195,0.4396313364055299,0.48723186925434114,0.0,0.0,0.0,-10.229863166809082,-0.14364078640937805,-10.433440208435059,10.086222380399704,-10.28979942202568,-0.20357704162597656,0.11784353107213974,-0.9058115482330322,0.003979103174060583,0.19684571851172772,0.02021380513906479,0.1938515454530716,-0.8506190180778503
22,10,Replay,4,own_client_rows,137596,888,0.0,0.0,0.0,0.5778069599474721,0.990990990990991,0.7299875570302778,0.0,0.0,0.0,-10.002617835998535,1.7460063695907593,-10.264226913452148,11.748624205589294,-12.010233283042908,-0.2616090774536133,0.18879824876785278,-0.7607744932174683,0.012082050554454327,0.19684571851172772,0.02021380513906479,0.1938515454530716,-0.8506190180778503
22,10,Replay,4,validation,245526,1085,0.0,0.0,0.0,0.21395628634449568,0.9834101382488479,0.35144927536231885,0.0,0.0,0.0,-10.229863166809082,1.8279837369918823,-10.433440208435059,12.057846903800964,-12.261423945426941,-0.20357704162597656,0.18879824876785278,-0.7607744932174683,0.012082050554454327,0.19684571851172772,0.02021380513906479,0.1938515454530716,-0.8506190180778503
22,10,Replay,10,own_client_rows,76300,1914,0.0,0.0,0.0,0.0,0.0,0.0,0.0,0.0,0.0,-10.0186128616333,-1.7655625343322754,-10.24943733215332,8.253050327301025,-8.483874797821045,-0.23082447052001953,0.12294243276119232,-0.8547140955924988,0.004362779203802347,0.19684571851172772,0.02021380513906479,0.1938515454530716,-0.8506190180778503
22,10,Replay,10,validation,245526,1085,0.0,0.0,0.0,0.0,0.0,0.0,0.0,0.0,0.0,-10.229863166809082,-1.74883234500885,-10.433440208435059,8.481030821800232,-8.684607863426208,-0.20357704162597656,0.12294243276119232,-0.8547140955924988,0.004362779203802347,0.19684571851172772,0.02021380513906479,0.1938515454530716,-0.8506190180778503
22,20,Manipulation,2,own_client_rows,59592,1057,0.0,0.0,0.0,0.0,0.0,0.0,0.0,0.0,0.0,-17.630889892578125,-4.6572089195251465,-17.50837516784668,12.973680973052979,-12.851166248321533,0.12251472473144531,0.09555283188819885,-0.8952999711036682,0.002648307476192713,0.10547912701164808,0.007475252728909254,0.2081989347934723,-0.9085327982902527
22,20,Manipulation,2,validation,245526,973,0.0,0.0,0.0,0.0,0.0,0.0,0.0,0.0,0.0,-17.339702606201172,-4.7424798011779785,-17.261056900024414,12.597222805023193,-12.518577098846436,0.07864570617675781,0.09555283188819885,-0.8952999711036682,0.002648307476192713,0.10547912701164808,0.007475252728909254,0.2081989347934723,-0.9085327982902527
22,20,Manipulation,13,own_client_rows,84436,3058,0.0,0.0,0.0,0.0,0.0,0.0,0.0,0.0,0.0,-17.69296646118164,-2.584317445755005,-17.58025550842285,15.108649015426636,-14.995938062667847,0.11271095275878906,0.12371688336133957,-0.8997276425361633,0.004858403000980616,0.10547912701164808,0.007475252728909254,0.2081989347934723,-0.9085327982902527
22,20,Manipulation,13,validation,245526,973,0.0,0.0,0.0,0.0,0.0,0.0,0.0,0.0,0.0,-17.339702606201172,-2.6055736541748047,-17.261056900024414,14.734128952026367,-14.65548324584961,0.07864570617675781,0.12371688336133957,-0.8997276425361633,0.004858403000980616,0.10547912701164808,0.007475252728909254,0.2081989347934723,-0.9085327982902527
22,20,Replay,1,own_client_rows,72601,901,0.0,0.0,0.0,0.0,0.0,0.0,0.0,0.0,0.0,-11.450992584228516,-1.6633288860321045,-11.186990737915039,9.787663698196411,-9.523661851882935,0.26400184631347656,0.10585864633321762,-0.8209896087646484,0.0035744220949709415,0.19290350054336725,0.017809880897402763,0.1953631192445755,-0.8269925713539124
22,20,Replay,1,validation,245526,1085,0.0,0.0,0.0,0.0,0.0,0.0,0.0,0.0,0.0,-11.7459716796875,-1.6938103437423706,-11.402915954589844,10.05216133594513,-9.709105610847473,0.34305572509765625,0.10585864633321762,-0.8209896087646484,0.0035744220949709415,0.19290350054336725,0.017809880897402763,0.1953631192445755,-0.8269925713539124
22,20,Replay,4,own_client_rows,137596,888,0.0,0.0,0.0,0.0,0.0,0.0,0.0,0.0,0.0,-11.580896377563477,-0.8109449744224548,-11.303084373474121,10.769951403141022,-10.492139399051666,0.27781200408935547,0.16493192315101624,-0.7651737332344055,0.010554737411439419,0.19290350054336725,0.017809880897402763,0.1953631192445755,-0.8269925713539124
22,20,Replay,4,validation,245526,1085,0.0,0.0,0.0,0.0,0.0,0.0,0.0,0.0,0.0,-11.7459716796875,-0.7929208874702454,-11.402915954589844,10.953050792217255,-10.609995067119598,0.34305572509765625,0.16493192315101624,-0.7651737332344055,0.010554737411439419,0.19290350054336725,0.017809880897402763,0.1953631192445755,-0.8269925713539124
22,20,Replay,10,own_client_rows,76300,1914,0.0,0.0,0.0,0.0,0.0,0.0,0.0,0.0,0.0,-11.51253604888916,-2.8189992904663086,-11.22961711883545,8.693536758422852,-8.41061782836914,0.28291893005371094,0.11215566098690033,-0.7892232537269592,0.003979995846748352,0.19290350054336725,0.017809880897402763,0.1953631192445755,-0.8269925713539124
22,20,Replay,10,validation,245526,1085,0.0,0.0,0.0,0.0,0.0,0.0,0.0,0.0,0.0,-11.7459716796875,-2.7666025161743164,-11.402915954589844,8.979369163513184,-8.636313438415527,0.34305572509765625,0.11215566098690033,-0.7892232537269592,0.003979995846748352,0.19290350054336725,0.017809880897402763,0.1953631192445755,-0.8269925713539124
22,30,Manipulation,2,own_client_rows,59592,1057,0.0,0.0,0.0,0.0,0.0,0.0,0.0,0.0,0.0,-17.02036476135254,-4.310383319854736,-17.648666381835938,12.709981441497803,-13.338283061981201,-0.6283016204833984,0.0884564220905304,-0.821101188659668,0.002451626118272543,0.10440823579509106,0.006520282477140427,0.18371042609214783,-0.8955070376396179
22,30,Manipulation,2,validation,245526,973,0.0,0.0,0.0,0.0,0.0,0.0,0.0,0.0,0.0,-16.918354034423828,-4.378830909729004,-17.565370559692383,12.539523124694824,-13.186539649963379,-0.6470165252685547,0.0884564220905304,-0.821101188659668,0.002451626118272543,0.10440823579509106,0.006520282477140427,0.18371042609214783,-0.8955070376396179
22,30,Manipulation,13,own_client_rows,84436,3058,0.0,0.0,0.0,0.0,0.0,0.0,0.0,0.0,0.0,-17.13471031188965,-2.809758186340332,-17.76099395751953,14.324952125549316,-14.9512357711792,-0.6262836456298828,0.10532546788454056,-0.9133613705635071,0.004136165603995323,0.10440823579509106,0.006520282477140427,0.18371042609214783,-0.8955070376396179
22,30,Manipulation,13,validation,245526,973,0.0,0.0,0.0,0.0,0.0,0.0,0.0,0.0,0.0,-16.918354034423828,-2.8606832027435303,-17.565370559692383,14.057670831680298,-14.704687356948853,-0.6470165252685547,0.10532546788454056,-0.9133613705635071,0.004136165603995323,0.10440823579509106,0.006520282477140427,0.18371042609214783,-0.8955070376396179
22,30,Replay,1,own_client_rows,72601,901,0.0,0.0,0.0,0.0,0.0,0.0,0.0,0.0,0.0,-11.01738452911377,-2.0372114181518555,-11.614294052124023,8.980173110961914,-9.577082633972168,-0.5969095230102539,0.09272065758705139,-0.7002853155136108,0.0031308047473430634,0.16641744103154832,0.014865992590785027,0.18428079783916473,-0.7504594326019287
22,30,Replay,1,validation,245526,1085,0.0,0.0,0.0,0.0,0.0,0.0,0.0,0.0,0.0,-11.03015422821045,-2.0345001220703125,-11.633707046508789,8.995654106140137,-9.599206924438477,-0.6035528182983398,0.09272065758705139,-0.7002853155136108,0.0031308047473430634,0.16641744103154832,0.014865992590785027,0.18428079783916473,-0.7504594326019287
22,30,Replay,4,own_client_rows,137596,888,0.0,0.0,0.0,0.0,0.0,0.0,0.0,0.0,0.0,-11.0897216796875,-1.4501389265060425,-11.712654113769531,9.639582753181458,-10.262515187263489,-0.6229324340820312,0.13553757965564728,-0.6720312237739563,0.008673659525811672,0.16641744103154832,0.014865992590785027,0.18428079783916473,-0.7504594326019287
22,30,Replay,4,validation,245526,1085,0.0,0.0,0.0,0.0,0.0,0.0,0.0,0.0,0.0,-11.03015422821045,-1.3818080425262451,-11.633707046508789,9.648346185684204,-10.251899003982544,-0.6035528182983398,0.13553757965564728,-0.6720312237739563,0.008673659525811672,0.16641744103154832,0.014865992590785027,0.18428079783916473,-0.7504594326019287
22,30,Replay,10,own_client_rows,76300,1914,0.0,0.0,0.0,0.0,0.0,0.0,0.0,0.0,0.0,-11.002108573913574,-3.3705286979675293,-11.592584609985352,7.631579875946045,-8.222055912017822,-0.5904760360717773,0.10039465874433517,-0.7186436057090759,0.0035626408644020557,0.16641744103154832,0.014865992590785027,0.18428079783916473,-0.7504594326019287
22,30,Replay,10,validation,245526,1085,0.0,0.0,0.0,0.0,0.0,0.0,0.0,0.0,0.0,-11.03015422821045,-3.2796716690063477,-11.633707046508789,7.750482559204102,-8.354035377502441,-0.6035528182983398,0.10039465874433517,-0.7186436057090759,0.0035626408644020557,0.16641744103154832,0.014865992590785027,0.18428079783916473,-0.7504594326019287
22,45,Manipulation,2,own_client_rows,59592,1057,0.0,0.0,0.0,0.0,0.0,0.0,0.0,0.0,0.0,-18.755285263061523,-2.978752613067627,-17.479215621948242,15.776532649993896,-14.500463008880615,1.2760696411132812,0.08192192763090134,-0.7398450374603271,0.002270518336445093,0.11316472017297907,0.006136623676866293,0.16681858897209167,-0.8075289726257324
22,45,Manipulation,2,validation,245526,973,0.0,0.0,0.0,0.0,0.0,0.0,0.0,0.0,0.0,-18.88048553466797,-3.011850118637085,-17.60503578186035,15.868635416030884,-14.593185663223267,1.2754497528076172,0.08192192763090134,-0.7398450374603271,0.002270518336445093,0.11316472017297907,0.006136623676866293,0.16681858897209167,-0.8075289726257324
22,45,Manipulation,13,own_client_rows,84436,3058,0.0,0.0,0.0,0.0,0.0,0.0,0.0,0.0,0.0,-18.922061920166016,-1.8205804824829102,-17.617773056030273,17.101481437683105,-15.797192573547363,1.3042888641357422,0.09998074173927307,-0.8133689165115356,0.003926276694983244,0.11316472017297907,0.006136623676866293,0.16681858897209167,-0.8075289726257324
22,45,Manipulation,13,validation,245526,973,0.0,0.0,0.0,0.0,0.0,0.0,0.0,0.0,0.0,-18.88048553466797,-1.880611777305603,-17.60503578186035,16.999873757362366,-15.724424004554749,1.2754497528076172,0.09998074173927307,-0.8133689165115356,0.003926276694983244,0.11316472017297907,0.006136623676866293,0.16681858897209167,-0.8075289726257324
22,45,Replay,1,own_client_rows,72601,901,0.0,0.0,0.0,0.0,0.0,0.0,0.0,0.0,0.0,-12.932519912719727,-1.319013237953186,-11.768681526184082,11.61350667476654,-10.449668288230896,1.1638383865356445,0.0840073898434639,-0.7075958251953125,0.0028365927282720804,0.17076255448952993,0.012936541810631752,0.17634473741054535,-0.7496217489242554
22,45,Replay,1,validation,245526,1085,0.0,0.0,0.0,0.0,0.0,0.0,0.0,0.0,0.0,-12.581925392150879,-1.3018927574157715,-11.376776695251465,11.280032634735107,-10.074883937835693,1.205148696899414,0.0840073898434639,-0.7075958251953125,0.0028365927282720804,0.17076255448952993,0.012936541810631752,0.17634473741054535,-0.7496217489242554
22,45,Replay,4,own_client_rows,137596,888,0.0,0.0,0.0,0.0,0.0,0.0,0.0,0.0,0.0,-12.920994758605957,-1.367506980895996,-11.763314247131348,11.553487777709961,-10.395807266235352,1.1576805114746094,0.1135215312242508,-0.6768205165863037,0.007264753803610802,0.17076255448952993,0.012936541810631752,0.17634473741054535,-0.7496217489242554
22,45,Replay,4,validation,245526,1085,0.0,0.0,0.0,0.0,0.0,0.0,0.0,0.0,0.0,-12.581925392150879,-1.2983680963516235,-11.376776695251465,11.283557295799255,-10.078408598899841,1.205148696899414,0.1135215312242508,-0.6768205165863037,0.007264753803610802,0.17076255448952993,0.012936541810631752,0.17634473741054535,-0.7496217489242554
22,45,Replay,10,own_client_rows,76300,1914,0.0,0.0,0.0,0.0,0.0,0.0,0.0,0.0,0.0,-12.783743858337402,-2.6141762733459473,-11.616501808166504,10.169567584991455,-9.002325534820557,1.1672420501708984,0.0943475216627121,-0.6933281421661377,0.0033480501733720303,0.17076255448952993,0.012936541810631752,0.17634473741054535,-0.7496217489242554
22,45,Replay,10,validation,245526,1085,0.0,0.0,0.0,0.0,0.0,0.0,0.0,0.0,0.0,-12.581925392150879,-2.491097927093506,-11.376776695251465,10.090827465057373,-8.885678768157959,1.205148696899414,0.0943475216627121,-0.6933281421661377,0.0033480501733720303,0.17076255448952993,0.012936541810631752,0.17634473741054535,-0.7496217489242554
33,1,Manipulation,2,own_client_rows,59592,1057,0.014935174271762924,0.8391674550614948,0.02934802388869588,0.47634069400630913,1.0,0.6452991452991453,0.0,0.0,0.0,0.07492341101169586,0.764314591884613,-1.4292058944702148,0.6893911808729172,-2.193520486354828,-1.5041293054819107,0.09824945777654648,-0.532372236251831,0.002723046112805605,0.07585437315877708,0.008236296474933624,0.332063764333725,-0.7340038418769836
33,1,Manipulation,2,validation,245526,973,0.00358304112209117,0.8663926002055499,0.007136568351901392,0.018270241850683492,1.0,0.035884858654963214,0.0,0.0,0.0,0.07233995199203491,0.7299646735191345,-1.3801698684692383,0.6576247215270996,-2.110134541988373,-1.4525098204612732,0.09824945777654648,-0.532372236251831,0.002723046112805605,0.07585437315877708,0.008236296474933624,0.332063764333725,-0.7340038418769836
33,1,Manipulation,13,own_client_rows,84436,3058,0.031176975535314035,0.855134074558535,0.06016058159063197,0.040471684379094486,1.0,0.07779487897019728,0.0,0.0,0.0,0.07635586708784103,5.085851669311523,-1.4109084606170654,5.009495802223682,-6.496760129928589,-1.4872643277049065,0.14842356741428375,-0.7718695402145386,0.005828642286360264,0.07585437315877708,0.008236296474933624,0.332063764333725,-0.7340038418769836
33,1,Manipulation,13,validation,245526,973,0.00358304112209117,0.8663926002055499,0.007136568351901392,0.004287061270168574,1.0,0.00853752166187729,0.0,0.0,0.0,0.07233995199203491,4.898412704467773,-1.3801698684692383,4.8260727524757385,-6.278582572937012,-1.4525098204612732,0.14842356741428375,-0.7718695402145386,0.005828642286360264,0.07585437315877708,0.008236296474933624,0.332063764333725,-0.7340038418769836
33,1,Replay,1,own_client_rows,72601,901,0.9760479041916168,0.18091009988901222,0.3052434456928839,0.8947368421052632,1.0,0.9444444444444444,0.0,0.0,0.0,-0.07896671444177628,2.4882094860076904,-1.8231562376022339,2.5671762004494667,-4.311365723609924,-1.7441895231604576,0.11879896372556686,-0.7204979062080383,0.004011364653706551,0.12715053114713748,0.02103673852980137,0.30380988121032715,-0.4751359820365906
33,1,Replay,1,validation,245526,1085,0.35,0.2064516129032258,0.25971014492753625,0.02302240706161942,1.0,0.04500860763694439,0.0,0.0,0.0,-0.0888286679983139,2.625183582305908,-1.8981804847717285,2.714012250304222,-4.523364067077637,-1.8093518167734146,0.11879896372556686,-0.7204979062080383,0.004011364653706551,0.12715053114713748,0.02103673852980137,0.30380988121032715,-0.4751359820365906
33,1,Replay,4,own_client_rows,137596,888,0.43392070484581496,0.22184684684684686,0.293591654247392,0.019208990330168135,0.9932432432432432,0.03768908640287155,0.0,0.0,0.0,-0.07548204809427261,3.453836441040039,-1.8791941404342651,3.5293184891343117,-5.333030581474304,-1.8037120923399925,0.21517077088356018,-0.25757405161857605,0.01376974768936634,0.12715053114713748,0.02103673852980137,0.30380988121032715,-0.4751359820365906
33,1,Replay,4,validation,245526,1085,0.35,0.2064516129032258,0.25971014492753625,0.02890204376824793,0.9944700460829493,0.05617158623561872,0.0,0.0,0.0,-0.0888286679983139,3.661003589630127,-1.8981804847717285,3.749832257628441,-5.5591840744018555,-1.8093518167734146,0.21517077088356018,-0.25757405161857605,0.01376974768936634,0.12715053114713748,0.02103673852980137,0.30380988121032715,-0.4751359820365906
33,1,Replay,10,own_client_rows,76300,1914,0.41609977324263037,0.1917450365726228,0.2625178826895565,0.23103071506616488,0.9942528735632183,0.3749384297113585,0.0,0.0,0.0,-0.08047614246606827,0.7198456525802612,-1.8508892059326172,0.8003217950463295,-2.5707348585128784,-1.770413063466549,0.12798073887825012,-0.522894024848938,0.004541570320725441,0.12715053114713748,0.02103673852980137,0.30380988121032715,-0.4751359820365906
33,1,Replay,10,validation,245526,1085,0.35,0.2064516129032258,0.25971014492753625,0.017112859227304447,0.9944700460829493,0.0336467249793411,0.0,0.0,0.0,-0.0888286679983139,0.7612350583076477,-1.8981804847717285,0.8500637263059616,-2.659415543079376,-1.8093518167734146,0.12798073887825012,-0.522894024848938,0.004541570320725441,0.12715053114713748,0.02103673852980137,0.30380988121032715,-0.4751359820365906
33,5,Manipulation,2,own_client_rows,59592,1057,0.0,0.0,0.0,0.0,0.0,0.0,0.0,0.0,0.0,-8.361330032348633,-3.1873910427093506,-9.839305877685547,5.173938989639282,-6.651914834976196,-1.477975845336914,0.11154848337173462,-0.8259864449501038,0.0030916372779756784,0.09332761146340685,0.008941092528402805,0.21242839097976685,-0.8852490782737732
33,5,Manipulation,2,validation,245526,973,0.0,0.0,0.0,0.0,0.0,0.0,0.0,0.0,0.0,-7.998292922973633,-3.1686294078826904,-9.447410583496094,4.829663515090942,-6.278781175613403,-1.449117660522461,0.11154848337173462,-0.8259864449501038,0.0030916372779756784,0.09332761146340685,0.008941092528402805,0.21242839097976685,-0.8852490782737732
33,5,Manipulation,13,own_client_rows,84436,3058,0.0,0.0,0.0,0.9895968790637191,0.9954218443427076,0.9925008151287904,0.0,0.0,0.0,-8.287205696105957,2.0978546142578125,-9.760459899902344,10.38506031036377,-11.858314514160156,-1.4732542037963867,0.1509002298116684,-0.8902040719985962,0.0059259021654725075,0.09332761146340685,0.008941092528402805,0.21242839097976685,-0.8852490782737732
33,5,Manipulation,13,validation,245526,973,0.0,0.0,0.0,0.16465795280937023,0.9969167523124358,0.28263403263403264,0.0,0.0,0.0,-7.998292922973633,2.0795230865478516,-9.447410583496094,10.077816009521484,-11.526933670043945,-1.449117660522461,0.1509002298116684,-0.8902040719985962,0.0059259021654725075,0.09332761146340685,0.008941092528402805,0.21242839097976685,-0.8852490782737732
33,5,Replay,1,own_client_rows,72601,901,0.0,0.0,0.0,0.9709051724137931,1.0,0.9852378348824494,0.0,0.0,0.0,-6.5759453773498535,2.6052188873291016,-7.080484390258789,9.181164264678955,-9.68570327758789,-0.5045390129089355,0.12598007917404175,-0.8443717956542969,0.004253842402249575,0.18083992221777756,0.019899830222129822,0.19262629747390747,-0.7756490111351013
33,5,Replay,1,validation,245526,1085,0.0,0.0,0.0,0.18458659407961892,1.0,0.31164727847192303,0.0,0.0,0.0,-6.970241546630859,2.7077600955963135,-7.525106430053711,9.678001642227173,-10.232866525650024,-0.5548648834228516,0.12598007917404175,-0.8443717956542969,0.004253842402249575,0.18083992221777756,0.019899830222129822,0.19262629747390747,-0.7756490111351013
33,5,Replay,4,own_client_rows,137596,888,0.0,0.0,0.0,0.526284348864994,0.9921171171171171,0.687743950039032,0.0,0.0,0.0,-6.7788519859313965,2.7587578296661377,-7.306424617767334,9.537609815597534,-10.065182447433472,-0.5275726318359375,0.17984311282634735,-0.6153904795646667,0.011508971452713013,0.18083992221777756,0.019899830222129822,0.19262629747390747,-0.7756490111351013
33,5,Replay,4,validation,245526,1085,0.0,0.0,0.0,0.20033419977720016,0.9944700460829493,0.33348786895379384,0.0,0.0,0.0,-6.970241546630859,2.9234986305236816,-7.525106430053711,9.893740177154541,-10.448605060577393,-0.5548648834228516,0.17984311282634735,-0.6153904795646667,0.011508971452713013,0.18083992221777756,0.019899830222129822,0.19262629747390747,-0.7756490111351013
33,5,Replay,10,own_client_rows,76300,1914,0.0,0.0,0.0,0.0,0.0,0.0,0.0,0.0,0.0,-6.752696514129639,-0.45314839482307434,-7.280726432800293,6.299548119306564,-6.827578037977219,-0.5280299186706543,0.1306064873933792,-0.827279269695282,0.004634748212993145,0.18083992221777756,0.019899830222129822,0.19262629747390747,-0.7756490111351013
33,5,Replay,10,validation,245526,1085,0.0,0.0,0.0,0.0,0.0,0.0,0.0,0.0,0.0,-6.970241546630859,-0.4491923153400421,-7.525106430053711,6.521049231290817,-7.075914114713669,-0.5548648834228516,0.1306064873933792,-0.827279269695282,0.004634748212993145,0.18083992221777756,0.019899830222129822,0.19262629747390747,-0.7756490111351013
33,10,Manipulation,2,own_client_rows,59592,1057,0.0,0.0,0.0,0.0,0.0,0.0,0.0,0.0,0.0,-13.472890853881836,-5.6956329345703125,-14.402619361877441,7.777257919311523,-8.706986427307129,-0.9297285079956055,0.10680627822875977,-0.9434029459953308,0.0029602039139717817,0.09436216217374238,0.00827211607247591,0.22207479178905487,-0.9396346807479858
33,10,Manipulation,2,validation,245526,973,0.0,0.0,0.0,0.0,0.0,0.0,0.0,0.0,0.0,-13.025995254516602,-5.702116012573242,-13.928725242614746,7.323879241943359,-8.226609230041504,-0.9027299880981445,0.10680627822875977,-0.9434029459953308,0.0029602039139717817,0.09436216217374238,0.00827211607247591,0.22207479178905487,-0.9396346807479858
33,10,Manipulation,13,own_client_rows,84436,3058,0.0,0.0,0.0,0.0,0.0,0.0,0.0,0.0,0.0,-13.420068740844727,-1.7477872371673584,-14.35817813873291,11.672281503677368,-12.610390901565552,-0.9381093978881836,0.1354971081018448,-0.9287776350975037,0.005321016069501638,0.09436216217374238,0.00827211607247591,0.22207479178905487,-0.9396346807479858
33,10,Manipulation,13,validation,245526,973,0.0,0.0,0.0,0.0,0.0,0.0,0.0,0.0,0.0,-13.025995254516602,-1.751776933670044,-13.928725242614746,11.274218320846558,-12.176948308944702,-0.9027299880981445,0.1354971081018448,-0.9287776350975037,0.005321016069501638,0.09436216217374238,0.00827211607247591,0.22207479178905487,-0.9396346807479858
33,10,Replay,1,own_client_rows,72601,901,0.0,0.0,0.0,0.996662958843159,0.9944506104328524,0.9955555555555555,0.0,0.0,0.0,-7.716711044311523,1.4422920942306519,-8.013376235961914,9.159003138542175,-9.455668330192566,-0.2966651916503906,0.12002719938755035,-0.8804453611373901,0.0040528373792767525,0.19239235233436658,0.01941935531795025,0.19083648920059204,-0.8331366777420044
33,10,Replay,1,validation,245526,1085,0.0,0.0,0.0,0.32429137458092044,0.9806451612903225,0.48740265689418233,0.0,0.0,0.0,-8.254908561706543,1.4235249757766724,-8.59034252166748,9.678433537483215,-10.013867497444153,-0.3354339599609375,0.12002719938755035,-0.8804453611373901,0.0040528373792767525,0.19239235233436658,0.01941935531795025,0.19083648920059204,-0.8331366777420044
33,10,Replay,4,own_client_rows,137596,888,0.0,0.0,0.0,0.5713359273670557,0.9921171171171171,0.7251028806584362,0.0,0.0,0.0,-7.9205322265625,2.224376678466797,-8.215317726135254,10.144908905029297,-10.43969440460205,-0.2947854995727539,0.17557445168495178,-0.7061061263084412,0.011235800571739674,0.19239235233436658,0.01941935531795025,0.19083648920059204,-0.8331366777420044
33,10,Replay,4,validation,245526,1085,0.0,0.0,0.0,0.21855377759773142,0.9944700460829493,0.3583527067419462,0.0,0.0,0.0,-8.254908561706543,2.34067702293396,-8.59034252166748,10.595585584640503,-10.93101954460144,-0.3354339599609375,0.17557445168495178,-0.7061061263084412,0.011235800571739674,0.19239235233436658,0.01941935531795025,0.19083648920059204,-0.8331366777420044
33,10,Replay,10,own_client_rows,76300,1914,0.0,0.0,0.0,0.0,0.0,0.0,0.0,0.0,0.0,-7.928603172302246,-1.4060591459274292,-8.224577903747559,6.522544026374817,-6.818518757820129,-0.2959747314453125,0.1264776736497879,-0.8883903622627258,0.004488232545554638,0.19239235233436658,0.01941935531795025,0.19083648920059204,-0.8331366777420044
33,10,Replay,10,validation,245526,1085,0.0,0.0,0.0,0.0,0.0,0.0,0.0,0.0,0.0,-8.254908561706543,-1.4031671285629272,-8.59034252166748,6.851741433143616,-7.187175393104553,-0.3354339599609375,0.1264776736497879,-0.8883903622627258,0.004488232545554638,0.19239235233436658,0.01941935531795025,0.19083648920059204,-0.8331366777420044
33,20,Manipulation,2,own_client_rows,59592,1057,0.0,0.0,0.0,0.0,0.0,0.0,0.0,0.0,0.0,-14.803784370422363,-2.5682740211486816,-15.178499221801758,12.235510349273682,-12.610225200653076,-0.37471485137939453,0.09645380079746246,-0.8210456967353821,0.0026732785627245903,0.10455131154040831,0.007061297539621592,0.19209522008895874,-0.9309413433074951
33,20,Manipulation,2,validation,245526,973,0.0,0.0,0.0,0.0,0.0,0.0,0.0,0.0,0.0,-14.35592269897461,-2.531381368637085,-14.733489990234375,11.824541330337524,-12.20210862159729,-0.3775672912597656,0.09645380079746246,-0.8210456967353821,0.0026732785627245903,0.10455131154040831,0.007061297539621592,0.19209522008895874,-0.9309413433074951
33,20,Manipulation,13,own_client_rows,84436,3058,0.0,0.0,0.0,0.0,0.0,0.0,0.0,0.0,0.0,-14.786962509155273,-1.23279869556427,-15.169926643371582,13.554163813591003,-13.937127947807312,-0.3829641342163086,0.11531247943639755,-0.9589122533798218,0.00452835951000452,0.10455131154040831,0.007061297539621592,0.19209522008895874,-0.9309413433074951
33,20,Manipulation,13,validation,245526,973,0.0,0.0,0.0,0.0,0.0,0.0,0.0,0.0,0.0,-14.35592269897461,-1.2487444877624512,-14.733489990234375,13.107178211212158,-13.484745502471924,-0.3775672912597656,0.11531247943639755,-0.9589122533798218,0.00452835951000452,0.10455131154040831,0.007061297539621592,0.19209522008895874,-0.9309413433074951
33,20,Replay,1,own_client_rows,72601,901,0.0,0.0,0.0,0.9988649262202043,0.97669256381798,0.9876543209876543,0.0,0.0,0.0,-8.457364082336426,0.4591526985168457,-8.795182228088379,8.916516780853271,-9.254334926605225,-0.3378181457519531,0.10133320093154907,-0.8309785723686218,0.003421615809202194,0.18876886280528127,0.0171945970505476,0.1767362505197525,-0.7344669103622437
33,20,Replay,1,validation,245526,1085,0.0,0.0,0.0,0.37434944237918216,0.928110599078341,0.5335099337748345,0.0,0.0,0.0,-8.832493782043457,0.3961624801158905,-9.15412712097168,9.228656262159348,-9.55028960108757,-0.32163333892822266,0.10133320093154907,-0.8309785723686218,0.003421615809202194,0.18876886280528127,0.0171945970505476,0.1767362505197525,-0.7344669103622437
33,20,Replay,4,own_client_rows,137596,888,0.0,0.0,0.0,0.604992657856094,0.9279279279279279,0.7324444444444445,0.0,0.0,0.0,-8.626997947692871,0.42154553532600403,-8.957959175109863,9.048543483018875,-9.379504710435867,-0.3309612274169922,0.16614046692848206,-0.5648656487464905,0.010632077232003212,0.18876886280528127,0.0171945970505476,0.1767362505197525,-0.7344669103622437
33,20,Replay,4,validation,245526,1085,0.0,0.0,0.0,0.31295076826591406,0.919815668202765,0.46700982686008424,0.0,0.0,0.0,-8.832493782043457,0.5105951428413391,-9.15412712097168,9.343088924884796,-9.664722263813019,-0.32163333892822266,0.16614046692848206,-0.5648656487464905,0.010632077232003212,0.18876886280528127,0.0171945970505476,0.1767362505197525,-0.7344669103622437
33,20,Replay,10,own_client_rows,76300,1914,0.0,0.0,0.0,0.0,0.0,0.0,0.0,0.0,0.0,-8.566373825073242,-2.2705495357513428,-8.89592456817627,6.295824289321899,-6.625375032424927,-0.32955074310302734,0.108209028840065,-0.760539174079895,0.003839944489300251,0.18876886280528127,0.0171945970505476,0.1767362505197525,-0.7344669103622437
33,20,Replay,10,validation,245526,1085,0.0,0.0,0.0,0.0,0.0,0.0,0.0,0.0,0.0,-8.832493782043457,-2.3072054386138916,-9.15412712097168,6.525288343429565,-6.846921682357788,-0.32163333892822266,0.108209028840065,-0.760539174079895,0.003839944489300251,0.18876886280528127,0.0171945970505476,0.1767362505197525,-0.7344669103622437
33,30,Manipulation,2,own_client_rows,59592,1057,0.0,0.0,0.0,0.0,0.0,0.0,0.0,0.0,0.0,-14.189047813415527,-3.1067147254943848,-13.523524284362793,11.082333087921143,-10.416809558868408,0.6655235290527344,0.08207594603300095,-0.6754162907600403,0.002274787053465843,0.13003967140824602,0.005946849938482046,0.1600532829761505,-0.8390154242515564
33,30,Manipulation,2,validation,245526,973,0.0,0.0,0.0,0.0,0.0,0.0,0.0,0.0,0.0,-13.852192878723145,-3.0733580589294434,-13.188501358032227,10.778834819793701,-10.115143299102783,0.663691520690918,0.08207594603300095,-0.6754162907600403,0.002274787053465843,0.13003967140824602,0.005946849938482046,0.1600532829761505,-0.8390154242515564
33,30,Manipulation,13,own_client_rows,84436,3058,0.0,0.0,0.0,0.0,0.0,0.0,0.0,0.0,0.0,-14.14707088470459,-1.383766531944275,-13.480209350585938,12.763304352760315,-12.096442818641663,0.6668615341186523,0.09824513643980026,-0.877235472202301,0.0038581190165132284,0.13003967140824602,0.005946849938482046,0.1600532829761505,-0.8390154242515564
33,30,Manipulation,13,validation,245526,973,0.0,0.0,0.0,0.0,0.0,0.0,0.0,0.0,0.0,-13.852192878723145,-1.370375394821167,-13.188501358032227,12.481817483901978,-11.81812596321106,0.663691520690918,0.09824513643980026,-0.877235472202301,0.0038581190165132284,0.13003967140824602,0.005946849938482046,0.1600532829761505,-0.8390154242515564
33,30,Replay,1,own_client_rows,72601,901,0.0,0.0,0.0,0.0,0.0,0.0,0.0,0.0,0.0,-8.600110054016113,-0.7174060344696045,-8.086503982543945,7.882704019546509,-7.369097948074341,0.513606071472168,0.08831500262022018,-0.5892753005027771,0.002982043195515871,0.18041968184203616,0.015311071649193764,0.16384419798851013,-0.5560075044631958
33,30,Replay,1,validation,245526,1085,0.0,0.0,0.0,0.0,0.0,0.0,0.0,0.0,0.0,-8.769552230834961,-0.7524055242538452,-8.238633155822754,8.017146706581116,-7.486227631568909,0.530919075012207,0.08831500262022018,-0.5892753005027771,0.002982043195515871,0.18041968184203616,0.015311071649193764,0.16384419798851013,-0.5560075044631958
33,30,Replay,4,own_client_rows,137596,888,0.0,0.0,0.0,1.0,0.0022522522522522522,0.0044943820224719105,0.0,0.0,0.0,-8.779338836669922,-0.6279446482658386,-8.266423225402832,8.151394188404083,-7.638478577136993,0.5129156112670898,0.1498810052871704,-0.37954461574554443,0.009591560810804367,0.18041968184203616,0.015311071649193764,0.16384419798851013,-0.5560075044631958
33,30,Replay,4,validation,245526,1085,0.0,0.0,0.0,0.0,0.0,0.0,0.0,0.0,0.0,-8.769552230834961,-0.5980010628700256,-8.238633155822754,8.171551167964935,-7.640632092952728,0.530919075012207,0.1498810052871704,-0.37954461574554443,0.009591560810804367,0.18041968184203616,0.015311071649193764,0.16384419798851013,-0.5560075044631958
33,30,Replay,10,own_client_rows,76300,1914,0.0,0.0,0.0,0.0,0.0,0.0,0.0,0.0,0.0,-8.663631439208984,-3.163726329803467,-8.141776084899902,5.499905109405518,-4.9780497550964355,0.521855354309082,0.1035483255982399,-0.5572924613952637,0.0036745527759194374,0.18041968184203616,0.015311071649193764,0.16384419798851013,-0.5560075044631958
33,30,Replay,10,validation,245526,1085,0.0,0.0,0.0,0.0,0.0,0.0,0.0,0.0,0.0,-8.769552230834961,-3.2193830013275146,-8.238633155822754,5.550169229507446,-5.019250154495239,0.530919075012207,0.1035483255982399,-0.5572924613952637,0.0036745527759194374,0.18041968184203616,0.015311071649193764,0.16384419798851013,-0.5560075044631958
33,45,Manipulation,2,own_client_rows,59592,1057,0.0,0.0,0.0,0.0,0.0,0.0,0.0,0.0,0.0,-14.442684173583984,-1.531725287437439,-15.134456634521484,12.910958886146545,-13.602731347084045,-0.6917724609375,0.08248862624168396,-0.46110689640045166,0.0022862248588353395,0.13035793897429004,0.005606918130069971,0.15225549042224884,-0.7514593601226807
33,45,Manipulation,2,validation,245526,973,0.0,0.0,0.0,0.0,0.0,0.0,0.0,0.0,0.0,-14.256311416625977,-1.5190528631210327,-14.943511962890625,12.737258553504944,-13.424459099769592,-0.6872005462646484,0.08248862624168396,-0.46110689640045166,0.0022862248588353395,0.13035793897429004,0.005606918130069971,0.15225549042224884,-0.7514593601226807
33,45,Manipulation,13,own_client_rows,84436,3058,0.0,0.0,0.0,0.0,0.0,0.0,0.0,0.0,0.0,-14.441093444824219,-2.3927597999572754,-15.12900447845459,12.048333644866943,-12.736244678497314,-0.6879110336303711,0.09363988041877747,-0.833621621131897,0.003677269211038947,0.13035793897429004,0.005606918130069971,0.15225549042224884,-0.7514593601226807
33,45,Manipulation,13,validation,245526,973,0.0,0.0,0.0,0.0,0.0,0.0,0.0,0.0,0.0,-14.256311416625977,-2.363068103790283,-14.943511962890625,11.893243312835693,-12.580443859100342,-0.6872005462646484,0.09363988041877747,-0.833621621131897,0.003677269211038947,0.13035793897429004,0.005606918130069971,0.15225549042224884,-0.7514593601226807
33,45,Replay,1,own_client_rows,72601,901,0.0,0.0,0.0,0.0,0.0,0.0,0.0,0.0,0.0,-8.901636123657227,-1.4821540117263794,-9.713750839233398,7.419482111930847,-8.231596827507019,-0.8121147155761719,0.08673081547021866,-0.42251867055892944,0.0029285519849509,0.18480973187940097,0.015044260770082474,0.1599973440170288,-0.41265133023262024
33,45,Replay,1,validation,245526,1085,0.0,0.0,0.0,0.0,0.0,0.0,0.0,0.0,0.0,-8.75837516784668,-1.5322723388671875,-9.579300880432129,7.226102828979492,-8.047028541564941,-0.8209257125854492,0.08673081547021866,-0.42251867055892944,0.0029285519849509,0.18480973187940097,0.015044260770082474,0.1599973440170288,-0.41265133023262024
33,45,Replay,4,own_client_rows,137596,888,0.0,0.0,0.0,0.0,0.0,0.0,0.0,0.0,0.0,-8.932143211364746,-1.5265682935714722,-9.749025344848633,7.405574917793274,-8.22245705127716,-0.8168821334838867,0.15534813702106476,-0.1630256474018097,0.00994142610579729,0.18480973187940097,0.015044260770082474,0.1599973440170288,-0.41265133023262024
33,45,Replay,4,validation,245526,1085,0.0,0.0,0.0,0.0,0.0,0.0,0.0,0.0,0.0,-8.75837516784668,-1.5496078729629517,-9.579300880432129,7.208767294883728,-8.029693007469177,-0.8209257125854492,0.15534813702106476,-0.1630256474018097,0.00994142610579729,0.18480973187940097,0.015044260770082474,0.1599973440170288,-0.41265133023262024
33,45,Replay,10,own_client_rows,76300,1914,0.0,0.0,0.0,0.0,0.0,0.0,0.0,0.0,0.0,-8.84324836730957,-2.650597333908081,-9.641807556152344,6.192651033401489,-6.991210222244263,-0.7985591888427734,0.09216315299272537,-0.6449074149131775,0.0032705350313335657,0.18480973187940097,0.015044260770082474,0.1599973440170288,-0.41265133023262024
33,45,Replay,10,validation,245526,1085,0.0,0.0,0.0,0.0,0.0,0.0,0.0,0.0,0.0,-8.75837516784668,-2.6553637981414795,-9.579300880432129,6.1030113697052,-6.923937082290649,-0.8209257125854492,0.09216315299272537,-0.6449074149131775,0.0032705350313335657,0.18480973187940097,0.015044260770082474,0.1599973440170288,-0.41265133023262024
44,1,Manipulation,2,own_client_rows,59592,1057,0.0,0.0,0.0,0.0,0.0,0.0,0.0,0.0,0.0,-0.3094870150089264,-0.2865094840526581,-3.472377061843872,0.02297753095626831,-3.185867577791214,-3.1628900468349457,0.09432972222566605,-0.5489313006401062,0.002614408265799284,0.07645145022345778,0.007626559119671583,0.3126037120819092,-0.7295888066291809
44,1,Manipulation,2,validation,245526,973,0.0,0.0,0.0,0.0,0.0,0.0,0.0,0.0,0.0,-0.29821476340293884,-0.2803828716278076,-3.369769811630249,0.017831891775131226,-3.0893869400024414,-3.07155504822731,0.09432972222566605,-0.5489313006401062,0.002614408265799284,0.07645145022345778,0.007626559119671583,0.3126037120819092,-0.7295888066291809
44,1,Manipulation,13,own_client_rows,84436,3058,0.0,0.0,0.0,0.9505750699409388,1.0,0.9746613545816734,0.0,0.0,0.0,-0.3095995783805847,1.7245458364486694,-3.4577181339263916,2.034145414829254,-5.182263970375061,-3.148118555545807,0.1354583352804184,-0.7594205737113953,0.005319493822753429,0.07645145022345778,0.007626559119671583,0.3126037120819092,-0.7295888066291809
44,1,Manipulation,13,validation,245526,973,0.0,0.0,0.0,0.02235548203290139,1.0,0.04373328539002629,0.0,0.0,0.0,-0.29821476340293884,1.6535372734069824,-3.369769811630249,1.9517520368099213,-5.0233070850372314,-3.07155504822731,0.1354583352804184,-0.7594205737113953,0.005319493822753429,0.07645145022345778,0.007626559119671583,0.3126037120819092,-0.7295888066291809
44,1,Replay,1,own_client_rows,72601,901,0.0,0.0,0.0,0.8655139289145053,1.0,0.9279093717816684,0.0,0.0,0.0,-0.1427399218082428,2.219510793685913,-1.8491764068603516,2.362250715494156,-4.068687200546265,-1.7064364850521088,0.12249936163425446,-0.7459754943847656,0.004136312287300825,0.12715179589131276,0.02069535292685032,0.3146721422672272,-0.5003235340118408
44,1,Replay,1,validation,245526,1085,0.0,0.0,0.0,0.02902621722846442,1.0,0.056414922656960874,0.0,0.0,0.0,-0.14237117767333984,2.358424663543701,-1.9070024490356445,2.500795841217041,-4.265427112579346,-1.7646312713623047,0.12249936163425446,-0.7459754943847656,0.004136312287300825,0.12715179589131276,0.02069535292685032,0.3146721422672272,-0.5003235340118408
44,1,Replay,4,own_client_rows,137596,888,0.0,0.0,0.0,0.022389956287486024,0.9921171171171171,0.04379162938661895,0.0,0.0,0.0,-0.14880718290805817,3.1983277797698975,-1.9098361730575562,3.3471349626779556,-5.108163952827454,-1.761028990149498,0.21687588095664978,-0.26676902174949646,0.013878864236176014,0.12715179589131276,0.02069535292685032,0.3146721422672272,-0.5003235340118408
44,1,Replay,4,validation,245526,1085,0.0,0.0,0.0,0.03742499393014464,0.9944700460829493,0.07213531220751437,0.0,0.0,0.0,-0.14237117767333984,3.3966941833496094,-1.9070024490356445,3.539065361022949,-5.303696632385254,-1.7646312713623047,0.21687588095664978,-0.26676902174949646,0.013878864236176014,0.12715179589131276,0.02069535292685032,0.3146721422672272,-0.5003235340118408
44,1,Replay,10,own_client_rows,76300,1914,0.0,0.0,0.0,0.34568574023614895,0.9942528735632183,0.5130071438199219,0.0,0.0,0.0,-0.14205831289291382,0.6429997682571411,-1.8726494312286377,0.7850580811500549,-2.515649199485779,-1.7305911183357239,0.12095736712217331,-0.5813055038452148,0.004292336292564869,0.12715179589131276,0.02069535292685032,0.3146721422672272,-0.5003235340118408
44,1,Replay,10,validation,245526,1085,0.0,0.0,0.0,0.03723128946551189,0.9944700460829493,0.07177542739306858,0.0,0.0,0.0,-0.14237117767333984,0.6793467402458191,-1.9070024490356445,0.8217179179191589,-2.5863491892814636,-1.7646312713623047,0.12095736712217331,-0.5813055038452148,0.004292336292564869,0.12715179589131276,0.02069535292685032,0.3146721422672272,-0.5003235340118408
44,5,Manipulation,2,own_client_rows,59592,1057,0.0,0.0,0.0,0.0,0.0,0.0,0.0,0.0,0.0,-12.081536293029785,-5.081312656402588,-13.701313018798828,7.000223636627197,-8.62000036239624,-1.619776725769043,0.11120425164699554,-0.913787305355072,0.0030820968095213175,0.09483583070637802,0.00884111225605011,0.2070128172636032,-0.9233824610710144
44,5,Manipulation,2,validation,245526,973,0.0,0.0,0.0,0.0,0.0,0.0,0.0,0.0,0.0,-11.771848678588867,-5.047452449798584,-13.357205390930176,6.724396228790283,-8.309752941131592,-1.5853567123413086,0.11120425164699554,-0.913787305355072,0.0030820968095213175,0.09483583070637802,0.00884111225605011,0.2070128172636032,-0.9233824610710144
44,5,Manipulation,13,own_client_rows,84436,3058,0.0,0.0,0.0,1.0,0.2485284499672989,0.39811419591409114,0.0,0.0,0.0,-12.027946472167969,-0.1432545781135559,-13.64244270324707,11.884691894054413,-13.499188125133514,-1.6144962310791016,0.14747051894664764,-0.9131482839584351,0.005791216157376766,0.09483583070637802,0.00884111225605011,0.2070128172636032,-0.9233824610710144
44,5,Manipulation,13,validation,245526,973,0.0,0.0,0.0,0.4375,0.26618705035971224,0.33099041533546325,0.0,0.0,0.0,-11.771848678588867,-0.13092099130153656,-13.357205390930176,11.64092768728733,-13.22628439962864,-1.5853567123413086,0.14747051894664764,-0.9131482839584351,0.005791216157376766,0.09483583070637802,0.00884111225605011,0.2070128172636032,-0.9233824610710144
44,5,Replay,1,own_client_rows,72601,901,0.0,0.0,0.0,0.9730021598272138,1.0,0.9863163656267104,0.0,0.0,0.0,-7.0835676193237305,2.6238057613372803,-7.718517303466797,9.70737338066101,-10.342323064804077,-0.6349496841430664,0.1275417059659958,-0.9297569394111633,0.004306572023779154,0.2048108712432105,0.021643802523612976,0.19183751940727234,-0.8978480100631714
44,5,Replay,1,validation,245526,1085,0.0,0.0,0.0,0.18269068866812593,1.0,0.30894077448747154,0.0,0.0,0.0,-7.369936466217041,2.733208417892456,-8.043818473815918,10.103144884109497,-10.777026891708374,-0.673882007598877,0.1275417059659958,-0.9297569394111633,0.004306572023779154,0.2048108712432105,0.021643802523612976,0.19183751940727234,-0.8978480100631714
44,5,Replay,4,own_client_rows,137596,888,0.0,0.0,0.0,0.4527235354573484,0.9921171171171171,0.6217360621030346,0.0,0.0,0.0,-7.270566463470459,3.0477802753448486,-7.92459774017334,10.318346738815308,-10.972378015518188,-0.6540312767028809,0.19855841994285583,-0.8428588509559631,0.012706647627055645,0.2048108712432105,0.021643802523612976,0.19183751940727234,-0.8978480100631714
44,5,Replay,4,validation,245526,1085,0.0,0.0,0.0,0.20213563132259274,0.9944700460829493,0.33598007161762417,0.0,0.0,0.0,-7.369936466217041,3.3088529109954834,-8.043818473815918,10.678789377212524,-11.352671384811401,-0.673882007598877,0.19855841994285583,-0.8428588509559631,0.012706647627055645,0.2048108712432105,0.021643802523612976,0.19183751940727234,-0.8978480100631714
44,5,Replay,10,own_client_rows,76300,1914,0.0,0.0,0.0,0.0,0.0,0.0,0.0,0.0,0.0,-7.199594974517822,-1.017374873161316,-7.849956512451172,6.182220101356506,-6.832581639289856,-0.6503615379333496,0.13326643407344818,-0.8803452849388123,0.004729140549898148,0.2048108712432105,0.021643802523612976,0.19183751940727234,-0.8978480100631714
44,5,Replay,10,validation,245526,1085,0.0,0.0,0.0,0.0,0.0,0.0,0.0,0.0,0.0,-7.369936466217041,-0.9656679630279541,-8.043818473815918,6.404268503189087,-7.078150510787964,-0.673882007598877,0.13326643407344818,-0.8803452849388123,0.004729140549898148,0.2048108712432105,0.021643802523612976,0.19183751940727234,-0.8978480100631714
44,10,Manipulation,2,own_client_rows,59592,1057,0.0,0.0,0.0,0.0,0.0,0.0,0.0,0.0,0.0,-16.26958656311035,-6.8197526931762695,-16.75895881652832,9.449833869934082,-9.93920612335205,-0.48937225341796875,0.10750355571508408,-0.9343426823616028,0.002979529555886984,0.09727388383087932,0.00820964016020298,0.21828429400920868,-0.9484857320785522
44,10,Manipulation,2,validation,245526,973,0.0,0.0,0.0,0.0,0.0,0.0,0.0,0.0,0.0,-15.843585014343262,-6.808414459228516,-16.357023239135742,9.035170555114746,-9.548608779907227,-0.5134382247924805,0.10750355571508408,-0.9343426823616028,0.002979529555886984,0.09727388383087932,0.00820964016020298,0.21828429400920868,-0.9484857320785522
44,10,Manipulation,13,own_client_rows,84436,3058,0.0,0.0,0.0,0.0,0.0,0.0,0.0,0.0,0.0,-16.219833374023438,-3.169597625732422,-16.74082374572754,13.050235748291016,-13.571226119995117,-0.5209903717041016,0.13388606905937195,-0.9452891945838928,0.005257749930024147,0.09727388383087932,0.00820964016020298,0.21828429400920868,-0.9484857320785522
44,10,Manipulation,13,validation,245526,973,0.0,0.0,0.0,0.0,0.0,0.0,0.0,0.0,0.0,-15.843585014343262,-3.159128427505493,-16.357023239135742,12.684456586837769,-13.197894811630249,-0.5134382247924805,0.13388606905937195,-0.9452891945838928,0.005257749930024147,0.09727388383087932,0.00820964016020298,0.21828429400920868,-0.9484857320785522
44,10,Replay,1,own_client_rows,72601,901,0.0,0.0,0.0,1.0,0.14206437291897892,0.2487852283770651,0.0,0.0,0.0,-7.989576816558838,-0.2227962762117386,-8.109357833862305,7.766780540347099,-7.886561557650566,-0.1197810173034668,0.12228234857320786,-0.923399031162262,0.0041289846412837505,0.2046648573001163,0.020899802446365356,0.19821001589298248,-0.8902286887168884
44,10,Replay,1,validation,245526,1085,0.0,0.0,0.0,0.39154929577464787,0.12811059907834102,0.19305555555555556,0.0,0.0,0.0,-8.39718246459961,-0.27507829666137695,-8.494601249694824,8.122104167938232,-8.219522953033447,-0.09741878509521484,0.12228234857320786,-0.923399031162262,0.0041289846412837505,0.2046648573001163,0.020899802446365356,0.19821001589298248,-0.8902286887168884
44,10,Replay,4,own_client_rows,137596,888,0.0,0.0,0.0,0.5836177474402731,0.9628378378378378,0.7267318317042074,0.0,0.0,0.0,-8.150554656982422,1.2726333141326904,-8.215250015258789,9.423187971115112,-9.48788332939148,-0.06469535827636719,0.19447565078735352,-0.8282548189163208,0.012445373460650444,0.2046648573001163,0.020899802446365356,0.19821001589298248,-0.8902286887168884
44,10,Replay,4,validation,245526,1085,0.0,0.0,0.0,0.239576134531214,0.9585253456221198,0.38333947659417617,0.0,0.0,0.0,-8.39718246459961,1.2898443937301636,-8.494601249694824,9.687026858329773,-9.784445643424988,-0.09741878509521484,0.19447565078735352,-0.8282548189163208,0.012445373460650444,0.2046648573001163,0.020899802446365356,0.19821001589298248,-0.8902286887168884
44,10,Replay,10,own_client_rows,76300,1914,0.0,0.0,0.0,0.0,0.0,0.0,0.0,0.0,0.0,-8.126433372497559,-2.610704183578491,-8.22972297668457,5.515729188919067,-5.619018793106079,-0.10328960418701172,0.12557213008403778,-0.8875389695167542,0.004456097725778818,0.2046648573001163,0.020899802446365356,0.19821001589298248,-0.8902286887168884
44,10,Replay,10,validation,245526,1085,0.0,0.0,0.0,0.0,0.0,0.0,0.0,0.0,0.0,-8.39718246459961,-2.579460620880127,-8.494601249694824,5.817721843719482,-5.915140628814697,-0.09741878509521484,0.12557213008403778,-0.8875389695167542,0.004456097725778818,0.2046648573001163,0.020899802446365356,0.19821001589298248,-0.8902286887168884
44,20,Manipulation,2,own_client_rows,59592,1057,0.0,0.0,0.0,0.0,0.0,0.0,0.0,0.0,0.0,-14.22363567352295,-4.0073113441467285,-14.490675926208496,10.21632432937622,-10.483364582061768,-0.2670402526855469,0.09794983267784119,-0.912747859954834,0.002714741975069046,0.1209865107690149,0.00723074097186327,0.17039169371128082,-0.9540316462516785
44,20,Manipulation,2,validation,245526,973,0.0,0.0,0.0,0.0,0.0,0.0,0.0,0.0,0.0,-13.9237060546875,-3.9959757328033447,-14.160889625549316,9.927730321884155,-10.164913892745972,-0.2371835708618164,0.09794983267784119,-0.912747859954834,0.002714741975069046,0.1209865107690149,0.00723074097186327,0.17039169371128082,-0.9540316462516785
44,20,Manipulation,13,own_client_rows,84436,3058,0.0,0.0,0.0,0.0,0.0,0.0,0.0,0.0,0.0,-14.252277374267578,-1.8907026052474976,-14.513357162475586,12.36157476902008,-12.622654557228088,-0.2610797882080078,0.11628676950931549,-0.9615760445594788,0.004566619638353586,0.1209865107690149,0.00723074097186327,0.17039169371128082,-0.9540316462516785
44,20,Manipulation,13,validation,245526,973,0.0,0.0,0.0,0.0,0.0,0.0,0.0,0.0,0.0,-13.9237060546875,-1.913832187652588,-14.160889625549316,12.009873867034912,-12.247057437896729,-0.2371835708618164,0.11628676950931549,-0.9615760445594788,0.004566619638353586,0.1209865107690149,0.00723074097186327,0.17039169371128082,-0.9540316462516785
44,20,Replay,1,own_client_rows,72601,901,0.0,0.0,0.0,0.0,0.0,0.0,0.0,0.0,0.0,-8.30517864227295,-1.088986873626709,-8.648797035217285,7.21619176864624,-7.559810161590576,-0.34361839294433594,0.10550720244646072,-0.847953736782074,0.0035625549498945475,0.2110789490228201,0.018054760992527008,0.1718856692314148,-0.8461806774139404
44,20,Replay,1,validation,245526,1085,0.0,0.0,0.0,0.0,0.0,0.0,0.0,0.0,0.0,-8.565762519836426,-1.0927231311798096,-8.95075798034668,7.473039388656616,-7.85803484916687,-0.3849954605102539,0.10550720244646072,-0.847953736782074,0.0035625549498945475,0.2110789490228201,0.018054760992527008,0.1718856692314148,-0.8461806774139404
44,20,Replay,4,own_client_rows,137596,888,0.0,0.0,0.0,0.0,0.0,0.0,0.0,0.0,0.0,-8.433552742004395,-1.6346631050109863,-8.800477027893066,6.798889636993408,-7.16581392288208,-0.3669242858886719,0.16689199209213257,-0.7653971910476685,0.010680170729756355,0.2110789490228201,0.018054760992527008,0.1718856692314148,-0.8461806774139404
44,20,Replay,4,validation,245526,1085,0.0,0.0,0.0,0.0,0.0,0.0,0.0,0.0,0.0,-8.565762519836426,-1.585731029510498,-8.95075798034668,6.980031490325928,-7.365026950836182,-0.3849954605102539,0.16689199209213257,-0.7653971910476685,0.010680170729756355,0.2110789490228201,0.018054760992527008,0.1718856692314148,-0.8461806774139404
44,20,Replay,10,own_client_rows,76300,1914,0.0,0.0,0.0,0.0,0.0,0.0,0.0,0.0,0.0,-8.383394241333008,-3.4468955993652344,-8.742465019226074,4.936498641967773,-5.29556941986084,-0.3590707778930664,0.11477474868297577,-0.850346565246582,0.004072938114404678,0.2110789490228201,0.018054760992527008,0.1718856692314148,-0.8461806774139404
44,20,Replay,10,validation,245526,1085,0.0,0.0,0.0,0.0,0.0,0.0,0.0,0.0,0.0,-8.565762519836426,-3.463688373565674,-8.95075798034668,5.102074146270752,-5.487069606781006,-0.3849954605102539,0.11477474868297577,-0.850346565246582,0.004072938114404678,0.2110789490228201,0.018054760992527008,0.1718856692314148,-0.8461806774139404
44,30,Manipulation,2,own_client_rows,59592,1057,0.0,0.0,0.0,0.0,0.0,0.0,0.0,0.0,0.0,-13.17898941040039,-2.544961452484131,-12.63133430480957,10.63402795791626,-10.08637285232544,0.5476551055908203,0.0913325697183609,-0.8127829432487488,0.0025313403457403183,0.11697223395670342,0.006634852848947048,0.161650612950325,-0.9083649516105652
44,30,Manipulation,2,validation,245526,973,0.0,0.0,0.0,0.0,0.0,0.0,0.0,0.0,0.0,-12.911250114440918,-2.5681498050689697,-12.379657745361328,10.343100309371948,-9.811507940292358,0.5315923690795898,0.0913325697183609,-0.8127829432487488,0.0025313403457403183,0.11697223395670342,0.006634852848947048,0.161650612950325,-0.9083649516105652
44,30,Manipulation,13,own_client_rows,84436,3058,0.0,0.0,0.0,0.0,0.0,0.0,0.0,0.0,0.0,-13.186388969421387,-1.2442140579223633,-12.624154090881348,11.942174911499023,-11.379940032958984,0.5622348785400391,0.10724706202745438,-0.9305242896080017,0.004211627412587404,0.11697223395670342,0.006634852848947048,0.161650612950325,-0.9083649516105652
44,30,Manipulation,13,validation,245526,973,0.0,0.0,0.0,0.0,0.0,0.0,0.0,0.0,0.0,-12.911250114440918,-1.324430227279663,-12.379657745361328,11.586819887161255,-11.055227518081665,0.5315923690795898,0.10724706202745438,-0.9305242896080017,0.004211627412587404,0.11697223395670342,0.006634852848947048,0.161650612950325,-0.9083649516105652
44,30,Replay,1,own_client_rows,72601,901,0.0,0.0,0.0,0.0,0.0,0.0,0.0,0.0,0.0,-9.487692832946777,-1.5170177221298218,-9.11534309387207,7.970675110816956,-7.5983253717422485,0.37234973907470703,0.09287365525960922,-0.8148945569992065,0.0031359707936644554,0.186806503726465,0.015047319233417511,0.16632767021656036,-0.8098532557487488
44,30,Replay,1,validation,245526,1085,0.0,0.0,0.0,0.0,0.0,0.0,0.0,0.0,0.0,-9.718724250793457,-1.444366216659546,-9.329520225524902,8.274358034133911,-7.8851540088653564,0.3892040252685547,0.09287365525960922,-0.8148945569992065,0.0031359707936644554,0.186806503726465,0.015047319233417511,0.16632767021656036,-0.8098532557487488
44,30,Replay,4,own_client_rows,137596,888,0.0,0.0,0.0,0.0,0.0,0.0,0.0,0.0,0.0,-9.693166732788086,-1.8868707418441772,-9.325789451599121,7.806295990943909,-7.438918709754944,0.36737728118896484,0.135591521859169,-0.7212117910385132,0.008677111938595772,0.186806503726465,0.015047319233417511,0.16632767021656036,-0.8098532557487488
44,30,Replay,4,validation,245526,1085,0.0,0.0,0.0,0.0,0.0,0.0,0.0,0.0,0.0,-9.718724250793457,-1.8766851425170898,-9.329520225524902,7.842039108276367,-7.4528350830078125,0.3892040252685547,0.135591521859169,-0.7212117910385132,0.008677111938595772,0.186806503726465,0.015047319233417511,0.16632767021656036,-0.8098532557487488
44,30,Replay,10,own_client_rows,76300,1914,0.0,0.0,0.0,0.0,0.0,0.0,0.0,0.0,0.0,-9.56361198425293,-3.47072696685791,-9.194147109985352,6.0928850173950195,-5.723420143127441,0.3694648742675781,0.10260599106550217,-0.7821736931800842,0.0036411129403859377,0.186806503726465,0.015047319233417511,0.16632767021656036,-0.8098532557487488
44,30,Replay,10,validation,245526,1085,0.0,0.0,0.0,0.0,0.0,0.0,0.0,0.0,0.0,-9.718724250793457,-3.40822696685791,-9.329520225524902,6.310497283935547,-5.921293258666992,0.3892040252685547,0.10260599106550217,-0.7821736931800842,0.0036411129403859377,0.186806503726465,0.015047319233417511,0.16632767021656036,-0.8098532557487488
44,45,Manipulation,2,own_client_rows,59592,1057,0.0,0.0,0.0,0.0,0.0,0.0,0.0,0.0,0.0,-13.407630920410156,-0.9040118455886841,-13.526968002319336,12.503619074821472,-12.622956156730652,-0.11933708190917969,0.08428905159235,-0.6949325799942017,0.0023361246567219496,0.1272528818778862,0.006084979511797428,0.1547441929578781,-0.8345884680747986
44,45,Manipulation,2,validation,245526,973,0.0,0.0,0.0,0.0,0.0,0.0,0.0,0.0,0.0,-13.322491645812988,-0.9100499153137207,-13.464791297912598,12.412441730499268,-12.554741382598877,-0.14229965209960938,0.08428905159235,-0.6949325799942017,0.0023361246567219496,0.1272528818778862,0.006084979511797428,0.1547441929578781,-0.8345884680747986
44,45,Manipulation,13,own_client_rows,84436,3058,0.0,0.0,0.0,0.0,0.0,0.0,0.0,0.0,0.0,-13.385284423828125,-0.6600150465965271,-13.510969161987305,12.725269377231598,-12.850954115390778,-0.1256847381591797,0.09926218539476395,-0.8667580485343933,0.003898059017956257,0.1272528818778862,0.006084979511797428,0.1547441929578781,-0.8345884680747986
44,45,Manipulation,13,validation,245526,973,0.0,0.0,0.0,0.0,0.0,0.0,0.0,0.0,0.0,-13.322491645812988,-0.6691106557846069,-13.464791297912598,12.653380990028381,-12.79568064212799,-0.14229965209960938,0.09926218539476395,-0.8667580485343933,0.003898059017956257,0.1272528818778862,0.006084979511797428,0.1547441929578781,-0.8345884680747986
44,45,Replay,1,own_client_rows,72601,901,0.0,0.0,0.0,0.0,0.0,0.0,0.0,0.0,0.0,-10.253247261047363,-0.6121792197227478,-10.400843620300293,9.641068041324615,-9.788664400577545,-0.1475963592529297,0.08397471904754639,-0.6872283816337585,0.0028354895766824484,0.177088576500258,0.013926112093031406,0.15838678181171417,-0.6651008129119873
44,45,Replay,1,validation,245526,1085,0.0,0.0,0.0,0.0,0.0,0.0,0.0,0.0,0.0,-10.18474292755127,-0.5909611582756042,-10.30609130859375,9.593781769275665,-9.715130150318146,-0.12134838104248047,0.08397471904754639,-0.6872283816337585,0.0028354895766824484,0.177088576500258,0.013926112093031406,0.15838678181171417,-0.6651008129119873
44,45,Replay,4,own_client_rows,137596,888,0.0,0.0,0.0,0.0,0.0,0.0,0.0,0.0,0.0,-10.439776420593262,-1.4611748456954956,-10.568602561950684,8.978601574897766,-9.107427716255188,-0.12882614135742188,0.1263502538204193,-0.5324915051460266,0.008085722103714943,0.177088576500258,0.013926112093031406,0.15838678181171417,-0.6651008129119873
44,45,Replay,4,validation,245526,1085,0.0,0.0,0.0,0.0,0.0,0.0,0.0,0.0,0.0,-10.18474292755127,-1.4581868648529053,-10.30609130859375,8.726556062698364,-8.847904443740845,-0.12134838104248047,0.1263502538204193,-0.5324915051460266,0.008085722103714943,0.177088576500258,0.013926112093031406,0.15838678181171417,-0.6651008129119873
44,45,Replay,10,own_client_rows,76300,1914,0.0,0.0,0.0,0.0,0.0,0.0,0.0,0.0,0.0,-10.284284591674805,-2.523513078689575,-10.420313835144043,7.7607715129852295,-7.896800756454468,-0.13602924346923828,0.09412369877099991,-0.6772730350494385,0.003340107621625066,0.177088576500258,0.013926112093031406,0.15838678181171417,-0.6651008129119873
44,45,Replay,10,validation,245526,1085,0.0,0.0,0.0,0.0,0.0,0.0,0.0,0.0,0.0,-10.18474292755127,-2.5045313835144043,-10.30609130859375,7.680211544036865,-7.801559925079346,-0.12134838104248047,0.09412369877099991,-0.6772730350494385,0.003340107621625066,0.177088576500258,0.013926112093031406,0.15838678181171417,-0.6651008129119873
55,1,Manipulation,2,own_client_rows,59592,1057,0.0,0.0,0.0,0.5715059588299025,0.9981078524124882,0.7268343093351705,0.0,0.0,0.0,-0.20089687407016754,0.6547484993934631,-2.5864267349243164,0.8556453734636307,-3.2411752343177795,-2.385529860854149,0.099848173558712,-0.5077208280563354,0.002767355879768729,0.07358774749958585,0.008025181479752064,0.3250500559806824,-0.7276361584663391
55,1,Manipulation,2,validation,245526,973,0.0,0.0,0.0,0.0268610473318764,0.9979445015416238,0.05231399170303324,0.0,0.0,0.0,-0.1900656521320343,0.6164380311965942,-2.542074203491211,0.8065036833286285,-3.158512234687805,-2.3520085513591766,0.099848173558712,-0.5077208280563354,0.002767355879768729,0.07358774749958585,0.008025181479752064,0.3250500559806824,-0.7276361584663391
55,1,Manipulation,13,own_client_rows,84436,3058,0.0,0.0,0.0,0.723102388271459,1.0,0.8393028681213119,0.0,0.0,0.0,-0.20250654220581055,3.6192057132720947,-2.5714383125305176,3.8217122554779053,-6.190644025802612,-2.368931770324707,0.1463865488767624,-0.7547125816345215,0.005748647730797529,0.07358774749958585,0.008025181479752064,0.3250500559806824,-0.7276361584663391
55,1,Manipulation,13,validation,245526,973,0.0,0.0,0.0,0.018136067101584344,1.0,0.03562601834392106,0.0,0.0,0.0,-0.1900656521320343,3.51515531539917,-2.542074203491211,3.7052209675312042,-6.057229518890381,-2.3520085513591766,0.1463865488767624,-0.7547125816345215,0.005748647730797529,0.07358774749958585,0.008025181479752064,0.3250500559806824,-0.7276361584663391
55,1,Replay,1,own_client_rows,72601,901,0.0,0.0,0.0,0.9147208121827411,1.0,0.9554612937433722,0.0,0.0,0.0,-0.3638002276420593,1.721349835395813,-3.9484779834747314,2.0851500630378723,-5.669827818870544,-3.584677755832672,0.11071688681840897,-0.7030594944953918,0.003738465253263712,0.1264387896106749,0.020096657797694206,0.28692004084587097,-0.4846683740615845
55,1,Replay,1,validation,245526,1085,0.0,0.0,0.0,0.02224545864599992,1.0,0.04352273411019074,0.0,0.0,0.0,-0.38542604446411133,1.7906396389007568,-4.037736415863037,2.176065683364868,-5.828376054763794,-3.652310371398926,0.11071688681840897,-0.7030594944953918,0.003738465253263712,0.1264387896106749,0.020096657797694206,0.28692004084587097,-0.4846683740615845
55,1,Replay,4,own_client_rows,137596,888,0.0,0.0,0.0,0.021944354497222707,0.9921171171171171,0.04293895455099306,0.0,0.0,0.0,-0.37265443801879883,2.8712050914764404,-3.9859671592712402,3.2438595294952393,-6.857172250747681,-3.6133127212524414,0.21065834164619446,-0.2390231490135193,0.013480976223945618,0.1264387896106749,0.020096657797694206,0.28692004084587097,-0.4846683740615845
55,1,Replay,4,validation,245526,1085,0.0,0.0,0.0,0.033833997052459944,0.9944700460829493,0.06544153323629306,0.0,0.0,0.0,-0.38542604446411133,3.006013870239258,-4.037736415863037,3.391439914703369,-7.043750286102295,-3.652310371398926,0.21065834164619446,-0.2390231490135193,0.013480976223945618,0.1264387896106749,0.020096657797694206,0.28692004084587097,-0.4846683740615845
55,1,Replay,10,own_client_rows,76300,1914,0.0,0.0,0.0,0.0,0.0,0.0,0.0,0.0,0.0,-0.36883628368377686,-0.25419044494628906,-3.9678292274475098,0.11464583873748779,-3.7136387825012207,-3.598992943763733,0.12238786369562149,-0.6349099278450012,0.0043430994264781475,0.1264387896106749,0.020096657797694206,0.28692004084587097,-0.4846683740615845
55,1,Replay,10,validation,245526,1085,0.0,0.0,0.0,0.0,0.0,0.0,0.0,0.0,0.0,-0.38542604446411133,-0.2476651668548584,-4.037736415863037,0.13776087760925293,-3.7900712490081787,-3.652310371398926,0.12238786369562149,-0.6349099278450012,0.0043430994264781475,0.1264387896106749,0.020096657797694206,0.28692004084587097,-0.4846683740615845
55,5,Manipulation,2,own_client_rows,59592,1057,0.0,0.0,0.0,0.0,0.0,0.0,0.0,0.0,0.0,-7.84136438369751,-2.2161593437194824,-8.979548454284668,5.625205039978027,-6.7633891105651855,-1.1381840705871582,0.11092998832464218,-0.9739861488342285,0.003074495354667306,0.09431327797205069,0.008781129494309425,0.20526649057865143,-0.9685329794883728
55,5,Manipulation,2,validation,245526,973,0.0,0.0,0.0,0.0,0.0,0.0,0.0,0.0,0.0,-7.574229717254639,-2.255201816558838,-8.673500061035156,5.319027900695801,-6.418298244476318,-1.0992703437805176,0.11092998832464218,-0.9739861488342285,0.003074495354667306,0.09431327797205069,0.008781129494309425,0.20526649057865143,-0.9685329794883728
55,5,Manipulation,13,own_client_rows,84436,3058,0.0,0.0,0.0,0.9877260981912145,1.0,0.9938251543711407,0.0,0.0,0.0,-7.7577290534973145,2.847628116607666,-8.893973350524902,10.60535717010498,-11.741601467132568,-1.136244297027588,0.14560788869857788,-0.959327220916748,0.0057180700823664665,0.09431327797205069,0.008781129494309425,0.20526649057865143,-0.9685329794883728
55,5,Manipulation,13,validation,245526,973,0.0,0.0,0.0,0.16287244727150987,1.0,0.28012091550309487,0.0,0.0,0.0,-7.574229717254639,2.8120222091674805,-8.673500061035156,10.38625192642212,-11.485522270202637,-1.0992703437805176,0.14560788869857788,-0.959327220916748,0.0057180700823664665,0.09431327797205069,0.008781129494309425,0.20526649057865143,-0.9685329794883728
55,5,Replay,1,own_client_rows,72601,901,0.0,0.0,0.0,0.9812154696132597,0.9855715871254163,0.9833887043189369,0.0,0.0,0.0,-9.343864440917969,1.8012210130691528,-9.966300010681152,11.145085453987122,-11.767521023750305,-0.6224355697631836,0.1283968836069107,-0.9563694596290588,0.004335447680205107,0.19772453338676665,0.020776016637682915,0.19317370653152466,-0.9471588134765625
55,5,Replay,1,validation,245526,1085,0.0,0.0,0.0,0.191734921816828,0.9493087557603687,0.3190336069382066,0.0,0.0,0.0,-9.642264366149902,1.8262228965759277,-10.314037322998047,11.46848726272583,-12.140260219573975,-0.6717729568481445,0.1283968836069107,-0.9563694596290588,0.004335447680205107,0.19772453338676665,0.020776016637682915,0.19317370653152466,-0.9471588134765625
55,5,Replay,4,own_client_rows,137596,888,0.0,0.0,0.0,0.44994892747701737,0.9921171171171171,0.6191145467322557,0.0,0.0,0.0,-9.469330787658691,3.214956521987915,-10.126056671142578,12.684287309646606,-13.341013193130493,-0.6567258834838867,0.18440353870391846,-0.9086431264877319,0.011800812557339668,0.19772453338676665,0.020776016637682915,0.19317370653152466,-0.9471588134765625
55,5,Replay,4,validation,245526,1085,0.0,0.0,0.0,0.20552380952380953,0.9944700460829493,0.34064719810576166,0.0,0.0,0.0,-9.642264366149902,3.3611419200897217,-10.314037322998047,13.003406286239624,-13.675179243087769,-0.6717729568481445,0.18440353870391846,-0.9086431264877319,0.011800812557339668,0.19772453338676665,0.020776016637682915,0.19317370653152466,-0.9471588134765625
55,5,Replay,10,own_client_rows,76300,1914,0.0,0.0,0.0,0.0,0.0,0.0,0.0,0.0,0.0,-9.464716911315918,-1.3754661083221436,-10.100492477416992,8.089250802993774,-8.725026369094849,-0.6357755661010742,0.13356958329677582,-0.9575890898704529,0.004739898256957531,0.19772453338676665,0.020776016637682915,0.19317370653152466,-0.9471588134765625
55,5,Replay,10,validation,245526,1085,0.0,0.0,0.0,0.0,0.0,0.0,0.0,0.0,0.0,-9.642264366149902,-1.3623220920562744,-10.314037322998047,8.279942274093628,-8.951715230941772,-0.6717729568481445,0.13356958329677582,-0.9575890898704529,0.004739898256957531,0.19772453338676665,0.020776016637682915,0.19317370653152466,-0.9471588134765625
55,10,Manipulation,2,own_client_rows,59592,1057,0.0,0.0,0.0,0.0,0.0,0.0,0.0,0.0,0.0,-12.158226013183594,-3.765251398086548,-12.903816223144531,8.392974615097046,-9.138564825057983,-0.7455902099609375,0.10692930221557617,-0.9724299311637878,0.002963613485917449,0.11140904367916915,0.008203408680856228,0.19409839808940887,-0.968646764755249
55,10,Manipulation,2,validation,245526,973,0.0,0.0,0.0,0.0,0.0,0.0,0.0,0.0,0.0,-11.738801002502441,-3.821524143218994,-12.413522720336914,7.917276859283447,-8.59199857711792,-0.6747217178344727,0.10692930221557617,-0.9724299311637878,0.002963613485917449,0.11140904367916915,0.008203408680856228,0.19409839808940887,-0.968646764755249
55,10,Manipulation,13,own_client_rows,84436,3058,0.0,0.0,0.0,0.0,0.0,0.0,0.0,0.0,0.0,-12.07277774810791,-0.49720636010169983,-12.812665939331055,11.57557138800621,-12.315459579229355,-0.7398881912231445,0.13368095457553864,-0.9603434205055237,0.005249695852398872,0.11140904367916915,0.008203408680856228,0.19409839808940887,-0.968646764755249
55,10,Manipulation,13,validation,245526,973,0.0,0.0,0.0,0.0,0.0,0.0,0.0,0.0,0.0,-11.738801002502441,-0.47990939021110535,-12.413522720336914,11.258891612291336,-11.933613330125809,-0.6747217178344727,0.13368095457553864,-0.9603434205055237,0.005249695852398872,0.11140904367916915,0.008203408680856228,0.19409839808940887,-0.968646764755249
55,10,Replay,1,own_client_rows,72601,901,0.0,0.0,0.0,1.0,0.11431742508324085,0.2051792828685259,0.0,0.0,0.0,-10.029120445251465,-0.34933698177337646,-10.016464233398438,9.679783463478088,-9.667127251625061,0.012656211853027344,0.12335071712732315,-0.9498398303985596,0.004165059421211481,0.22207754265725632,0.019679246470332146,0.17483989894390106,-0.9442318677902222
55,10,Replay,1,validation,245526,1085,0.0,0.0,0.0,0.3838383838383838,0.10506912442396313,0.1649782923299566,0.0,0.0,0.0,-10.503263473510742,-0.4323323965072632,-10.557269096374512,10.070931077003479,-10.124936699867249,-0.05400562286376953,0.12335071712732315,-0.9498398303985596,0.004165059421211481,0.22207754265725632,0.019679246470332146,0.17483989894390106,-0.9442318677902222
55,10,Replay,4,own_client_rows,137596,888,0.0,0.0,0.0,0.5717066839714471,0.9921171171171171,0.7254013997529848,0.0,0.0,0.0,-10.256650924682617,2.6436233520507812,-10.261337280273438,12.900274276733398,-12.904960632324219,-0.0046863555908203125,0.17367595434188843,-0.9122655391693115,0.011114305816590786,0.22207754265725632,0.019679246470332146,0.17483989894390106,-0.9442318677902222
55,10,Replay,4,validation,245526,1085,0.0,0.0,0.0,0.20655105973025048,0.9880184331797235,0.34167330677290836,0.0,0.0,0.0,-10.503263473510742,2.718012809753418,-10.557269096374512,13.22127628326416,-13.27528190612793,-0.05400562286376953,0.17367595434188843,-0.9122655391693115,0.011114305816590786,0.22207754265725632,0.019679246470332146,0.17483989894390106,-0.9442318677902222
55,10,Replay,10,own_client_rows,76300,1914,0.0,0.0,0.0,0.0,0.0,0.0,0.0,0.0,0.0,-10.200631141662598,-1.6903117895126343,-10.206890106201172,8.510319352149963,-8.516578316688538,-0.006258964538574219,0.1261717975139618,-0.9384915828704834,0.004477377515286207,0.22207754265725632,0.019679246470332146,0.17483989894390106,-0.9442318677902222
55,10,Replay,10,validation,245526,1085,0.0,0.0,0.0,0.0,0.0,0.0,0.0,0.0,0.0,-10.503263473510742,-1.6831268072128296,-10.557269096374512,8.820136666297913,-8.874142289161682,-0.05400562286376953,0.1261717975139618,-0.9384915828704834,0.004477377515286207,0.22207754265725632,0.019679246470332146,0.17483989894390106,-0.9442318677902222
55,20,Manipulation,2,own_client_rows,59592,1057,0.0,0.0,0.0,0.0,0.0,0.0,0.0,0.0,0.0,-17.087438583374023,-5.4010467529296875,-17.67610740661621,11.686391830444336,-12.275060653686523,-0.5886688232421875,0.09840254485607147,-0.9463274478912354,0.0027272889856249094,0.10147697871777306,0.0073869493789970875,0.1951829344034195,-0.9532468318939209
55,20,Manipulation,2,validation,245526,973,0.0,0.0,0.0,0.0,0.0,0.0,0.0,0.0,0.0,-16.366029739379883,-5.394853115081787,-16.943403244018555,10.971176624298096,-11.548550128936768,-0.5773735046386719,0.09840254485607147,-0.9463274478912354,0.0027272889856249094,0.10147697871777306,0.0073869493789970875,0.1951829344034195,-0.9532468318939209
55,20,Manipulation,13,own_client_rows,84436,3058,0.0,0.0,0.0,0.0,0.0,0.0,0.0,0.0,0.0,-16.979387283325195,-3.2969701290130615,-17.556583404541016,13.682417154312134,-14.259613275527954,-0.5771961212158203,0.11926589906215668,-0.9466409683227539,0.004683610983192921,0.10147697871777306,0.0073869493789970875,0.1951829344034195,-0.9532468318939209
55,20,Manipulation,13,validation,245526,973,0.0,0.0,0.0,0.0,0.0,0.0,0.0,0.0,0.0,-16.366029739379883,-3.279554843902588,-16.943403244018555,13.086474895477295,-13.663848400115967,-0.5773735046386719,0.11926589906215668,-0.9466409683227539,0.004683610983192921,0.10147697871777306,0.0073869493789970875,0.1951829344034195,-0.9532468318939209
55,20,Replay,1,own_client_rows,72601,901,0.0,0.0,0.0,0.0,0.0,0.0,0.0,0.0,0.0,-10.890254974365234,-2.1470110416412354,-11.399032592773438,8.743243932723999,-9.252021551132202,-0.5087776184082031,0.10611288249492645,-0.92190021276474,0.003583006327971816,0.21107275379934476,0.018912984058260918,0.18100066483020782,-0.9142867922782898
55,20,Replay,1,validation,245526,1085,0.0,0.0,0.0,0.0,0.0,0.0,0.0,0.0,0.0,-11.8399658203125,-2.3764419555664062,-12.403411865234375,9.463523864746094,-10.026969909667969,-0.563446044921875,0.10611288249492645,-0.92190021276474,0.003583006327971816,0.21107275379934476,0.018912984058260918,0.18100066483020782,-0.9142867922782898
55,20,Replay,4,own_client_rows,137596,888,0.0,0.0,0.0,0.0,0.0,0.0,0.0,0.0,0.0,-11.299870491027832,-2.8808202743530273,-11.840871810913086,8.419050216674805,-8.960051536560059,-0.5410013198852539,0.18090485036373138,-0.8638004064559937,0.01157691515982151,0.21107275379934476,0.018912984058260918,0.18100066483020782,-0.9142867922782898
55,20,Replay,4,validation,245526,1085,0.0,0.0,0.0,0.0,0.0,0.0,0.0,0.0,0.0,-11.8399658203125,-3.0693845748901367,-12.403411865234375,8.770581245422363,-9.334027290344238,-0.563446044921875,0.18090485036373138,-0.8638004064559937,0.01157691515982151,0.21107275379934476,0.018912984058260918,0.18100066483020782,-0.9142867922782898
55,20,Replay,10,own_client_rows,76300,1914,0.0,0.0,0.0,0.0,0.0,0.0,0.0,0.0,0.0,-11.221330642700195,-2.9532899856567383,-11.753300666809082,8.268040657043457,-8.800010681152344,-0.5319700241088867,0.11533451825380325,-0.8824150562286377,0.004092802293598652,0.21107275379934476,0.018912984058260918,0.18100066483020782,-0.9142867922782898
55,20,Replay,10,validation,245526,1085,0.0,0.0,0.0,0.0,0.0,0.0,0.0,0.0,0.0,-11.8399658203125,-3.025587320327759,-12.403411865234375,8.814378499984741,-9.377824544906616,-0.563446044921875,0.11533451825380325,-0.8824150562286377,0.004092802293598652,0.21107275379934476,0.018912984058260918,0.18100066483020782,-0.9142867922782898
55,30,Manipulation,2,own_client_rows,59592,1057,0.0,0.0,0.0,0.0,0.0,0.0,0.0,0.0,0.0,-16.329301834106445,-4.4328813552856445,-15.490015029907227,11.8964204788208,-11.057133674621582,0.8392868041992188,0.08912008255720139,-0.8235037326812744,0.0024700199719518423,0.12465923239189758,0.006573773454874754,0.1653280407190323,-0.9246688485145569
55,30,Manipulation,2,validation,245526,973,0.0,0.0,0.0,0.0,0.0,0.0,0.0,0.0,0.0,-15.910263061523438,-4.446033954620361,-15.098579406738281,11.464229106903076,-10.65254545211792,0.8116836547851562,0.08912008255720139,-0.8235037326812744,0.0024700199719518423,0.12465923239189758,0.006573773454874754,0.1653280407190323,-0.9246688485145569
55,30,Manipulation,13,own_client_rows,84436,3058,0.0,0.0,0.0,0.0,0.0,0.0,0.0,0.0,0.0,-16.271942138671875,-2.637172222137451,-15.446283340454102,13.634769916534424,-12.80911111831665,0.8256587982177734,0.10811761766672134,-0.9431411623954773,0.0042458148673176765,0.12465923239189758,0.006573773454874754,0.1653280407190323,-0.9246688485145569
55,30,Manipulation,13,validation,245526,973,0.0,0.0,0.0,0.0,0.0,0.0,0.0,0.0,0.0,-15.910263061523438,-2.6580324172973633,-15.098579406738281,13.252230644226074,-12.440546989440918,0.8116836547851562,0.10811761766672134,-0.9431411623954773,0.0042458148673176765,0.12465923239189758,0.006573773454874754,0.1653280407190323,-0.9246688485145569
55,30,Replay,1,own_client_rows,72601,901,0.0,0.0,0.0,0.0,0.0,0.0,0.0,0.0,0.0,-10.6486234664917,-2.6486196517944336,-9.90512752532959,8.000003814697266,-7.256507873535156,0.7434959411621094,0.09384606778621674,-0.8249263763427734,0.003168805269524455,0.20742601206517752,0.01577519252896309,0.1603192836046219,-0.7933363914489746
55,30,Replay,1,validation,245526,1085,0.0,0.0,0.0,0.0,0.0,0.0,0.0,0.0,0.0,-11.218995094299316,-2.739405870437622,-10.418492317199707,8.479589223861694,-7.679086446762085,0.8005027770996094,0.09384606778621674,-0.8249263763427734,0.003168805269524455,0.20742601206517752,0.01577519252896309,0.1603192836046219,-0.7933363914489746
55,30,Replay,4,own_client_rows,137596,888,0.0,0.0,0.0,0.0,0.0,0.0,0.0,0.0,0.0,-10.995848655700684,-2.5495338439941406,-10.254650115966797,8.446314811706543,-7.705116271972656,0.7411985397338867,0.15022654831409454,-0.6662333011627197,0.009613673202693462,0.20742601206517752,0.01577519252896309,0.1603192836046219,-0.7933363914489746
55,30,Replay,4,validation,245526,1085,0.0,0.0,0.0,0.0,0.0,0.0,0.0,0.0,0.0,-11.218995094299316,-2.5179531574249268,-10.418492317199707,8.70104193687439,-7.90053915977478,0.8005027770996094,0.15022654831409454,-0.6662333011627197,0.009613673202693462,0.20742601206517752,0.01577519252896309,0.1603192836046219,-0.7933363914489746
55,30,Replay,10,own_client_rows,76300,1914,0.0,0.0,0.0,0.0,0.0,0.0,0.0,0.0,0.0,-10.836226463317871,-3.260864734649658,-10.066563606262207,7.575361728668213,-6.805698871612549,0.7696628570556641,0.10084236413240433,-0.7955856919288635,0.003578528296202421,0.20742601206517752,0.01577519252896309,0.1603192836046219,-0.7933363914489746
55,30,Replay,10,validation,245526,1085,0.0,0.0,0.0,0.0,0.0,0.0,0.0,0.0,0.0,-11.218995094299316,-3.3592753410339355,-10.418492317199707,7.859719753265381,-7.0592169761657715,0.8005027770996094,0.10084236413240433,-0.7955856919288635,0.003578528296202421,0.20742601206517752,0.01577519252896309,0.1603192836046219,-0.7933363914489746
55,45,Manipulation,2,own_client_rows,59592,1057,0.0,0.0,0.0,0.0,0.0,0.0,0.0,0.0,0.0,-13.665468215942383,-2.6115095615386963,-14.024701118469238,11.053958654403687,-11.413191556930542,-0.35923290252685547,0.08536896109580994,-0.2928990423679352,0.0023660550359636545,0.13519288030880028,0.005541152786463499,0.1412554830312729,-0.709436297416687
55,45,Manipulation,2,validation,245526,973,0.0,0.0,0.0,0.0,0.0,0.0,0.0,0.0,0.0,-13.43339729309082,-2.696953296661377,-13.796009063720703,10.736443996429443,-11.099055767059326,-0.3626117706298828,0.08536896109580994,-0.2928990423679352,0.0023660550359636545,0.13519288030880028,0.005541152786463499,0.1412554830312729,-0.709436297416687
55,45,Manipulation,13,own_client_rows,84436,3058,0.0,0.0,0.0,0.0,0.0,0.0,0.0,0.0,0.0,-13.591952323913574,-0.8442639708518982,-13.926939010620117,12.747688353061676,-13.082675039768219,-0.33498668670654297,0.09397146105766296,-0.8469465374946594,0.0036902904976159334,0.13519288030880028,0.005541152786463499,0.1412554830312729,-0.709436297416687
55,45,Manipulation,13,validation,245526,973,0.0,0.0,0.0,0.0,0.0,0.0,0.0,0.0,0.0,-13.43339729309082,-0.8973304629325867,-13.796009063720703,12.536066830158234,-12.898678600788116,-0.3626117706298828,0.09397146105766296,-0.8469465374946594,0.0036902904976159334,0.13519288030880028,0.005541152786463499,0.1412554830312729,-0.709436297416687
55,45,Replay,1,own_client_rows,72601,901,0.0,0.0,0.0,0.0,0.0,0.0,0.0,0.0,0.0,-8.794705390930176,-2.451704978942871,-9.010125160217285,6.343000411987305,-6.558420181274414,-0.21541976928710938,0.08625293523073196,-0.4714159071445465,0.0029124158900231123,0.19896078941735995,0.015269837342202663,0.1381174474954605,-0.4164668321609497
55,45,Replay,1,validation,245526,1085,0.0,0.0,0.0,0.0,0.0,0.0,0.0,0.0,0.0,-9.085850715637207,-2.334965944290161,-9.303068161010742,6.750884771347046,-6.968102216720581,-0.21721744537353516,0.08625293523073196,-0.4714159071445465,0.0029124158900231123,0.19896078941735995,0.015269837342202663,0.1381174474954605,-0.4164668321609497
55,45,Replay,4,own_client_rows,137596,888,0.0,0.0,0.0,0.0,0.0,0.0,0.0,0.0,0.0,-9.073984146118164,-4.042872905731201,-9.300848960876465,5.031111240386963,-5.257976055145264,-0.22686481475830078,0.15710307657718658,-0.19970890879631042,0.010053733363747597,0.19896078941735995,0.015269837342202663,0.1381174474954605,-0.4164668321609497
55,45,Replay,4,validation,245526,1085,0.0,0.0,0.0,0.0,0.0,0.0,0.0,0.0,0.0,-9.085850715637207,-3.911062240600586,-9.303068161010742,5.174788475036621,-5.392005920410156,-0.21721744537353516,0.15710307657718658,-0.19970890879631042,0.010053733363747597,0.19896078941735995,0.015269837342202663,0.1381174474954605,-0.4164668321609497
55,45,Replay,10,own_client_rows,76300,1914,0.0,0.0,0.0,0.0,0.0,0.0,0.0,0.0,0.0,-8.905974388122559,-2.2628350257873535,-9.131394386291504,6.643139362335205,-6.86855936050415,-0.2254199981689453,0.09727263450622559,-0.43133875727653503,0.0034518511965870857,0.19896078941735995,0.015269837342202663,0.1381174474954605,-0.4164668321609497
55,45,Replay,10,validation,245526,1085,0.0,0.0,0.0,0.0,0.0,0.0,0.0,0.0,0.0,-9.085850715637207,-2.300745725631714,-9.303068161010742,6.785104990005493,-7.002322435379028,-0.21721744537353516,0.09727263450622559,-0.43133875727653503,0.0034518511965870857,0.19896078941735995,0.015269837342202663,0.1381174474954605,-0.4164668321609497
