seed,round,class,client_a,client_b,role_a,role_b,cosine_similarity
11,1,Manipulation,0,1,non_holder,non_holder,0.9023237824440002
11,1,Manipulation,0,2,non_holder,holder,-0.5228551626205444
11,1,Manipulation,0,3,non_holder,non_holder,0.9253164529800415
11,1,Manipulation,0,4,non_holder,non_holder,0.9155275821685791
11,1,Manipulation,0,5,non_holder,non_holder,0.9058558940887451
11,1,Manipulation,0,6,non_holder,non_holder,0.8548309803009033
11,1,Manipulation,0,7,non_holder,non_holder,0.910364031791687
11,1,Manipulation,0,8,non_holder,non_holder,0.9158060550689697
11,1,Manipulation,0,9,non_holder,non_holder,0.9218881130218506
11,1,Manipulation,0,10,non_holder,non_holder,0.9014593958854675
11,1,Manipulation,0,11,non_holder,non_holder,0.8972545266151428
11,1,Manipulation,0,12,non_holder,non_holder,0.9144827127456665
11,1,Manipulation,0,13,non_holder,holder,-0.6790499091148376
11,1,Manipulation,0,14,non_holder,non_holder,0.9091382622718811
11,1,Manipulation,1,2,non_holder,holder,-0.5829933881759644
11,1,Manipulation,1,3,non_holder,non_holder,0.9536125659942627
11,1,Manipulation,1,4,non_holder,non_holder,0.9717791676521301
11,1,Manipulation,1,5,non_holder,non_holder,0.9532403945922852
11,1,Manipulation,1,6,non_holder,non_holder,0.9034426212310791
11,1,Manipulation,1,7,non_holder,non_holder,0.9712774753570557
11,1,Manipulation,1,8,non_holder,non_holder,0.9338987469673157
11,1,Manipulation,1,9,non_holder,non_holder,0.9852953553199768
11,1,Manipulation,1,10,non_holder,non_holder,0.9791221022605896
11,1,Manipulation,1,11,non_holder,non_holder,0.9706013202667236
11,1,Manipulation,1,12,non_holder,non_holder,0.9765991568565369
11,1,Manipulation,1,13,non_holder,holder,-0.7291683554649353
11,1,Manipulation,1,14,non_holder,non_holder,0.970440149307251
11,1,Manipulation,2,3,holder,non_holder,-0.5099838376045227
11,1,Manipulation,2,4,holder,non_holder,-0.5757229328155518
11,1,Manipulation,2,5,holder,non_holder,-0.6288791298866272
11,1,Manipulation,2,6,holder,non_holder,-0.4166931211948395
11,1,Manipulation,2,7,holder,non_holder,-0.6223737597465515
11,1,Manipulation,2,8,holder,non_holder,-0.5404134392738342
11,1,Manipulation,2,9,holder,non_holder,-0.6055418848991394
11,1,Manipulation,2,10,holder,non_holder,-0.5703434944152832
11,1,Manipulation,2,11,holder,non_holder,-0.5788207054138184
11,1,Manipulation,2,12,holder,non_holder,-0.6107672452926636
11,1,Manipulation,2,13,holder,holder,0.8394684195518494
11,1,Manipulation,2,14,holder,non_holder,-0.5668253302574158
11,1,Manipulation,3,4,non_holder,non_holder,0.9528488516807556
11,1,Manipulation,3,5,non_holder,non_holder,0.928492546081543
11,1,Manipulation,3,6,non_holder,non_holder,0.9284796714782715
11,1,Manipulation,3,7,non_holder,non_holder,0.942379891872406
11,1,Manipulation,3,8,non_holder,non_holder,0.939580500125885
11,1,Manipulation,3,9,non_holder,non_holder,0.9658622145652771
11,1,Manipulation,3,10,non_holder,non_holder,0.9582656025886536
11,1,Manipulation,3,11,non_holder,non_holder,0.942920446395874
11,1,Manipulation,3,12,non_holder,non_holder,0.9550302028656006
11,1,Manipulation,3,13,non_holder,holder,-0.6684396862983704
11,1,Manipulation,3,14,non_holder,non_holder,0.944584310054779
11,1,Manipulation,4,5,non_holder,non_holder,0.9503259658813477
11,1,Manipulation,4,6,non_holder,non_holder,0.9120959639549255
11,1,Manipulation,4,7,non_holder,non_holder,0.9609441161155701
11,1,Manipulation,4,8,non_holder,non_holder,0.9070606231689453
11,1,Manipulation,4,9,non_holder,non_holder,0.9627504348754883
11,1,Manipulation,4,10,non_holder,non_holder,0.9739775657653809
11,1,Manipulation,4,11,non_holder,non_holder,0.9384344220161438
11,1,Manipulation,4,12,non_holder,non_holder,0.9615224599838257
11,1,Manipulation,4,13,non_holder,holder,-0.6977712512016296
11,1,Manipulation,4,14,non_holder,non_holder,0.951975405216217
11,1,Manipulation,5,6,non_holder,non_holder,0.8894897103309631
11,1,Manipulation,5,7,non_holder,non_holder,0.9764752984046936
11,1,Manipulation,5,8,non_holder,non_holder,0.9185166954994202
11,1,Manipulation,5,9,non_holder,non_holder,0.9651135206222534
11,1,Manipulation,5,10,non_holder,non_holder,0.9432778358459473
11,1,Manipulation,5,11,non_holder,non_holder,0.9470715522766113
11,1,Manipulation,5,12,non_holder,non_holder,0.9695097208023071
11,1,Manipulation,5,13,non_holder,holder,-0.7379815578460693
11,1,Manipulation,5,14,non_holder,non_holder,0.9580028057098389
11,1,Manipulation,6,7,non_holder,non_holder,0.8981696963310242
11,1,Manipulation,6,8,non_holder,non_holder,0.8891769051551819
11,1,Manipulation,6,9,non_holder,non_holder,0.9119703769683838
11,1,Manipulation,6,10,non_holder,non_holder,0.9071715474128723
11,1,Manipulation,6,11,non_holder,non_holder,0.8954377770423889
11,1,Manipulation,6,12,non_holder,non_holder,0.913719117641449
11,1,Manipulation,6,13,non_holder,holder,-0.5652779340744019
11,1,Manipulation,6,14,non_holder,non_holder,0.9064217805862427
11,1,Manipulation,7,8,non_holder,non_holder,0.9264325499534607
11,1,Manipulation,7,9,non_holder,non_holder,0.9809395670890808
11,1,Manipulation,7,10,non_holder,non_holder,0.9665319323539734
11,1,Manipulation,7,11,non_holder,non_holder,0.9599627256393433
11,1,Manipulation,7,12,non_holder,non_holder,0.9906544089317322
11,1,Manipulation,7,13,non_holder,holder,-0.7645949721336365
11,1,Manipulation,7,14,non_holder,non_holder,0.9790456891059875
11,1,Manipulation,8,9,non_holder,non_holder,0.9599127769470215
11,1,Manipulation,8,10,non_holder,non_holder,0.9072656035423279
11,1,Manipulation,8,11,non_holder,non_holder,0.9417367577552795
11,1,Manipulation,8,12,non_holder,non_holder,0.928089439868927
11,1,Manipulation,8,13,non_holder,holder,-0.6675595045089722
11,1,Manipulation,8,14,non_holder,non_holder,0.9431541562080383
11,1,Manipulation,9,10,non_holder,non_holder,0.9731229543685913
11,1,Manipulation,9,11,non_holder,non_holder,0.9844905138015747
11,1,Manipulation,9,12,non_holder,non_holder,0.9859216213226318
11,1,Manipulation,9,13,non_holder,holder,-0.747480034828186
11,1,Manipulation,9,14,non_holder,non_holder,0.9799124598503113
11,1,Manipulation,10,11,non_holder,non_holder,0.9587406516075134
11,1,Manipulation,10,12,non_holder,non_holder,0.9749157428741455
11,1,Manipulation,10,13,non_holder,holder,-0.7212334275245667
11,1,Manipulation,10,14,non_holder,non_holder,0.9497056603431702
11,1,Manipulation,11,12,non_holder,non_holder,0.9657880663871765
11,1,Manipulation,11,13,non_holder,holder,-0.7323091626167297
11,1,Manipulation,11,14,non_holder,non_holder,0.9638954401016235
11,1,Manipulation,12,13,non_holder,holder,-0.7683222889900208
11,1,Manipulation,12,14,non_holder,non_holder,0.9703195691108704
11,1,Manipulation,13,14,holder,non_holder,-0.7193363308906555
11,1,Replay,0,1,non_holder,holder,-0.7191166877746582
11,1,Replay,0,2,non_holder,non_holder,0.9108067154884338
11,1,Replay,0,3,non_holder,non_holder,0.9298766851425171
11,1,Replay,0,4,non_holder,holder,-0.3994312286376953
11,1,Replay,0,5,non_holder,non_holder,0.9070640802383423
11,1,Replay,0,6,non_holder,non_holder,0.8581274151802063
11,1,Replay,0,7,non_holder,non_holder,0.9143466949462891
11,1,Replay,0,8,non_holder,non_holder,0.9201210737228394
11,1,Replay,0,9,non_holder,non_holder,0.9256604313850403
11,1,Replay,0,10,non_holder,holder,-0.7723985910415649
11,1,Replay,0,11,non_holder,non_holder,0.9006593823432922
11,1,Replay,0,12,non_holder,non_holder,0.9193410277366638
11,1,Replay,0,13,non_holder,non_holder,0.902626097202301
11,1,Replay,0,14,non_holder,non_holder,0.9117797613143921
11,1,Replay,1,2,holder,non_holder,-0.8300625681877136
11,1,Replay,1,3,holder,non_holder,-0.7562023401260376
11,1,Replay,1,4,holder,holder,0.8387194275856018
11,1,Replay,1,5,holder,non_holder,-0.7928024530410767
11,1,Replay,1,6,holder,non_holder,-0.6558299660682678
11,1,Replay,1,7,holder,non_holder,-0.8207041621208191
11,1,Replay,1,8,holder,non_holder,-0.7289945483207703
11,1,Replay,1,9,holder,non_holder,-0.8079826235771179
11,1,Replay,1,10,holder,holder,0.8863890171051025
11,1,Replay,1,11,holder,non_holder,-0.7683468461036682
11,1,Replay,1,12,holder,non_holder,-0.821823239326477
11,1,Replay,1,13,holder,non_holder,-0.8088124394416809
11,1,Replay,1,14,holder,non_holder,-0.7785742282867432
11,1,Replay,2,3,non_holder,non_holder,0.9479140043258667
11,1,Replay,2,4,non_holder,holder,-0.5418016910552979
11,1,Replay,2,5,non_holder,non_holder,0.9626550078392029
11,1,Replay,2,6,non_holder,non_holder,0.902449369430542
11,1,Replay,2,7,non_holder,non_holder,0.9845203161239624
11,1,Replay,2,8,non_holder,non_holder,0.9229446649551392
11,1,Replay,2,9,non_holder,non_holder,0.9805058836936951
11,1,Replay,2,10,non_holder,holder,-0.8428226113319397
11,1,Replay,2,11,non_holder,non_holder,0.9566912055015564
11,1,Replay,2,12,non_holder,non_holder,0.994490385055542
11,1,Replay,2,13,non_holder,non_holder,0.9788012504577637
11,1,Replay,2,14,non_holder,non_holder,0.9605881571769714
11,1,Replay,3,4,non_holder,holder,-0.4746355712413788
11,1,Replay,3,5,non_holder,non_holder,0.9320854544639587
11,1,Replay,3,6,non_holder,non_holder,0.9300193190574646
11,1,Replay,3,7,non_holder,non_holder,0.9465164542198181
11,1,Replay,3,8,non_holder,non_holder,0.9431845545768738
11,1,Replay,3,9,non_holder,non_holder,0.9688313007354736
11,1,Replay,3,10,non_holder,holder,-0.7878749966621399
11,1,Replay,3,11,non_holder,non_holder,0.946085512638092
11,1,Replay,3,12,non_holder,non_holder,0.9587483406066895
11,1,Replay,3,13,non_holder,non_holder,0.9393991231918335
11,1,Replay,3,14,non_holder,non_holder,0.9483944773674011
11,1,Replay,4,5,holder,non_holder,-0.4876152575016022
11,1,Replay,4,6,holder,non_holder,-0.3592173755168915
11,1,Replay,4,7,holder,non_holder,-0.5268258452415466
11,1,Replay,4,8,holder,non_holder,-0.42817768454551697
11,1,Replay,4,9,holder,non_holder,-0.5207399725914001
11,1,Replay,4,10,holder,holder,0.7774203419685364
11,1,Replay,4,11,holder,non_holder,-0.4833310842514038
11,1,Replay,4,12,holder,non_holder,-0.5357810258865356
11,1,Replay,4,13,holder,non_holder,-0.5124686360359192
11,1,Replay,4,14,holder,non_holder,-0.477109432220459
11,1,Replay,5,6,non_holder,non_holder,0.8870605230331421
11,1,Replay,5,7,non_holder,non_holder,0.976939857006073
11,1,Replay,5,8,non_holder,non_holder,0.9188639521598816
11,1,Replay,5,9,non_holder,non_holder,0.965455174446106
11,1,Replay,5,10,non_holder,holder,-0.8259170055389404
11,1,Replay,5,11,non_holder,non_holder,0.9449098706245422
11,1,Replay,5,12,non_holder,non_holder,0.9692854881286621
11,1,Replay,5,13,non_holder,non_holder,0.9409468173980713
11,1,Replay,5,14,non_holder,non_holder,0.9590522646903992
11,1,Replay,6,7,non_holder,non_holder,0.8971570134162903
11,1,Replay,6,8,non_holder,non_holder,0.8921841979026794
11,1,Replay,6,9,non_holder,non_holder,0.912355363368988
11,1,Replay,6,10,non_holder,holder,-0.6830533742904663
11,1,Replay,6,11,non_holder,non_holder,0.8961042165756226
11,1,Replay,6,12,non_holder,non_holder,0.914067804813385
11,1,Replay,6,13,non_holder,non_holder,0.9006195664405823
11,1,Replay,6,14,non_holder,non_holder,0.905602753162384
11,1,Replay,7,8,non_holder,non_holder,0.9277582168579102
11,1,Replay,7,9,non_holder,non_holder,0.9817389845848083
11,1,Replay,7,10,non_holder,holder,-0.8516150712966919
11,1,Replay,7,11,non_holder,non_holder,0.9579827785491943
11,1,Replay,7,12,non_holder,non_holder,0.990520179271698
11,1,Replay,7,13,non_holder,non_holder,0.9646678566932678
11,1,Replay,7,14,non_holder,non_holder,0.979922890663147
11,1,Replay,8,9,non_holder,non_holder,0.958831250667572
11,1,Replay,8,10,non_holder,holder,-0.7447405457496643
11,1,Replay,8,11,non_holder,non_holder,0.942505419254303
11,1,Replay,8,12,non_holder,non_holder,0.9294087290763855
11,1,Replay,8,13,non_holder,non_holder,0.9122665524482727
11,1,Replay,8,14,non_holder,non_holder,0.9436962604522705
11,1,Replay,9,10,non_holder,holder,-0.8307153582572937
11,1,Replay,9,11,non_holder,non_holder,0.9836077690124512
11,1,Replay,9,12,non_holder,non_holder,0.9873495101928711
11,1,Replay,9,13,non_holder,non_holder,0.9725337028503418
11,1,Replay,9,14,non_holder,non_holder,0.9798272848129272
11,1,Replay,10,11,holder,non_holder,-0.8031558990478516
11,1,Replay,10,12,holder,non_holder,-0.8415332436561584
11,1,Replay,10,13,holder,non_holder,-0.8072502613067627
11,1,Replay,10,14,holder,non_holder,-0.7948539853096008
11,1,Replay,11,12,non_holder,non_holder,0.9643158316612244
11,1,Replay,11,13,non_holder,non_holder,0.9627501368522644
11,1,Replay,11,14,non_holder,non_holder,0.9643256068229675
11,1,Replay,12,13,non_holder,non_holder,0.9752050638198853
11,1,Replay,12,14,non_holder,non_holder,0.9708952903747559
11,1,Replay,13,14,non_holder,non_holder,0.9530432820320129
11,5,Manipulation,0,1,non_holder,non_holder,0.8750858306884766
11,5,Manipulation,0,2,non_holder,holder,-0.7504103183746338
11,5,Manipulation,0,3,non_holder,non_holder,0.9018904566764832
11,5,Manipulation,0,4,non_holder,non_holder,0.8810628652572632
11,5,Manipulation,0,5,non_holder,non_holder,0.92130446434021
11,5,Manipulation,0,6,non_holder,non_holder,0.8947899341583252
11,5,Manipulation,0,7,non_holder,non_holder,0.9092962145805359
11,5,Manipulation,0,8,non_holder,non_holder,0.8814241886138916
11,5,Manipulation,0,9,non_holder,non_holder,0.9033983945846558
11,5,Manipulation,0,10,non_holder,non_holder,0.8725390434265137
11,5,Manipulation,0,11,non_holder,non_holder,0.8759019374847412
11,5,Manipulation,0,12,non_holder,non_holder,0.906544029712677
11,5,Manipulation,0,13,non_holder,holder,-0.8120487332344055
11,5,Manipulation,0,14,non_holder,non_holder,0.8799585103988647
11,5,Manipulation,1,2,non_holder,holder,-0.9054179191589355
11,5,Manipulation,1,3,non_holder,non_holder,0.9672700762748718
11,5,Manipulation,1,4,non_holder,non_holder,0.9919934272766113
11,5,Manipulation,1,5,non_holder,non_holder,0.9799883961677551
11,5,Manipulation,1,6,non_holder,non_holder,0.9408093094825745
11,5,Manipulation,1,7,non_holder,non_holder,0.9899153113365173
11,5,Manipulation,1,8,non_holder,non_holder,0.9614829421043396
11,5,Manipulation,1,9,non_holder,non_holder,0.9885540008544922
11,5,Manipulation,1,10,non_holder,non_holder,0.9979677796363831
11,5,Manipulation,1,11,non_holder,non_holder,0.987824022769928
11,5,Manipulation,1,12,non_holder,non_holder,0.9931616187095642
11,5,Manipulation,1,13,non_holder,holder,-0.9462887048721313
11,5,Manipulation,1,14,non_holder,non_holder,0.9785499572753906
11,5,Manipulation,2,3,holder,non_holder,-0.803204357624054
11,5,Manipulation,2,4,holder,non_holder,-0.9159143567085266
11,5,Manipulation,2,5,holder,non_holder,-0.8824970722198486
11,5,Manipulation,2,6,holder,non_holder,-0.8347823619842529
11,5,Manipulation,2,7,holder,non_holder,-0.8918692469596863
11,5,Manipulation,2,8,holder,non_holder,-0.8009006381034851
11,5,Manipulation,2,9,holder,non_holder,-0.8796835541725159
11,5,Manipulation,2,10,holder,non_holder,-0.9132680296897888
11,5,Manipulation,2,11,holder,non_holder,-0.8775901794433594
11,5,Manipulation,2,12,holder,non_holder,-0.8907870054244995
11,5,Manipulation,2,13,holder,holder,0.9725251197814941
11,5,Manipulation,2,14,holder,non_holder,-0.8502123355865479
11,5,Manipulation,3,4,non_holder,non_holder,0.9505233764648438
11,5,Manipulation,3,5,non_holder,non_holder,0.962314784526825
11,5,Manipulation,3,6,non_holder,non_holder,0.9200224876403809
11,5,Manipulation,3,7,non_holder,non_holder,0.9705432653427124
11,5,Manipulation,3,8,non_holder,non_holder,0.9804051518440247
11,5,Manipulation,3,9,non_holder,non_holder,0.9777941703796387
11,5,Manipulation,3,10,non_holder,non_holder,0.9618756771087646
11,5,Manipulation,3,11,non_holder,non_holder,0.9753434062004089
11,5,Manipulation,3,12,non_holder,non_holder,0.9775078892707825
11,5,Manipulation,3,13,non_holder,holder,-0.8631139397621155
11,5,Manipulation,3,14,non_holder,non_holder,0.9747158288955688
11,5,Manipulation,4,5,non_holder,non_holder,0.9779979586601257
11,5,Manipulation,4,6,non_holder,non_holder,0.9413589835166931
11,5,Manipulation,4,7,non_holder,non_holder,0.984374463558197
11,5,Manipulation,4,8,non_holder,non_holder,0.938731849193573
11,5,Manipulation,4,9,non_holder,non_holder,0.9769251942634583
11,5,Manipulation,4,10,non_holder,non_holder,0.9924180507659912
11,5,Manipulation,4,11,non_holder,non_holder,0.9733852744102478
11,5,Manipulation,4,12,non_holder,non_holder,0.9852102398872375
11,5,Manipulation,4,13,non_holder,holder,-0.9490765929222107
11,5,Manipulation,4,14,non_holder,non_holder,0.9604424238204956
11,5,Manipulation,5,6,non_holder,non_holder,0.9661039113998413
11,5,Manipulation,5,7,non_holder,non_holder,0.9946985840797424
11,5,Manipulation,5,8,non_holder,non_holder,0.9546560049057007
11,5,Manipulation,5,9,non_holder,non_holder,0.9827068448066711
11,5,Manipulation,5,10,non_holder,non_holder,0.9774966239929199
11,5,Manipulation,5,11,non_holder,non_holder,0.9709112048149109
11,5,Manipulation,5,12,non_holder,non_holder,0.9917164444923401
11,5,Manipulation,5,13,non_holder,holder,-0.9222245216369629
11,5,Manipulation,5,14,non_holder,non_holder,0.9624423980712891
11,5,Manipulation,6,7,non_holder,non_holder,0.9652068018913269
11,5,Manipulation,6,8,non_holder,non_holder,0.9289984107017517
11,5,Manipulation,6,9,non_holder,non_holder,0.9555690884590149
11,5,Manipulation,6,10,non_holder,non_holder,0.9389286637306213
11,5,Manipulation,6,11,non_holder,non_holder,0.9424974918365479
11,5,Manipulation,6,12,non_holder,non_holder,0.9599361419677734
11,5,Manipulation,6,13,non_holder,holder,-0.8814886212348938
11,5,Manipulation,6,14,non_holder,non_holder,0.9496157765388489
11,5,Manipulation,7,8,non_holder,non_holder,0.9641934037208557
11,5,Manipulation,7,9,non_holder,non_holder,0.9907715916633606
11,5,Manipulation,7,10,non_holder,non_holder,0.9888847470283508
11,5,Manipulation,7,11,non_holder,non_holder,0.9846119284629822
11,5,Manipulation,7,12,non_holder,non_holder,0.9978218674659729
11,5,Manipulation,7,13,non_holder,holder,-0.9309333562850952
11,5,Manipulation,7,14,non_holder,non_holder,0.9785763621330261
11,5,Manipulation,8,9,non_holder,non_holder,0.9836625456809998
11,5,Manipulation,8,10,non_holder,non_holder,0.9552867412567139
11,5,Manipulation,8,11,non_holder,non_holder,0.9779678583145142
11,5,Manipulation,8,12,non_holder,non_holder,0.9718652367591858
11,5,Manipulation,8,13,non_holder,holder,-0.8604620695114136
11,5,Manipulation,8,14,non_holder,non_holder,0.9822317957878113
11,5,Manipulation,9,10,non_holder,non_holder,0.985745906829834
11,5,Manipulation,9,11,non_holder,non_holder,0.9921396970748901
11,5,Manipulation,9,12,non_holder,non_holder,0.994868278503418
11,5,Manipulation,9,13,non_holder,holder,-0.9285253286361694
11,5,Manipulation,9,14,non_holder,non_holder,0.9904189109802246
11,5,Manipulation,10,11,non_holder,non_holder,0.9851387143135071
11,5,Manipulation,10,12,non_holder,non_holder,0.9920268654823303
11,5,Manipulation,10,13,non_holder,holder,-0.9506296515464783
11,5,Manipulation,10,14,non_holder,non_holder,0.9744513630867004
11,5,Manipulation,11,12,non_holder,non_holder,0.9887880086898804
11,5,Manipulation,11,13,non_holder,holder,-0.9245847463607788
11,5,Manipulation,11,14,non_holder,non_holder,0.9884698987007141
11,5,Manipulation,12,13,non_holder,holder,-0.9327548742294312
11,5,Manipulation,12,14,non_holder,non_holder,0.9833834171295166
11,5,Manipulation,13,14,holder,non_holder,-0.9061174988746643
11,5,Replay,0,1,non_holder,holder,-0.8110969066619873
11,5,Replay,0,2,non_holder,non_holder,0.9130910634994507
11,5,Replay,0,3,non_holder,non_holder,0.9160405993461609
11,5,Replay,0,4,non_holder,holder,-0.5745240449905396
11,5,Replay,0,5,non_holder,non_holder,0.9330376386642456
11,5,Replay,0,6,non_holder,non_holder,0.9013289213180542
11,5,Replay,0,7,non_holder,non_holder,0.9219346046447754
11,5,Replay,0,8,non_holder,non_holder,0.8958925008773804
11,5,Replay,0,9,non_holder,non_holder,0.915787935256958
11,5,Replay,0,10,non_holder,holder,-0.7806241512298584
11,5,Replay,0,11,non_holder,non_holder,0.8949378132820129
11,5,Replay,0,12,non_holder,non_holder,0.9202327728271484
11,5,Replay,0,13,non_holder,non_holder,0.9099813103675842
11,5,Replay,0,14,non_holder,non_holder,0.8946052193641663
11,5,Replay,1,2,holder,non_holder,-0.9573036432266235
11,5,Replay,1,3,holder,non_holder,-0.885841429233551
11,5,Replay,1,4,holder,holder,0.9178487658500671
11,5,Replay,1,5,holder,non_holder,-0.934299111366272
11,5,Replay,1,6,holder,non_holder,-0.8759706616401672
11,5,Replay,1,7,holder,non_holder,-0.9429594278335571
11,5,Replay,1,8,holder,non_holder,-0.8902512192726135
11,5,Replay,1,9,holder,non_holder,-0.9439963102340698
11,5,Replay,1,10,holder,holder,0.9810543060302734
11,5,Replay,1,11,holder,non_holder,-0.9419510364532471
11,5,Replay,1,12,holder,non_holder,-0.9484838247299194
11,5,Replay,1,13,holder,non_holder,-0.9563242793083191
11,5,Replay,1,14,holder,non_holder,-0.9229875802993774
11,5,Replay,2,3,non_holder,non_holder,0.9692009091377258
11,5,Replay,2,4,non_holder,holder,-0.791634738445282
11,5,Replay,2,5,non_holder,non_holder,0.9884121417999268
11,5,Replay,2,6,non_holder,non_holder,0.9390131831169128
11,5,Replay,2,7,non_holder,non_holder,0.9951658844947815
11,5,Replay,2,8,non_holder,non_holder,0.9568008184432983
11,5,Replay,2,9,non_holder,non_holder,0.9911742210388184
11,5,Replay,2,10,non_holder,holder,-0.9271529316902161
11,5,Replay,2,11,non_holder,non_holder,0.9875756502151489
11,5,Replay,2,12,non_holder,non_holder,0.9970227479934692
11,5,Replay,2,13,non_holder,non_holder,0.997763454914093
11,5,Replay,2,14,non_holder,non_holder,0.976963222026825
11,5,Replay,3,4,non_holder,holder,-0.680726945400238
11,5,Replay,3,5,non_holder,non_holder,0.9621347188949585
11,5,Replay,3,6,non_holder,non_holder,0.9083691239356995
11,5,Replay,3,7,non_holder,non_holder,0.9697486758232117
11,5,Replay,3,8,non_holder,non_holder,0.977064847946167
11,5,Replay,3,9,non_holder,non_holder,0.9760493040084839
11,5,Replay,3,10,non_holder,holder,-0.8468149304389954
11,5,Replay,3,11,non_holder,non_holder,0.9746001362800598
11,5,Replay,3,12,non_holder,non_holder,0.9765611886978149
11,5,Replay,3,13,non_holder,non_holder,0.9634408354759216
11,5,Replay,3,14,non_holder,non_holder,0.9737172722816467
11,5,Replay,4,5,holder,non_holder,-0.7440824508666992
11,5,Replay,4,6,holder,non_holder,-0.6629825830459595
11,5,Replay,4,7,holder,non_holder,-0.7592858076095581
11,5,Replay,4,8,holder,non_holder,-0.6973981261253357
11,5,Replay,4,9,holder,non_holder,-0.7707379460334778
11,5,Replay,4,10,holder,holder,0.9393172860145569
11,5,Replay,4,11,holder,non_holder,-0.7712920308113098
11,5,Replay,4,12,holder,non_holder,-0.7726004123687744
11,5,Replay,4,13,holder,non_holder,-0.7884809374809265
11,5,Replay,4,14,holder,non_holder,-0.7491196393966675
11,5,Replay,5,6,non_holder,non_holder,0.959536075592041
11,5,Replay,5,7,non_holder,non_holder,0.9949154257774353
11,5,Replay,5,8,non_holder,non_holder,0.953791618347168
11,5,Replay,5,9,non_holder,non_holder,0.9834325313568115
11,5,Replay,5,10,non_holder,holder,-0.8966073393821716
11,5,Replay,5,11,non_holder,non_holder,0.9730051159858704
11,5,Replay,5,12,non_holder,non_holder,0.9921932816505432
11,5,Replay,5,13,non_holder,non_holder,0.9862270951271057
11,5,Replay,5,14,non_holder,non_holder,0.9638978242874146
11,5,Replay,6,7,non_holder,non_holder,0.958892822265625
11,5,Replay,6,8,non_holder,non_holder,0.9261847138404846
11,5,Replay,6,9,non_holder,non_holder,0.9492315053939819
11,5,Replay,6,10,non_holder,holder,-0.8410742282867432
11,5,Replay,6,11,non_holder,non_holder,0.9372202157974243
11,5,Replay,6,12,non_holder,non_holder,0.9522467851638794
11,5,Replay,6,13,non_holder,non_holder,0.9381408095359802
11,5,Replay,6,14,non_holder,non_holder,0.9451435804367065
11,5,Replay,7,8,non_holder,non_holder,0.9629837870597839
11,5,Replay,7,9,non_holder,non_holder,0.9911526441574097
11,5,Replay,7,10,non_holder,holder,-0.9059697389602661
11,5,Replay,7,11,non_holder,non_holder,0.9858841300010681
11,5,Replay,7,12,non_holder,non_holder,0.9975612163543701
11,5,Replay,7,13,non_holder,non_holder,0.9921618103981018
11,5,Replay,7,14,non_holder,non_holder,0.9800460338592529
11,5,Replay,8,9,non_holder,non_holder,0.9818225502967834
11,5,Replay,8,10,non_holder,holder,-0.8470154404640198
11,5,Replay,8,11,non_holder,non_holder,0.9761383533477783
11,5,Replay,8,12,non_holder,non_holder,0.9704071879386902
11,5,Replay,8,13,non_holder,non_holder,0.9499835968017578
11,5,Replay,8,14,non_holder,non_holder,0.9810206294059753
11,5,Replay,9,10,non_holder,holder,-0.9133222103118896
11,5,Replay,9,11,non_holder,non_holder,0.9934219717979431
11,5,Replay,9,12,non_holder,non_holder,0.9953526854515076
11,5,Replay,9,13,non_holder,non_holder,0.9870389103889465
11,5,Replay,9,14,non_holder,non_holder,0.990497887134552
11,5,Replay,10,11,holder,non_holder,-0.9089636206626892
11,5,Replay,10,12,holder,non_holder,-0.9150311350822449
11,5,Replay,10,13,holder,non_holder,-0.9263325333595276
11,5,Replay,10,14,holder,non_holder,-0.890464723110199
11,5,Replay,11,12,non_holder,non_holder,0.9901208281517029
11,5,Replay,11,13,non_holder,non_holder,0.9840307831764221
11,5,Replay,11,14,non_holder,non_holder,0.9892781376838684
11,5,Replay,12,13,non_holder,non_holder,0.9934054017066956
11,5,Replay,12,14,non_holder,non_holder,0.98405522108078
11,5,Replay,13,14,non_holder,non_holder,0.9714601635932922
11,10,Manipulation,0,1,non_holder,non_holder,0.7998930811882019
11,10,Manipulation,0,2,non_holder,holder,-0.7470383048057556
11,10,Manipulation,0,3,non_holder,non_holder,0.8942988514900208
11,10,Manipulation,0,4,non_holder,non_holder,0.8453478217124939
11,10,Manipulation,0,5,non_holder,non_holder,0.8858005404472351
11,10,Manipulation,0,6,non_holder,non_holder,0.8609481453895569
11,10,Manipulation,0,7,non_holder,non_holder,0.8420162796974182
11,10,Manipulation,0,8,non_holder,non_holder,0.8078920841217041
11,10,Manipulation,0,9,non_holder,non_holder,0.8395201563835144
11,10,Manipulation,0,10,non_holder,non_holder,0.8104578852653503
11,10,Manipulation,0,11,non_holder,non_holder,0.8216897249221802
11,10,Manipulation,0,12,non_holder,non_holder,0.8473415374755859
11,10,Manipulation,0,13,non_holder,holder,-0.7751021981239319
11,10,Manipulation,0,14,non_holder,non_holder,0.79991215467453
11,10,Manipulation,1,2,non_holder,holder,-0.9746133685112
11,10,Manipulation,1,3,non_holder,non_holder,0.9459359645843506
11,10,Manipulation,1,4,non_holder,non_holder,0.9855221509933472
11,10,Manipulation,1,5,non_holder,non_holder,0.9670575857162476
11,10,Manipulation,1,6,non_holder,non_holder,0.896880030632019
11,10,Manipulation,1,7,non_holder,non_holder,0.9853621125221252
11,10,Manipulation,1,8,non_holder,non_holder,0.9717199802398682
11,10,Manipulation,1,9,non_holder,non_holder,0.9878119230270386
11,10,Manipulation,1,10,non_holder,non_holder,0.9960501194000244
11,10,Manipulation,1,11,non_holder,non_holder,0.9889562129974365
11,10,Manipulation,1,12,non_holder,non_holder,0.9886427521705627
11,10,Manipulation,1,13,non_holder,holder,-0.98060542345047
11,10,Manipulation,1,14,non_holder,non_holder,0.9843747615814209
11,10,Manipulation,2,3,holder,non_holder,-0.9002050757408142
11,10,Manipulation,2,4,holder,non_holder,-0.9593927264213562
11,10,Manipulation,2,5,holder,non_holder,-0.9324661493301392
11,10,Manipulation,2,6,holder,non_holder,-0.8712807297706604
11,10,Manipulation,2,7,holder,non_holder,-0.9586230516433716
11,10,Manipulation,2,8,holder,non_holder,-0.9455848932266235
11,10,Manipulation,2,9,holder,non_holder,-0.9565706849098206
11,10,Manipulation,2,10,holder,non_holder,-0.9788705110549927
11,10,Manipulation,2,11,holder,non_holder,-0.9608889222145081
11,10,Manipulation,2,12,holder,non_holder,-0.9621871113777161
11,10,Manipulation,2,13,holder,holder,0.9868504405021667
11,10,Manipulation,2,14,holder,non_holder,-0.9569385647773743
11,10,Manipulation,3,4,non_holder,non_holder,0.9642981290817261
11,10,Manipulation,3,5,non_holder,non_holder,0.9592748284339905
11,10,Manipulation,3,6,non_holder,non_holder,0.8985956907272339
11,10,Manipulation,3,7,non_holder,non_holder,0.9663206338882446
11,10,Manipulation,3,8,non_holder,non_holder,0.9235923886299133
11,10,Manipulation,3,9,non_holder,non_holder,0.955901563167572
11,10,Manipulation,3,10,non_holder,non_holder,0.9519440531730652
11,10,Manipulation,3,11,non_holder,non_holder,0.9544045329093933
11,10,Manipulation,3,12,non_holder,non_holder,0.9673352837562561
11,10,Manipulation,3,13,non_holder,holder,-0.9208143353462219
11,10,Manipulation,3,14,non_holder,non_holder,0.9396977424621582
11,10,Manipulation,4,5,non_holder,non_holder,0.9674333930015564
11,10,Manipulation,4,6,non_holder,non_holder,0.9023754596710205
11,10,Manipulation,4,7,non_holder,non_holder,0.9776068925857544
11,10,Manipulation,4,8,non_holder,non_holder,0.9577186107635498
11,10,Manipulation,4,9,non_holder,non_holder,0.9782850742340088
11,10,Manipulation,4,10,non_holder,non_holder,0.9850683808326721
11,10,Manipulation,4,11,non_holder,non_holder,0.9789148569107056
11,10,Manipulation,4,12,non_holder,non_holder,0.9815148115158081
11,10,Manipulation,4,13,non_holder,holder,-0.974703848361969
11,10,Manipulation,4,14,non_holder,non_holder,0.9674308896064758
11,10,Manipulation,5,6,non_holder,non_holder,0.9567141532897949
11,10,Manipulation,5,7,non_holder,non_holder,0.9850340485572815
11,10,Manipulation,5,8,non_holder,non_holder,0.9623903632164001
11,10,Manipulation,5,9,non_holder,non_holder,0.9803807735443115
11,10,Manipulation,5,10,non_holder,non_holder,0.9686006903648376
11,10,Manipulation,5,11,non_holder,non_holder,0.9739552736282349
11,10,Manipulation,5,12,non_holder,non_holder,0.9831036329269409
11,10,Manipulation,5,13,non_holder,holder,-0.9393554329872131
11,10,Manipulation,5,14,non_holder,non_holder,0.9644899368286133
11,10,Manipulation,6,7,non_holder,non_holder,0.9373050928115845
11,10,Manipulation,6,8,non_holder,non_holder,0.9008834958076477
11,10,Manipulation,6,9,non_holder,non_holder,0.9163797497749329
11,10,Manipulation,6,10,non_holder,non_holder,0.9003421068191528
11,10,Manipulation,6,11,non_holder,non_holder,0.9071098566055298
11,10,Manipulation,6,12,non_holder,non_holder,0.925977349281311
11,10,Manipulation,6,13,non_holder,holder,-0.8789364695549011
11,10,Manipulation,6,14,non_holder,non_holder,0.907328724861145
11,10,Manipulation,7,8,non_holder,non_holder,0.9665970802307129
11,10,Manipulation,7,9,non_holder,non_holder,0.9878224730491638
11,10,Manipulation,7,10,non_holder,non_holder,0.9881308674812317
11,10,Manipulation,7,11,non_holder,non_holder,0.9863516092300415
11,10,Manipulation,7,12,non_holder,non_holder,0.9958707690238953
11,10,Manipulation,7,13,non_holder,holder,-0.9636064171791077
11,10,Manipulation,7,14,non_holder,non_holder,0.98509281873703
11,10,Manipulation,8,9,non_holder,non_holder,0.9853705763816833
11,10,Manipulation,8,10,non_holder,non_holder,0.9707369804382324
11,10,Manipulation,8,11,non_holder,non_holder,0.9837735891342163
11,10,Manipulation,8,12,non_holder,non_holder,0.9697951078414917
11,10,Manipulation,8,13,non_holder,holder,-0.9444780349731445
11,10,Manipulation,8,14,non_holder,non_holder,0.9718864560127258
11,10,Manipulation,9,10,non_holder,non_holder,0.9888324737548828
11,10,Manipulation,9,11,non_holder,non_holder,0.9954677820205688
11,10,Manipulation,9,12,non_holder,non_holder,0.9920006990432739
11,10,Manipulation,9,13,non_holder,holder,-0.9598464369773865
11,10,Manipulation,9,14,non_holder,non_holder,0.9856735467910767
11,10,Manipulation,10,11,non_holder,non_holder,0.9900506734848022
11,10,Manipulation,10,12,non_holder,non_holder,0.9931245446205139
11,10,Manipulation,10,13,non_holder,holder,-0.9777902960777283
11,10,Manipulation,10,14,non_holder,non_holder,0.987939715385437
11,10,Manipulation,11,12,non_holder,non_holder,0.9894472360610962
11,10,Manipulation,11,13,non_holder,holder,-0.9645915031433105
11,10,Manipulation,11,14,non_holder,non_holder,0.9888026118278503
11,10,Manipulation,12,13,non_holder,holder,-0.9639350175857544
11,10,Manipulation,12,14,non_holder,non_holder,0.9847403764724731
11,10,Manipulation,13,14,holder,non_holder,-0.9531893134117126
11,10,Replay,0,1,non_holder,holder,-0.7018952965736389
11,10,Replay,0,2,non_holder,non_holder,0.8292447328567505
11,10,Replay,0,3,non_holder,non_holder,0.900873064994812
11,10,Replay,0,4,non_holder,holder,-0.5063489079475403
11,10,Replay,0,5,non_holder,non_holder,0.8665654063224792
11,10,Replay,0,6,non_holder,non_holder,0.8430140614509583
11,10,Replay,0,7,non_holder,non_holder,0.8241943120956421
11,10,Replay,0,8,non_holder,non_holder,0.8140472173690796
11,10,Replay,0,9,non_holder,non_holder,0.8322204947471619
11,10,Replay,0,10,non_holder,holder,-0.6060898900032043
11,10,Replay,0,11,non_holder,non_holder,0.8216971158981323
11,10,Replay,0,12,non_holder,non_holder,0.8393598794937134
11,10,Replay,0,13,non_holder,non_holder,0.806374728679657
11,10,Replay,0,14,non_holder,non_holder,0.7766643166542053
11,10,Replay,1,2,holder,non_holder,-0.9529297947883606
11,10,Replay,1,3,holder,non_holder,-0.8350216150283813
11,10,Replay,1,4,holder,holder,0.9376714825630188
11,10,Replay,1,5,holder,non_holder,-0.9109342098236084
11,10,Replay,1,6,holder,non_holder,-0.8144065737724304
11,10,Replay,1,7,holder,non_holder,-0.9386481046676636
11,10,Replay,1,8,holder,non_holder,-0.9222214221954346
11,10,Replay,1,9,holder,non_holder,-0.9423428177833557
11,10,Replay,1,10,holder,holder,0.9789334535598755
11,10,Replay,1,11,holder,non_holder,-0.9453380107879639
11,10,Replay,1,12,holder,non_holder,-0.9404329657554626
11,10,Replay,1,13,holder,non_holder,-0.9638144969940186
11,10,Replay,1,14,holder,non_holder,-0.9260697364807129
11,10,Replay,2,3,non_holder,non_holder,0.9527908563613892
11,10,Replay,2,4,non_holder,holder,-0.8401637077331543
11,10,Replay,2,5,non_holder,non_holder,0.9787000417709351
11,10,Replay,2,6,non_holder,non_holder,0.8934015035629272
11,10,Replay,2,7,non_holder,non_holder,0.9939923286437988
11,10,Replay,2,8,non_holder,non_holder,0.9789971709251404
11,10,Replay,2,9,non_holder,non_holder,0.9944016337394714
11,10,Replay,2,10,non_holder,holder,-0.9092639088630676
11,10,Replay,2,11,non_holder,non_holder,0.9933124780654907
11,10,Replay,2,12,non_holder,non_holder,0.9970809817314148
11,10,Replay,2,13,non_holder,non_holder,0.996472954750061
11,10,Replay,2,14,non_holder,non_holder,0.9797953367233276
11,10,Replay,3,4,non_holder,holder,-0.6789359450340271
11,10,Replay,3,5,non_holder,non_holder,0.9504948854446411
11,10,Replay,3,6,non_holder,non_holder,0.8770996928215027
11,10,Replay,3,7,non_holder,non_holder,0.9520090222358704
11,10,Replay,3,8,non_holder,non_holder,0.9386088848114014
11,10,Replay,3,9,non_holder,non_holder,0.9523170590400696
11,10,Replay,3,10,non_holder,holder,-0.7621405124664307
11,10,Replay,3,11,non_holder,non_holder,0.9495669007301331
11,10,Replay,3,12,non_holder,non_holder,0.9568166732788086
11,10,Replay,3,13,non_holder,non_holder,0.9421936273574829
11,10,Replay,3,14,non_holder,non_holder,0.9296664595603943
11,10,Replay,4,5,holder,non_holder,-0.7750428318977356
11,10,Replay,4,6,holder,non_holder,-0.665317714214325
11,10,Replay,4,7,holder,non_holder,-0.8199855089187622
11,10,Replay,4,8,holder,non_holder,-0.8026362657546997
11,10,Replay,4,9,holder,non_holder,-0.8277076482772827
11,10,Replay,4,10,holder,holder,0.9606506824493408
11,10,Replay,4,11,holder,non_holder,-0.8336356282234192
11,10,Replay,4,12,holder,non_holder,-0.8249052166938782
11,10,Replay,4,13,holder,non_holder,-0.856290876865387
11,10,Replay,4,14,holder,non_holder,-0.824009895324707
11,10,Replay,5,6,non_holder,non_holder,0.9491193890571594
11,10,Replay,5,7,non_holder,non_holder,0.985102653503418
11,10,Replay,5,8,non_holder,non_holder,0.9694340229034424
11,10,Replay,5,9,non_holder,non_holder,0.9818087816238403
11,10,Replay,5,10,non_holder,holder,-0.8477421402931213
11,10,Replay,5,11,non_holder,non_holder,0.9765854477882385
11,10,Replay,5,12,non_holder,non_holder,0.985943615436554
11,10,Replay,5,13,non_holder,non_holder,0.9686844348907471
11,10,Replay,5,14,non_holder,non_holder,0.964183509349823
11,10,Replay,6,7,non_holder,non_holder,0.9148545265197754
11,10,Replay,6,8,non_holder,non_holder,0.8795267343521118
11,10,Replay,6,9,non_holder,non_holder,0.8957586288452148
11,10,Replay,6,10,non_holder,holder,-0.7296187281608582
11,10,Replay,6,11,non_holder,non_holder,0.887211263179779
11,10,Replay,6,12,non_holder,non_holder,0.9094718098640442
11,10,Replay,6,13,non_holder,non_holder,0.8783363103866577
11,10,Replay,6,14,non_holder,non_holder,0.8827229738235474
11,10,Replay,7,8,non_holder,non_holder,0.9753496646881104
11,10,Replay,7,9,non_holder,non_holder,0.9900064468383789
11,10,Replay,7,10,non_holder,holder,-0.8895272016525269
11,10,Replay,7,11,non_holder,non_holder,0.9875374436378479
11,10,Replay,7,12,non_holder,non_holder,0.9963586330413818
11,10,Replay,7,13,non_holder,non_holder,0.9878202676773071
11,10,Replay,7,14,non_holder,non_holder,0.9821242690086365
11,10,Replay,8,9,non_holder,non_holder,0.9896032214164734
11,10,Replay,8,10,non_holder,holder,-0.8737275004386902
11,10,Replay,8,11,non_holder,non_holder,0.9884050488471985
11,10,Replay,8,12,non_holder,non_holder,0.9788294434547424
11,10,Replay,8,13,non_holder,non_holder,0.9737162590026855
11,10,Replay,8,14,non_holder,non_holder,0.9733566641807556
11,10,Replay,9,10,non_holder,holder,-0.8960029482841492
11,10,Replay,9,11,non_holder,non_holder,0.9966287612915039
11,10,Replay,9,12,non_holder,non_holder,0.994276762008667
11,10,Replay,9,13,non_holder,non_holder,0.9899859428405762
11,10,Replay,9,14,non_holder,non_holder,0.9812725782394409
11,10,Replay,10,11,holder,non_holder,-0.9033529162406921
11,10,Replay,10,12,holder,non_holder,-0.8927958011627197
11,10,Replay,10,13,holder,non_holder,-0.9226654767990112
11,10,Replay,10,14,holder,non_holder,-0.8929704427719116
11,10,Replay,11,12,non_holder,non_holder,0.9907485842704773
11,10,Replay,11,13,non_holder,non_holder,0.9905135035514832
11,10,Replay,11,14,non_holder,non_holder,0.9837905168533325
11,10,Replay,12,13,non_holder,non_holder,0.9904198050498962
11,10,Replay,12,14,non_holder,non_holder,0.9781673550605774
11,10,Replay,13,14,non_holder,non_holder,0.9746034741401672
11,20,Manipulation,0,1,non_holder,non_holder,0.8525621294975281
11,20,Manipulation,0,2,non_holder,holder,-0.8309326767921448
11,20,Manipulation,0,3,non_holder,non_holder,0.9040514826774597
11,20,Manipulation,0,4,non_holder,non_holder,0.8883954286575317
11,20,Manipulation,0,5,non_holder,non_holder,0.9273794293403625
11,20,Manipulation,0,6,non_holder,non_holder,0.902894139289856
11,20,Manipulation,0,7,non_holder,non_holder,0.8990240693092346
11,20,Manipulation,0,8,non_holder,non_holder,0.809438943862915
11,20,Manipulation,0,9,non_holder,non_holder,0.8957618474960327
11,20,Manipulation,0,10,non_holder,non_holder,0.8898739218711853
11,20,Manipulation,0,11,non_holder,non_holder,0.8803719282150269
11,20,Manipulation,0,12,non_holder,non_holder,0.901742160320282
11,20,Manipulation,0,13,non_holder,holder,-0.8574079871177673
11,20,Manipulation,0,14,non_holder,non_holder,0.8909539580345154
11,20,Manipulation,1,2,non_holder,holder,-0.9799444675445557
11,20,Manipulation,1,3,non_holder,non_holder,0.961872398853302
11,20,Manipulation,1,4,non_holder,non_holder,0.978992223739624
11,20,Manipulation,1,5,non_holder,non_holder,0.953747570514679
11,20,Manipulation,1,6,non_holder,non_holder,0.9292967915534973
11,20,Manipulation,1,7,non_holder,non_holder,0.9550762176513672
11,20,Manipulation,1,8,non_holder,non_holder,0.9175239205360413
11,20,Manipulation,1,9,non_holder,non_holder,0.9450647234916687
11,20,Manipulation,1,10,non_holder,non_holder,0.9823115468025208
11,20,Manipulation,1,11,non_holder,non_holder,0.9288763403892517
11,20,Manipulation,1,12,non_holder,non_holder,0.9477440118789673
11,20,Manipulation,1,13,non_holder,holder,-0.9875791668891907
11,20,Manipulation,1,14,non_holder,non_holder,0.9398928880691528
11,20,Manipulation,2,3,holder,non_holder,-0.9392155408859253
11,20,Manipulation,2,4,holder,non_holder,-0.9472877979278564
11,20,Manipulation,2,5,holder,non_holder,-0.940279483795166
11,20,Manipulation,2,6,holder,non_holder,-0.9216853380203247
11,20,Manipulation,2,7,holder,non_holder,-0.956950843334198
11,20,Manipulation,2,8,holder,non_holder,-0.8993634581565857
11,20,Manipulation,2,9,holder,non_holder,-0.925746500492096
11,20,Manipulation,2,10,holder,non_holder,-0.9776212573051453
11,20,Manipulation,2,11,holder,non_holder,-0.8990345001220703
11,20,Manipulation,2,12,holder,non_holder,-0.9452294111251831
11,20,Manipulation,2,13,holder,holder,0.9860911965370178
11,20,Manipulation,2,14,holder,non_holder,-0.9354021549224854
11,20,Manipulation,3,4,non_holder,non_holder,0.9711071252822876
11,20,Manipulation,3,5,non_holder,non_holder,0.9573833346366882
11,20,Manipulation,3,6,non_holder,non_holder,0.9282259941101074
11,20,Manipulation,3,7,non_holder,non_holder,0.9502226710319519
11,20,Manipulation,3,8,non_holder,non_holder,0.8853769898414612
11,20,Manipulation,3,9,non_holder,non_holder,0.9351105093955994
11,20,Manipulation,3,10,non_holder,non_holder,0.9777741432189941
11,20,Manipulation,3,11,non_holder,non_holder,0.9209102988243103
11,20,Manipulation,3,12,non_holder,non_holder,0.9534075856208801
11,20,Manipulation,3,13,non_holder,holder,-0.9501311182975769
11,20,Manipulation,3,14,non_holder,non_holder,0.937063455581665
11,20,Manipulation,4,5,non_holder,non_holder,0.9514766335487366
11,20,Manipulation,4,6,non_holder,non_holder,0.9301195740699768
11,20,Manipulation,4,7,non_holder,non_holder,0.9483051896095276
11,20,Manipulation,4,8,non_holder,non_holder,0.9111219048500061
11,20,Manipulation,4,9,non_holder,non_holder,0.9433942437171936
11,20,Manipulation,4,10,non_holder,non_holder,0.9659143686294556
11,20,Manipulation,4,11,non_holder,non_holder,0.9388383030891418
11,20,Manipulation,4,12,non_holder,non_holder,0.9486842155456543
11,20,Manipulation,4,13,non_holder,holder,-0.9679627418518066
11,20,Manipulation,4,14,non_holder,non_holder,0.9335029125213623
11,20,Manipulation,5,6,non_holder,non_holder,0.962110698223114
11,20,Manipulation,5,7,non_holder,non_holder,0.9790991544723511
11,20,Manipulation,5,8,non_holder,non_holder,0.9017452001571655
11,20,Manipulation,5,9,non_holder,non_holder,0.9517815113067627
11,20,Manipulation,5,10,non_holder,non_holder,0.9687055945396423
11,20,Manipulation,5,11,non_holder,non_holder,0.9235158562660217
11,20,Manipulation,5,12,non_holder,non_holder,0.9720634818077087
11,20,Manipulation,5,13,non_holder,holder,-0.9499523639678955
11,20,Manipulation,5,14,non_holder,non_holder,0.960800290107727
11,20,Manipulation,6,7,non_holder,non_holder,0.9456759095191956
11,20,Manipulation,6,8,non_holder,non_holder,0.8777860999107361
11,20,Manipulation,6,9,non_holder,non_holder,0.9375563859939575
11,20,Manipulation,6,10,non_holder,non_holder,0.9480726718902588
11,20,Manipulation,6,11,non_holder,non_holder,0.904389500617981
11,20,Manipulation,6,12,non_holder,non_holder,0.9503853917121887
11,20,Manipulation,6,13,non_holder,holder,-0.9301334023475647
11,20,Manipulation,6,14,non_holder,non_holder,0.9285903573036194
11,20,Manipulation,7,8,non_holder,non_holder,0.8863288164138794
11,20,Manipulation,7,9,non_holder,non_holder,0.9375434517860413
11,20,Manipulation,7,10,non_holder,non_holder,0.9754973649978638
11,20,Manipulation,7,11,non_holder,non_holder,0.9060877561569214
11,20,Manipulation,7,12,non_holder,non_holder,0.9927995204925537
11,20,Manipulation,7,13,non_holder,holder,-0.9595555663108826
11,20,Manipulation,7,14,non_holder,non_holder,0.9640938639640808
11,20,Manipulation,8,9,non_holder,non_holder,0.9547459483146667
11,20,Manipulation,8,10,non_holder,non_holder,0.8987545967102051
11,20,Manipulation,8,11,non_holder,non_holder,0.964765191078186
11,20,Manipulation,8,12,non_holder,non_holder,0.8770699501037598
11,20,Manipulation,8,13,non_holder,holder,-0.9097431898117065
11,20,Manipulation,8,14,non_holder,non_holder,0.8899713754653931
11,20,Manipulation,9,10,non_holder,non_holder,0.9461959004402161
11,20,Manipulation,9,11,non_holder,non_holder,0.9796819686889648
11,20,Manipulation,9,12,non_holder,non_holder,0.9379006028175354
11,20,Manipulation,9,13,non_holder,holder,-0.9418190121650696
11,20,Manipulation,9,14,non_holder,non_holder,0.9368162155151367
11,20,Manipulation,10,11,non_holder,non_holder,0.9197153449058533
11,20,Manipulation,10,12,non_holder,non_holder,0.9717940092086792
11,20,Manipulation,10,13,non_holder,holder,-0.9794204831123352
11,20,Manipulation,10,14,non_holder,non_holder,0.9531416296958923
11,20,Manipulation,11,12,non_holder,non_holder,0.9075314998626709
11,20,Manipulation,11,13,non_holder,holder,-0.9219229221343994
11,20,Manipulation,11,14,non_holder,non_holder,0.9121972322463989
11,20,Manipulation,12,13,non_holder,holder,-0.9534952640533447
11,20,Manipulation,12,14,non_holder,non_holder,0.9584380388259888
11,20,Manipulation,13,14,holder,non_holder,-0.936785876750946
11,20,Replay,0,1,non_holder,holder,-0.7481518387794495
11,20,Replay,0,2,non_holder,non_holder,0.8621720671653748
11,20,Replay,0,3,non_holder,non_holder,0.9032351970672607
11,20,Replay,0,4,non_holder,holder,-0.5259999632835388
11,20,Replay,0,5,non_holder,non_holder,0.8542481064796448
11,20,Replay,0,6,non_holder,non_holder,0.7920261025428772
11,20,Replay,0,7,non_holder,non_holder,0.8504681587219238
11,20,Replay,0,8,non_holder,non_holder,0.805064857006073
11,20,Replay,0,9,non_holder,non_holder,0.8582890629768372
11,20,Replay,0,10,non_holder,holder,-0.6028908491134644
11,20,Replay,0,11,non_holder,non_holder,0.8562814593315125
11,20,Replay,0,12,non_holder,non_holder,0.8657751679420471
11,20,Replay,0,13,non_holder,non_holder,0.82574462890625
11,20,Replay,0,14,non_holder,non_holder,0.8421174883842468
11,20,Replay,1,2,holder,non_holder,-0.9537402987480164
11,20,Replay,1,3,holder,non_holder,-0.8801091313362122
11,20,Replay,1,4,holder,holder,0.9102228283882141
11,20,Replay,1,5,holder,non_holder,-0.942190945148468
11,20,Replay,1,6,holder,non_holder,-0.8646107316017151
11,20,Replay,1,7,holder,non_holder,-0.9454132318496704
11,20,Replay,1,8,holder,non_holder,-0.9220311045646667
11,20,Replay,1,9,holder,non_holder,-0.935374915599823
11,20,Replay,1,10,holder,holder,0.9571245312690735
11,20,Replay,1,11,holder,non_holder,-0.9120738506317139
11,20,Replay,1,12,holder,non_holder,-0.9327819347381592
11,20,Replay,1,13,holder,non_holder,-0.9758701324462891
11,20,Replay,1,14,holder,non_holder,-0.9263274073600769
11,20,Replay,2,3,non_holder,non_holder,0.9602521657943726
11,20,Replay,2,4,non_holder,holder,-0.7883334159851074
11,20,Replay,2,5,non_holder,non_holder,0.9803426265716553
11,20,Replay,2,6,non_holder,non_holder,0.9043280482292175
11,20,Replay,2,7,non_holder,non_holder,0.9881186485290527
11,20,Replay,2,8,non_holder,non_holder,0.952296257019043
11,20,Replay,2,9,non_holder,non_holder,0.9784795045852661
11,20,Replay,2,10,non_holder,holder,-0.8616616129875183
11,20,Replay,2,11,non_holder,non_holder,0.9680482745170593
11,20,Replay,2,12,non_holder,non_holder,0.9882329106330872
11,20,Replay,2,13,non_holder,non_holder,0.9932289719581604
11,20,Replay,2,14,non_holder,non_holder,0.9757601022720337
11,20,Replay,3,4,non_holder,holder,-0.7034633755683899
11,20,Replay,3,5,non_holder,non_holder,0.9478421807289124
11,20,Replay,3,6,non_holder,non_holder,0.8699496388435364
11,20,Replay,3,7,non_holder,non_holder,0.9453482031822205
11,20,Replay,3,8,non_holder,non_holder,0.9205822944641113
11,20,Replay,3,9,non_holder,non_holder,0.9577746987342834
11,20,Replay,3,10,non_holder,holder,-0.7716690897941589
11,20,Replay,3,11,non_holder,non_holder,0.9501489996910095
11,20,Replay,3,12,non_holder,non_holder,0.9545883536338806
11,20,Replay,3,13,non_holder,non_holder,0.9426425695419312
11,20,Replay,3,14,non_holder,non_holder,0.9558549523353577
11,20,Replay,4,5,holder,non_holder,-0.7758345007896423
11,20,Replay,4,6,holder,non_holder,-0.6902419924736023
11,20,Replay,4,7,holder,non_holder,-0.7797330021858215
11,20,Replay,4,8,holder,non_holder,-0.7419683337211609
11,20,Replay,4,9,holder,non_holder,-0.7601028680801392
11,20,Replay,4,10,holder,holder,0.9486457109451294
11,20,Replay,4,11,holder,non_holder,-0.7261696457862854
11,20,Replay,4,12,holder,non_holder,-0.7525250911712646
11,20,Replay,4,13,holder,non_holder,-0.8340497612953186
11,20,Replay,4,14,holder,non_holder,-0.7604993581771851
11,20,Replay,5,6,non_holder,non_holder,0.9407910108566284
11,20,Replay,5,7,non_holder,non_holder,0.9872888326644897
11,20,Replay,5,8,non_holder,non_holder,0.9540973901748657
11,20,Replay,5,9,non_holder,non_holder,0.9756333231925964
11,20,Replay,5,10,non_holder,holder,-0.8580170273780823
11,20,Replay,5,11,non_holder,non_holder,0.9581710696220398
11,20,Replay,5,12,non_holder,non_holder,0.9798703193664551
11,20,Replay,5,13,non_holder,non_holder,0.9745035767555237
11,20,Replay,5,14,non_holder,non_holder,0.977521538734436
11,20,Replay,6,7,non_holder,non_holder,0.9166467189788818
11,20,Replay,6,8,non_holder,non_holder,0.8920650482177734
11,20,Replay,6,9,non_holder,non_holder,0.9047306180000305
11,20,Replay,6,10,non_holder,holder,-0.7867621183395386
11,20,Replay,6,11,non_holder,non_holder,0.8893926739692688
11,20,Replay,6,12,non_holder,non_holder,0.9009983539581299
11,20,Replay,6,13,non_holder,non_holder,0.8944813013076782
11,20,Replay,6,14,non_holder,non_holder,0.9095286726951599
11,20,Replay,7,8,non_holder,non_holder,0.9485229849815369
11,20,Replay,7,9,non_holder,non_holder,0.9761855006217957
11,20,Replay,7,10,non_holder,holder,-0.8645873069763184
11,20,Replay,7,11,non_holder,non_holder,0.9633269906044006
11,20,Replay,7,12,non_holder,non_holder,0.9939038157463074
11,20,Replay,7,13,non_holder,non_holder,0.9816079139709473
11,20,Replay,7,14,non_holder,non_holder,0.9809807538986206
11,20,Replay,8,9,non_holder,non_holder,0.979926586151123
11,20,Replay,8,10,non_holder,holder,-0.842284619808197
11,20,Replay,8,11,non_holder,non_holder,0.9652555584907532
11,20,Replay,8,12,non_holder,non_holder,0.9465579390525818
11,20,Replay,8,13,non_holder,non_holder,0.9504746198654175
11,20,Replay,8,14,non_holder,non_holder,0.9492295384407043
11,20,Replay,9,10,non_holder,holder,-0.8476943373680115
11,20,Replay,9,11,non_holder,non_holder,0.9847758412361145
11,20,Replay,9,12,non_holder,non_holder,0.9741317629814148
11,20,Replay,9,13,non_holder,non_holder,0.9729005694389343
11,20,Replay,9,14,non_holder,non_holder,0.973503053188324
11,20,Replay,10,11,holder,non_holder,-0.808699905872345
11,20,Replay,10,12,holder,non_holder,-0.8365492224693298
11,20,Replay,10,13,holder,non_holder,-0.8969020843505859
11,20,Replay,10,14,holder,non_holder,-0.8392051458358765
11,20,Replay,11,12,non_holder,non_holder,0.9657949209213257
11,20,Replay,11,13,non_holder,non_holder,0.9580312967300415
11,20,Replay,11,14,non_holder,non_holder,0.9657875895500183
11,20,Replay,12,13,non_holder,non_holder,0.9784116148948669
11,20,Replay,12,14,non_holder,non_holder,0.9740549325942993
11,20,Replay,13,14,non_holder,non_holder,0.9689353108406067
11,30,Manipulation,0,1,non_holder,non_holder,0.804803729057312
11,30,Manipulation,0,2,non_holder,holder,-0.7421202659606934
11,30,Manipulation,0,3,non_holder,non_holder,0.8491588234901428
11,30,Manipulation,0,4,non_holder,non_holder,0.8407560586929321
11,30,Manipulation,0,5,non_holder,non_holder,0.8665516972541809
11,30,Manipulation,0,6,non_holder,non_holder,0.8295243382453918
11,30,Manipulation,0,7,non_holder,non_holder,0.8303800225257874
11,30,Manipulation,0,8,non_holder,non_holder,0.8200913667678833
11,30,Manipulation,0,9,non_holder,non_holder,0.846196711063385
11,30,Manipulation,0,10,non_holder,non_holder,0.8524448275566101
11,30,Manipulation,0,11,non_holder,non_holder,0.8783925771713257
11,30,Manipulation,0,12,non_holder,non_holder,0.8394585847854614
11,30,Manipulation,0,13,non_holder,holder,-0.8493857979774475
11,30,Manipulation,0,14,non_holder,non_holder,0.837216854095459
11,30,Manipulation,1,2,non_holder,holder,-0.9488720297813416
11,30,Manipulation,1,3,non_holder,non_holder,0.9338560104370117
11,30,Manipulation,1,4,non_holder,non_holder,0.9643584489822388
11,30,Manipulation,1,5,non_holder,non_holder,0.9057245850563049
11,30,Manipulation,1,6,non_holder,non_holder,0.8993103504180908
11,30,Manipulation,1,7,non_holder,non_holder,0.9036078453063965
11,30,Manipulation,1,8,non_holder,non_holder,0.8593384027481079
11,30,Manipulation,1,9,non_holder,non_holder,0.8737632036209106
11,30,Manipulation,1,10,non_holder,non_holder,0.9628545641899109
11,30,Manipulation,1,11,non_holder,non_holder,0.8718879222869873
11,30,Manipulation,1,12,non_holder,non_holder,0.895954430103302
11,30,Manipulation,1,13,non_holder,holder,-0.9685488939285278
11,30,Manipulation,1,14,non_holder,non_holder,0.916295051574707
11,30,Manipulation,2,3,holder,non_holder,-0.8661743402481079
11,30,Manipulation,2,4,holder,non_holder,-0.9037109613418579
11,30,Manipulation,2,5,holder,non_holder,-0.8379287719726562
11,30,Manipulation,2,6,holder,non_holder,-0.8338877558708191
11,30,Manipulation,2,7,holder,non_holder,-0.8523569703102112
11,30,Manipulation,2,8,holder,non_holder,-0.7674045562744141
11,30,Manipulation,2,9,holder,non_holder,-0.807939350605011
11,30,Manipulation,2,10,holder,non_holder,-0.9072654247283936
11,30,Manipulation,2,11,holder,non_holder,-0.7958177924156189
11,30,Manipulation,2,12,holder,non_holder,-0.8416181802749634
11,30,Manipulation,2,13,holder,holder,0.9296829104423523
11,30,Manipulation,2,14,holder,non_holder,-0.8637239336967468
11,30,Manipulation,3,4,non_holder,non_holder,0.9360188245773315
11,30,Manipulation,3,5,non_holder,non_holder,0.9239497780799866
11,30,Manipulation,3,6,non_holder,non_holder,0.9129585027694702
11,30,Manipulation,3,7,non_holder,non_holder,0.9082329273223877
11,30,Manipulation,3,8,non_holder,non_holder,0.8708748817443848
11,30,Manipulation,3,9,non_holder,non_holder,0.867525577545166
11,30,Manipulation,3,10,non_holder,non_holder,0.9591435194015503
11,30,Manipulation,3,11,non_holder,non_holder,0.8780583739280701
11,30,Manipulation,3,12,non_holder,non_holder,0.9109196066856384
11,30,Manipulation,3,13,non_holder,holder,-0.924605131149292
11,30,Manipulation,3,14,non_holder,non_holder,0.9210765361785889
11,30,Manipulation,4,5,non_holder,non_holder,0.9242557287216187
11,30,Manipulation,4,6,non_holder,non_holder,0.9035688042640686
11,30,Manipulation,4,7,non_holder,non_holder,0.9105009436607361
11,30,Manipulation,4,8,non_holder,non_holder,0.8672089576721191
11,30,Manipulation,4,9,non_holder,non_holder,0.8724569082260132
11,30,Manipulation,4,10,non_holder,non_holder,0.9654699563980103
11,30,Manipulation,4,11,non_holder,non_holder,0.8659204840660095
11,30,Manipulation,4,12,non_holder,non_holder,0.9111620187759399
11,30,Manipulation,4,13,non_holder,holder,-0.9671481251716614
11,30,Manipulation,4,14,non_holder,non_holder,0.9167598485946655
11,30,Manipulation,5,6,non_holder,non_holder,0.9376375079154968
11,30,Manipulation,5,7,non_holder,non_holder,0.9402289986610413
11,30,Manipulation,5,8,non_holder,non_holder,0.8744635581970215
11,30,Manipulation,5,9,non_holder,non_holder,0.8783583641052246
11,30,Manipulation,5,10,non_holder,non_holder,0.943143367767334
11,30,Manipulation,5,11,non_holder,non_holder,0.8807283043861389
11,30,Manipulation,5,12,non_holder,non_holder,0.9470179677009583
11,30,Manipulation,5,13,non_holder,holder,-0.9079567790031433
11,30,Manipulation,5,14,non_holder,non_holder,0.9408811330795288
11,30,Manipulation,6,7,non_holder,non_holder,0.9633326530456543
11,30,Manipulation,6,8,non_holder,non_holder,0.8532195091247559
11,30,Manipulation,6,9,non_holder,non_holder,0.8554323315620422
11,30,Manipulation,6,10,non_holder,non_holder,0.9444290399551392
11,30,Manipulation,6,11,non_holder,non_holder,0.8448219299316406
11,30,Manipulation,6,12,non_holder,non_holder,0.9744799733161926
11,30,Manipulation,6,13,non_holder,holder,-0.8985474705696106
11,30,Manipulation,6,14,non_holder,non_holder,0.9583390951156616
11,30,Manipulation,7,8,non_holder,non_holder,0.8342470526695251
11,30,Manipulation,7,9,non_holder,non_holder,0.8415890336036682
11,30,Manipulation,7,10,non_holder,non_holder,0.9578608870506287
11,30,Manipulation,7,11,non_holder,non_holder,0.8381639122962952
11,30,Manipulation,7,12,non_holder,non_holder,0.9891911745071411
11,30,Manipulation,7,13,non_holder,holder,-0.9095497131347656
11,30,Manipulation,7,14,non_holder,non_holder,0.9822755455970764
11,30,Manipulation,8,9,non_holder,non_holder,0.947269082069397
11,30,Manipulation,8,10,non_holder,non_holder,0.8421781659126282
11,30,Manipulation,8,11,non_holder,non_holder,0.9440112709999084
11,30,Manipulation,8,12,non_holder,non_holder,0.8513717651367188
11,30,Manipulation,8,13,non_holder,holder,-0.8283430933952332
11,30,Manipulation,8,14,non_holder,non_holder,0.8587570190429688
11,30,Manipulation,9,10,non_holder,non_holder,0.8597954511642456
11,30,Manipulation,9,11,non_holder,non_holder,0.9787375330924988
11,30,Manipulation,9,12,non_holder,non_holder,0.8501256108283997
11,30,Manipulation,9,13,non_holder,holder,-0.857840895652771
11,30,Manipulation,9,14,non_holder,non_holder,0.8704723119735718
11,30,Manipulation,10,11,non_holder,non_holder,0.859562337398529
11,30,Manipulation,10,12,non_holder,non_holder,0.9524117708206177
11,30,Manipulation,10,13,non_holder,holder,-0.9678699374198914
11,30,Manipulation,10,14,non_holder,non_holder,0.9596653580665588
11,30,Manipulation,11,12,non_holder,non_holder,0.8420206904411316
11,30,Manipulation,11,13,non_holder,holder,-0.8565341830253601
11,30,Manipulation,11,14,non_holder,non_holder,0.8674849271774292
11,30,Manipulation,12,13,non_holder,holder,-0.9040400385856628
11,30,Manipulation,12,14,non_holder,non_holder,0.9829327464103699
11,30,Manipulation,13,14,holder,non_holder,-0.9206038117408752
11,30,Replay,0,1,non_holder,holder,-0.7157204151153564
11,30,Replay,0,2,non_holder,non_holder,0.8565096259117126
11,30,Replay,0,3,non_holder,non_holder,0.8834674954414368
11,30,Replay,0,4,non_holder,holder,-0.5591216087341309
11,30,Replay,0,5,non_holder,non_holder,0.8294089436531067
11,30,Replay,0,6,non_holder,non_holder,0.8431969285011292
11,30,Replay,0,7,non_holder,non_holder,0.8437755107879639
11,30,Replay,0,8,non_holder,non_holder,0.8179168105125427
11,30,Replay,0,9,non_holder,non_holder,0.8437217473983765
11,30,Replay,0,10,non_holder,holder,-0.5811610817909241
11,30,Replay,0,11,non_holder,non_holder,0.8437942862510681
11,30,Replay,0,12,non_holder,non_holder,0.8576220870018005
11,30,Replay,0,13,non_holder,non_holder,0.823932945728302
11,30,Replay,0,14,non_holder,non_holder,0.8323289155960083
11,30,Replay,1,2,holder,non_holder,-0.9210328459739685
11,30,Replay,1,3,holder,non_holder,-0.8337135314941406
11,30,Replay,1,4,holder,holder,0.8968547582626343
11,30,Replay,1,5,holder,non_holder,-0.8927963972091675
11,30,Replay,1,6,holder,non_holder,-0.8467885255813599
11,30,Replay,1,7,holder,non_holder,-0.8906495571136475
11,30,Replay,1,8,holder,non_holder,-0.8955507874488831
11,30,Replay,1,9,holder,non_holder,-0.8865211606025696
11,30,Replay,1,10,holder,holder,0.9376140236854553
11,30,Replay,1,11,holder,non_holder,-0.8607841730117798
11,30,Replay,1,12,holder,non_holder,-0.8890085220336914
11,30,Replay,1,13,holder,non_holder,-0.9543030858039856
11,30,Replay,1,14,holder,non_holder,-0.90887451171875
11,30,Replay,2,3,non_holder,non_holder,0.9466812014579773
11,30,Replay,2,4,non_holder,holder,-0.8019861578941345
11,30,Replay,2,5,non_holder,non_holder,0.9658441543579102
11,30,Replay,2,6,non_holder,non_holder,0.9531323313713074
11,30,Replay,2,7,non_holder,non_holder,0.9749020338058472
11,30,Replay,2,8,non_holder,non_holder,0.9284507632255554
11,30,Replay,2,9,non_holder,non_holder,0.9399209022521973
11,30,Replay,2,10,non_holder,holder,-0.8321542143821716
11,30,Replay,2,11,non_holder,non_holder,0.9197071194648743
11,30,Replay,2,12,non_holder,non_holder,0.9780399203300476
11,30,Replay,2,13,non_holder,non_holder,0.9841721653938293
11,30,Replay,2,14,non_holder,non_holder,0.9778579473495483
11,30,Replay,3,4,non_holder,holder,-0.7301681637763977
11,30,Replay,3,5,non_holder,non_holder,0.9334306120872498
11,30,Replay,3,6,non_holder,non_holder,0.9243109822273254
11,30,Replay,3,7,non_holder,non_holder,0.934581458568573
11,30,Replay,3,8,non_holder,non_holder,0.8850048780441284
11,30,Replay,3,9,non_holder,non_holder,0.8948291540145874
11,30,Replay,3,10,non_holder,holder,-0.7455214262008667
11,30,Replay,3,11,non_holder,non_holder,0.8878391981124878
11,30,Replay,3,12,non_holder,non_holder,0.9425473809242249
11,30,Replay,3,13,non_holder,non_holder,0.9291700124740601
11,30,Replay,3,14,non_holder,non_holder,0.92912757396698
11,30,Replay,4,5,holder,non_holder,-0.7732794880867004
11,30,Replay,4,6,holder,non_holder,-0.6993070840835571
11,30,Replay,4,7,holder,non_holder,-0.786884069442749
11,30,Replay,4,8,holder,non_holder,-0.7660070657730103
11,30,Replay,4,9,holder,non_holder,-0.7579434514045715
11,30,Replay,4,10,holder,holder,0.8612273335456848
11,30,Replay,4,11,holder,non_holder,-0.7149178385734558
11,30,Replay,4,12,holder,non_holder,-0.7727793455123901
11,30,Replay,4,13,holder,non_holder,-0.8558023571968079
11,30,Replay,4,14,holder,non_holder,-0.8036984205245972
11,30,Replay,5,6,non_holder,non_holder,0.9414045810699463
11,30,Replay,5,7,non_holder,non_holder,0.9582338929176331
11,30,Replay,5,8,non_holder,non_holder,0.9255473017692566
11,30,Replay,5,9,non_holder,non_holder,0.9256010055541992
11,30,Replay,5,10,non_holder,holder,-0.8096559643745422
11,30,Replay,5,11,non_holder,non_holder,0.9180570244789124
11,30,Replay,5,12,non_holder,non_holder,0.9613193869590759
11,30,Replay,5,13,non_holder,non_holder,0.9555357694625854
11,30,Replay,5,14,non_holder,non_holder,0.9616144895553589
11,30,Replay,6,7,non_holder,non_holder,0.966004490852356
11,30,Replay,6,8,non_holder,non_holder,0.8775103092193604
11,30,Replay,6,9,non_holder,non_holder,0.8998966217041016
11,30,Replay,6,10,non_holder,holder,-0.7666734457015991
11,30,Replay,6,11,non_holder,non_holder,0.8894179463386536
11,30,Replay,6,12,non_holder,non_holder,0.9684167504310608
11,30,Replay,6,13,non_holder,non_holder,0.9256522059440613
11,30,Replay,6,14,non_holder,non_holder,0.9483177065849304
11,30,Replay,7,8,non_holder,non_holder,0.8980087637901306
11,30,Replay,7,9,non_holder,non_holder,0.9098820090293884
11,30,Replay,7,10,non_holder,holder,-0.820517897605896
11,30,Replay,7,11,non_holder,non_holder,0.8925283551216125
11,30,Replay,7,12,non_holder,non_holder,0.9911489486694336
11,30,Replay,7,13,non_holder,non_holder,0.955661416053772
11,30,Replay,7,14,non_holder,non_holder,0.9831697940826416
11,30,Replay,8,9,non_holder,non_holder,0.96345055103302
11,30,Replay,8,10,non_holder,holder,-0.7904079556465149
11,30,Replay,8,11,non_holder,non_holder,0.9546499848365784
11,30,Replay,8,12,non_holder,non_holder,0.9094728827476501
11,30,Replay,8,13,non_holder,non_holder,0.9266186356544495
11,30,Replay,8,14,non_holder,non_holder,0.917639970779419
11,30,Replay,9,10,non_holder,holder,-0.7875744104385376
11,30,Replay,9,11,non_holder,non_holder,0.9817073345184326
11,30,Replay,9,12,non_holder,non_holder,0.924362063407898
11,30,Replay,9,13,non_holder,non_holder,0.9249711632728577
11,30,Replay,9,14,non_holder,non_holder,0.9283969402313232
11,30,Replay,10,11,holder,non_holder,-0.7532615661621094
11,30,Replay,10,12,holder,non_holder,-0.8091718554496765
11,30,Replay,10,13,holder,non_holder,-0.8808451890945435
11,30,Replay,10,14,holder,non_holder,-0.8225623369216919
11,30,Replay,11,12,non_holder,non_holder,0.9057028889656067
11,30,Replay,11,13,non_holder,non_holder,0.9044089317321777
11,30,Replay,11,14,non_holder,non_holder,0.9114605784416199
11,30,Replay,12,13,non_holder,non_holder,0.9559696316719055
11,30,Replay,12,14,non_holder,non_holder,0.9799569845199585
11,30,Replay,13,14,non_holder,non_holder,0.9600368738174438
11,45,Manipulation,0,1,non_holder,non_holder,0.7733052372932434
11,45,Manipulation,0,2,non_holder,holder,-0.7405509352684021
11,45,Manipulation,0,3,non_holder,non_holder,0.7628739476203918
11,45,Manipulation,0,4,non_holder,non_holder,0.8071731925010681
11,45,Manipulation,0,5,non_holder,non_holder,0.8249189853668213
11,45,Manipulation,0,6,non_holder,non_holder,0.787774384021759
11,45,Manipulation,0,7,non_holder,non_holder,0.779321014881134
11,45,Manipulation,0,8,non_holder,non_holder,0.5806736946105957
11,45,Manipulation,0,9,non_holder,non_holder,0.6662344336509705
11,45,Manipulation,0,10,non_holder,non_holder,0.8386794328689575
11,45,Manipulation,0,11,non_holder,non_holder,0.7442300319671631
11,45,Manipulation,0,12,non_holder,non_holder,0.7585836052894592
11,45,Manipulation,0,13,non_holder,holder,-0.7933375239372253
11,45,Manipulation,0,14,non_holder,non_holder,0.7470991015434265
11,45,Manipulation,1,2,non_holder,holder,-0.9317667484283447
11,45,Manipulation,1,3,non_holder,non_holder,0.9302589893341064
11,45,Manipulation,1,4,non_holder,non_holder,0.9504827260971069
11,45,Manipulation,1,5,non_holder,non_holder,0.8417772650718689
11,45,Manipulation,1,6,non_holder,non_holder,0.8143247961997986
11,45,Manipulation,1,7,non_holder,non_holder,0.8176563382148743
11,45,Manipulation,1,8,non_holder,non_holder,0.7458491921424866
11,45,Manipulation,1,9,non_holder,non_holder,0.8245602250099182
11,45,Manipulation,1,10,non_holder,non_holder,0.9339907765388489
11,45,Manipulation,1,11,non_holder,non_holder,0.8641553521156311
11,45,Manipulation,1,12,non_holder,non_holder,0.7935953140258789
11,45,Manipulation,1,13,non_holder,holder,-0.9301636219024658
11,45,Manipulation,1,14,non_holder,non_holder,0.8467026352882385
11,45,Manipulation,2,3,holder,non_holder,-0.8864816427230835
11,45,Manipulation,2,4,holder,non_holder,-0.8775348663330078
11,45,Manipulation,2,5,holder,non_holder,-0.7910515069961548
11,45,Manipulation,2,6,holder,non_holder,-0.77510666847229
11,45,Manipulation,2,7,holder,non_holder,-0.7619753479957581
11,45,Manipulation,2,8,holder,non_holder,-0.691444456577301
11,45,Manipulation,2,9,holder,non_holder,-0.7630578279495239
11,45,Manipulation,2,10,holder,non_holder,-0.895430862903595
11,45,Manipulation,2,11,holder,non_holder,-0.7985963821411133
11,45,Manipulation,2,12,holder,non_holder,-0.7378321886062622
11,45,Manipulation,2,13,holder,holder,0.9334507584571838
11,45,Manipulation,2,14,holder,non_holder,-0.7862955927848816
11,45,Manipulation,3,4,non_holder,non_holder,0.9112123250961304
11,45,Manipulation,3,5,non_holder,non_holder,0.8347512483596802
11,45,Manipulation,3,6,non_holder,non_holder,0.8002254962921143
11,45,Manipulation,3,7,non_holder,non_holder,0.815605103969574
11,45,Manipulation,3,8,non_holder,non_holder,0.675761342048645
11,45,Manipulation,3,9,non_holder,non_holder,0.774017870426178
11,45,Manipulation,3,10,non_holder,non_holder,0.922878623008728
11,45,Manipulation,3,11,non_holder,non_holder,0.8580343127250671
11,45,Manipulation,3,12,non_holder,non_holder,0.767907977104187
11,45,Manipulation,3,13,non_holder,holder,-0.8843278884887695
11,45,Manipulation,3,14,non_holder,non_holder,0.8197797536849976
11,45,Manipulation,4,5,non_holder,non_holder,0.8890334367752075
11,45,Manipulation,4,6,non_holder,non_holder,0.8566329479217529
11,45,Manipulation,4,7,non_holder,non_holder,0.8534444570541382
11,45,Manipulation,4,8,non_holder,non_holder,0.7304301261901855
11,45,Manipulation,4,9,non_holder,non_holder,0.8030536770820618
11,45,Manipulation,4,10,non_holder,non_holder,0.9593490958213806
11,45,Manipulation,4,11,non_holder,non_holder,0.8552019000053406
11,45,Manipulation,4,12,non_holder,non_holder,0.8248647451400757
11,45,Manipulation,4,13,non_holder,holder,-0.934200644493103
11,45,Manipulation,4,14,non_holder,non_holder,0.8504120707511902
11,45,Manipulation,5,6,non_holder,non_holder,0.9196668267250061
11,45,Manipulation,5,7,non_holder,non_holder,0.9511705636978149
11,45,Manipulation,5,8,non_holder,non_holder,0.6974566578865051
11,45,Manipulation,5,9,non_holder,non_holder,0.783043622970581
11,45,Manipulation,5,10,non_holder,non_holder,0.9219840168952942
11,45,Manipulation,5,11,non_holder,non_holder,0.8174436092376709
11,45,Manipulation,5,12,non_holder,non_holder,0.9350083470344543
11,45,Manipulation,5,13,non_holder,holder,-0.8328841328620911
11,45,Manipulation,5,14,non_holder,non_holder,0.9129882454872131
11,45,Manipulation,6,7,non_holder,non_holder,0.911113977432251
11,45,Manipulation,6,8,non_holder,non_holder,0.636699378490448
11,45,Manipulation,6,9,non_holder,non_holder,0.7175348997116089
11,45,Manipulation,6,10,non_holder,non_holder,0.8977784514427185
11,45,Manipulation,6,11,non_holder,non_holder,0.7801522612571716
11,45,Manipulation,6,12,non_holder,non_holder,0.9011141657829285
11,45,Manipulation,6,13,non_holder,holder,-0.8113076686859131
11,45,Manipulation,6,14,non_holder,non_holder,0.8835117816925049
11,45,Manipulation,7,8,non_holder,non_holder,0.6003747582435608
11,45,Manipulation,7,9,non_holder,non_holder,0.724633514881134
11,45,Manipulation,7,10,non_holder,non_holder,0.9074671864509583
11,45,Manipulation,7,11,non_holder,non_holder,0.7752463817596436
11,45,Manipulation,7,12,non_holder,non_holder,0.9789183139801025
11,45,Manipulation,7,13,non_holder,holder,-0.7993906736373901
11,45,Manipulation,7,14,non_holder,non_holder,0.9712861776351929
11,45,Manipulation,8,9,non_holder,non_holder,0.9019296765327454
11,45,Manipulation,8,10,non_holder,non_holder,0.6866415739059448
11,45,Manipulation,8,11,non_holder,non_holder,0.7947210073471069
11,45,Manipulation,8,12,non_holder,non_holder,0.6016321778297424
11,45,Manipulation,8,13,non_holder,holder,-0.7297195792198181
11,45,Manipulation,8,14,non_holder,non_holder,0.6302736401557922
11,45,Manipulation,9,10,non_holder,non_holder,0.7672780156135559
11,45,Manipulation,9,11,non_holder,non_holder,0.9127718806266785
11,45,Manipulation,9,12,non_holder,non_holder,0.7166813015937805
11,45,Manipulation,9,13,non_holder,holder,-0.7828754186630249
11,45,Manipulation,9,14,non_holder,non_holder,0.7525229454040527
11,45,Manipulation,10,11,non_holder,non_holder,0.8348544836044312
11,45,Manipulation,10,12,non_holder,non_holder,0.8786080479621887
11,45,Manipulation,10,13,non_holder,holder,-0.9402558207511902
11,45,Manipulation,10,14,non_holder,non_holder,0.9035071730613708
11,45,Manipulation,11,12,non_holder,non_holder,0.7552263140678406
11,45,Manipulation,11,13,non_holder,holder,-0.8167372941970825
11,45,Manipulation,11,14,non_holder,non_holder,0.7830185294151306
11,45,Manipulation,12,13,non_holder,holder,-0.7686666250228882
11,45,Manipulation,12,14,non_holder,non_holder,0.9618512988090515
11,45,Manipulation,13,14,holder,non_holder,-0.7943629622459412
11,45,Replay,0,1,non_holder,holder,-0.6683892011642456
11,45,Replay,0,2,non_holder,non_holder,0.8311945796012878
11,45,Replay,0,3,non_holder,non_holder,0.8193766474723816
11,45,Replay,0,4,non_holder,holder,-0.3721552789211273
11,45,Replay,0,5,non_holder,non_holder,0.8409480452537537
11,45,Replay,0,6,non_holder,non_holder,0.8308407664299011
11,45,Replay,0,7,non_holder,non_holder,0.8429195284843445
11,45,Replay,0,8,non_holder,non_holder,0.6082082390785217
11,45,Replay,0,9,non_holder,non_holder,0.7003346085548401
11,45,Replay,0,10,non_holder,holder,-0.46707677841186523
11,45,Replay,0,11,non_holder,non_holder,0.7447893619537354
11,45,Replay,0,12,non_holder,non_holder,0.8199214935302734
11,45,Replay,0,13,non_holder,non_holder,0.7965021729469299
11,45,Replay,0,14,non_holder,non_holder,0.7898206114768982
11,45,Replay,1,2,holder,non_holder,-0.8880784511566162
11,45,Replay,1,3,holder,non_holder,-0.8031072020530701
11,45,Replay,1,4,holder,holder,0.8385075926780701
11,45,Replay,1,5,holder,non_holder,-0.8002511858940125
11,45,Replay,1,6,holder,non_holder,-0.8096465468406677
11,45,Replay,1,7,holder,non_holder,-0.8182315826416016
11,45,Replay,1,8,holder,non_holder,-0.8206875324249268
11,45,Replay,1,9,holder,non_holder,-0.8274330496788025
11,45,Replay,1,10,holder,holder,0.9047712683677673
11,45,Replay,1,11,holder,non_holder,-0.8266234993934631
11,45,Replay,1,12,holder,non_holder,-0.8002310395240784
11,45,Replay,1,13,holder,non_holder,-0.928061842918396
11,45,Replay,1,14,holder,non_holder,-0.8637882471084595
11,45,Replay,2,3,non_holder,non_holder,0.9342166185379028
11,45,Replay,2,4,non_holder,holder,-0.6590165495872498
11,45,Replay,2,5,non_holder,non_holder,0.9406754374504089
11,45,Replay,2,6,non_holder,non_holder,0.9329474568367004
11,45,Replay,2,7,non_holder,non_holder,0.9465741515159607
11,45,Replay,2,8,non_holder,non_holder,0.8179971575737
11,45,Replay,2,9,non_holder,non_holder,0.8616541624069214
11,45,Replay,2,10,non_holder,holder,-0.7457185983657837
11,45,Replay,2,11,non_holder,non_holder,0.8893313407897949
11,45,Replay,2,12,non_holder,non_holder,0.9197179675102234
11,45,Replay,2,13,non_holder,non_holder,0.9757285714149475
11,45,Replay,2,14,non_holder,non_holder,0.95409095287323
11,45,Replay,3,4,non_holder,holder,-0.61777663230896
11,45,Replay,3,5,non_holder,non_holder,0.9065189361572266
11,45,Replay,3,6,non_holder,non_holder,0.9213986992835999
11,45,Replay,3,7,non_holder,non_holder,0.9112322926521301
11,45,Replay,3,8,non_holder,non_holder,0.7728524804115295
11,45,Replay,3,9,non_holder,non_holder,0.8276547193527222
11,45,Replay,3,10,non_holder,holder,-0.6822739243507385
11,45,Replay,3,11,non_holder,non_holder,0.8736239671707153
11,45,Replay,3,12,non_holder,non_holder,0.882073700428009
11,45,Replay,3,13,non_holder,non_holder,0.9089202284812927
11,45,Replay,3,14,non_holder,non_holder,0.9015907645225525
11,45,Replay,4,5,holder,non_holder,-0.5748904943466187
11,45,Replay,4,6,holder,non_holder,-0.59412682056427
11,45,Replay,4,7,holder,non_holder,-0.6128552556037903
11,45,Replay,4,8,holder,non_holder,-0.6647003889083862
11,45,Replay,4,9,holder,non_holder,-0.6189746856689453
11,45,Replay,4,10,holder,holder,0.8563017845153809
11,45,Replay,4,11,holder,non_holder,-0.6052352786064148
11,45,Replay,4,12,holder,non_holder,-0.5962965488433838
11,45,Replay,4,13,holder,non_holder,-0.7289299964904785
11,45,Replay,4,14,holder,non_holder,-0.671025812625885
11,45,Replay,5,6,non_holder,non_holder,0.9277257919311523
11,45,Replay,5,7,non_holder,non_holder,0.942775309085846
11,45,Replay,5,8,non_holder,non_holder,0.7633058428764343
11,45,Replay,5,9,non_holder,non_holder,0.8159803748130798
11,45,Replay,5,10,non_holder,holder,-0.6668345928192139
11,45,Replay,5,11,non_holder,non_holder,0.8356990814208984
11,45,Replay,5,12,non_holder,non_holder,0.9211710095405579
11,45,Replay,5,13,non_holder,non_holder,0.9063601493835449
11,45,Replay,5,14,non_holder,non_holder,0.8986430168151855
11,45,Replay,6,7,non_holder,non_holder,0.9338209629058838
11,45,Replay,6,8,non_holder,non_holder,0.7321633100509644
11,45,Replay,6,9,non_holder,non_holder,0.7705370783805847
11,45,Replay,6,10,non_holder,holder,-0.674181342124939
11,45,Replay,6,11,non_holder,non_holder,0.8072315454483032
11,45,Replay,6,12,non_holder,non_holder,0.9236606359481812
11,45,Replay,6,13,non_holder,non_holder,0.8939022421836853
11,45,Replay,6,14,non_holder,non_holder,0.9113647937774658
11,45,Replay,7,8,non_holder,non_holder,0.7566714882850647
11,45,Replay,7,9,non_holder,non_holder,0.8225106596946716
11,45,Replay,7,10,non_holder,holder,-0.6720998287200928
11,45,Replay,7,11,non_holder,non_holder,0.8455512523651123
11,45,Replay,7,12,non_holder,non_holder,0.9756363034248352
11,45,Replay,7,13,non_holder,non_holder,0.9004738926887512
11,45,Replay,7,14,non_holder,non_holder,0.9687842726707458
11,45,Replay,8,9,non_holder,non_holder,0.9392268657684326
11,45,Replay,8,10,non_holder,holder,-0.7491103410720825
11,45,Replay,8,11,non_holder,non_holder,0.9100697040557861
11,45,Replay,8,12,non_holder,non_holder,0.7503554224967957
11,45,Replay,8,13,non_holder,non_holder,0.8577997088432312
11,45,Replay,8,14,non_holder,non_holder,0.7997881174087524
11,45,Replay,9,10,non_holder,holder,-0.7174223065376282
11,45,Replay,9,11,non_holder,non_holder,0.9583014845848083
11,45,Replay,9,12,non_holder,non_holder,0.8078828454017639
11,45,Replay,9,13,non_holder,non_holder,0.8797532320022583
11,45,Replay,9,14,non_holder,non_holder,0.8528838753700256
11,45,Replay,10,11,holder,non_holder,-0.6943463683128357
11,45,Replay,10,12,holder,non_holder,-0.6439895629882812
11,45,Replay,10,13,holder,non_holder,-0.8106571435928345
11,45,Replay,10,14,holder,non_holder,-0.7299209237098694
11,45,Replay,11,12,non_holder,non_holder,0.8380053043365479
11,45,Replay,11,13,non_holder,non_holder,0.9058855175971985
11,45,Replay,11,14,non_holder,non_holder,0.866360068321228
11,45,Replay,12,13,non_holder,non_holder,0.8700358271598816
11,45,Replay,12,14,non_holder,non_holder,0.945650577545166
11,45,Replay,13,14,non_holder,non_holder,0.92212975025177
22,1,Manipulation,0,1,non_holder,non_holder,0.9073675870895386
22,1,Manipulation,0,2,non_holder,holder,-0.4571629464626312
22,1,Manipulation,0,3,non_holder,non_holder,0.927308201789856
22,1,Manipulation,0,4,non_holder,non_holder,0.9327142834663391
22,1,Manipulation,0,5,non_holder,non_holder,0.9106507897377014
22,1,Manipulation,0,6,non_holder,non_holder,0.8599939942359924
22,1,Manipulation,0,7,non_holder,non_holder,0.9267295598983765
22,1,Manipulation,0,8,non_holder,non_holder,0.9027241468429565
22,1,Manipulation,0,9,non_holder,non_holder,0.9326378703117371
22,1,Manipulation,0,10,non_holder,non_holder,0.9179959893226624
22,1,Manipulation,0,11,non_holder,non_holder,0.9051488637924194
22,1,Manipulation,0,12,non_holder,non_holder,0.9217437505722046
22,1,Manipulation,0,13,non_holder,holder,-0.6542342901229858
22,1,Manipulation,0,14,non_holder,non_holder,0.9107339978218079
22,1,Manipulation,1,2,non_holder,holder,-0.5220764875411987
22,1,Manipulation,1,3,non_holder,non_holder,0.9396030306816101
22,1,Manipulation,1,4,non_holder,non_holder,0.965344250202179
22,1,Manipulation,1,5,non_holder,non_holder,0.948886513710022
22,1,Manipulation,1,6,non_holder,non_holder,0.9227749705314636
22,1,Manipulation,1,7,non_holder,non_holder,0.9657766819000244
22,1,Manipulation,1,8,non_holder,non_holder,0.9367554187774658
22,1,Manipulation,1,9,non_holder,non_holder,0.977345883846283
22,1,Manipulation,1,10,non_holder,non_holder,0.9668615460395813
22,1,Manipulation,1,11,non_holder,non_holder,0.97381192445755
22,1,Manipulation,1,12,non_holder,non_holder,0.9790996313095093
22,1,Manipulation,1,13,non_holder,holder,-0.7543133497238159
22,1,Manipulation,1,14,non_holder,non_holder,0.9621544480323792
22,1,Manipulation,2,3,holder,non_holder,-0.46710336208343506
22,1,Manipulation,2,4,holder,non_holder,-0.5055773854255676
22,1,Manipulation,2,5,holder,non_holder,-0.5677821636199951
22,1,Manipulation,2,6,holder,non_holder,-0.46511274576187134
22,1,Manipulation,2,7,holder,non_holder,-0.5607986450195312
22,1,Manipulation,2,8,holder,non_holder,-0.5125490427017212
22,1,Manipulation,2,9,holder,non_holder,-0.5540881156921387
22,1,Manipulation,2,10,holder,non_holder,-0.5376260280609131
22,1,Manipulation,2,11,holder,non_holder,-0.5146595239639282
22,1,Manipulation,2,12,holder,non_holder,-0.5651823282241821
22,1,Manipulation,2,13,holder,holder,0.7868844866752625
22,1,Manipulation,2,14,holder,non_holder,-0.49336427450180054
22,1,Manipulation,3,4,non_holder,non_holder,0.9523798823356628
22,1,Manipulation,3,5,non_holder,non_holder,0.9172620177268982
22,1,Manipulation,3,6,non_holder,non_holder,0.9208770394325256
22,1,Manipulation,3,7,non_holder,non_holder,0.9441717863082886
22,1,Manipulation,3,8,non_holder,non_holder,0.9582716226577759
22,1,Manipulation,3,9,non_holder,non_holder,0.9676751494407654
22,1,Manipulation,3,10,non_holder,non_holder,0.9552750587463379
22,1,Manipulation,3,11,non_holder,non_holder,0.9460909366607666
22,1,Manipulation,3,12,non_holder,non_holder,0.9498677253723145
22,1,Manipulation,3,13,non_holder,holder,-0.6887342929840088
22,1,Manipulation,3,14,non_holder,non_holder,0.9459637403488159
22,1,Manipulation,4,5,non_holder,non_holder,0.9572223424911499
22,1,Manipulation,4,6,non_holder,non_holder,0.9100516438484192
22,1,Manipulation,4,7,non_holder,non_holder,0.9689269065856934
22,1,Manipulation,4,8,non_holder,non_holder,0.9257111549377441
22,1,Manipulation,4,9,non_holder,non_holder,0.9700896739959717
22,1,Manipulation,4,10,non_holder,non_holder,0.9698523283004761
22,1,Manipulation,4,11,non_holder,non_holder,0.9592998027801514
22,1,Manipulation,4,12,non_holder,non_holder,0.9670587182044983
22,1,Manipulation,4,13,non_holder,holder,-0.7322973012924194
22,1,Manipulation,4,14,non_holder,non_holder,0.953004002571106
22,1,Manipulation,5,6,non_holder,non_holder,0.878382682800293
22,1,Manipulation,5,7,non_holder,non_holder,0.9743877649307251
22,1,Manipulation,5,8,non_holder,non_holder,0.9070124626159668
22,1,Manipulation,5,9,non_holder,non_holder,0.9578747749328613
22,1,Manipulation,5,10,non_holder,non_holder,0.931988537311554
22,1,Manipulation,5,11,non_holder,non_holder,0.952601969242096
22,1,Manipulation,5,12,non_holder,non_holder,0.9622952938079834
22,1,Manipulation,5,13,non_holder,holder,-0.7375658750534058
22,1,Manipulation,5,14,non_holder,non_holder,0.9408313632011414
22,1,Manipulation,6,7,non_holder,non_holder,0.9234951138496399
22,1,Manipulation,6,8,non_holder,non_holder,0.9336915612220764
22,1,Manipulation,6,9,non_holder,non_holder,0.943791925907135
22,1,Manipulation,6,10,non_holder,non_holder,0.9300317764282227
22,1,Manipulation,6,11,non_holder,non_holder,0.9231987595558167
22,1,Manipulation,6,12,non_holder,non_holder,0.9352205991744995
22,1,Manipulation,6,13,non_holder,holder,-0.6984038949012756
22,1,Manipulation,6,14,non_holder,non_holder,0.9349638223648071
22,1,Manipulation,7,8,non_holder,non_holder,0.928160548210144
22,1,Manipulation,7,9,non_holder,non_holder,0.9780595302581787
22,1,Manipulation,7,10,non_holder,non_holder,0.9662044644355774
22,1,Manipulation,7,11,non_holder,non_holder,0.9585953950881958
22,1,Manipulation,7,12,non_holder,non_holder,0.9836617112159729
22,1,Manipulation,7,13,non_holder,holder,-0.7630972266197205
22,1,Manipulation,7,14,non_holder,non_holder,0.9730156064033508
22,1,Manipulation,8,9,non_holder,non_holder,0.9733625054359436
22,1,Manipulation,8,10,non_holder,non_holder,0.9380744695663452
22,1,Manipulation,8,11,non_holder,non_holder,0.9522456526756287
22,1,Manipulation,8,12,non_holder,non_holder,0.9409776926040649
22,1,Manipulation,8,13,non_holder,holder,-0.705593466758728
22,1,Manipulation,8,14,non_holder,non_holder,0.9327577352523804
22,1,Manipulation,9,10,non_holder,non_holder,0.9744390249252319
22,1,Manipulation,9,11,non_holder,non_holder,0.9815807938575745
22,1,Manipulation,9,12,non_holder,non_holder,0.9865210652351379
22,1,Manipulation,9,13,non_holder,holder,-0.7657320499420166
22,1,Manipulation,9,14,non_holder,non_holder,0.9692277908325195
22,1,Manipulation,10,11,non_holder,non_holder,0.9612505435943604
22,1,Manipulation,10,12,non_holder,non_holder,0.9780636429786682
22,1,Manipulation,10,13,non_holder,holder,-0.7641118764877319
22,1,Manipulation,10,14,non_holder,non_holder,0.9594662189483643
22,1,Manipulation,11,12,non_holder,non_holder,0.9693133234977722
22,1,Manipulation,11,13,non_holder,holder,-0.750819206237793
22,1,Manipulation,11,14,non_holder,non_holder,0.9642085433006287
22,1,Manipulation,12,13,non_holder,holder,-0.7757331728935242
22,1,Manipulation,12,14,non_holder,non_holder,0.96260666847229
22,1,Manipulation,13,14,holder,non_holder,-0.7419282793998718
22,1,Replay,0,1,non_holder,holder,-0.6858025193214417
22,1,Replay,0,2,non_holder,non_holder,0.9001020193099976
22,1,Replay,0,3,non_holder,non_holder,0.9239143133163452
22,1,Replay,0,4,non_holder,holder,-0.25719448924064636
22,1,Replay,0,5,non_holder,non_holder,0.9082857966423035
22,1,Replay,0,6,non_holder,non_holder,0.8705412745475769
22,1,Replay,0,7,non_holder,non_holder,0.9261677265167236
22,1,Replay,0,8,non_holder,non_holder,0.8990927934646606
22,1,Replay,0,9,non_holder,non_holder,0.9301020503044128
22,1,Replay,0,10,non_holder,holder,-0.652741551399231
22,1,Replay,0,11,non_holder,non_holder,0.9007526636123657
22,1,Replay,0,12,non_holder,non_holder,0.9187535643577576
22,1,Replay,0,13,non_holder,non_holder,0.8838499188423157
22,1,Replay,0,14,non_holder,non_holder,0.909246563911438
22,1,Replay,1,2,holder,non_holder,-0.8052639365196228
22,1,Replay,1,3,holder,non_holder,-0.6829424500465393
22,1,Replay,1,4,holder,holder,0.6530436873435974
22,1,Replay,1,5,holder,non_holder,-0.7705780267715454
22,1,Replay,1,6,holder,non_holder,-0.7286131978034973
22,1,Replay,1,7,holder,non_holder,-0.7980732917785645
22,1,Replay,1,8,holder,non_holder,-0.7277982831001282
22,1,Replay,1,9,holder,non_holder,-0.7905327081680298
22,1,Replay,1,10,holder,holder,0.8434592485427856
22,1,Replay,1,11,holder,non_holder,-0.7776035070419312
22,1,Replay,1,12,holder,non_holder,-0.8084546327590942
22,1,Replay,1,13,holder,non_holder,-0.7792984247207642
22,1,Replay,1,14,holder,non_holder,-0.7735795378684998
22,1,Replay,2,3,non_holder,non_holder,0.9365482926368713
22,1,Replay,2,4,non_holder,holder,-0.3512079417705536
22,1,Replay,2,5,non_holder,non_holder,0.9475288987159729
22,1,Replay,2,6,non_holder,non_holder,0.9446896314620972
22,1,Replay,2,7,non_holder,non_holder,0.9719376564025879
22,1,Replay,2,8,non_holder,non_holder,0.9371236562728882
22,1,Replay,2,9,non_holder,non_holder,0.9818945527076721
22,1,Replay,2,10,non_holder,holder,-0.7207640409469604
22,1,Replay,2,11,non_holder,non_holder,0.9652448892593384
22,1,Replay,2,12,non_holder,non_holder,0.9924375414848328
22,1,Replay,2,13,non_holder,non_holder,0.9907290935516357
22,1,Replay,2,14,non_holder,non_holder,0.9576820135116577
22,1,Replay,3,4,non_holder,holder,-0.28184038400650024
22,1,Replay,3,5,non_holder,non_holder,0.9128624796867371
22,1,Replay,3,6,non_holder,non_holder,0.93012934923172
22,1,Replay,3,7,non_holder,non_holder,0.9399077892303467
22,1,Replay,3,8,non_holder,non_holder,0.9575484991073608
22,1,Replay,3,9,non_holder,non_holder,0.9648686051368713
22,1,Replay,3,10,non_holder,holder,-0.6502384543418884
22,1,Replay,3,11,non_holder,non_holder,0.945572018623352
22,1,Replay,3,12,non_holder,non_holder,0.946483850479126
22,1,Replay,3,13,non_holder,non_holder,0.9299048185348511
22,1,Replay,3,14,non_holder,non_holder,0.9440648555755615
22,1,Replay,4,5,holder,non_holder,-0.32258301973342896
22,1,Replay,4,6,holder,non_holder,-0.2896363437175751
22,1,Replay,4,7,holder,non_holder,-0.3434233069419861
22,1,Replay,4,8,holder,non_holder,-0.3306550979614258
22,1,Replay,4,9,holder,non_holder,-0.3519211709499359
22,1,Replay,4,10,holder,holder,0.7815976142883301
22,1,Replay,4,11,holder,non_holder,-0.3198828101158142
22,1,Replay,4,12,holder,non_holder,-0.3661915361881256
22,1,Replay,4,13,holder,non_holder,-0.3220086693763733
22,1,Replay,4,14,holder,non_holder,-0.3091706931591034
22,1,Replay,5,6,non_holder,non_holder,0.8938685655593872
22,1,Replay,5,7,non_holder,non_holder,0.9741019606590271
22,1,Replay,5,8,non_holder,non_holder,0.905555784702301
22,1,Replay,5,9,non_holder,non_holder,0.9577709436416626
22,1,Replay,5,10,non_holder,holder,-0.6865542531013489
22,1,Replay,5,11,non_holder,non_holder,0.9516969323158264
22,1,Replay,5,12,non_holder,non_holder,0.9624847173690796
22,1,Replay,5,13,non_holder,non_holder,0.9319328665733337
22,1,Replay,5,14,non_holder,non_holder,0.9418278336524963
22,1,Replay,6,7,non_holder,non_holder,0.9359099864959717
22,1,Replay,6,8,non_holder,non_holder,0.9432999491691589
22,1,Replay,6,9,non_holder,non_holder,0.9549555778503418
22,1,Replay,6,10,non_holder,holder,-0.6480318307876587
22,1,Replay,6,11,non_holder,non_holder,0.9341153502464294
22,1,Replay,6,12,non_holder,non_holder,0.945323646068573
22,1,Replay,6,13,non_holder,non_holder,0.944598376750946
22,1,Replay,6,14,non_holder,non_holder,0.9444352984428406
22,1,Replay,7,8,non_holder,non_holder,0.9281541705131531
22,1,Replay,7,9,non_holder,non_holder,0.979394257068634
22,1,Replay,7,10,non_holder,holder,-0.7237098813056946
22,1,Replay,7,11,non_holder,non_holder,0.9593027830123901
22,1,Replay,7,12,non_holder,non_holder,0.9834096431732178
22,1,Replay,7,13,non_holder,non_holder,0.957985520362854
22,1,Replay,7,14,non_holder,non_holder,0.9745126366615295
22,1,Replay,8,9,non_holder,non_holder,0.9725142121315002
22,1,Replay,8,10,non_holder,holder,-0.6601677536964417
22,1,Replay,8,11,non_holder,non_holder,0.9536675810813904
22,1,Replay,8,12,non_holder,non_holder,0.9400326013565063
22,1,Replay,8,13,non_holder,non_holder,0.9336708188056946
22,1,Replay,8,14,non_holder,non_holder,0.9332517385482788
22,1,Replay,9,10,non_holder,holder,-0.7165768146514893
22,1,Replay,9,11,non_holder,non_holder,0.9824712872505188
22,1,Replay,9,12,non_holder,non_holder,0.9865034818649292
22,1,Replay,9,13,non_holder,non_holder,0.9737627506256104
22,1,Replay,9,14,non_holder,non_holder,0.9705848097801208
22,1,Replay,10,11,holder,non_holder,-0.6921567320823669
22,1,Replay,10,12,holder,non_holder,-0.7394492030143738
22,1,Replay,10,13,holder,non_holder,-0.6797210574150085
22,1,Replay,10,14,holder,non_holder,-0.688419759273529
22,1,Replay,11,12,non_holder,non_holder,0.9693537950515747
22,1,Replay,11,13,non_holder,non_holder,0.9595677852630615
22,1,Replay,11,14,non_holder,non_holder,0.9643610715866089
22,1,Replay,12,13,non_holder,non_holder,0.9780813455581665
22,1,Replay,12,14,non_holder,non_holder,0.9632295370101929
22,1,Replay,13,14,non_holder,non_holder,0.9525838494300842
22,5,Manipulation,0,1,non_holder,non_holder,0.8521761298179626
22,5,Manipulation,0,2,non_holder,holder,-0.7149364352226257
22,5,Manipulation,0,3,non_holder,non_holder,0.8925634622573853
22,5,Manipulation,0,4,non_holder,non_holder,0.8826961517333984
22,5,Manipulation,0,5,non_holder,non_holder,0.9106366634368896
22,5,Manipulation,0,6,non_holder,non_holder,0.8790035247802734
22,5,Manipulation,0,7,non_holder,non_holder,0.899420440196991
22,5,Manipulation,0,8,non_holder,non_holder,0.8775596618652344
22,5,Manipulation,0,9,non_holder,non_holder,0.8788727521896362
22,5,Manipulation,0,10,non_holder,non_holder,0.8622198700904846
22,5,Manipulation,0,11,non_holder,non_holder,0.8603035807609558
22,5,Manipulation,0,12,non_holder,non_holder,0.8891050219535828
22,5,Manipulation,0,13,non_holder,holder,-0.7607163786888123
22,5,Manipulation,0,14,non_holder,non_holder,0.8845460414886475
22,5,Manipulation,1,2,non_holder,holder,-0.945827066898346
22,5,Manipulation,1,3,non_holder,non_holder,0.9780277013778687
22,5,Manipulation,1,4,non_holder,non_holder,0.9936869144439697
22,5,Manipulation,1,5,non_holder,non_holder,0.9755477905273438
22,5,Manipulation,1,6,non_holder,non_holder,0.9526854753494263
22,5,Manipulation,1,7,non_holder,non_holder,0.983957052230835
22,5,Manipulation,1,8,non_holder,non_holder,0.9864830374717712
22,5,Manipulation,1,9,non_holder,non_holder,0.9920669794082642
22,5,Manipulation,1,10,non_holder,non_holder,0.9982972741127014
22,5,Manipulation,1,11,non_holder,non_holder,0.9907959699630737
22,5,Manipulation,1,12,non_holder,non_holder,0.9906589984893799
22,5,Manipulation,1,13,non_holder,holder,-0.9514947533607483
22,5,Manipulation,1,14,non_holder,non_holder,0.9825310707092285
22,5,Manipulation,2,3,holder,non_holder,-0.9082786440849304
22,5,Manipulation,2,4,holder,non_holder,-0.9242756366729736
22,5,Manipulation,2,5,holder,non_holder,-0.9054728746414185
22,5,Manipulation,2,6,holder,non_holder,-0.9059816002845764
22,5,Manipulation,2,7,holder,non_holder,-0.9179421663284302
22,5,Manipulation,2,8,holder,non_holder,-0.9339605569839478
22,5,Manipulation,2,9,holder,non_holder,-0.9363322257995605
22,5,Manipulation,2,10,holder,non_holder,-0.9464224576950073
22,5,Manipulation,2,11,holder,non_holder,-0.9375906586647034
22,5,Manipulation,2,12,holder,non_holder,-0.9331966042518616
22,5,Manipulation,2,13,holder,holder,0.9657456278800964
22,5,Manipulation,2,14,holder,non_holder,-0.9165604114532471
22,5,Manipulation,3,4,non_holder,non_holder,0.9804640412330627
22,5,Manipulation,3,5,non_holder,non_holder,0.9795750975608826
22,5,Manipulation,3,6,non_holder,non_holder,0.960171639919281
22,5,Manipulation,3,7,non_holder,non_holder,0.9838537573814392
22,5,Manipulation,3,8,non_holder,non_holder,0.9824160933494568
22,5,Manipulation,3,9,non_holder,non_holder,0.985215961933136
22,5,Manipulation,3,10,non_holder,non_holder,0.9819121360778809
22,5,Manipulation,3,11,non_holder,non_holder,0.9804173111915588
22,5,Manipulation,3,12,non_holder,non_holder,0.9856420159339905
22,5,Manipulation,3,13,non_holder,holder,-0.9382869601249695
22,5,Manipulation,3,14,non_holder,non_holder,0.9768116474151611
22,5,Manipulation,4,5,non_holder,non_holder,0.9838656187057495
22,5,Manipulation,4,6,non_holder,non_holder,0.9540426135063171
22,5,Manipulation,4,7,non_holder,non_holder,0.9909986853599548
22,5,Manipulation,4,8,non_holder,non_holder,0.9871184825897217
22,5,Manipulation,4,9,non_holder,non_holder,0.9931416511535645
22,5,Manipulation,4,10,non_holder,non_holder,0.9945999383926392
22,5,Manipulation,4,11,non_holder,non_holder,0.9907870888710022
22,5,Manipulation,4,12,non_holder,non_holder,0.992224931716919
22,5,Manipulation,4,13,non_holder,holder,-0.9332457184791565
22,5,Manipulation,4,14,non_holder,non_holder,0.9875158071517944
22,5,Manipulation,5,6,non_holder,non_holder,0.976381242275238
22,5,Manipulation,5,7,non_holder,non_holder,0.995800793170929
22,5,Manipulation,5,8,non_holder,non_holder,0.9848114252090454
22,5,Manipulation,5,9,non_holder,non_holder,0.986047625541687
22,5,Manipulation,5,10,non_holder,non_holder,0.9787761569023132
22,5,Manipulation,5,11,non_holder,non_holder,0.9737780094146729
22,5,Manipulation,5,12,non_holder,non_holder,0.9925356507301331
22,5,Manipulation,5,13,non_holder,holder,-0.9180872440338135
22,5,Manipulation,5,14,non_holder,non_holder,0.9837606549263
22,5,Manipulation,6,7,non_holder,non_holder,0.9756336212158203
22,5,Manipulation,6,8,non_holder,non_holder,0.967037558555603
22,5,Manipulation,6,9,non_holder,non_holder,0.9662403464317322
22,5,Manipulation,6,10,non_holder,non_holder,0.9582779407501221
22,5,Manipulation,6,11,non_holder,non_holder,0.9501005411148071
22,5,Manipulation,6,12,non_holder,non_holder,0.9752286672592163
22,5,Manipulation,6,13,non_holder,holder,-0.9231728315353394
22,5,Manipulation,6,14,non_holder,non_holder,0.9703721404075623
22,5,Manipulation,7,8,non_holder,non_holder,0.9910877346992493
22,5,Manipulation,7,9,non_holder,non_holder,0.9935005903244019
22,5,Manipulation,7,10,non_holder,non_holder,0.9872829914093018
22,5,Manipulation,7,11,non_holder,non_holder,0.9849183559417725
22,5,Manipulation,7,12,non_holder,non_holder,0.9970698356628418
22,5,Manipulation,7,13,non_holder,holder,-0.9287049770355225
22,5,Manipulation,7,14,non_holder,non_holder,0.9930538535118103
22,5,Manipulation,8,9,non_holder,non_holder,0.9972257018089294
22,5,Manipulation,8,10,non_holder,non_holder,0.9900343418121338
22,5,Manipulation,8,11,non_holder,non_holder,0.9904576539993286
22,5,Manipulation,8,12,non_holder,non_holder,0.9935559630393982
22,5,Manipulation,8,13,non_holder,holder,-0.9444403648376465
22,5,Manipulation,8,14,non_holder,non_holder,0.9883252382278442
22,5,Manipulation,9,10,non_holder,non_holder,0.9950924515724182
22,5,Manipulation,9,11,non_holder,non_holder,0.9955694079399109
22,5,Manipulation,9,12,non_holder,non_holder,0.9962896108627319
22,5,Manipulation,9,13,non_holder,holder,-0.9463928937911987
22,5,Manipulation,9,14,non_holder,non_holder,0.9916576743125916
22,5,Manipulation,10,11,non_holder,non_holder,0.9936357736587524
22,5,Manipulation,10,12,non_holder,non_holder,0.9932710528373718
22,5,Manipulation,10,13,non_holder,holder,-0.9537962079048157
22,5,Manipulation,10,14,non_holder,non_holder,0.9868680238723755
22,5,Manipulation,11,12,non_holder,non_holder,0.9896493554115295
22,5,Manipulation,11,13,non_holder,holder,-0.9470058679580688
22,5,Manipulation,11,14,non_holder,non_holder,0.9863051176071167
22,5,Manipulation,12,13,non_holder,holder,-0.9438573122024536
22,5,Manipulation,12,14,non_holder,non_holder,0.9900795221328735
22,5,Manipulation,13,14,holder,non_holder,-0.928806722164154
22,5,Replay,0,1,non_holder,holder,-0.7712860703468323
22,5,Replay,0,2,non_holder,non_holder,0.877628743648529
22,5,Replay,0,3,non_holder,non_holder,0.8958239555358887
22,5,Replay,0,4,non_holder,holder,-0.5967000722885132
22,5,Replay,0,5,non_holder,non_holder,0.9145194292068481
22,5,Replay,0,6,non_holder,non_holder,0.873069703578949
22,5,Replay,0,7,non_holder,non_holder,0.8939332962036133
22,5,Replay,0,8,non_holder,non_holder,0.8812515735626221
22,5,Replay,0,9,non_holder,non_holder,0.8799285888671875
22,5,Replay,0,10,non_holder,holder,-0.7606237530708313
22,5,Replay,0,11,non_holder,non_holder,0.8596146702766418
22,5,Replay,0,12,non_holder,non_holder,0.8890470862388611
22,5,Replay,0,13,non_holder,non_holder,0.8740580677986145
22,5,Replay,0,14,non_holder,non_holder,0.8704895973205566
22,5,Replay,1,2,holder,non_holder,-0.9637985825538635
22,5,Replay,1,3,holder,non_holder,-0.9434196352958679
22,5,Replay,1,4,holder,holder,0.9476171135902405
22,5,Replay,1,5,holder,non_holder,-0.9270009398460388
22,5,Replay,1,6,holder,non_holder,-0.9290168881416321
22,5,Replay,1,7,holder,non_holder,-0.948687732219696
22,5,Replay,1,8,holder,non_holder,-0.9560530781745911
22,5,Replay,1,9,holder,non_holder,-0.9641159176826477
22,5,Replay,1,10,holder,holder,0.9944674968719482
22,5,Replay,1,11,holder,non_holder,-0.9652902483940125
22,5,Replay,1,12,holder,non_holder,-0.9575442671775818
22,5,Replay,1,13,holder,non_holder,-0.9643086194992065
22,5,Replay,1,14,holder,non_holder,-0.9568706750869751
22,5,Replay,2,3,non_holder,non_holder,0.9814433455467224
22,5,Replay,2,4,non_holder,holder,-0.86151123046875
22,5,Replay,2,5,non_holder,non_holder,0.98360276222229
22,5,Replay,2,6,non_holder,non_holder,0.9698867797851562
22,5,Replay,2,7,non_holder,non_holder,0.9945859909057617
22,5,Replay,2,8,non_holder,non_holder,0.9901599287986755
22,5,Replay,2,9,non_holder,non_holder,0.9963487386703491
22,5,Replay,2,10,non_holder,holder,-0.9575096964836121
22,5,Replay,2,11,non_holder,non_holder,0.9917340278625488
22,5,Replay,2,12,non_holder,non_holder,0.9986327290534973
22,5,Replay,2,13,non_holder,non_holder,0.9985085129737854
22,5,Replay,2,14,non_holder,non_holder,0.9878432750701904
22,5,Replay,3,4,non_holder,holder,-0.8142159581184387
22,5,Replay,3,5,non_holder,non_holder,0.9746052026748657
22,5,Replay,3,6,non_holder,non_holder,0.9599019885063171
22,5,Replay,3,7,non_holder,non_holder,0.9826927185058594
22,5,Replay,3,8,non_holder,non_holder,0.9798274040222168
22,5,Replay,3,9,non_holder,non_holder,0.9833824038505554
22,5,Replay,3,10,non_holder,holder,-0.9378392100334167
22,5,Replay,3,11,non_holder,non_holder,0.9777254462242126
22,5,Replay,3,12,non_holder,non_holder,0.9837378859519958
22,5,Replay,3,13,non_holder,non_holder,0.9802308082580566
22,5,Replay,3,14,non_holder,non_holder,0.9720479846000671
22,5,Replay,4,5,holder,non_holder,-0.8055009841918945
22,5,Replay,4,6,holder,non_holder,-0.8048669695854187
22,5,Replay,4,7,holder,non_holder,-0.8360363841056824
22,5,Replay,4,8,holder,non_holder,-0.8498929142951965
22,5,Replay,4,9,holder,non_holder,-0.8618903160095215
22,5,Replay,4,10,holder,holder,0.9601449966430664
22,5,Replay,4,11,holder,non_holder,-0.8716099858283997
22,5,Replay,4,12,holder,non_holder,-0.8493306636810303
22,5,Replay,4,13,holder,non_holder,-0.863185465335846
22,5,Replay,4,14,holder,non_holder,-0.8558745980262756
22,5,Replay,5,6,non_holder,non_holder,0.9744656682014465
22,5,Replay,5,7,non_holder,non_holder,0.9910042881965637
22,5,Replay,5,8,non_holder,non_holder,0.9817628264427185
22,5,Replay,5,9,non_holder,non_holder,0.9835485816001892
22,5,Replay,5,10,non_holder,holder,-0.9190788269042969
22,5,Replay,5,11,non_holder,non_holder,0.970734715461731
22,5,Replay,5,12,non_holder,non_holder,0.989417552947998
22,5,Replay,5,13,non_holder,non_holder,0.9792893528938293
22,5,Replay,5,14,non_holder,non_holder,0.9722596406936646
22,5,Replay,6,7,non_holder,non_holder,0.9725568890571594
22,5,Replay,6,8,non_holder,non_holder,0.9655205607414246
22,5,Replay,6,9,non_holder,non_holder,0.9661878347396851
22,5,Replay,6,10,non_holder,holder,-0.9161924123764038
22,5,Replay,6,11,non_holder,non_holder,0.9495660662651062
22,5,Replay,6,12,non_holder,non_holder,0.9737297892570496
22,5,Replay,6,13,non_holder,non_holder,0.9672291874885559
22,5,Replay,6,14,non_holder,non_holder,0.960144579410553
22,5,Replay,7,8,non_holder,non_holder,0.9900296330451965
22,5,Replay,7,9,non_holder,non_holder,0.9949516654014587
22,5,Replay,7,10,non_holder,holder,-0.9413319826126099
22,5,Replay,7,11,non_holder,non_holder,0.987747073173523
22,5,Replay,7,12,non_holder,non_holder,0.9970579147338867
22,5,Replay,7,13,non_holder,non_holder,0.9906192421913147
22,5,Replay,7,14,non_holder,non_holder,0.9911668300628662
22,5,Replay,8,9,non_holder,non_holder,0.9961320161819458
22,5,Replay,8,10,non_holder,holder,-0.9493453502655029
22,5,Replay,8,11,non_holder,non_holder,0.9872322082519531
22,5,Replay,8,12,non_holder,non_holder,0.9917572736740112
22,5,Replay,8,13,non_holder,non_holder,0.9870880842208862
22,5,Replay,8,14,non_holder,non_holder,0.9837334156036377
22,5,Replay,9,10,non_holder,holder,-0.9579567313194275
22,5,Replay,9,11,non_holder,non_holder,0.9946954846382141
22,5,Replay,9,12,non_holder,non_holder,0.9964289665222168
22,5,Replay,9,13,non_holder,non_holder,0.9938712120056152
22,5,Replay,9,14,non_holder,non_holder,0.9905452728271484
22,5,Replay,10,11,holder,non_holder,-0.9619234800338745
22,5,Replay,10,12,holder,non_holder,-0.9501579999923706
22,5,Replay,10,13,holder,non_holder,-0.9587371945381165
22,5,Replay,10,14,holder,non_holder,-0.9501926898956299
22,5,Replay,11,12,non_holder,non_holder,0.9897065162658691
22,5,Replay,11,13,non_holder,non_holder,0.9903021454811096
22,5,Replay,11,14,non_holder,non_holder,0.9877005219459534
22,5,Replay,12,13,non_holder,non_holder,0.9957098960876465
22,5,Replay,12,14,non_holder,non_holder,0.9874888062477112
22,5,Replay,13,14,non_holder,non_holder,0.9843767881393433
22,10,Manipulation,0,1,non_holder,non_holder,0.7732151746749878
22,10,Manipulation,0,2,non_holder,holder,-0.5979905724525452
22,10,Manipulation,0,3,non_holder,non_holder,0.820148766040802
22,10,Manipulation,0,4,non_holder,non_holder,0.8257560729980469
22,10,Manipulation,0,5,non_holder,non_holder,0.8769838809967041
22,10,Manipulation,0,6,non_holder,non_holder,0.8689393401145935
22,10,Manipulation,0,7,non_holder,non_holder,0.8436142802238464
22,10,Manipulation,0,8,non_holder,non_holder,0.7711448669433594
22,10,Manipulation,0,9,non_holder,non_holder,0.7970678806304932
22,10,Manipulation,0,10,non_holder,non_holder,0.789749264717102
22,10,Manipulation,0,11,non_holder,non_holder,0.8154783248901367
22,10,Manipulation,0,12,non_holder,non_holder,0.828776478767395
22,10,Manipulation,0,13,non_holder,holder,-0.7091904282569885
22,10,Manipulation,0,14,non_holder,non_holder,0.8107967376708984
22,10,Manipulation,1,2,non_holder,holder,-0.9262344837188721
22,10,Manipulation,1,3,non_holder,non_holder,0.970282256603241
22,10,Manipulation,1,4,non_holder,non_holder,0.986499011516571
22,10,Manipulation,1,5,non_holder,non_holder,0.9481039047241211
22,10,Manipulation,1,6,non_holder,non_holder,0.912753701210022
22,10,Manipulation,1,7,non_holder,non_holder,0.9806181788444519
22,10,Manipulation,1,8,non_holder,non_holder,0.9846072196960449
22,10,Manipulation,1,9,non_holder,non_holder,0.9945293068885803
22,10,Manipulation,1,10,non_holder,non_holder,0.9967891573905945
22,10,Manipulation,1,11,non_holder,non_holder,0.989154040813446
22,10,Manipulation,1,12,non_holder,non_holder,0.9873857498168945
22,10,Manipulation,1,13,non_holder,holder,-0.9812047481536865
22,10,Manipulation,1,14,non_holder,non_holder,0.9806527495384216
22,10,Manipulation,2,3,holder,non_holder,-0.8539251089096069
22,10,Manipulation,2,4,holder,non_holder,-0.8923389911651611
22,10,Manipulation,2,5,holder,non_holder,-0.8310655355453491
22,10,Manipulation,2,6,holder,non_holder,-0.7887281179428101
22,10,Manipulation,2,7,holder,non_holder,-0.8808804750442505
22,10,Manipulation,2,8,holder,non_holder,-0.9125028252601624
22,10,Manipulation,2,9,holder,non_holder,-0.915134847164154
22,10,Manipulation,2,10,holder,non_holder,-0.9273126721382141
22,10,Manipulation,2,11,holder,non_holder,-0.9049054980278015
22,10,Manipulation,2,12,holder,non_holder,-0.9008445739746094
22,10,Manipulation,2,13,holder,holder,0.9556629657745361
22,10,Manipulation,2,14,holder,non_holder,-0.8913946747779846
22,10,Manipulation,3,4,non_holder,non_holder,0.9733403921127319
22,10,Manipulation,3,5,non_holder,non_holder,0.9500930905342102
22,10,Manipulation,3,6,non_holder,non_holder,0.9353153705596924
22,10,Manipulation,3,7,non_holder,non_holder,0.9672827124595642
22,10,Manipulation,3,8,non_holder,non_holder,0.9614821672439575
22,10,Manipulation,3,9,non_holder,non_holder,0.9780009388923645
22,10,Manipulation,3,10,non_holder,non_holder,0.9749062657356262
22,10,Manipulation,3,11,non_holder,non_holder,0.9779073596000671
22,10,Manipulation,3,12,non_holder,non_holder,0.97510826587677
22,10,Manipulation,3,13,non_holder,holder,-0.9480714797973633
22,10,Manipulation,3,14,non_holder,non_holder,0.9609807729721069
22,10,Manipulation,4,5,non_holder,non_holder,0.9679409861564636
22,10,Manipulation,4,6,non_holder,non_holder,0.9243161678314209
22,10,Manipulation,4,7,non_holder,non_holder,0.9894218444824219
22,10,Manipulation,4,8,non_holder,non_holder,0.977978527545929
22,10,Manipulation,4,9,non_holder,non_holder,0.9900144934654236
22,10,Manipulation,4,10,non_holder,non_holder,0.9895221590995789
22,10,Manipulation,4,11,non_holder,non_holder,0.9863653779029846
22,10,Manipulation,4,12,non_holder,non_holder,0.9895467162132263
22,10,Manipulation,4,13,non_holder,holder,-0.9637094736099243
22,10,Manipulation,4,14,non_holder,non_holder,0.9785497784614563
22,10,Manipulation,5,6,non_holder,non_holder,0.9584522247314453
22,10,Manipulation,5,7,non_holder,non_holder,0.9852087497711182
22,10,Manipulation,5,8,non_holder,non_holder,0.9467732906341553
22,10,Manipulation,5,9,non_holder,non_holder,0.9595050811767578
22,10,Manipulation,5,10,non_holder,non_holder,0.9580555558204651
22,10,Manipulation,5,11,non_holder,non_holder,0.9616902470588684
22,10,Manipulation,5,12,non_holder,non_holder,0.974728524684906
22,10,Manipulation,5,13,non_holder,holder,-0.9115437865257263
22,10,Manipulation,5,14,non_holder,non_holder,0.9601431488990784
22,10,Manipulation,6,7,non_holder,non_holder,0.9442610144615173
22,10,Manipulation,6,8,non_holder,non_holder,0.9140793681144714
22,10,Manipulation,6,9,non_holder,non_holder,0.9234758019447327
22,10,Manipulation,6,10,non_holder,non_holder,0.9227222204208374
22,10,Manipulation,6,11,non_holder,non_holder,0.9358469843864441
22,10,Manipulation,6,12,non_holder,non_holder,0.9459677934646606
22,10,Manipulation,6,13,non_holder,holder,-0.8792011141777039
22,10,Manipulation,6,14,non_holder,non_holder,0.9288144707679749
22,10,Manipulation,7,8,non_holder,non_holder,0.9717812538146973
22,10,Manipulation,7,9,non_holder,non_holder,0.986676037311554
22,10,Manipulation,7,10,non_holder,non_holder,0.9868588447570801
22,10,Manipulation,7,11,non_holder,non_holder,0.9845640659332275
22,10,Manipulation,7,12,non_holder,non_holder,0.9936014413833618
22,10,Manipulation,7,13,non_holder,holder,-0.9515426754951477
22,10,Manipulation,7,14,non_holder,non_holder,0.9853830337524414
22,10,Manipulation,8,9,non_holder,non_holder,0.9887115359306335
22,10,Manipulation,8,10,non_holder,non_holder,0.9832754731178284
22,10,Manipulation,8,11,non_holder,non_holder,0.9838587045669556
22,10,Manipulation,8,12,non_holder,non_holder,0.9790946841239929
22,10,Manipulation,8,13,non_holder,holder,-0.9642313718795776
22,10,Manipulation,8,14,non_holder,non_holder,0.9742307662963867
22,10,Manipulation,9,10,non_holder,non_holder,0.9956350326538086
22,10,Manipulation,9,11,non_holder,non_holder,0.9934172630310059
22,10,Manipulation,9,12,non_holder,non_holder,0.9905789494514465
22,10,Manipulation,9,13,non_holder,holder,-0.975475549697876
22,10,Manipulation,9,14,non_holder,non_holder,0.9858765006065369
22,10,Manipulation,10,11,non_holder,non_holder,0.9910194873809814
22,10,Manipulation,10,12,non_holder,non_holder,0.9913966059684753
22,10,Manipulation,10,13,non_holder,holder,-0.97956782579422
22,10,Manipulation,10,14,non_holder,non_holder,0.9837908148765564
22,10,Manipulation,11,12,non_holder,non_holder,0.9882354140281677
22,10,Manipulation,11,13,non_holder,holder,-0.9693138599395752
22,10,Manipulation,11,14,non_holder,non_holder,0.9874629974365234
22,10,Manipulation,12,13,non_holder,holder,-0.965609610080719
22,10,Manipulation,12,14,non_holder,non_holder,0.9852940440177917
22,10,Manipulation,13,14,holder,non_holder,-0.9567806124687195
22,10,Replay,0,1,non_holder,holder,-0.6975508332252502
22,10,Replay,0,2,non_holder,non_holder,0.7897499203681946
22,10,Replay,0,3,non_holder,non_holder,0.8284984827041626
22,10,Replay,0,4,non_holder,holder,-0.4634838402271271
22,10,Replay,0,5,non_holder,non_holder,0.8576908707618713
22,10,Replay,0,6,non_holder,non_holder,0.8160697221755981
22,10,Replay,0,7,non_holder,non_holder,0.8204250335693359
22,10,Replay,0,8,non_holder,non_holder,0.7407954335212708
22,10,Replay,0,9,non_holder,non_holder,0.7768961787223816
22,10,Replay,0,10,non_holder,holder,-0.5936773419380188
22,10,Replay,0,11,non_holder,non_holder,0.7876044511795044
22,10,Replay,0,12,non_holder,non_holder,0.8076019883155823
22,10,Replay,0,13,non_holder,non_holder,0.7811989784240723
22,10,Replay,0,14,non_holder,non_holder,0.759826123714447
22,10,Replay,1,2,holder,non_holder,-0.9793316721916199
22,10,Replay,1,3,holder,non_holder,-0.9240128993988037
22,10,Replay,1,4,holder,holder,0.932037353515625
22,10,Replay,1,5,holder,non_holder,-0.9171826839447021
22,10,Replay,1,6,holder,non_holder,-0.9088014960289001
22,10,Replay,1,7,holder,non_holder,-0.9549950361251831
22,10,Replay,1,8,holder,non_holder,-0.9799060821533203
22,10,Replay,1,9,holder,non_holder,-0.9807660579681396
22,10,Replay,1,10,holder,holder,0.9773803353309631
22,10,Replay,1,11,holder,non_holder,-0.9792208671569824
22,10,Replay,1,12,holder,non_holder,-0.9664010405540466
22,10,Replay,1,13,holder,non_holder,-0.982695996761322
22,10,Replay,1,14,holder,non_holder,-0.965072751045227
22,10,Replay,2,3,non_holder,non_holder,0.9660106897354126
22,10,Replay,2,4,non_holder,holder,-0.8530340194702148
22,10,Replay,2,5,non_holder,non_holder,0.9687153697013855
22,10,Replay,2,6,non_holder,non_holder,0.9482399225234985
22,10,Replay,2,7,non_holder,non_holder,0.9899546504020691
22,10,Replay,2,8,non_holder,non_holder,0.9853312969207764
22,10,Replay,2,9,non_holder,non_holder,0.9964224696159363
22,10,Replay,2,10,non_holder,holder,-0.9352717995643616
22,10,Replay,2,11,non_holder,non_holder,0.9930180311203003
22,10,Replay,2,12,non_holder,non_holder,0.995359480381012
22,10,Replay,2,13,non_holder,non_holder,0.9978801608085632
22,10,Replay,2,14,non_holder,non_holder,0.9844808578491211
22,10,Replay,3,4,non_holder,holder,-0.7606797814369202
22,10,Replay,3,5,non_holder,non_holder,0.9510288834571838
22,10,Replay,3,6,non_holder,non_holder,0.94277024269104
22,10,Replay,3,7,non_holder,non_holder,0.9550600051879883
22,10,Replay,3,8,non_holder,non_holder,0.9473376274108887
22,10,Replay,3,9,non_holder,non_holder,0.9628041386604309
22,10,Replay,3,10,non_holder,holder,-0.8645918369293213
22,10,Replay,3,11,non_holder,non_holder,0.9640005230903625
22,10,Replay,3,12,non_holder,non_holder,0.9625934958457947
22,10,Replay,3,13,non_holder,non_holder,0.9649645686149597
22,10,Replay,3,14,non_holder,non_holder,0.9310528635978699
22,10,Replay,4,5,holder,non_holder,-0.7475557327270508
22,10,Replay,4,6,holder,non_holder,-0.7622665762901306
22,10,Replay,4,7,holder,non_holder,-0.8028662800788879
22,10,Replay,4,8,holder,non_holder,-0.8742138743400574
22,10,Replay,4,9,holder,non_holder,-0.8621721863746643
22,10,Replay,4,10,holder,holder,0.9721452593803406
22,10,Replay,4,11,holder,non_holder,-0.8611631989479065
22,10,Replay,4,12,holder,non_holder,-0.8281086683273315
22,10,Replay,4,13,holder,non_holder,-0.8658241033554077
22,10,Replay,4,14,holder,non_holder,-0.8412811160087585
22,10,Replay,5,6,non_holder,non_holder,0.9511131644248962
22,10,Replay,5,7,non_holder,non_holder,0.9824730157852173
22,10,Replay,5,8,non_holder,non_holder,0.9484046101570129
22,10,Replay,5,9,non_holder,non_holder,0.9644829034805298
22,10,Replay,5,10,non_holder,holder,-0.8590679168701172
22,10,Replay,5,11,non_holder,non_holder,0.9599536061286926
22,10,Replay,5,12,non_holder,non_holder,0.977414608001709
22,10,Replay,5,13,non_holder,non_holder,0.9626159071922302
22,10,Replay,5,14,non_holder,non_holder,0.9515408277511597
22,10,Replay,6,7,non_holder,non_holder,0.9463930726051331
22,10,Replay,6,8,non_holder,non_holder,0.9324235916137695
22,10,Replay,6,9,non_holder,non_holder,0.9417675137519836
22,10,Replay,6,10,non_holder,holder,-0.8564590811729431
22,10,Replay,6,11,non_holder,non_holder,0.9448286294937134
22,10,Replay,6,12,non_holder,non_holder,0.9539350867271423
22,10,Replay,6,13,non_holder,non_holder,0.9430467486381531
22,10,Replay,6,14,non_holder,non_holder,0.9190159440040588
22,10,Replay,7,8,non_holder,non_holder,0.9717738032341003
22,10,Replay,7,9,non_holder,non_holder,0.9864063858985901
22,10,Replay,7,10,non_holder,holder,-0.8982359170913696
22,10,Replay,7,11,non_holder,non_holder,0.9811409115791321
22,10,Replay,7,12,non_holder,non_holder,0.9930941462516785
22,10,Replay,7,13,non_holder,non_holder,0.984708845615387
22,10,Replay,7,14,non_holder,non_holder,0.9826779365539551
22,10,Replay,8,9,non_holder,non_holder,0.9912006258964539
22,10,Replay,8,10,non_holder,holder,-0.9473520517349243
22,10,Replay,8,11,non_holder,non_holder,0.9876325726509094
22,10,Replay,8,12,non_holder,non_holder,0.9795682430267334
22,10,Replay,8,13,non_holder,non_holder,0.9865542054176331
22,10,Replay,8,14,non_holder,non_holder,0.976594865322113
22,10,Replay,9,10,non_holder,holder,-0.9413666129112244
22,10,Replay,9,11,non_holder,non_holder,0.9949769973754883
22,10,Replay,9,12,non_holder,non_holder,0.9906848073005676
22,10,Replay,9,13,non_holder,non_holder,0.9962741732597351
22,10,Replay,9,14,non_holder,non_holder,0.9825889468193054
22,10,Replay,10,11,holder,non_holder,-0.9390015602111816
22,10,Replay,10,12,holder,non_holder,-0.9185016751289368
22,10,Replay,10,13,holder,non_holder,-0.9440552592277527
22,10,Replay,10,14,holder,non_holder,-0.9191608428955078
22,10,Replay,11,12,non_holder,non_holder,0.9873837232589722
22,10,Replay,11,13,non_holder,non_holder,0.9932964444160461
22,10,Replay,11,14,non_holder,non_holder,0.9784114360809326
22,10,Replay,12,13,non_holder,non_holder,0.9916505217552185
22,10,Replay,12,14,non_holder,non_holder,0.9805065989494324
22,10,Replay,13,14,non_holder,non_holder,0.9799005389213562
22,20,Manipulation,0,1,non_holder,non_holder,0.7680105566978455
22,20,Manipulation,0,2,non_holder,holder,-0.7448084354400635
22,20,Manipulation,0,3,non_holder,non_holder,0.7689156532287598
22,20,Manipulation,0,4,non_holder,non_holder,0.7877435088157654
22,20,Manipulation,0,5,non_holder,non_holder,0.9048080444335938
22,20,Manipulation,0,6,non_holder,non_holder,0.8872343897819519
22,20,Manipulation,0,7,non_holder,non_holder,0.8533926606178284
22,20,Manipulation,0,8,non_holder,non_holder,0.7185060977935791
22,20,Manipulation,0,9,non_holder,non_holder,0.8228299021720886
22,20,Manipulation,0,10,non_holder,non_holder,0.840869128704071
22,20,Manipulation,0,11,non_holder,non_holder,0.7980030179023743
22,20,Manipulation,0,12,non_holder,non_holder,0.8596472144126892
22,20,Manipulation,0,13,non_holder,holder,-0.7956574559211731
22,20,Manipulation,0,14,non_holder,non_holder,0.8186267018318176
22,20,Manipulation,1,2,non_holder,holder,-0.967369794845581
22,20,Manipulation,1,3,non_holder,non_holder,0.9733108878135681
22,20,Manipulation,1,4,non_holder,non_holder,0.9692978262901306
22,20,Manipulation,1,5,non_holder,non_holder,0.9189270734786987
22,20,Manipulation,1,6,non_holder,non_holder,0.9097375273704529
22,20,Manipulation,1,7,non_holder,non_holder,0.9302083849906921
22,20,Manipulation,1,8,non_holder,non_holder,0.9333393573760986
22,20,Manipulation,1,9,non_holder,non_holder,0.9060724377632141
22,20,Manipulation,1,10,non_holder,non_holder,0.9754699468612671
22,20,Manipulation,1,11,non_holder,non_holder,0.9241296648979187
22,20,Manipulation,1,12,non_holder,non_holder,0.9334978461265564
22,20,Manipulation,1,13,non_holder,holder,-0.9640743732452393
22,20,Manipulation,1,14,non_holder,non_holder,0.9447704553604126
22,20,Manipulation,2,3,holder,non_holder,-0.9559773206710815
22,20,Manipulation,2,4,holder,non_holder,-0.9408701062202454
22,20,Manipulation,2,5,holder,non_holder,-0.8885061144828796
22,20,Manipulation,2,6,holder,non_holder,-0.8824030756950378
22,20,Manipulation,2,7,holder,non_holder,-0.907825231552124
22,20,Manipulation,2,8,holder,non_holder,-0.9024826288223267
22,20,Manipulation,2,9,holder,non_holder,-0.8786333799362183
22,20,Manipulation,2,10,holder,non_holder,-0.9638096690177917
22,20,Manipulation,2,11,holder,non_holder,-0.8922706842422485
22,20,Manipulation,2,12,holder,non_holder,-0.9111451506614685
22,20,Manipulation,2,13,holder,holder,0.9773470759391785
22,20,Manipulation,2,14,holder,non_holder,-0.9269945621490479
22,20,Manipulation,3,4,non_holder,non_holder,0.9755783081054688
22,20,Manipulation,3,5,non_holder,non_holder,0.9065635800361633
22,20,Manipulation,3,6,non_holder,non_holder,0.9048291444778442
22,20,Manipulation,3,7,non_holder,non_holder,0.9132763743400574
22,20,Manipulation,3,8,non_holder,non_holder,0.9017864465713501
22,20,Manipulation,3,9,non_holder,non_holder,0.8621533513069153
22,20,Manipulation,3,10,non_holder,non_holder,0.9830203056335449
22,20,Manipulation,3,11,non_holder,non_holder,0.880691409111023
22,20,Manipulation,3,12,non_holder,non_holder,0.91873699426651
22,20,Manipulation,3,13,non_holder,holder,-0.9569978713989258
22,20,Manipulation,3,14,non_holder,non_holder,0.9283376932144165
22,20,Manipulation,4,5,non_holder,non_holder,0.9181199073791504
22,20,Manipulation,4,6,non_holder,non_holder,0.92081618309021
22,20,Manipulation,4,7,non_holder,non_holder,0.9250473380088806
22,20,Manipulation,4,8,non_holder,non_holder,0.9055054187774658
22,20,Manipulation,4,9,non_holder,non_holder,0.8783697485923767
22,20,Manipulation,4,10,non_holder,non_holder,0.9805776476860046
22,20,Manipulation,4,11,non_holder,non_holder,0.8965657353401184
22,20,Manipulation,4,12,non_holder,non_holder,0.9413928985595703
22,20,Manipulation,4,13,non_holder,holder,-0.9687032103538513
22,20,Manipulation,4,14,non_holder,non_holder,0.9351558685302734
22,20,Manipulation,5,6,non_holder,non_holder,0.9649375677108765
22,20,Manipulation,5,7,non_holder,non_holder,0.9570579528808594
22,20,Manipulation,5,8,non_holder,non_holder,0.8835991024971008
22,20,Manipulation,5,9,non_holder,non_holder,0.9246608018875122
22,20,Manipulation,5,10,non_holder,non_holder,0.9477192163467407
22,20,Manipulation,5,11,non_holder,non_holder,0.9263976812362671
22,20,Manipulation,5,12,non_holder,non_holder,0.9498345255851746
22,20,Manipulation,5,13,non_holder,holder,-0.9263244271278381
22,20,Manipulation,5,14,non_holder,non_holder,0.9349122047424316
22,20,Manipulation,6,7,non_holder,non_holder,0.9458569884300232
22,20,Manipulation,6,8,non_holder,non_holder,0.8473252654075623
22,20,Manipulation,6,9,non_holder,non_holder,0.8872642517089844
22,20,Manipulation,6,10,non_holder,non_holder,0.9430510997772217
22,20,Manipulation,6,11,non_holder,non_holder,0.8872252106666565
22,20,Manipulation,6,12,non_holder,non_holder,0.9469392895698547
22,20,Manipulation,6,13,non_holder,holder,-0.9254876971244812
22,20,Manipulation,6,14,non_holder,non_holder,0.9205853343009949
22,20,Manipulation,7,8,non_holder,non_holder,0.8903206586837769
22,20,Manipulation,7,9,non_holder,non_holder,0.9143876433372498
22,20,Manipulation,7,10,non_holder,non_holder,0.9466248154640198
22,20,Manipulation,7,11,non_holder,non_holder,0.9271873235702515
22,20,Manipulation,7,12,non_holder,non_holder,0.9869041442871094
22,20,Manipulation,7,13,non_holder,holder,-0.9231821298599243
22,20,Manipulation,7,14,non_holder,non_holder,0.9860461354255676
22,20,Manipulation,8,9,non_holder,non_holder,0.9552150368690491
22,20,Manipulation,8,10,non_holder,non_holder,0.895517110824585
22,20,Manipulation,8,11,non_holder,non_holder,0.9710244536399841
22,20,Manipulation,8,12,non_holder,non_holder,0.8898227214813232
22,20,Manipulation,8,13,non_holder,holder,-0.9080808162689209
22,20,Manipulation,8,14,non_holder,non_holder,0.9061532020568848
22,20,Manipulation,9,10,non_holder,non_holder,0.8933274149894714
22,20,Manipulation,9,11,non_holder,non_holder,0.9867447018623352
22,20,Manipulation,9,12,non_holder,non_holder,0.9166973829269409
22,20,Manipulation,9,13,non_holder,holder,-0.8981385827064514
22,20,Manipulation,9,14,non_holder,non_holder,0.9213966727256775
22,20,Manipulation,10,11,non_holder,non_holder,0.901759684085846
22,20,Manipulation,10,12,non_holder,non_holder,0.9542443156242371
22,20,Manipulation,10,13,non_holder,holder,-0.975319504737854
22,20,Manipulation,10,14,non_holder,non_holder,0.9548433423042297
22,20,Manipulation,11,12,non_holder,non_holder,0.9245844483375549
22,20,Manipulation,11,13,non_holder,holder,-0.9055379629135132
22,20,Manipulation,11,14,non_holder,non_holder,0.9353346824645996
22,20,Manipulation,12,13,non_holder,holder,-0.9342429637908936
22,20,Manipulation,12,14,non_holder,non_holder,0.9767088890075684
22,20,Manipulation,13,14,holder,non_holder,-0.9293968677520752
22,20,Replay,0,1,non_holder,holder,-0.6876398921012878
22,20,Replay,0,2,non_holder,non_holder,0.8199807405471802
22,20,Replay,0,3,non_holder,non_holder,0.7909249663352966
22,20,Replay,0,4,non_holder,holder,-0.5932592153549194
22,20,Replay,0,5,non_holder,non_holder,0.8286181092262268
22,20,Replay,0,6,non_holder,non_holder,0.7185994982719421
22,20,Replay,0,7,non_holder,non_holder,0.8193490505218506
22,20,Replay,0,8,non_holder,non_holder,0.8111606240272522
22,20,Replay,0,9,non_holder,non_holder,0.8144200444221497
22,20,Replay,0,10,non_holder,holder,-0.5713715553283691
22,20,Replay,0,11,non_holder,non_holder,0.7862377762794495
22,20,Replay,0,12,non_holder,non_holder,0.8190165758132935
22,20,Replay,0,13,non_holder,non_holder,0.7916450500488281
22,20,Replay,0,14,non_holder,non_holder,0.7818583846092224
22,20,Replay,1,2,holder,non_holder,-0.9366990327835083
22,20,Replay,1,3,holder,non_holder,-0.9232027530670166
22,20,Replay,1,4,holder,holder,0.9250213503837585
22,20,Replay,1,5,holder,non_holder,-0.8941415548324585
22,20,Replay,1,6,holder,non_holder,-0.7530660629272461
22,20,Replay,1,7,holder,non_holder,-0.9150179624557495
22,20,Replay,1,8,holder,non_holder,-0.926279604434967
22,20,Replay,1,9,holder,non_holder,-0.9253273010253906
22,20,Replay,1,10,holder,holder,0.9624573588371277
22,20,Replay,1,11,holder,non_holder,-0.9404222965240479
22,20,Replay,1,12,holder,non_holder,-0.9077028632164001
22,20,Replay,1,13,holder,non_holder,-0.9501330852508545
22,20,Replay,1,14,holder,non_holder,-0.932712972164154
22,20,Replay,2,3,non_holder,non_holder,0.9859956502914429
22,20,Replay,2,4,non_holder,holder,-0.8572331070899963
22,20,Replay,2,5,non_holder,non_holder,0.9635319709777832
22,20,Replay,2,6,non_holder,non_holder,0.8629187941551208
22,20,Replay,2,7,non_holder,non_holder,0.9765255451202393
22,20,Replay,2,8,non_holder,non_holder,0.9675806760787964
22,20,Replay,2,9,non_holder,non_holder,0.9658380746841431
22,20,Replay,2,10,non_holder,holder,-0.8604326844215393
22,20,Replay,2,11,non_holder,non_holder,0.9648206233978271
22,20,Replay,2,12,non_holder,non_holder,0.9760233163833618
22,20,Replay,2,13,non_holder,non_holder,0.9951087832450867
22,20,Replay,2,14,non_holder,non_holder,0.9670321941375732
22,20,Replay,3,4,non_holder,holder,-0.8563454747200012
22,20,Replay,3,5,non_holder,non_holder,0.9413962364196777
22,20,Replay,3,6,non_holder,non_holder,0.8473962545394897
22,20,Replay,3,7,non_holder,non_holder,0.9660854935646057
22,20,Replay,3,8,non_holder,non_holder,0.9523979425430298
22,20,Replay,3,9,non_holder,non_holder,0.9454456567764282
22,20,Replay,3,10,non_holder,holder,-0.8548653721809387
22,20,Replay,3,11,non_holder,non_holder,0.946872889995575
22,20,Replay,3,12,non_holder,non_holder,0.9517454504966736
22,20,Replay,3,13,non_holder,non_holder,0.9843783378601074
22,20,Replay,3,14,non_holder,non_holder,0.9537337422370911
22,20,Replay,4,5,holder,non_holder,-0.8102161288261414
22,20,Replay,4,6,holder,non_holder,-0.6541116237640381
22,20,Replay,4,7,holder,non_holder,-0.8546093702316284
22,20,Replay,4,8,holder,non_holder,-0.8481674194335938
22,20,Replay,4,9,holder,non_holder,-0.8618520498275757
22,20,Replay,4,10,holder,holder,0.9364989399909973
22,20,Replay,4,11,holder,non_holder,-0.8861308097839355
22,20,Replay,4,12,holder,non_holder,-0.8300543427467346
22,20,Replay,4,13,holder,non_holder,-0.8686541318893433
22,20,Replay,4,14,holder,non_holder,-0.8785614967346191
22,20,Replay,5,6,non_holder,non_holder,0.8887397050857544
22,20,Replay,5,7,non_holder,non_holder,0.9706909656524658
22,20,Replay,5,8,non_holder,non_holder,0.9488607048988342
22,20,Replay,5,9,non_holder,non_holder,0.9481193423271179
22,20,Replay,5,10,non_holder,holder,-0.8038584589958191
22,20,Replay,5,11,non_holder,non_holder,0.9398497343063354
22,20,Replay,5,12,non_holder,non_holder,0.9419404864311218
22,20,Replay,5,13,non_holder,non_holder,0.9629186987876892
22,20,Replay,5,14,non_holder,non_holder,0.944931149482727
22,20,Replay,6,7,non_holder,non_holder,0.8393075466156006
22,20,Replay,6,8,non_holder,non_holder,0.8159083724021912
22,20,Replay,6,9,non_holder,non_holder,0.7783422470092773
22,20,Replay,6,10,non_holder,holder,-0.6485013961791992
22,20,Replay,6,11,non_holder,non_holder,0.7713495492935181
22,20,Replay,6,12,non_holder,non_holder,0.8065019845962524
22,20,Replay,6,13,non_holder,non_holder,0.8637704849243164
22,20,Replay,6,14,non_holder,non_holder,0.7954939603805542
22,20,Replay,7,8,non_holder,non_holder,0.9492290616035461
22,20,Replay,7,9,non_holder,non_holder,0.9624428153038025
22,20,Replay,7,10,non_holder,holder,-0.8464759588241577
22,20,Replay,7,11,non_holder,non_holder,0.9585157632827759
22,20,Replay,7,12,non_holder,non_holder,0.9718161821365356
22,20,Replay,7,13,non_holder,non_holder,0.9679309129714966
22,20,Replay,7,14,non_holder,non_holder,0.9823703765869141
22,20,Replay,8,9,non_holder,non_holder,0.9705840945243835
22,20,Replay,8,10,non_holder,holder,-0.8592007160186768
22,20,Replay,8,11,non_holder,non_holder,0.9763708710670471
22,20,Replay,8,12,non_holder,non_holder,0.9410879611968994
22,20,Replay,8,13,non_holder,non_holder,0.9675288200378418
22,20,Replay,8,14,non_holder,non_holder,0.9502791166305542
22,20,Replay,9,10,non_holder,holder,-0.8595730066299438
22,20,Replay,9,11,non_holder,non_holder,0.9875865578651428
22,20,Replay,9,12,non_holder,non_holder,0.9629292488098145
22,20,Replay,9,13,non_holder,non_holder,0.9606165885925293
22,20,Replay,9,14,non_holder,non_holder,0.9727481007575989
22,20,Replay,10,11,holder,non_holder,-0.8843316435813904
22,20,Replay,10,12,holder,non_holder,-0.8333797454833984
22,20,Replay,10,13,holder,non_holder,-0.8819139003753662
22,20,Replay,10,14,holder,non_holder,-0.8758942484855652
22,20,Replay,11,12,non_holder,non_holder,0.9590287208557129
22,20,Replay,11,13,non_holder,non_holder,0.9624266028404236
22,20,Replay,11,14,non_holder,non_holder,0.9733473062515259
22,20,Replay,12,13,non_holder,non_holder,0.9657366275787354
22,20,Replay,12,14,non_holder,non_holder,0.9607561230659485
22,20,Replay,13,14,non_holder,non_holder,0.9603846669197083
22,30,Manipulation,0,1,non_holder,non_holder,0.7403337359428406
22,30,Manipulation,0,2,non_holder,holder,-0.6495859026908875
22,30,Manipulation,0,3,non_holder,non_holder,0.6758276224136353
22,30,Manipulation,0,4,non_holder,non_holder,0.7273858189582825
22,30,Manipulation,0,5,non_holder,non_holder,0.8955060243606567
22,30,Manipulation,0,6,non_holder,non_holder,0.8539431095123291
22,30,Manipulation,0,7,non_holder,non_holder,0.8661892414093018
22,30,Manipulation,0,8,non_holder,non_holder,0.6564788818359375
22,30,Manipulation,0,9,non_holder,non_holder,0.7753615975379944
22,30,Manipulation,0,10,non_holder,non_holder,0.7928661108016968
22,30,Manipulation,0,11,non_holder,non_holder,0.7872008085250854
22,30,Manipulation,0,12,non_holder,non_holder,0.8179036974906921
22,30,Manipulation,0,13,non_holder,holder,-0.7746082544326782
22,30,Manipulation,0,14,non_holder,non_holder,0.7358307838439941
22,30,Manipulation,1,2,non_holder,holder,-0.9367556571960449
22,30,Manipulation,1,3,non_holder,non_holder,0.9689193964004517
22,30,Manipulation,1,4,non_holder,non_holder,0.9682695269584656
22,30,Manipulation,1,5,non_holder,non_holder,0.8758057951927185
22,30,Manipulation,1,6,non_holder,non_holder,0.8783293962478638
22,30,Manipulation,1,7,non_holder,non_holder,0.882818341255188
22,30,Manipulation,1,8,non_holder,non_holder,0.9231626391410828
22,30,Manipulation,1,9,non_holder,non_holder,0.9262721538543701
22,30,Manipulation,1,10,non_holder,non_holder,0.9749248027801514
22,30,Manipulation,1,11,non_holder,non_holder,0.916217565536499
22,30,Manipulation,1,12,non_holder,non_holder,0.878317654132843
22,30,Manipulation,1,13,non_holder,holder,-0.9537509679794312
22,30,Manipulation,1,14,non_holder,non_holder,0.8500794768333435
22,30,Manipulation,2,3,holder,non_holder,-0.9069072604179382
22,30,Manipulation,2,4,holder,non_holder,-0.8851239681243896
22,30,Manipulation,2,5,holder,non_holder,-0.7666678428649902
22,30,Manipulation,2,6,holder,non_holder,-0.8198452591896057
22,30,Manipulation,2,7,holder,non_holder,-0.7884371280670166
22,30,Manipulation,2,8,holder,non_holder,-0.8283179998397827
22,30,Manipulation,2,9,holder,non_holder,-0.8339269161224365
22,30,Manipulation,2,10,holder,non_holder,-0.9070442914962769
22,30,Manipulation,2,11,holder,non_holder,-0.8283823132514954
22,30,Manipulation,2,12,holder,non_holder,-0.7970772385597229
22,30,Manipulation,2,13,holder,holder,0.9280539155006409
22,30,Manipulation,2,14,holder,non_holder,-0.7726482152938843
22,30,Manipulation,3,4,non_holder,non_holder,0.9543039202690125
22,30,Manipulation,3,5,non_holder,non_holder,0.8281567096710205
22,30,Manipulation,3,6,non_holder,non_holder,0.8217004537582397
22,30,Manipulation,3,7,non_holder,non_holder,0.8360477685928345
22,30,Manipulation,3,8,non_holder,non_holder,0.8856092691421509
22,30,Manipulation,3,9,non_holder,non_holder,0.8713114857673645
22,30,Manipulation,3,10,non_holder,non_holder,0.9591279029846191
22,30,Manipulation,3,11,non_holder,non_holder,0.8685231804847717
22,30,Manipulation,3,12,non_holder,non_holder,0.8307512998580933
22,30,Manipulation,3,13,non_holder,holder,-0.9181022644042969
22,30,Manipulation,3,14,non_holder,non_holder,0.7895198464393616
22,30,Manipulation,4,5,non_holder,non_holder,0.8803141117095947
22,30,Manipulation,4,6,non_holder,non_holder,0.8725181221961975
22,30,Manipulation,4,7,non_holder,non_holder,0.88242107629776
22,30,Manipulation,4,8,non_holder,non_holder,0.9039497971534729
22,30,Manipulation,4,9,non_holder,non_holder,0.9048258662223816
22,30,Manipulation,4,10,non_holder,non_holder,0.9690956473350525
22,30,Manipulation,4,11,non_holder,non_holder,0.8931150436401367
22,30,Manipulation,4,12,non_holder,non_holder,0.8845815062522888
22,30,Manipulation,4,13,non_holder,holder,-0.954406201839447
22,30,Manipulation,4,14,non_holder,non_holder,0.8374350070953369
22,30,Manipulation,5,6,non_holder,non_holder,0.9262834787368774
22,30,Manipulation,5,7,non_holder,non_holder,0.9627755284309387
22,30,Manipulation,5,8,non_holder,non_holder,0.8655263185501099
22,30,Manipulation,5,9,non_holder,non_holder,0.9274324178695679
22,30,Manipulation,5,10,non_holder,non_holder,0.8925888538360596
22,30,Manipulation,5,11,non_holder,non_holder,0.9261075854301453
22,30,Manipulation,5,12,non_holder,non_holder,0.9332630634307861
22,30,Manipulation,5,13,non_holder,holder,-0.8747987747192383
22,30,Manipulation,5,14,non_holder,non_holder,0.8710609078407288
22,30,Manipulation,6,7,non_holder,non_holder,0.9498279690742493
22,30,Manipulation,6,8,non_holder,non_holder,0.8384706377983093
22,30,Manipulation,6,9,non_holder,non_holder,0.907655656337738
22,30,Manipulation,6,10,non_holder,non_holder,0.9018323421478271
22,30,Manipulation,6,11,non_holder,non_holder,0.9005753993988037
22,30,Manipulation,6,12,non_holder,non_holder,0.9525465369224548
22,30,Manipulation,6,13,non_holder,holder,-0.8840030431747437
22,30,Manipulation,6,14,non_holder,non_holder,0.8945580720901489
22,30,Manipulation,7,8,non_holder,non_holder,0.8684570789337158
22,30,Manipulation,7,9,non_holder,non_holder,0.9340165257453918
22,30,Manipulation,7,10,non_holder,non_holder,0.9020221829414368
22,30,Manipulation,7,11,non_holder,non_holder,0.9306917786598206
22,30,Manipulation,7,12,non_holder,non_holder,0.9839329719543457
22,30,Manipulation,7,13,non_holder,holder,-0.8612750768661499
22,30,Manipulation,7,14,non_holder,non_holder,0.9468828439712524
22,30,Manipulation,8,9,non_holder,non_holder,0.9649626612663269
22,30,Manipulation,8,10,non_holder,non_holder,0.8720104098320007
22,30,Manipulation,8,11,non_holder,non_holder,0.9452347755432129
22,30,Manipulation,8,12,non_holder,non_holder,0.8724428415298462
22,30,Manipulation,8,13,non_holder,holder,-0.8664481043815613
22,30,Manipulation,8,14,non_holder,non_holder,0.8601634502410889
22,30,Manipulation,9,10,non_holder,non_holder,0.8945791721343994
22,30,Manipulation,9,11,non_holder,non_holder,0.9823083877563477
22,30,Manipulation,9,12,non_holder,non_holder,0.9299304485321045
22,30,Manipulation,9,13,non_holder,holder,-0.8835422992706299
22,30,Manipulation,9,14,non_holder,non_holder,0.8999060392379761
22,30,Manipulation,10,11,non_holder,non_holder,0.8926935791969299
22,30,Manipulation,10,12,non_holder,non_holder,0.8937095403671265
22,30,Manipulation,10,13,non_holder,holder,-0.9573165774345398
22,30,Manipulation,10,14,non_holder,non_holder,0.8508176803588867
22,30,Manipulation,11,12,non_holder,non_holder,0.9161150455474854
22,30,Manipulation,11,13,non_holder,holder,-0.8795291781425476
22,30,Manipulation,11,14,non_holder,non_holder,0.8872606754302979
22,30,Manipulation,12,13,non_holder,holder,-0.8549537062644958
22,30,Manipulation,12,14,non_holder,non_holder,0.9647199511528015
22,30,Manipulation,13,14,holder,non_holder,-0.7943427562713623
22,30,Replay,0,1,non_holder,holder,-0.6523210406303406
22,30,Replay,0,2,non_holder,non_holder,0.8025653958320618
22,30,Replay,0,3,non_holder,non_holder,0.8244890570640564
22,30,Replay,0,4,non_holder,holder,-0.5110605955123901
22,30,Replay,0,5,non_holder,non_holder,0.8601657748222351
22,30,Replay,0,6,non_holder,non_holder,0.8347126841545105
22,30,Replay,0,7,non_holder,non_holder,0.844258189201355
22,30,Replay,0,8,non_holder,non_holder,0.7849753499031067
22,30,Replay,0,9,non_holder,non_holder,0.8289047479629517
22,30,Replay,0,10,non_holder,holder,-0.5416942238807678
22,30,Replay,0,11,non_holder,non_holder,0.7968001365661621
22,30,Replay,0,12,non_holder,non_holder,0.8130013346672058
22,30,Replay,0,13,non_holder,non_holder,0.76502525806427
22,30,Replay,0,14,non_holder,non_holder,0.7890844345092773
22,30,Replay,1,2,holder,non_holder,-0.9370483160018921
22,30,Replay,1,3,holder,non_holder,-0.881138801574707
22,30,Replay,1,4,holder,holder,0.9151883721351624
22,30,Replay,1,5,holder,non_holder,-0.871472954750061
22,30,Replay,1,6,holder,non_holder,-0.8675565123558044
22,30,Replay,1,7,holder,non_holder,-0.896490216255188
22,30,Replay,1,8,holder,non_holder,-0.9293999075889587
22,30,Replay,1,9,holder,non_holder,-0.916066586971283
22,30,Replay,1,10,holder,holder,0.9690070748329163
22,30,Replay,1,11,holder,non_holder,-0.91974937915802
22,30,Replay,1,12,holder,non_holder,-0.8982641100883484
22,30,Replay,1,13,holder,non_holder,-0.9555656313896179
22,30,Replay,1,14,holder,non_holder,-0.9053494334220886
22,30,Replay,2,3,non_holder,non_holder,0.9634902477264404
22,30,Replay,2,4,non_holder,holder,-0.8240341544151306
22,30,Replay,2,5,non_holder,non_holder,0.9444912672042847
22,30,Replay,2,6,non_holder,non_holder,0.9501531720161438
22,30,Replay,2,7,non_holder,non_holder,0.9683180451393127
22,30,Replay,2,8,non_holder,non_holder,0.9423192739486694
22,30,Replay,2,9,non_holder,non_holder,0.9594693183898926
22,30,Replay,2,10,non_holder,holder,-0.8637060523033142
22,30,Replay,2,11,non_holder,non_holder,0.9501438140869141
22,30,Replay,2,12,non_holder,non_holder,0.9619724154472351
22,30,Replay,2,13,non_holder,non_holder,0.9872704148292542
22,30,Replay,2,14,non_holder,non_holder,0.9560340046882629
22,30,Replay,3,4,non_holder,holder,-0.781518816947937
22,30,Replay,3,5,non_holder,non_holder,0.9427267909049988
22,30,Replay,3,6,non_holder,non_holder,0.9185144901275635
22,30,Replay,3,7,non_holder,non_holder,0.9584515690803528
22,30,Replay,3,8,non_holder,non_holder,0.9120843410491943
22,30,Replay,3,9,non_holder,non_holder,0.9368399977684021
22,30,Replay,3,10,non_holder,holder,-0.7964369654655457
22,30,Replay,3,11,non_holder,non_holder,0.9224309325218201
22,30,Replay,3,12,non_holder,non_holder,0.9371272921562195
22,30,Replay,3,13,non_holder,non_holder,0.9434515833854675
22,30,Replay,3,14,non_holder,non_holder,0.9349265098571777
22,30,Replay,4,5,holder,non_holder,-0.7700024247169495
22,30,Replay,4,6,holder,non_holder,-0.7336165308952332
22,30,Replay,4,7,holder,non_holder,-0.7986992001533508
22,30,Replay,4,8,holder,non_holder,-0.8241590857505798
22,30,Replay,4,9,holder,non_holder,-0.8262337446212769
22,30,Replay,4,10,holder,holder,0.884304940700531
22,30,Replay,4,11,holder,non_holder,-0.8227506875991821
22,30,Replay,4,12,holder,non_holder,-0.7909371852874756
22,30,Replay,4,13,holder,non_holder,-0.8556213974952698
22,30,Replay,4,14,holder,non_holder,-0.8086790442466736
22,30,Replay,5,6,non_holder,non_holder,0.9437730312347412
22,30,Replay,5,7,non_holder,non_holder,0.9792060852050781
22,30,Replay,5,8,non_holder,non_holder,0.9393233060836792
22,30,Replay,5,9,non_holder,non_holder,0.9571124911308289
22,30,Replay,5,10,non_holder,holder,-0.7870215177536011
22,30,Replay,5,11,non_holder,non_holder,0.9576594829559326
22,30,Replay,5,12,non_holder,non_holder,0.9373607039451599
22,30,Replay,5,13,non_holder,non_holder,0.9337003231048584
22,30,Replay,5,14,non_holder,non_holder,0.9385652542114258
22,30,Replay,6,7,non_holder,non_holder,0.9518200755119324
22,30,Replay,6,8,non_holder,non_holder,0.9009801149368286
22,30,Replay,6,9,non_holder,non_holder,0.9209574460983276
22,30,Replay,6,10,non_holder,holder,-0.7871866822242737
22,30,Replay,6,11,non_holder,non_holder,0.931371808052063
22,30,Replay,6,12,non_holder,non_holder,0.9409588575363159
22,30,Replay,6,13,non_holder,non_holder,0.937424898147583
22,30,Replay,6,14,non_holder,non_holder,0.9159107804298401
22,30,Replay,7,8,non_holder,non_holder,0.9311288595199585
22,30,Replay,7,9,non_holder,non_holder,0.9740478992462158
22,30,Replay,7,10,non_holder,holder,-0.8113632202148438
22,30,Replay,7,11,non_holder,non_holder,0.9632392525672913
22,30,Replay,7,12,non_holder,non_holder,0.9745671153068542
22,30,Replay,7,13,non_holder,non_holder,0.9511592388153076
22,30,Replay,7,14,non_holder,non_holder,0.9730451703071594
22,30,Replay,8,9,non_holder,non_holder,0.9615715146064758
22,30,Replay,8,10,non_holder,holder,-0.8860570788383484
22,30,Replay,8,11,non_holder,non_holder,0.9660377502441406
22,30,Replay,8,12,non_holder,non_holder,0.917758047580719
22,30,Replay,8,13,non_holder,non_holder,0.9446110725402832
22,30,Replay,8,14,non_holder,non_holder,0.9318258762359619
22,30,Replay,9,10,non_holder,holder,-0.8529038429260254
22,30,Replay,9,11,non_holder,non_holder,0.9811086654663086
22,30,Replay,9,12,non_holder,non_holder,0.9671979546546936
22,30,Replay,9,13,non_holder,non_holder,0.9533972144126892
22,30,Replay,9,14,non_holder,non_holder,0.9734030365943909
22,30,Replay,10,11,holder,non_holder,-0.8739441633224487
22,30,Replay,10,12,holder,non_holder,-0.8166975975036621
22,30,Replay,10,13,holder,non_holder,-0.8942065834999084
22,30,Replay,10,14,holder,non_holder,-0.8421853184700012
22,30,Replay,11,12,non_holder,non_holder,0.9510505795478821
22,30,Replay,11,13,non_holder,non_holder,0.951280951499939
22,30,Replay,11,14,non_holder,non_holder,0.9610503315925598
22,30,Replay,12,13,non_holder,non_holder,0.9454622268676758
22,30,Replay,12,14,non_holder,non_holder,0.9737858772277832
22,30,Replay,13,14,non_holder,non_holder,0.9373190999031067
22,45,Manipulation,0,1,non_holder,non_holder,0.7917835116386414
22,45,Manipulation,0,2,non_holder,holder,-0.6114794611930847
22,45,Manipulation,0,3,non_holder,non_holder,0.7055519819259644
22,45,Manipulation,0,4,non_holder,non_holder,0.8322408199310303
22,45,Manipulation,0,5,non_holder,non_holder,0.9090664982795715
22,45,Manipulation,0,6,non_holder,non_holder,0.881774365901947
22,45,Manipulation,0,7,non_holder,non_holder,0.8614338636398315
22,45,Manipulation,0,8,non_holder,non_holder,0.6541591882705688
22,45,Manipulation,0,9,non_holder,non_holder,0.8399461507797241
22,45,Manipulation,0,10,non_holder,non_holder,0.826955258846283
22,45,Manipulation,0,11,non_holder,non_holder,0.8121445178985596
22,45,Manipulation,0,12,non_holder,non_holder,0.8301672339439392
22,45,Manipulation,0,13,non_holder,holder,-0.70229572057724
22,45,Manipulation,0,14,non_holder,non_holder,0.7465105652809143
22,45,Manipulation,1,2,non_holder,holder,-0.9076135754585266
22,45,Manipulation,1,3,non_holder,non_holder,0.9207793474197388
22,45,Manipulation,1,4,non_holder,non_holder,0.9411648511886597
22,45,Manipulation,1,5,non_holder,non_holder,0.8339098691940308
22,45,Manipulation,1,6,non_holder,non_holder,0.8597213625907898
22,45,Manipulation,1,7,non_holder,non_holder,0.858272135257721
22,45,Manipulation,1,8,non_holder,non_holder,0.8128046989440918
22,45,Manipulation,1,9,non_holder,non_holder,0.9223678112030029
22,45,Manipulation,1,10,non_holder,non_holder,0.961096465587616
22,45,Manipulation,1,11,non_holder,non_holder,0.8935858607292175
22,45,Manipulation,1,12,non_holder,non_holder,0.82895827293396
22,45,Manipulation,1,13,non_holder,holder,-0.920897901058197
22,45,Manipulation,1,14,non_holder,non_holder,0.821514368057251
22,45,Manipulation,2,3,holder,non_holder,-0.8777669072151184
22,45,Manipulation,2,4,holder,non_holder,-0.8416094183921814
22,45,Manipulation,2,5,holder,non_holder,-0.660393238067627
22,45,Manipulation,2,6,holder,non_holder,-0.7433822154998779
22,45,Manipulation,2,7,holder,non_holder,-0.73131263256073
22,45,Manipulation,2,8,holder,non_holder,-0.6977322101593018
22,45,Manipulation,2,9,holder,non_holder,-0.7981258630752563
22,45,Manipulation,2,10,holder,non_holder,-0.9000858068466187
22,45,Manipulation,2,11,holder,non_holder,-0.7643366456031799
22,45,Manipulation,2,12,holder,non_holder,-0.7167914509773254
22,45,Manipulation,2,13,holder,holder,0.9499354958534241
22,45,Manipulation,2,14,holder,non_holder,-0.7208705544471741
22,45,Manipulation,3,4,non_holder,non_holder,0.9008475542068481
22,45,Manipulation,3,5,non_holder,non_holder,0.752428412437439
22,45,Manipulation,3,6,non_holder,non_holder,0.7828218936920166
22,45,Manipulation,3,7,non_holder,non_holder,0.7984586954116821
22,45,Manipulation,3,8,non_holder,non_holder,0.7118337750434875
22,45,Manipulation,3,9,non_holder,non_holder,0.8122721314430237
22,45,Manipulation,3,10,non_holder,non_holder,0.9308233857154846
22,45,Manipulation,3,11,non_holder,non_holder,0.8073338270187378
22,45,Manipulation,3,12,non_holder,non_holder,0.7684735655784607
22,45,Manipulation,3,13,non_holder,holder,-0.8650532960891724
22,45,Manipulation,3,14,non_holder,non_holder,0.7574156522750854
22,45,Manipulation,4,5,non_holder,non_holder,0.8517424464225769
22,45,Manipulation,4,6,non_holder,non_holder,0.8689162135124207
22,45,Manipulation,4,7,non_holder,non_holder,0.8897342681884766
22,45,Manipulation,4,8,non_holder,non_holder,0.7958438992500305
22,45,Manipulation,4,9,non_holder,non_holder,0.8895736336708069
22,45,Manipulation,4,10,non_holder,non_holder,0.9635651707649231
22,45,Manipulation,4,11,non_holder,non_holder,0.865558922290802
22,45,Manipulation,4,12,non_holder,non_holder,0.856227695941925
22,45,Manipulation,4,13,non_holder,holder,-0.8844677209854126
22,45,Manipulation,4,14,non_holder,non_holder,0.8387995362281799
22,45,Manipulation,5,6,non_holder,non_holder,0.9147671461105347
22,45,Manipulation,5,7,non_holder,non_holder,0.9270259141921997
22,45,Manipulation,5,8,non_holder,non_holder,0.7620934844017029
22,45,Manipulation,5,9,non_holder,non_holder,0.9004994034767151
22,45,Manipulation,5,10,non_holder,non_holder,0.8484790921211243
22,45,Manipulation,5,11,non_holder,non_holder,0.88392573595047
22,45,Manipulation,5,12,non_holder,non_holder,0.8942031860351562
22,45,Manipulation,5,13,non_holder,holder,-0.7198033928871155
22,45,Manipulation,5,14,non_holder,non_holder,0.8604203462600708
22,45,Manipulation,6,7,non_holder,non_holder,0.9177941083908081
22,45,Manipulation,6,8,non_holder,non_holder,0.7561971545219421
22,45,Manipulation,6,9,non_holder,non_holder,0.8814927339553833
22,45,Manipulation,6,10,non_holder,non_holder,0.8842203617095947
22,45,Manipulation,6,11,non_holder,non_holder,0.8536170125007629
22,45,Manipulation,6,12,non_holder,non_holder,0.9132359623908997
22,45,Manipulation,6,13,non_holder,holder,-0.7894241809844971
22,45,Manipulation,6,14,non_holder,non_holder,0.864051878452301
22,45,Manipulation,7,8,non_holder,non_holder,0.7749062180519104
22,45,Manipulation,7,9,non_holder,non_holder,0.8990296125411987
22,45,Manipulation,7,10,non_holder,non_holder,0.8753001689910889
22,45,Manipulation,7,11,non_holder,non_holder,0.8391826152801514
22,45,Manipulation,7,12,non_holder,non_holder,0.9819321632385254
22,45,Manipulation,7,13,non_holder,holder,-0.7686564922332764
22,45,Manipulation,7,14,non_holder,non_holder,0.9571648836135864
22,45,Manipulation,8,9,non_holder,non_holder,0.8729504346847534
22,45,Manipulation,8,10,non_holder,non_holder,0.7622149586677551
22,45,Manipulation,8,11,non_holder,non_holder,0.8771107196807861
22,45,Manipulation,8,12,non_holder,non_holder,0.7261046767234802
22,45,Manipulation,8,13,non_holder,holder,-0.7054961323738098
22,45,Manipulation,8,14,non_holder,non_holder,0.7764781713485718
22,45,Manipulation,9,10,non_holder,non_holder,0.8918717503547668
22,45,Manipulation,9,11,non_holder,non_holder,0.9461512565612793
22,45,Manipulation,9,12,non_holder,non_holder,0.8671684265136719
22,45,Manipulation,9,13,non_holder,holder,-0.8180246949195862
22,45,Manipulation,9,14,non_holder,non_holder,0.859686017036438
22,45,Manipulation,10,11,non_holder,non_holder,0.8610547184944153
22,45,Manipulation,10,12,non_holder,non_holder,0.8536027669906616
22,45,Manipulation,10,13,non_holder,holder,-0.9354232549667358
22,45,Manipulation,10,14,non_holder,non_holder,0.828967809677124
22,45,Manipulation,11,12,non_holder,non_holder,0.7961466908454895
22,45,Manipulation,11,13,non_holder,holder,-0.7831726670265198
22,45,Manipulation,11,14,non_holder,non_holder,0.8094860315322876
22,45,Manipulation,12,13,non_holder,holder,-0.7513351440429688
22,45,Manipulation,12,14,non_holder,non_holder,0.9591372013092041
22,45,Manipulation,13,14,holder,non_holder,-0.7334592342376709
22,45,Replay,0,1,non_holder,holder,-0.5605148673057556
22,45,Replay,0,2,non_holder,non_holder,0.8153843283653259
22,45,Replay,0,3,non_holder,non_holder,0.7364527583122253
22,45,Replay,0,4,non_holder,holder,-0.4330923557281494
22,45,Replay,0,5,non_holder,non_holder,0.8989418148994446
22,45,Replay,0,6,non_holder,non_holder,0.843921959400177
22,45,Replay,0,7,non_holder,non_holder,0.8839607238769531
22,45,Replay,0,8,non_holder,non_holder,0.6623650193214417
22,45,Replay,0,9,non_holder,non_holder,0.7837640047073364
22,45,Replay,0,10,non_holder,holder,-0.49225860834121704
22,45,Replay,0,11,non_holder,non_holder,0.8087378144264221
22,45,Replay,0,12,non_holder,non_holder,0.8346174955368042
22,45,Replay,0,13,non_holder,non_holder,0.7854077816009521
22,45,Replay,0,14,non_holder,non_holder,0.7823545336723328
22,45,Replay,1,2,holder,non_holder,-0.8860487937927246
22,45,Replay,1,3,holder,non_holder,-0.8653272390365601
22,45,Replay,1,4,holder,holder,0.9033370614051819
22,45,Replay,1,5,holder,non_holder,-0.7773122191429138
22,45,Replay,1,6,holder,non_holder,-0.7664213180541992
22,45,Replay,1,7,holder,non_holder,-0.7641375660896301
22,45,Replay,1,8,holder,non_holder,-0.8454249501228333
22,45,Replay,1,9,holder,non_holder,-0.8778789639472961
22,45,Replay,1,10,holder,holder,0.9295557737350464
22,45,Replay,1,11,holder,non_holder,-0.8585906028747559
22,45,Replay,1,12,holder,non_holder,-0.7663351893424988
22,45,Replay,1,13,holder,non_holder,-0.9037834405899048
22,45,Replay,1,14,holder,non_holder,-0.7930209040641785
22,45,Replay,2,3,non_holder,non_holder,0.940514326095581
22,45,Replay,2,4,non_holder,holder,-0.7635412812232971
22,45,Replay,2,5,non_holder,non_holder,0.9388825297355652
22,45,Replay,2,6,non_holder,non_holder,0.9253070950508118
22,45,Replay,2,7,non_holder,non_holder,0.9400321245193481
22,45,Replay,2,8,non_holder,non_holder,0.868765115737915
22,45,Replay,2,9,non_holder,non_holder,0.9309082627296448
22,45,Replay,2,10,non_holder,holder,-0.8099721670150757
22,45,Replay,2,11,non_holder,non_holder,0.9258806109428406
22,45,Replay,2,12,non_holder,non_holder,0.9238607883453369
22,45,Replay,2,13,non_holder,non_holder,0.9861154556274414
22,45,Replay,2,14,non_holder,non_holder,0.916950523853302
22,45,Replay,3,4,non_holder,holder,-0.7489755153656006
22,45,Replay,3,5,non_holder,non_holder,0.8752250075340271
22,45,Replay,3,6,non_holder,non_holder,0.8618195056915283
22,45,Replay,3,7,non_holder,non_holder,0.8798508048057556
22,45,Replay,3,8,non_holder,non_holder,0.8347420692443848
22,45,Replay,3,9,non_holder,non_holder,0.8746324181556702
22,45,Replay,3,10,non_holder,holder,-0.7845278382301331
22,45,Replay,3,11,non_holder,non_holder,0.8809013366699219
22,45,Replay,3,12,non_holder,non_holder,0.8603320717811584
22,45,Replay,3,13,non_holder,non_holder,0.9251530766487122
22,45,Replay,3,14,non_holder,non_holder,0.865271270275116
22,45,Replay,4,5,holder,non_holder,-0.6491730809211731
22,45,Replay,4,6,holder,non_holder,-0.6340108513832092
22,45,Replay,4,7,holder,non_holder,-0.6596862077713013
22,45,Replay,4,8,holder,non_holder,-0.7719419598579407
22,45,Replay,4,9,holder,non_holder,-0.7750430703163147
22,45,Replay,4,10,holder,holder,0.9083815813064575
22,45,Replay,4,11,holder,non_holder,-0.7475258708000183
22,45,Replay,4,12,holder,non_holder,-0.668005645275116
22,45,Replay,4,13,holder,non_holder,-0.8080174922943115
22,45,Replay,4,14,holder,non_holder,-0.705923855304718
22,45,Replay,5,6,non_holder,non_holder,0.9197030067443848
22,45,Replay,5,7,non_holder,non_holder,0.981858491897583
22,45,Replay,5,8,non_holder,non_holder,0.8577341437339783
22,45,Replay,5,9,non_holder,non_holder,0.9439120888710022
22,45,Replay,5,10,non_holder,holder,-0.6926257014274597
22,45,Replay,5,11,non_holder,non_holder,0.9324845671653748
22,45,Replay,5,12,non_holder,non_holder,0.9562069773674011
22,45,Replay,5,13,non_holder,non_holder,0.9165056347846985
22,45,Replay,5,14,non_holder,non_holder,0.9427382349967957
22,45,Replay,6,7,non_holder,non_holder,0.9004819989204407
22,45,Replay,6,8,non_holder,non_holder,0.8069015145301819
22,45,Replay,6,9,non_holder,non_holder,0.8812112808227539
22,45,Replay,6,10,non_holder,holder,-0.6928253769874573
22,45,Replay,6,11,non_holder,non_holder,0.8943955302238464
22,45,Replay,6,12,non_holder,non_holder,0.8792639970779419
22,45,Replay,6,13,non_holder,non_holder,0.899937629699707
22,45,Replay,6,14,non_holder,non_holder,0.8693248629570007
22,45,Replay,7,8,non_holder,non_holder,0.8292293548583984
22,45,Replay,7,9,non_holder,non_holder,0.9251484870910645
22,45,Replay,7,10,non_holder,holder,-0.6984797120094299
22,45,Replay,7,11,non_holder,non_holder,0.9062411189079285
22,45,Replay,7,12,non_holder,non_holder,0.9814595580101013
22,45,Replay,7,13,non_holder,non_holder,0.9145039319992065
22,45,Replay,7,14,non_holder,non_holder,0.95680832862854
22,45,Replay,8,9,non_holder,non_holder,0.920750617980957
22,45,Replay,8,10,non_holder,holder,-0.7648954391479492
22,45,Replay,8,11,non_holder,non_holder,0.9373648762702942
22,45,Replay,8,12,non_holder,non_holder,0.8247421979904175
22,45,Replay,8,13,non_holder,non_holder,0.8642269968986511
22,45,Replay,8,14,non_holder,non_holder,0.8664722442626953
22,45,Replay,9,10,non_holder,holder,-0.8071154356002808
22,45,Replay,9,11,non_holder,non_holder,0.9666814804077148
22,45,Replay,9,12,non_holder,non_holder,0.915128767490387
22,45,Replay,9,13,non_holder,non_holder,0.9241514801979065
22,45,Replay,9,14,non_holder,non_holder,0.9355045557022095
22,45,Replay,10,11,holder,non_holder,-0.7824227809906006
22,45,Replay,10,12,holder,non_holder,-0.7095200419425964
22,45,Replay,10,13,holder,non_holder,-0.8386738300323486
22,45,Replay,10,14,holder,non_holder,-0.7447106242179871
22,45,Replay,11,12,non_holder,non_holder,0.8890679478645325
22,45,Replay,11,13,non_holder,non_holder,0.9129291772842407
22,45,Replay,11,14,non_holder,non_holder,0.9083466529846191
22,45,Replay,12,13,non_holder,non_holder,0.9007841348648071
22,45,Replay,12,14,non_holder,non_holder,0.9665764570236206
22,45,Replay,13,14,non_holder,non_holder,0.8906343579292297
33,1,Manipulation,0,1,non_holder,non_holder,0.8782644271850586
33,1,Manipulation,0,2,non_holder,holder,-0.4030613601207733
33,1,Manipulation,0,3,non_holder,non_holder,0.9042369723320007
33,1,Manipulation,0,4,non_holder,non_holder,0.9166510105133057
33,1,Manipulation,0,5,non_holder,non_holder,0.9044808745384216
33,1,Manipulation,0,6,non_holder,non_holder,0.9099316000938416
33,1,Manipulation,0,7,non_holder,non_holder,0.9054691195487976
33,1,Manipulation,0,8,non_holder,non_holder,0.9054611325263977
33,1,Manipulation,0,9,non_holder,non_holder,0.9182108044624329
33,1,Manipulation,0,10,non_holder,non_holder,0.8885360956192017
33,1,Manipulation,0,11,non_holder,non_holder,0.8807445168495178
33,1,Manipulation,0,12,non_holder,non_holder,0.9000361561775208
33,1,Manipulation,0,13,non_holder,holder,-0.6362793445587158
33,1,Manipulation,0,14,non_holder,non_holder,0.8752602934837341
33,1,Manipulation,1,2,non_holder,holder,-0.5013792514801025
33,1,Manipulation,1,3,non_holder,non_holder,0.9123502373695374
33,1,Manipulation,1,4,non_holder,non_holder,0.9611355662345886
33,1,Manipulation,1,5,non_holder,non_holder,0.9428989887237549
33,1,Manipulation,1,6,non_holder,non_holder,0.9307045936584473
33,1,Manipulation,1,7,non_holder,non_holder,0.9660082459449768
33,1,Manipulation,1,8,non_holder,non_holder,0.8996615409851074
33,1,Manipulation,1,9,non_holder,non_holder,0.9736612439155579
33,1,Manipulation,1,10,non_holder,non_holder,0.973228394985199
33,1,Manipulation,1,11,non_holder,non_holder,0.961951494216919
33,1,Manipulation,1,12,non_holder,non_holder,0.9748009443283081
33,1,Manipulation,1,13,non_holder,holder,-0.7475942969322205
33,1,Manipulation,1,14,non_holder,non_holder,0.9565718770027161
33,1,Manipulation,2,3,holder,non_holder,-0.4099416434764862
33,1,Manipulation,2,4,holder,non_holder,-0.47912541031837463
33,1,Manipulation,2,5,holder,non_holder,-0.494647741317749
33,1,Manipulation,2,6,holder,non_holder,-0.475478857755661
33,1,Manipulation,2,7,holder,non_holder,-0.5228309035301208
33,1,Manipulation,2,8,holder,non_holder,-0.3918415904045105
33,1,Manipulation,2,9,holder,non_holder,-0.49105018377304077
33,1,Manipulation,2,10,holder,non_holder,-0.5173263549804688
33,1,Manipulation,2,11,holder,non_holder,-0.47303393483161926
33,1,Manipulation,2,12,holder,non_holder,-0.5179615020751953
33,1,Manipulation,2,13,holder,holder,0.766654372215271
33,1,Manipulation,2,14,holder,non_holder,-0.5132550001144409
33,1,Manipulation,3,4,non_holder,non_holder,0.9324762225151062
33,1,Manipulation,3,5,non_holder,non_holder,0.8889368176460266
33,1,Manipulation,3,6,non_holder,non_holder,0.9242091178894043
33,1,Manipulation,3,7,non_holder,non_holder,0.9179088473320007
33,1,Manipulation,3,8,non_holder,non_holder,0.9074305891990662
33,1,Manipulation,3,9,non_holder,non_holder,0.9485788941383362
33,1,Manipulation,3,10,non_holder,non_holder,0.9348539710044861
33,1,Manipulation,3,11,non_holder,non_holder,0.9162763953208923
33,1,Manipulation,3,12,non_holder,non_holder,0.9344464540481567
33,1,Manipulation,3,13,non_holder,holder,-0.660513162612915
33,1,Manipulation,3,14,non_holder,non_holder,0.9148889780044556
33,1,Manipulation,4,5,non_holder,non_holder,0.9460723400115967
33,1,Manipulation,4,6,non_holder,non_holder,0.9283706545829773
33,1,Manipulation,4,7,non_holder,non_holder,0.9626244306564331
33,1,Manipulation,4,8,non_holder,non_holder,0.8837634325027466
33,1,Manipulation,4,9,non_holder,non_holder,0.9605018496513367
33,1,Manipulation,4,10,non_holder,non_holder,0.9628027081489563
33,1,Manipulation,4,11,non_holder,non_holder,0.9312977194786072
33,1,Manipulation,4,12,non_holder,non_holder,0.9643226861953735
33,1,Manipulation,4,13,non_holder,holder,-0.7131232619285583
33,1,Manipulation,4,14,non_holder,non_holder,0.9356901049613953
33,1,Manipulation,5,6,non_holder,non_holder,0.9407192468643188
33,1,Manipulation,5,7,non_holder,non_holder,0.9692391157150269
33,1,Manipulation,5,8,non_holder,non_holder,0.8747093081474304
33,1,Manipulation,5,9,non_holder,non_holder,0.9461302161216736
33,1,Manipulation,5,10,non_holder,non_holder,0.9290745258331299
33,1,Manipulation,5,11,non_holder,non_holder,0.9450109004974365
33,1,Manipulation,5,12,non_holder,non_holder,0.9583525657653809
33,1,Manipulation,5,13,non_holder,holder,-0.7036172151565552
33,1,Manipulation,5,14,non_holder,non_holder,0.931736946105957
33,1,Manipulation,6,7,non_holder,non_holder,0.9432607889175415
33,1,Manipulation,6,8,non_holder,non_holder,0.9140193462371826
33,1,Manipulation,6,9,non_holder,non_holder,0.9475792646408081
33,1,Manipulation,6,10,non_holder,non_holder,0.930492639541626
33,1,Manipulation,6,11,non_holder,non_holder,0.926706075668335
33,1,Manipulation,6,12,non_holder,non_holder,0.9448742270469666
33,1,Manipulation,6,13,non_holder,holder,-0.7111930847167969
33,1,Manipulation,6,14,non_holder,non_holder,0.9312105178833008
33,1,Manipulation,7,8,non_holder,non_holder,0.9011039733886719
33,1,Manipulation,7,9,non_holder,non_holder,0.9754031896591187
33,1,Manipulation,7,10,non_holder,non_holder,0.9659838080406189
33,1,Manipulation,7,11,non_holder,non_holder,0.9556329250335693
33,1,Manipulation,7,12,non_holder,non_holder,0.9871240258216858
33,1,Manipulation,7,13,non_holder,holder,-0.7524566650390625
33,1,Manipulation,7,14,non_holder,non_holder,0.9716458320617676
33,1,Manipulation,8,9,non_holder,non_holder,0.9513187408447266
33,1,Manipulation,8,10,non_holder,non_holder,0.879567563533783
33,1,Manipulation,8,11,non_holder,non_holder,0.9276993870735168
33,1,Manipulation,8,12,non_holder,non_holder,0.9135102033615112
33,1,Manipulation,8,13,non_holder,holder,-0.6790869235992432
33,1,Manipulation,8,14,non_holder,non_holder,0.9102025628089905
33,1,Manipulation,9,10,non_holder,non_holder,0.9680095314979553
33,1,Manipulation,9,11,non_holder,non_holder,0.98171067237854
33,1,Manipulation,9,12,non_holder,non_holder,0.9874232411384583
33,1,Manipulation,9,13,non_holder,holder,-0.7578888535499573
33,1,Manipulation,9,14,non_holder,non_holder,0.9709941744804382
33,1,Manipulation,10,11,non_holder,non_holder,0.9502609372138977
33,1,Manipulation,10,12,non_holder,non_holder,0.9755867719650269
33,1,Manipulation,10,13,non_holder,holder,-0.7374320030212402
33,1,Manipulation,10,14,non_holder,non_holder,0.9542958736419678
33,1,Manipulation,11,12,non_holder,non_holder,0.9695736765861511
33,1,Manipulation,11,13,non_holder,holder,-0.7427278757095337
33,1,Manipulation,11,14,non_holder,non_holder,0.9617300033569336
33,1,Manipulation,12,13,non_holder,holder,-0.761547863483429
33,1,Manipulation,12,14,non_holder,non_holder,0.968411386013031
33,1,Manipulation,13,14,holder,non_holder,-0.7547627091407776
33,1,Replay,0,1,non_holder,holder,-0.6679432988166809
33,1,Replay,0,2,non_holder,non_holder,0.8875412940979004
33,1,Replay,0,3,non_holder,non_holder,0.9005593061447144
33,1,Replay,0,4,non_holder,holder,-0.057673320174217224
33,1,Replay,0,5,non_holder,non_holder,0.9065335988998413
33,1,Replay,0,6,non_holder,non_holder,0.9141101241111755
33,1,Replay,0,7,non_holder,non_holder,0.9067082405090332
33,1,Replay,0,8,non_holder,non_holder,0.9089885354042053
33,1,Replay,0,9,non_holder,non_holder,0.9188469648361206
33,1,Replay,0,10,non_holder,holder,-0.43046942353248596
33,1,Replay,0,11,non_holder,non_holder,0.8800613284111023
33,1,Replay,0,12,non_holder,non_holder,0.9027120471000671
33,1,Replay,0,13,non_holder,non_holder,0.8870535492897034
33,1,Replay,0,14,non_holder,non_holder,0.8775016069412231
33,1,Replay,1,2,holder,non_holder,-0.8166576027870178
33,1,Replay,1,3,holder,non_holder,-0.7333205938339233
33,1,Replay,1,4,holder,holder,0.5904601216316223
33,1,Replay,1,5,holder,non_holder,-0.7643142342567444
33,1,Replay,1,6,holder,non_holder,-0.748466968536377
33,1,Replay,1,7,holder,non_holder,-0.8011566400527954
33,1,Replay,1,8,holder,non_holder,-0.6959376335144043
33,1,Replay,1,9,holder,non_holder,-0.7882577180862427
33,1,Replay,1,10,holder,holder,0.8364181518554688
33,1,Replay,1,11,holder,non_holder,-0.7717606425285339
33,1,Replay,1,12,holder,non_holder,-0.8044300675392151
33,1,Replay,1,13,holder,non_holder,-0.7857019901275635
33,1,Replay,1,14,holder,non_holder,-0.7803577780723572
33,1,Replay,2,3,non_holder,non_holder,0.9240171909332275
33,1,Replay,2,4,non_holder,holder,-0.1945994645357132
33,1,Replay,2,5,non_holder,non_holder,0.9459441900253296
33,1,Replay,2,6,non_holder,non_holder,0.9310858249664307
33,1,Replay,2,7,non_holder,non_holder,0.9762317538261414
33,1,Replay,2,8,non_holder,non_holder,0.899515688419342
33,1,Replay,2,9,non_holder,non_holder,0.9721086025238037
33,1,Replay,2,10,non_holder,holder,-0.5807919502258301
33,1,Replay,2,11,non_holder,non_holder,0.9500904083251953
33,1,Replay,2,12,non_holder,non_holder,0.9921483993530273
33,1,Replay,2,13,non_holder,non_holder,0.9827367663383484
33,1,Replay,2,14,non_holder,non_holder,0.9513636827468872
33,1,Replay,3,4,non_holder,holder,-0.13857048749923706
33,1,Replay,3,5,non_holder,non_holder,0.8920328617095947
33,1,Replay,3,6,non_holder,non_holder,0.918758749961853
33,1,Replay,3,7,non_holder,non_holder,0.9282369613647461
33,1,Replay,3,8,non_holder,non_holder,0.9175417423248291
33,1,Replay,3,9,non_holder,non_holder,0.9574258327484131
33,1,Replay,3,10,non_holder,holder,-0.5269984602928162
33,1,Replay,3,11,non_holder,non_holder,0.9251956343650818
33,1,Replay,3,12,non_holder,non_holder,0.9432475566864014
33,1,Replay,3,13,non_holder,non_holder,0.9256894588470459
33,1,Replay,3,14,non_holder,non_holder,0.9312719702720642
33,1,Replay,4,5,holder,non_holder,-0.11360672861337662
33,1,Replay,4,6,holder,non_holder,-0.12220549583435059
33,1,Replay,4,7,holder,non_holder,-0.15820647776126862
33,1,Replay,4,8,holder,non_holder,-0.07146643102169037
33,1,Replay,4,9,holder,non_holder,-0.17061550915241241
33,1,Replay,4,10,holder,holder,0.765874445438385
33,1,Replay,4,11,holder,non_holder,-0.15695415437221527
33,1,Replay,4,12,holder,non_holder,-0.17656773328781128
33,1,Replay,4,13,holder,non_holder,-0.15082362294197083
33,1,Replay,4,14,holder,non_holder,-0.15907727181911469
33,1,Replay,5,6,non_holder,non_holder,0.9360210299491882
33,1,Replay,5,7,non_holder,non_holder,0.9697390198707581
33,1,Replay,5,8,non_holder,non_holder,0.8799088001251221
33,1,Replay,5,9,non_holder,non_holder,0.9491153359413147
33,1,Replay,5,10,non_holder,holder,-0.5411435961723328
33,1,Replay,5,11,non_holder,non_holder,0.9437374472618103
33,1,Replay,5,12,non_holder,non_holder,0.9598065614700317
33,1,Replay,5,13,non_holder,non_holder,0.9320348501205444
33,1,Replay,5,14,non_holder,non_holder,0.9315365552902222
33,1,Replay,6,7,non_holder,non_holder,0.9360553026199341
33,1,Replay,6,8,non_holder,non_holder,0.9087939262390137
33,1,Replay,6,9,non_holder,non_holder,0.9404802918434143
33,1,Replay,6,10,non_holder,holder,-0.5076631903648376
33,1,Replay,6,11,non_holder,non_holder,0.9154689908027649
33,1,Replay,6,12,non_holder,non_holder,0.9382217526435852
33,1,Replay,6,13,non_holder,non_holder,0.9306356310844421
33,1,Replay,6,14,non_holder,non_holder,0.9244315028190613
33,1,Replay,7,8,non_holder,non_holder,0.9042513370513916
33,1,Replay,7,9,non_holder,non_holder,0.9753407835960388
33,1,Replay,7,10,non_holder,holder,-0.5702282190322876
33,1,Replay,7,11,non_holder,non_holder,0.9557804465293884
33,1,Replay,7,12,non_holder,non_holder,0.9869470000267029
33,1,Replay,7,13,non_holder,non_holder,0.9621043801307678
33,1,Replay,7,14,non_holder,non_holder,0.9697425961494446
33,1,Replay,8,9,non_holder,non_holder,0.9526180028915405
33,1,Replay,8,10,non_holder,holder,-0.4300661087036133
33,1,Replay,8,11,non_holder,non_holder,0.9308528304100037
33,1,Replay,8,12,non_holder,non_holder,0.918742299079895
33,1,Replay,8,13,non_holder,non_holder,0.913677453994751
33,1,Replay,8,14,non_holder,non_holder,0.9174656271934509
33,1,Replay,9,10,non_holder,holder,-0.5480263829231262
33,1,Replay,9,11,non_holder,non_holder,0.9822263717651367
33,1,Replay,9,12,non_holder,non_holder,0.988344669342041
33,1,Replay,9,13,non_holder,non_holder,0.9702858328819275
33,1,Replay,9,14,non_holder,non_holder,0.9717323780059814
33,1,Replay,10,11,holder,non_holder,-0.5159639120101929
33,1,Replay,10,12,holder,non_holder,-0.5668817162513733
33,1,Replay,10,13,holder,non_holder,-0.5443872809410095
33,1,Replay,10,14,holder,non_holder,-0.550624668598175
33,1,Replay,11,12,non_holder,non_holder,0.9698777198791504
33,1,Replay,11,13,non_holder,non_holder,0.9459013342857361
33,1,Replay,11,14,non_holder,non_holder,0.9646661281585693
33,1,Replay,12,13,non_holder,non_holder,0.9801554083824158
33,1,Replay,12,14,non_holder,non_holder,0.9684540629386902
33,1,Replay,13,14,non_holder,non_holder,0.9499433040618896
33,5,Manipulation,0,1,non_holder,non_holder,0.8858403563499451
33,5,Manipulation,0,2,non_holder,holder,-0.6915245652198792
33,5,Manipulation,0,3,non_holder,non_holder,0.9074719548225403
33,5,Manipulation,0,4,non_holder,non_holder,0.9071298837661743
33,5,Manipulation,0,5,non_holder,non_holder,0.9223193526268005
33,5,Manipulation,0,6,non_holder,non_holder,0.9048656821250916
33,5,Manipulation,0,7,non_holder,non_holder,0.9102129936218262
33,5,Manipulation,0,8,non_holder,non_holder,0.8846414089202881
33,5,Manipulation,0,9,non_holder,non_holder,0.9023136496543884
33,5,Manipulation,0,10,non_holder,non_holder,0.8986350297927856
33,5,Manipulation,0,11,non_holder,non_holder,0.8839656114578247
33,5,Manipulation,0,12,non_holder,non_holder,0.9042512774467468
33,5,Manipulation,0,13,non_holder,holder,-0.7638776302337646
33,5,Manipulation,0,14,non_holder,non_holder,0.9089729189872742
33,5,Manipulation,1,2,non_holder,holder,-0.8964906930923462
33,5,Manipulation,1,3,non_holder,non_holder,0.9717540144920349
33,5,Manipulation,1,4,non_holder,non_holder,0.9911884665489197
33,5,Manipulation,1,5,non_holder,non_holder,0.9697356820106506
33,5,Manipulation,1,6,non_holder,non_holder,0.9333129525184631
33,5,Manipulation,1,7,non_holder,non_holder,0.986072301864624
33,5,Manipulation,1,8,non_holder,non_holder,0.9622849822044373
33,5,Manipulation,1,9,non_holder,non_holder,0.9893604516983032
33,5,Manipulation,1,10,non_holder,non_holder,0.9981070160865784
33,5,Manipulation,1,11,non_holder,non_holder,0.9881470203399658
33,5,Manipulation,1,12,non_holder,non_holder,0.9894633889198303
33,5,Manipulation,1,13,non_holder,holder,-0.9136585593223572
33,5,Manipulation,1,14,non_holder,non_holder,0.9780994653701782
33,5,Manipulation,2,3,holder,non_holder,-0.8303020596504211
33,5,Manipulation,2,4,holder,non_holder,-0.8953120708465576
33,5,Manipulation,2,5,holder,non_holder,-0.872166097164154
33,5,Manipulation,2,6,holder,non_holder,-0.8387435674667358
33,5,Manipulation,2,7,holder,non_holder,-0.8913465738296509
33,5,Manipulation,2,8,holder,non_holder,-0.8313613533973694
33,5,Manipulation,2,9,holder,non_holder,-0.8863555788993835
33,5,Manipulation,2,10,holder,non_holder,-0.8820632100105286
33,5,Manipulation,2,11,holder,non_holder,-0.8922165036201477
33,5,Manipulation,2,12,holder,non_holder,-0.8961892127990723
33,5,Manipulation,2,13,holder,holder,0.979153573513031
33,5,Manipulation,2,14,holder,non_holder,-0.8541736006736755
33,5,Manipulation,3,4,non_holder,non_holder,0.9664119482040405
33,5,Manipulation,3,5,non_holder,non_holder,0.9648794531822205
33,5,Manipulation,3,6,non_holder,non_holder,0.9390156865119934
33,5,Manipulation,3,7,non_holder,non_holder,0.9730836153030396
33,5,Manipulation,3,8,non_holder,non_holder,0.9706509709358215
33,5,Manipulation,3,9,non_holder,non_holder,0.9813533425331116
33,5,Manipulation,3,10,non_holder,non_holder,0.9716684222221375
33,5,Manipulation,3,11,non_holder,non_holder,0.9736506938934326
33,5,Manipulation,3,12,non_holder,non_holder,0.978019654750824
33,5,Manipulation,3,13,non_holder,holder,-0.8623749017715454
33,5,Manipulation,3,14,non_holder,non_holder,0.9733016490936279
33,5,Manipulation,4,5,non_holder,non_holder,0.9744558334350586
33,5,Manipulation,4,6,non_holder,non_holder,0.9467298984527588
33,5,Manipulation,4,7,non_holder,non_holder,0.9843693375587463
33,5,Manipulation,4,8,non_holder,non_holder,0.9515955448150635
33,5,Manipulation,4,9,non_holder,non_holder,0.9829960465431213
33,5,Manipulation,4,10,non_holder,non_holder,0.9904890060424805
33,5,Manipulation,4,11,non_holder,non_holder,0.9774772524833679
33,5,Manipulation,4,12,non_holder,non_holder,0.985955536365509
33,5,Manipulation,4,13,non_holder,holder,-0.9200193285942078
33,5,Manipulation,4,14,non_holder,non_holder,0.9695627689361572
33,5,Manipulation,5,6,non_holder,non_holder,0.9829713106155396
33,5,Manipulation,5,7,non_holder,non_holder,0.9914212822914124
33,5,Manipulation,5,8,non_holder,non_holder,0.9525285363197327
33,5,Manipulation,5,9,non_holder,non_holder,0.9813084006309509
33,5,Manipulation,5,10,non_holder,non_holder,0.9701352119445801
33,5,Manipulation,5,11,non_holder,non_holder,0.9689605236053467
33,5,Manipulation,5,12,non_holder,non_holder,0.9912897348403931
33,5,Manipulation,5,13,non_holder,holder,-0.9022632837295532
33,5,Manipulation,5,14,non_holder,non_holder,0.9720907807350159
33,5,Manipulation,6,7,non_holder,non_holder,0.9685481786727905
33,5,Manipulation,6,8,non_holder,non_holder,0.917834997177124
33,5,Manipulation,6,9,non_holder,non_holder,0.9498299360275269
33,5,Manipulation,6,10,non_holder,non_holder,0.9333400130271912
33,5,Manipulation,6,11,non_holder,non_holder,0.9316074252128601
33,5,Manipulation,6,12,non_holder,non_holder,0.9658961892127991
33,5,Manipulation,6,13,non_holder,holder,-0.8710477352142334
33,5,Manipulation,6,14,non_holder,non_holder,0.9395878314971924
33,5,Manipulation,7,8,non_holder,non_holder,0.9652290344238281
33,5,Manipulation,7,9,non_holder,non_holder,0.9932987093925476
33,5,Manipulation,7,10,non_holder,non_holder,0.9858334064483643
33,5,Manipulation,7,11,non_holder,non_holder,0.9855833649635315
33,5,Manipulation,7,12,non_holder,non_holder,0.997890055179596
33,5,Manipulation,7,13,non_holder,holder,-0.9147476553916931
33,5,Manipulation,7,14,non_holder,non_holder,0.98821622133255
33,5,Manipulation,8,9,non_holder,non_holder,0.9840458035469055
33,5,Manipulation,8,10,non_holder,non_holder,0.9592844843864441
33,5,Manipulation,8,11,non_holder,non_holder,0.971004068851471
33,5,Manipulation,8,12,non_holder,non_holder,0.9708640575408936
33,5,Manipulation,8,13,non_holder,holder,-0.8527894020080566
33,5,Manipulation,8,14,non_holder,non_holder,0.9722904562950134
33,5,Manipulation,9,10,non_holder,non_holder,0.9877654910087585
33,5,Manipulation,9,11,non_holder,non_holder,0.992152214050293
33,5,Manipulation,9,12,non_holder,non_holder,0.9961070418357849
33,5,Manipulation,9,13,non_holder,holder,-0.9078869819641113
33,5,Manipulation,9,14,non_holder,non_holder,0.9889815449714661
33,5,Manipulation,10,11,non_holder,non_holder,0.9857890009880066
33,5,Manipulation,10,12,non_holder,non_holder,0.9885064959526062
33,5,Manipulation,10,13,non_holder,holder,-0.9064193367958069
33,5,Manipulation,10,14,non_holder,non_holder,0.9795886874198914
33,5,Manipulation,11,12,non_holder,non_holder,0.9875912070274353
33,5,Manipulation,11,13,non_holder,holder,-0.9088413119316101
33,5,Manipulation,11,14,non_holder,non_holder,0.9838312864303589
33,5,Manipulation,12,13,non_holder,holder,-0.9180014133453369
33,5,Manipulation,12,14,non_holder,non_holder,0.9849920868873596
33,5,Manipulation,13,14,holder,non_holder,-0.8833262324333191
33,5,Replay,0,1,non_holder,holder,-0.7724558115005493
33,5,Replay,0,2,non_holder,non_holder,0.9017816185951233
33,5,Replay,0,3,non_holder,non_holder,0.916074812412262
33,5,Replay,0,4,non_holder,holder,-0.5525991916656494
33,5,Replay,0,5,non_holder,non_holder,0.9325532913208008
33,5,Replay,0,6,non_holder,non_holder,0.904026210308075
33,5,Replay,0,7,non_holder,non_holder,0.9156676530838013
33,5,Replay,0,8,non_holder,non_holder,0.8950023651123047
33,5,Replay,0,9,non_holder,non_holder,0.9055786728858948
33,5,Replay,0,10,non_holder,holder,-0.7253238558769226
33,5,Replay,0,11,non_holder,non_holder,0.8848807215690613
33,5,Replay,0,12,non_holder,non_holder,0.9102949500083923
33,5,Replay,0,13,non_holder,non_holder,0.898766279220581
33,5,Replay,0,14,non_holder,non_holder,0.9046915769577026
33,5,Replay,1,2,holder,non_holder,-0.9224973917007446
33,5,Replay,1,3,holder,non_holder,-0.8562428951263428
33,5,Replay,1,4,holder,holder,0.9364804625511169
33,5,Replay,1,5,holder,non_holder,-0.8855462074279785
33,5,Replay,1,6,holder,non_holder,-0.8423115611076355
33,5,Replay,1,7,holder,non_holder,-0.9104059934616089
33,5,Replay,1,8,holder,non_holder,-0.8479662537574768
33,5,Replay,1,9,holder,non_holder,-0.9028947353363037
33,5,Replay,1,10,holder,holder,0.9930121898651123
33,5,Replay,1,11,holder,non_holder,-0.9095849394798279
33,5,Replay,1,12,holder,non_holder,-0.9113783240318298
33,5,Replay,1,13,holder,non_holder,-0.9190431833267212
33,5,Replay,1,14,holder,non_holder,-0.8802289962768555
33,5,Replay,2,3,non_holder,non_holder,0.969614565372467
33,5,Replay,2,4,non_holder,holder,-0.8002135753631592
33,5,Replay,2,5,non_holder,non_holder,0.9859960079193115
33,5,Replay,2,6,non_holder,non_holder,0.953234851360321
33,5,Replay,2,7,non_holder,non_holder,0.9960824251174927
33,5,Replay,2,8,non_holder,non_holder,0.9665273427963257
33,5,Replay,2,9,non_holder,non_holder,0.9936341047286987
33,5,Replay,2,10,non_holder,holder,-0.9049639701843262
33,5,Replay,2,11,non_holder,non_holder,0.9862610697746277
33,5,Replay,2,12,non_holder,non_holder,0.9975958466529846
33,5,Replay,2,13,non_holder,non_holder,0.997463047504425
33,5,Replay,2,14,non_holder,non_holder,0.9841066598892212
33,5,Replay,3,4,non_holder,holder,-0.7186461091041565
33,5,Replay,3,5,non_holder,non_holder,0.9632336497306824
33,5,Replay,3,6,non_holder,non_holder,0.9197586178779602
33,5,Replay,3,7,non_holder,non_holder,0.970504105091095
33,5,Replay,3,8,non_holder,non_holder,0.9645707011222839
33,5,Replay,3,9,non_holder,non_holder,0.9785631895065308
33,5,Replay,3,10,non_holder,holder,-0.8440214395523071
33,5,Replay,3,11,non_holder,non_holder,0.971906304359436
33,5,Replay,3,12,non_holder,non_holder,0.9739385843276978
33,5,Replay,3,13,non_holder,non_holder,0.9669637680053711
33,5,Replay,3,14,non_holder,non_holder,0.972287118434906
33,5,Replay,4,5,holder,non_holder,-0.7346001863479614
33,5,Replay,4,6,holder,non_holder,-0.6780966520309448
33,5,Replay,4,7,holder,non_holder,-0.7784023880958557
33,5,Replay,4,8,holder,non_holder,-0.7297672033309937
33,5,Replay,4,9,holder,non_holder,-0.7852343916893005
33,5,Replay,4,10,holder,holder,0.9536809921264648
33,5,Replay,4,11,holder,non_holder,-0.8022881150245667
33,5,Replay,4,12,holder,non_holder,-0.7857157588005066
33,5,Replay,4,13,holder,non_holder,-0.795504093170166
33,5,Replay,4,14,holder,non_holder,-0.7507031559944153
33,5,Replay,5,6,non_holder,non_holder,0.9770312905311584
33,5,Replay,5,7,non_holder,non_holder,0.990917980670929
33,5,Replay,5,8,non_holder,non_holder,0.9582751989364624
33,5,Replay,5,9,non_holder,non_holder,0.9801298975944519
33,5,Replay,5,10,non_holder,holder,-0.8585218191146851
33,5,Replay,5,11,non_holder,non_holder,0.9640316963195801
33,5,Replay,5,12,non_holder,non_holder,0.9916018843650818
33,5,Replay,5,13,non_holder,non_holder,0.9801995754241943
33,5,Replay,5,14,non_holder,non_holder,0.9703354835510254
33,5,Replay,6,7,non_holder,non_holder,0.9613253474235535
33,5,Replay,6,8,non_holder,non_holder,0.9093090295791626
33,5,Replay,6,9,non_holder,non_holder,0.9378709197044373
33,5,Replay,6,10,non_holder,holder,-0.8153626322746277
33,5,Replay,6,11,non_holder,non_holder,0.9194061756134033
33,5,Replay,6,12,non_holder,non_holder,0.961113691329956
33,5,Replay,6,13,non_holder,non_holder,0.9460314512252808
33,5,Replay,6,14,non_holder,non_holder,0.9256548285484314
33,5,Replay,7,8,non_holder,non_holder,0.968068540096283
33,5,Replay,7,9,non_holder,non_holder,0.9928544163703918
33,5,Replay,7,10,non_holder,holder,-0.8897262215614319
33,5,Replay,7,11,non_holder,non_holder,0.9843946099281311
33,5,Replay,7,12,non_holder,non_holder,0.9976741075515747
33,5,Replay,7,13,non_holder,non_holder,0.9912854433059692
33,5,Replay,7,14,non_holder,non_holder,0.9882533550262451
33,5,Replay,8,9,non_holder,non_holder,0.9854752421379089
33,5,Replay,8,10,non_holder,holder,-0.8313461542129517
33,5,Replay,8,11,non_holder,non_holder,0.9701416492462158
33,5,Replay,8,12,non_holder,non_holder,0.9708126783370972
33,5,Replay,8,13,non_holder,non_holder,0.9620185494422913
33,5,Replay,8,14,non_holder,non_holder,0.9742909669876099
33,5,Replay,9,10,non_holder,holder,-0.8867265582084656
33,5,Replay,9,11,non_holder,non_holder,0.9916738867759705
33,5,Replay,9,12,non_holder,non_holder,0.9942649602890015
33,5,Replay,9,13,non_holder,non_holder,0.9896618127822876
33,5,Replay,9,14,non_holder,non_holder,0.9902798533439636
33,5,Replay,10,11,holder,non_holder,-0.8974414467811584
33,5,Replay,10,12,holder,non_holder,-0.8921210765838623
33,5,Replay,10,13,holder,non_holder,-0.9027776122093201
33,5,Replay,10,14,holder,non_holder,-0.859715461730957
33,5,Replay,11,12,non_holder,non_holder,0.9851608276367188
33,5,Replay,11,13,non_holder,non_holder,0.9838751554489136
33,5,Replay,11,14,non_holder,non_holder,0.9855122566223145
33,5,Replay,12,13,non_holder,non_holder,0.9928479790687561
33,5,Replay,12,14,non_holder,non_holder,0.9841604232788086
33,5,Replay,13,14,non_holder,non_holder,0.9803690314292908
33,10,Manipulation,0,1,non_holder,non_holder,0.7876535654067993
33,10,Manipulation,0,2,non_holder,holder,-0.7596313953399658
33,10,Manipulation,0,3,non_holder,non_holder,0.8819670677185059
33,10,Manipulation,0,4,non_holder,non_holder,0.8427171111106873
33,10,Manipulation,0,5,non_holder,non_holder,0.8747726082801819
33,10,Manipulation,0,6,non_holder,non_holder,0.8413135409355164
33,10,Manipulation,0,7,non_holder,non_holder,0.836827278137207
33,10,Manipulation,0,8,non_holder,non_holder,0.8347901105880737
33,10,Manipulation,0,9,non_holder,non_holder,0.8332611322402954
33,10,Manipulation,0,10,non_holder,non_holder,0.827503502368927
33,10,Manipulation,0,11,non_holder,non_holder,0.8340626358985901
33,10,Manipulation,0,12,non_holder,non_holder,0.8426429629325867
33,10,Manipulation,0,13,non_holder,holder,-0.7578998804092407
33,10,Manipulation,0,14,non_holder,non_holder,0.823605477809906
33,10,Manipulation,1,2,non_holder,holder,-0.9716540575027466
33,10,Manipulation,1,3,non_holder,non_holder,0.9610323309898376
33,10,Manipulation,1,4,non_holder,non_holder,0.9837459921836853
33,10,Manipulation,1,5,non_holder,non_holder,0.9569181799888611
33,10,Manipulation,1,6,non_holder,non_holder,0.9219057559967041
33,10,Manipulation,1,7,non_holder,non_holder,0.9793724417686462
33,10,Manipulation,1,8,non_holder,non_holder,0.9489489793777466
33,10,Manipulation,1,9,non_holder,non_holder,0.9719157218933105
33,10,Manipulation,1,10,non_holder,non_holder,0.9927369952201843
33,10,Manipulation,1,11,non_holder,non_holder,0.9770868420600891
33,10,Manipulation,1,12,non_holder,non_holder,0.9821758270263672
33,10,Manipulation,1,13,non_holder,holder,-0.9649452567100525
33,10,Manipulation,1,14,non_holder,non_holder,0.9743281006813049
33,10,Manipulation,2,3,holder,non_holder,-0.9259925484657288
33,10,Manipulation,2,4,holder,non_holder,-0.9668716788291931
33,10,Manipulation,2,5,holder,non_holder,-0.9492279887199402
33,10,Manipulation,2,6,holder,non_holder,-0.9249224662780762
33,10,Manipulation,2,7,holder,non_holder,-0.9684010148048401
33,10,Manipulation,2,8,holder,non_holder,-0.9071955680847168
33,10,Manipulation,2,9,holder,non_holder,-0.9430248737335205
33,10,Manipulation,2,10,holder,non_holder,-0.9688400030136108
33,10,Manipulation,2,11,holder,non_holder,-0.9436807036399841
33,10,Manipulation,2,12,holder,non_holder,-0.9673980474472046
33,10,Manipulation,2,13,holder,holder,0.9925709366798401
33,10,Manipulation,2,14,holder,non_holder,-0.9407979846000671
33,10,Manipulation,3,4,non_holder,non_holder,0.9674127697944641
33,10,Manipulation,3,5,non_holder,non_holder,0.9677490592002869
33,10,Manipulation,3,6,non_holder,non_holder,0.9351710677146912
33,10,Manipulation,3,7,non_holder,non_holder,0.9664256572723389
33,10,Manipulation,3,8,non_holder,non_holder,0.9624118208885193
33,10,Manipulation,3,9,non_holder,non_holder,0.9712063074111938
33,10,Manipulation,3,10,non_holder,non_holder,0.9694042205810547
33,10,Manipulation,3,11,non_holder,non_holder,0.9748069047927856
33,10,Manipulation,3,12,non_holder,non_holder,0.9753686189651489
33,10,Manipulation,3,13,non_holder,holder,-0.9201168417930603
33,10,Manipulation,3,14,non_holder,non_holder,0.9675900936126709
33,10,Manipulation,4,5,non_holder,non_holder,0.9659560322761536
33,10,Manipulation,4,6,non_holder,non_holder,0.9336832761764526
33,10,Manipulation,4,7,non_holder,non_holder,0.9765141010284424
33,10,Manipulation,4,8,non_holder,non_holder,0.9482285976409912
33,10,Manipulation,4,9,non_holder,non_holder,0.9705323576927185
33,10,Manipulation,4,10,non_holder,non_holder,0.9860658049583435
33,10,Manipulation,4,11,non_holder,non_holder,0.9724301695823669
33,10,Manipulation,4,12,non_holder,non_holder,0.9794256687164307
33,10,Manipulation,4,13,non_holder,holder,-0.9597254395484924
33,10,Manipulation,4,14,non_holder,non_holder,0.9643074870109558
33,10,Manipulation,5,6,non_holder,non_holder,0.970587968826294
33,10,Manipulation,5,7,non_holder,non_holder,0.9819343090057373
33,10,Manipulation,5,8,non_holder,non_holder,0.947525143623352
33,10,Manipulation,5,9,non_holder,non_holder,0.954465389251709
33,10,Manipulation,5,10,non_holder,non_holder,0.969414234161377
33,10,Manipulation,5,11,non_holder,non_holder,0.957409679889679
33,10,Manipulation,5,12,non_holder,non_holder,0.9851065874099731
33,10,Manipulation,5,13,non_holder,holder,-0.9408969283103943
33,10,Manipulation,5,14,non_holder,non_holder,0.9625635147094727
33,10,Manipulation,6,7,non_holder,non_holder,0.9536015391349792
33,10,Manipulation,6,8,non_holder,non_holder,0.9195640683174133
33,10,Manipulation,6,9,non_holder,non_holder,0.9228473901748657
33,10,Manipulation,6,10,non_holder,non_holder,0.9341726303100586
33,10,Manipulation,6,11,non_holder,non_holder,0.9234654903411865
33,10,Manipulation,6,12,non_holder,non_holder,0.9555225968360901
33,10,Manipulation,6,13,non_holder,holder,-0.9150270223617554
33,10,Manipulation,6,14,non_holder,non_holder,0.9307324886322021
33,10,Manipulation,7,8,non_holder,non_holder,0.9563378095626831
33,10,Manipulation,7,9,non_holder,non_holder,0.9688852429389954
33,10,Manipulation,7,10,non_holder,non_holder,0.9885004758834839
33,10,Manipulation,7,11,non_holder,non_holder,0.9734632968902588
33,10,Manipulation,7,12,non_holder,non_holder,0.9918437600135803
33,10,Manipulation,7,13,non_holder,holder,-0.9595668315887451
33,10,Manipulation,7,14,non_holder,non_holder,0.9857075214385986
33,10,Manipulation,8,9,non_holder,non_holder,0.9874005317687988
33,10,Manipulation,8,10,non_holder,non_holder,0.9540880918502808
33,10,Manipulation,8,11,non_holder,non_holder,0.982465386390686
33,10,Manipulation,8,12,non_holder,non_holder,0.9591540098190308
33,10,Manipulation,8,13,non_holder,holder,-0.908922016620636
33,10,Manipulation,8,14,non_holder,non_holder,0.9697005748748779
33,10,Manipulation,9,10,non_holder,non_holder,0.9707092642784119
33,10,Manipulation,9,11,non_holder,non_holder,0.9944446086883545
33,10,Manipulation,9,12,non_holder,non_holder,0.9712088704109192
33,10,Manipulation,9,13,non_holder,holder,-0.9458251595497131
33,10,Manipulation,9,14,non_holder,non_holder,0.9703695178031921
33,10,Manipulation,10,11,non_holder,non_holder,0.9774347543716431
33,10,Manipulation,10,12,non_holder,non_holder,0.9907219409942627
33,10,Manipulation,10,13,non_holder,holder,-0.9615204930305481
33,10,Manipulation,10,14,non_holder,non_holder,0.9845516681671143
33,10,Manipulation,11,12,non_holder,non_holder,0.97678142786026
33,10,Manipulation,11,13,non_holder,holder,-0.9459277987480164
33,10,Manipulation,11,14,non_holder,non_holder,0.9798566699028015
33,10,Manipulation,12,13,non_holder,holder,-0.9588502049446106
33,10,Manipulation,12,14,non_holder,non_holder,0.9823273420333862
33,10,Manipulation,13,14,holder,non_holder,-0.9358437657356262
33,10,Replay,0,1,non_holder,holder,-0.7973941564559937
33,10,Replay,0,2,non_holder,non_holder,0.8774992227554321
33,10,Replay,0,3,non_holder,non_holder,0.9452754855155945
33,10,Replay,0,4,non_holder,holder,-0.6163601279258728
33,10,Replay,0,5,non_holder,non_holder,0.894345760345459
33,10,Replay,0,6,non_holder,non_holder,0.8674118518829346
33,10,Replay,0,7,non_holder,non_holder,0.8795433044433594
33,10,Replay,0,8,non_holder,non_holder,0.8723876476287842
33,10,Replay,0,9,non_holder,non_holder,0.8868666291236877
33,10,Replay,0,10,non_holder,holder,-0.7989189028739929
33,10,Replay,0,11,non_holder,non_holder,0.889225959777832
33,10,Replay,0,12,non_holder,non_holder,0.8893895745277405
33,10,Replay,0,13,non_holder,non_holder,0.8806570768356323
33,10,Replay,0,14,non_holder,non_holder,0.8737171292304993
33,10,Replay,1,2,holder,non_holder,-0.973551869392395
33,10,Replay,1,3,holder,non_holder,-0.9119934439659119
33,10,Replay,1,4,holder,holder,0.950890839099884
33,10,Replay,1,5,holder,non_holder,-0.9286335706710815
33,10,Replay,1,6,holder,non_holder,-0.8803448677062988
33,10,Replay,1,7,holder,non_holder,-0.9617611765861511
33,10,Replay,1,8,holder,non_holder,-0.8711670637130737
33,10,Replay,1,9,holder,non_holder,-0.950529932975769
33,10,Replay,1,10,holder,holder,0.9885332584381104
33,10,Replay,1,11,holder,non_holder,-0.9495046734809875
33,10,Replay,1,12,holder,non_holder,-0.9600279331207275
33,10,Replay,1,13,holder,non_holder,-0.9754863381385803
33,10,Replay,1,14,holder,non_holder,-0.9561324715614319
33,10,Replay,2,3,non_holder,non_holder,0.9657161831855774
33,10,Replay,2,4,non_holder,holder,-0.8720045685768127
33,10,Replay,2,5,non_holder,non_holder,0.9775980710983276
33,10,Replay,2,6,non_holder,non_holder,0.9388364553451538
33,10,Replay,2,7,non_holder,non_holder,0.9930073618888855
33,10,Replay,2,8,non_holder,non_holder,0.9306209683418274
33,10,Replay,2,9,non_holder,non_holder,0.9759044647216797
33,10,Replay,2,10,non_holder,holder,-0.9573357701301575
33,10,Replay,2,11,non_holder,non_holder,0.9808003306388855
33,10,Replay,2,12,non_holder,non_holder,0.9962761998176575
33,10,Replay,2,13,non_holder,non_holder,0.9942147135734558
33,10,Replay,2,14,non_holder,non_holder,0.9863958954811096
33,10,Replay,3,4,non_holder,holder,-0.7692359685897827
33,10,Replay,3,5,non_holder,non_holder,0.9520136713981628
33,10,Replay,3,6,non_holder,non_holder,0.909003496170044
33,10,Replay,3,7,non_holder,non_holder,0.9618517160415649
33,10,Replay,3,8,non_holder,non_holder,0.9401234984397888
33,10,Replay,3,9,non_holder,non_holder,0.9666818976402283
33,10,Replay,3,10,non_holder,holder,-0.9064576029777527
33,10,Replay,3,11,non_holder,non_holder,0.9690163135528564
33,10,Replay,3,12,non_holder,non_holder,0.9705173969268799
33,10,Replay,3,13,non_holder,non_holder,0.9636335372924805
33,10,Replay,3,14,non_holder,non_holder,0.9614558815956116
33,10,Replay,4,5,holder,non_holder,-0.7953906655311584
33,10,Replay,4,6,holder,non_holder,-0.7404871582984924
33,10,Replay,4,7,holder,non_holder,-0.8463879823684692
33,10,Replay,4,8,holder,non_holder,-0.7366618514060974
33,10,Replay,4,9,holder,non_holder,-0.8430313467979431
33,10,Replay,4,10,holder,holder,0.9450196623802185
33,10,Replay,4,11,holder,non_holder,-0.837730884552002
33,10,Replay,4,12,holder,non_holder,-0.8462353348731995
33,10,Replay,4,13,holder,non_holder,-0.8786534070968628
33,10,Replay,4,14,holder,non_holder,-0.852064847946167
33,10,Replay,5,6,non_holder,non_holder,0.9726001024246216
33,10,Replay,5,7,non_holder,non_holder,0.978792667388916
33,10,Replay,5,8,non_holder,non_holder,0.9300711154937744
33,10,Replay,5,9,non_holder,non_holder,0.9539448022842407
33,10,Replay,5,10,non_holder,holder,-0.9096582531929016
33,10,Replay,5,11,non_holder,non_holder,0.9605483412742615
33,10,Replay,5,12,non_holder,non_holder,0.9826828837394714
33,10,Replay,5,13,non_holder,non_holder,0.9724435210227966
33,10,Replay,5,14,non_holder,non_holder,0.963451623916626
33,10,Replay,6,7,non_holder,non_holder,0.9446401596069336
33,10,Replay,6,8,non_holder,non_holder,0.9058579802513123
33,10,Replay,6,9,non_holder,non_holder,0.9157078862190247
33,10,Replay,6,10,non_holder,holder,-0.8530405759811401
33,10,Replay,6,11,non_holder,non_holder,0.9218258261680603
33,10,Replay,6,12,non_holder,non_holder,0.9427294135093689
33,10,Replay,6,13,non_holder,non_holder,0.9293578267097473
33,10,Replay,6,14,non_holder,non_holder,0.9207581877708435
33,10,Replay,7,8,non_holder,non_holder,0.9364714622497559
33,10,Replay,7,9,non_holder,non_holder,0.9718749523162842
33,10,Replay,7,10,non_holder,holder,-0.944443941116333
33,10,Replay,7,11,non_holder,non_holder,0.978513240814209
33,10,Replay,7,12,non_holder,non_holder,0.9926223158836365
33,10,Replay,7,13,non_holder,non_holder,0.9885159730911255
33,10,Replay,7,14,non_holder,non_holder,0.9909509420394897
33,10,Replay,8,9,non_holder,non_holder,0.9652137160301208
33,10,Replay,8,10,non_holder,holder,-0.8533007502555847
33,10,Replay,8,11,non_holder,non_holder,0.9654874801635742
33,10,Replay,8,12,non_holder,non_holder,0.9373696446418762
33,10,Replay,8,13,non_holder,non_holder,0.9319460391998291
33,10,Replay,8,14,non_holder,non_holder,0.9491931200027466
33,10,Replay,9,10,non_holder,holder,-0.9434188604354858
33,10,Replay,9,11,non_holder,non_holder,0.9943520426750183
33,10,Replay,9,12,non_holder,non_holder,0.9729197025299072
33,10,Replay,9,13,non_holder,non_holder,0.982520580291748
33,10,Replay,9,14,non_holder,non_holder,0.974409818649292
33,10,Replay,10,11,holder,non_holder,-0.9397920966148376
33,10,Replay,10,12,holder,non_holder,-0.941516101360321
33,10,Replay,10,13,holder,non_holder,-0.9695045351982117
33,10,Replay,10,14,holder,non_holder,-0.9430105686187744
33,10,Replay,11,12,non_holder,non_holder,0.9797214269638062
33,10,Replay,11,13,non_holder,non_holder,0.9846445322036743
33,10,Replay,11,14,non_holder,non_holder,0.9841033816337585
33,10,Replay,12,13,non_holder,non_holder,0.9888990521430969
33,10,Replay,12,14,non_holder,non_holder,0.9865362644195557
33,10,Replay,13,14,non_holder,non_holder,0.9855311512947083
33,20,Manipulation,0,1,non_holder,non_holder,0.8317774534225464
33,20,Manipulation,0,2,non_holder,holder,-0.7705185413360596
33,20,Manipulation,0,3,non_holder,non_holder,0.8855112791061401
33,20,Manipulation,0,4,non_holder,non_holder,0.8728461861610413
33,20,Manipulation,0,5,non_holder,non_holder,0.9104101061820984
33,20,Manipulation,0,6,non_holder,non_holder,0.846806526184082
33,20,Manipulation,0,7,non_holder,non_holder,0.8764830827713013
33,20,Manipulation,0,8,non_holder,non_holder,0.8230096101760864
33,20,Manipulation,0,9,non_holder,non_holder,0.878009021282196
33,20,Manipulation,0,10,non_holder,non_holder,0.8792513012886047
33,20,Manipulation,0,11,non_holder,non_holder,0.8926963210105896
33,20,Manipulation,0,12,non_holder,non_holder,0.8909912109375
33,20,Manipulation,0,13,non_holder,holder,-0.8321651816368103
33,20,Manipulation,0,14,non_holder,non_holder,0.8676272630691528
33,20,Manipulation,1,2,non_holder,holder,-0.934588611125946
33,20,Manipulation,1,3,non_holder,non_holder,0.945193886756897
33,20,Manipulation,1,4,non_holder,non_holder,0.9740149974822998
33,20,Manipulation,1,5,non_holder,non_holder,0.9242953658103943
33,20,Manipulation,1,6,non_holder,non_holder,0.9221535325050354
33,20,Manipulation,1,7,non_holder,non_holder,0.9478608965873718
33,20,Manipulation,1,8,non_holder,non_holder,0.8978269100189209
33,20,Manipulation,1,9,non_holder,non_holder,0.9051178097724915
33,20,Manipulation,1,10,non_holder,non_holder,0.9745736122131348
33,20,Manipulation,1,11,non_holder,non_holder,0.926201343536377
33,20,Manipulation,1,12,non_holder,non_holder,0.9504885077476501
33,20,Manipulation,1,13,non_holder,holder,-0.9564931988716125
33,20,Manipulation,1,14,non_holder,non_holder,0.9502052664756775
33,20,Manipulation,2,3,holder,non_holder,-0.8830600380897522
33,20,Manipulation,2,4,holder,non_holder,-0.9119454026222229
33,20,Manipulation,2,5,holder,non_holder,-0.8890208601951599
33,20,Manipulation,2,6,holder,non_holder,-0.9119969606399536
33,20,Manipulation,2,7,holder,non_holder,-0.930298924446106
33,20,Manipulation,2,8,holder,non_holder,-0.7902126312255859
33,20,Manipulation,2,9,holder,non_holder,-0.8145121335983276
33,20,Manipulation,2,10,holder,non_holder,-0.935488224029541
33,20,Manipulation,2,11,holder,non_holder,-0.8395581841468811
33,20,Manipulation,2,12,holder,non_holder,-0.922731876373291
33,20,Manipulation,2,13,holder,holder,0.9705484509468079
33,20,Manipulation,2,14,holder,non_holder,-0.9180040955543518
33,20,Manipulation,3,4,non_holder,non_holder,0.9606267213821411
33,20,Manipulation,3,5,non_holder,non_holder,0.9310811758041382
33,20,Manipulation,3,6,non_holder,non_holder,0.9003583192825317
33,20,Manipulation,3,7,non_holder,non_holder,0.9393112063407898
33,20,Manipulation,3,8,non_holder,non_holder,0.8757559061050415
33,20,Manipulation,3,9,non_holder,non_holder,0.8891472220420837
33,20,Manipulation,3,10,non_holder,non_holder,0.9553677439689636
33,20,Manipulation,3,11,non_holder,non_holder,0.9083226323127747
33,20,Manipulation,3,12,non_holder,non_holder,0.9472261071205139
33,20,Manipulation,3,13,non_holder,holder,-0.926217257976532
33,20,Manipulation,3,14,non_holder,non_holder,0.9328770041465759
33,20,Manipulation,4,5,non_holder,non_holder,0.9367510676383972
33,20,Manipulation,4,6,non_holder,non_holder,0.9196949005126953
33,20,Manipulation,4,7,non_holder,non_holder,0.9511738419532776
33,20,Manipulation,4,8,non_holder,non_holder,0.8856712579727173
33,20,Manipulation,4,9,non_holder,non_holder,0.9043168425559998
33,20,Manipulation,4,10,non_holder,non_holder,0.9717056155204773
33,20,Manipulation,4,11,non_holder,non_holder,0.9207747578620911
33,20,Manipulation,4,12,non_holder,non_holder,0.9596461057662964
33,20,Manipulation,4,13,non_holder,holder,-0.9541560411453247
33,20,Manipulation,4,14,non_holder,non_holder,0.9442307353019714
33,20,Manipulation,5,6,non_holder,non_holder,0.9476760029792786
33,20,Manipulation,5,7,non_holder,non_holder,0.9702788591384888
33,20,Manipulation,5,8,non_holder,non_holder,0.8635615110397339
33,20,Manipulation,5,9,non_holder,non_holder,0.8997563123703003
33,20,Manipulation,5,10,non_holder,non_holder,0.9588733911514282
33,20,Manipulation,5,11,non_holder,non_holder,0.9211270809173584
33,20,Manipulation,5,12,non_holder,non_holder,0.9757151007652283
33,20,Manipulation,5,13,non_holder,holder,-0.9239379167556763
33,20,Manipulation,5,14,non_holder,non_holder,0.9607313275337219
33,20,Manipulation,6,7,non_holder,non_holder,0.9555093050003052
33,20,Manipulation,6,8,non_holder,non_holder,0.7939226031303406
33,20,Manipulation,6,9,non_holder,non_holder,0.8311758637428284
33,20,Manipulation,6,10,non_holder,non_holder,0.9442864656448364
33,20,Manipulation,6,11,non_holder,non_holder,0.8624658584594727
33,20,Manipulation,6,12,non_holder,non_holder,0.9537627100944519
33,20,Manipulation,6,13,non_holder,holder,-0.9397317171096802
33,20,Manipulation,6,14,non_holder,non_holder,0.9448230862617493
33,20,Manipulation,7,8,non_holder,non_holder,0.8445512652397156
33,20,Manipulation,7,9,non_holder,non_holder,0.8906234502792358
33,20,Manipulation,7,10,non_holder,non_holder,0.9780961871147156
33,20,Manipulation,7,11,non_holder,non_holder,0.911158561706543
33,20,Manipulation,7,12,non_holder,non_holder,0.9953517913818359
33,20,Manipulation,7,13,non_holder,holder,-0.9468299746513367
33,20,Manipulation,7,14,non_holder,non_holder,0.9904405474662781
33,20,Manipulation,8,9,non_holder,non_holder,0.9666901230812073
33,20,Manipulation,8,10,non_holder,non_holder,0.8709877729415894
33,20,Manipulation,8,11,non_holder,non_holder,0.9542513489723206
33,20,Manipulation,8,12,non_holder,non_holder,0.8546469211578369
33,20,Manipulation,8,13,non_holder,holder,-0.8479465246200562
33,20,Manipulation,8,14,non_holder,non_holder,0.8533353805541992
33,20,Manipulation,9,10,non_holder,non_holder,0.8947484493255615
33,20,Manipulation,9,11,non_holder,non_holder,0.9798703193664551
33,20,Manipulation,9,12,non_holder,non_holder,0.8988384008407593
33,20,Manipulation,9,13,non_holder,holder,-0.8667427897453308
33,20,Manipulation,9,14,non_holder,non_holder,0.8980708122253418
33,20,Manipulation,10,11,non_holder,non_holder,0.9178196787834167
33,20,Manipulation,10,12,non_holder,non_holder,0.979763925075531
33,20,Manipulation,10,13,non_holder,holder,-0.9576276540756226
33,20,Manipulation,10,14,non_holder,non_holder,0.9770848155021667
33,20,Manipulation,11,12,non_holder,non_holder,0.9221630096435547
33,20,Manipulation,11,13,non_holder,holder,-0.8925129771232605
33,20,Manipulation,11,14,non_holder,non_holder,0.9132319688796997
33,20,Manipulation,12,13,non_holder,holder,-0.9478166699409485
33,20,Manipulation,12,14,non_holder,non_holder,0.9869856238365173
33,20,Manipulation,13,14,holder,non_holder,-0.9320458769798279
33,20,Replay,0,1,non_holder,holder,-0.7839263677597046
33,20,Replay,0,2,non_holder,non_holder,0.8903898000717163
33,20,Replay,0,3,non_holder,non_holder,0.9375218749046326
33,20,Replay,0,4,non_holder,holder,-0.6402589678764343
33,20,Replay,0,5,non_holder,non_holder,0.8765621185302734
33,20,Replay,0,6,non_holder,non_holder,0.7516632676124573
33,20,Replay,0,7,non_holder,non_holder,0.8782510757446289
33,20,Replay,0,8,non_holder,non_holder,0.8898067474365234
33,20,Replay,0,9,non_holder,non_holder,0.9104313254356384
33,20,Replay,0,10,non_holder,holder,-0.8022748827934265
33,20,Replay,0,11,non_holder,non_holder,0.8974165320396423
33,20,Replay,0,12,non_holder,non_holder,0.8853841423988342
33,20,Replay,0,13,non_holder,non_holder,0.8887854814529419
33,20,Replay,0,14,non_holder,non_holder,0.8771165013313293
33,20,Replay,1,2,holder,non_holder,-0.904030442237854
33,20,Replay,1,3,holder,non_holder,-0.8223552107810974
33,20,Replay,1,4,holder,holder,0.8642452359199524
33,20,Replay,1,5,holder,non_holder,-0.8363239765167236
33,20,Replay,1,6,holder,non_holder,-0.7952333688735962
33,20,Replay,1,7,holder,non_holder,-0.8859424591064453
33,20,Replay,1,8,holder,non_holder,-0.8303776979446411
33,20,Replay,1,9,holder,non_holder,-0.8536423444747925
33,20,Replay,1,10,holder,holder,0.9420010447502136
33,20,Replay,1,11,holder,non_holder,-0.8635122179985046
33,20,Replay,1,12,holder,non_holder,-0.8889035582542419
33,20,Replay,1,13,holder,non_holder,-0.9202132225036621
33,20,Replay,1,14,holder,non_holder,-0.8821681141853333
33,20,Replay,2,3,non_holder,non_holder,0.9459686875343323
33,20,Replay,2,4,non_holder,holder,-0.7691039443016052
33,20,Replay,2,5,non_holder,non_holder,0.9700515270233154
33,20,Replay,2,6,non_holder,non_holder,0.9078899025917053
33,20,Replay,2,7,non_holder,non_holder,0.9916042685508728
33,20,Replay,2,8,non_holder,non_holder,0.9186848998069763
33,20,Replay,2,9,non_holder,non_holder,0.9470640420913696
33,20,Replay,2,10,non_holder,holder,-0.8927125930786133
33,20,Replay,2,11,non_holder,non_holder,0.9481695890426636
33,20,Replay,2,12,non_holder,non_holder,0.9949334859848022
33,20,Replay,2,13,non_holder,non_holder,0.988126814365387
33,20,Replay,2,14,non_holder,non_holder,0.9758318066596985
33,20,Replay,3,4,non_holder,holder,-0.6752130389213562
33,20,Replay,3,5,non_holder,non_holder,0.9293705821037292
33,20,Replay,3,6,non_holder,non_holder,0.8180583715438843
33,20,Replay,3,7,non_holder,non_holder,0.9382022619247437
33,20,Replay,3,8,non_holder,non_holder,0.9280424118041992
33,20,Replay,3,9,non_holder,non_holder,0.9446665644645691
33,20,Replay,3,10,non_holder,holder,-0.8216997981071472
33,20,Replay,3,11,non_holder,non_holder,0.9438584446907043
33,20,Replay,3,12,non_holder,non_holder,0.9415115118026733
33,20,Replay,3,13,non_holder,non_holder,0.9303248524665833
33,20,Replay,3,14,non_holder,non_holder,0.9411493539810181
33,20,Replay,4,5,holder,non_holder,-0.6961566209793091
33,20,Replay,4,6,holder,non_holder,-0.6538885831832886
33,20,Replay,4,7,holder,non_holder,-0.7489693760871887
33,20,Replay,4,8,holder,non_holder,-0.7026624083518982
33,20,Replay,4,9,holder,non_holder,-0.7342836856842041
33,20,Replay,4,10,holder,holder,0.9206231236457825
33,20,Replay,4,11,holder,non_holder,-0.7495713233947754
33,20,Replay,4,12,holder,non_holder,-0.7658169865608215
33,20,Replay,4,13,holder,non_holder,-0.8019327521324158
33,20,Replay,4,14,holder,non_holder,-0.7341989278793335
33,20,Replay,5,6,non_holder,non_holder,0.9242428541183472
33,20,Replay,5,7,non_holder,non_holder,0.978215217590332
33,20,Replay,5,8,non_holder,non_holder,0.906731367111206
33,20,Replay,5,9,non_holder,non_holder,0.9354848861694336
33,20,Replay,5,10,non_holder,holder,-0.8334401845932007
33,20,Replay,5,11,non_holder,non_holder,0.9255085587501526
33,20,Replay,5,12,non_holder,non_holder,0.9769477844238281
33,20,Replay,5,13,non_holder,non_holder,0.9553266167640686
33,20,Replay,5,14,non_holder,non_holder,0.9651707410812378
33,20,Replay,6,7,non_holder,non_holder,0.9137023687362671
33,20,Replay,6,8,non_holder,non_holder,0.8238136768341064
33,20,Replay,6,9,non_holder,non_holder,0.8347839713096619
33,20,Replay,6,10,non_holder,holder,-0.7863326668739319
33,20,Replay,6,11,non_holder,non_holder,0.8303029537200928
33,20,Replay,6,12,non_holder,non_holder,0.9019711017608643
33,20,Replay,6,13,non_holder,non_holder,0.8949207067489624
33,20,Replay,6,14,non_holder,non_holder,0.8880178928375244
33,20,Replay,7,8,non_holder,non_holder,0.9040766358375549
33,20,Replay,7,9,non_holder,non_holder,0.9364538192749023
33,20,Replay,7,10,non_holder,holder,-0.8775061368942261
33,20,Replay,7,11,non_holder,non_holder,0.9312174320220947
33,20,Replay,7,12,non_holder,non_holder,0.991479218006134
33,20,Replay,7,13,non_holder,non_holder,0.9770479202270508
33,20,Replay,7,14,non_holder,non_holder,0.9744696617126465
33,20,Replay,8,9,non_holder,non_holder,0.9724627733230591
33,20,Replay,8,10,non_holder,holder,-0.8239192366600037
33,20,Replay,8,11,non_holder,non_holder,0.9688935875892639
33,20,Replay,8,12,non_holder,non_holder,0.9098027944564819
33,20,Replay,8,13,non_holder,non_holder,0.9271427989006042
33,20,Replay,8,14,non_holder,non_holder,0.9128992557525635
33,20,Replay,9,10,non_holder,holder,-0.854606032371521
33,20,Replay,9,11,non_holder,non_holder,0.9866364598274231
33,20,Replay,9,12,non_holder,non_holder,0.9473809003829956
33,20,Replay,9,13,non_holder,non_holder,0.9481379389762878
33,20,Replay,9,14,non_holder,non_holder,0.9518281817436218
33,20,Replay,10,11,holder,non_holder,-0.8619441986083984
33,20,Replay,10,12,holder,non_holder,-0.8855020403862
33,20,Replay,10,13,holder,non_holder,-0.9148860573768616
33,20,Replay,10,14,holder,non_holder,-0.8677418231964111
33,20,Replay,11,12,non_holder,non_holder,0.9452562928199768
33,20,Replay,11,13,non_holder,non_holder,0.9497313499450684
33,20,Replay,11,14,non_holder,non_holder,0.9476277828216553
33,20,Replay,12,13,non_holder,non_holder,0.9798650741577148
33,20,Replay,12,14,non_holder,non_holder,0.9803065657615662
33,20,Replay,13,14,non_holder,non_holder,0.9599367380142212
33,30,Manipulation,0,1,non_holder,non_holder,0.7980867624282837
33,30,Manipulation,0,2,non_holder,holder,-0.6868774890899658
33,30,Manipulation,0,3,non_holder,non_holder,0.8135676383972168
33,30,Manipulation,0,4,non_holder,non_holder,0.8067943453788757
33,30,Manipulation,0,5,non_holder,non_holder,0.8330950140953064
33,30,Manipulation,0,6,non_holder,non_holder,0.8233305215835571
33,30,Manipulation,0,7,non_holder,non_holder,0.7927718758583069
33,30,Manipulation,0,8,non_holder,non_holder,0.7546014189720154
33,30,Manipulation,0,9,non_holder,non_holder,0.8137124180793762
33,30,Manipulation,0,10,non_holder,non_holder,0.8227041363716125
33,30,Manipulation,0,11,non_holder,non_holder,0.8070074915885925
33,30,Manipulation,0,12,non_holder,non_holder,0.8241235613822937
33,30,Manipulation,0,13,non_holder,holder,-0.8252151608467102
33,30,Manipulation,0,14,non_holder,non_holder,0.7956735491752625
33,30,Manipulation,1,2,non_holder,holder,-0.9062619209289551
33,30,Manipulation,1,3,non_holder,non_holder,0.9512448906898499
33,30,Manipulation,1,4,non_holder,non_holder,0.9621755480766296
33,30,Manipulation,1,5,non_holder,non_holder,0.8949185609817505
33,30,Manipulation,1,6,non_holder,non_holder,0.8616337776184082
33,30,Manipulation,1,7,non_holder,non_holder,0.8897007703781128
33,30,Manipulation,1,8,non_holder,non_holder,0.8492646217346191
33,30,Manipulation,1,9,non_holder,non_holder,0.8807957768440247
33,30,Manipulation,1,10,non_holder,non_holder,0.9501857757568359
33,30,Manipulation,1,11,non_holder,non_holder,0.889622688293457
33,30,Manipulation,1,12,non_holder,non_holder,0.8909479975700378
33,30,Manipulation,1,13,non_holder,holder,-0.9436538219451904
33,30,Manipulation,1,14,non_holder,non_holder,0.9091296195983887
33,30,Manipulation,2,3,holder,non_holder,-0.8667709827423096
33,30,Manipulation,2,4,holder,non_holder,-0.9053667783737183
33,30,Manipulation,2,5,holder,non_holder,-0.8603633642196655
33,30,Manipulation,2,6,holder,non_holder,-0.8418881297111511
33,30,Manipulation,2,7,holder,non_holder,-0.8717187643051147
33,30,Manipulation,2,8,holder,non_holder,-0.7253621816635132
33,30,Manipulation,2,9,holder,non_holder,-0.7563014030456543
33,30,Manipulation,2,10,holder,non_holder,-0.9103785157203674
33,30,Manipulation,2,11,holder,non_holder,-0.7527037262916565
33,30,Manipulation,2,12,holder,non_holder,-0.8677759170532227
33,30,Manipulation,2,13,holder,holder,0.9068970680236816
33,30,Manipulation,2,14,holder,non_holder,-0.8873608112335205
33,30,Manipulation,3,4,non_holder,non_holder,0.9285503625869751
33,30,Manipulation,3,5,non_holder,non_holder,0.8762174844741821
33,30,Manipulation,3,6,non_holder,non_holder,0.8519474267959595
33,30,Manipulation,3,7,non_holder,non_holder,0.8838831186294556
33,30,Manipulation,3,8,non_holder,non_holder,0.8064285516738892
33,30,Manipulation,3,9,non_holder,non_holder,0.840809166431427
33,30,Manipulation,3,10,non_holder,non_holder,0.9308778047561646
33,30,Manipulation,3,11,non_holder,non_holder,0.8470542430877686
33,30,Manipulation,3,12,non_holder,non_holder,0.8844648003578186
33,30,Manipulation,3,13,non_holder,holder,-0.9234347939491272
33,30,Manipulation,3,14,non_holder,non_holder,0.8947140574455261
33,30,Manipulation,4,5,non_holder,non_holder,0.915045440196991
33,30,Manipulation,4,6,non_holder,non_holder,0.8829065561294556
33,30,Manipulation,4,7,non_holder,non_holder,0.9044588804244995
33,30,Manipulation,4,8,non_holder,non_holder,0.8175878524780273
33,30,Manipulation,4,9,non_holder,non_holder,0.8595488667488098
33,30,Manipulation,4,10,non_holder,non_holder,0.9523742198944092
33,30,Manipulation,4,11,non_holder,non_holder,0.8702925443649292
33,30,Manipulation,4,12,non_holder,non_holder,0.9113801717758179
33,30,Manipulation,4,13,non_holder,holder,-0.9448681473731995
33,30,Manipulation,4,14,non_holder,non_holder,0.9177064895629883
33,30,Manipulation,5,6,non_holder,non_holder,0.9320680499076843
33,30,Manipulation,5,7,non_holder,non_holder,0.9533728361129761
33,30,Manipulation,5,8,non_holder,non_holder,0.7509191632270813
33,30,Manipulation,5,9,non_holder,non_holder,0.8323898911476135
33,30,Manipulation,5,10,non_holder,non_holder,0.9447211027145386
33,30,Manipulation,5,11,non_holder,non_holder,0.8137015700340271
33,30,Manipulation,5,12,non_holder,non_holder,0.96037358045578
33,30,Manipulation,5,13,non_holder,holder,-0.8998129367828369
33,30,Manipulation,5,14,non_holder,non_holder,0.9520145058631897
33,30,Manipulation,6,7,non_holder,non_holder,0.9215329885482788
33,30,Manipulation,6,8,non_holder,non_holder,0.6608376502990723
33,30,Manipulation,6,9,non_holder,non_holder,0.757798433303833
33,30,Manipulation,6,10,non_holder,non_holder,0.9249851107597351
33,30,Manipulation,6,11,non_holder,non_holder,0.740962028503418
33,30,Manipulation,6,12,non_holder,non_holder,0.9285365343093872
33,30,Manipulation,6,13,non_holder,holder,-0.8969763517379761
33,30,Manipulation,6,14,non_holder,non_holder,0.9105793833732605
33,30,Manipulation,7,8,non_holder,non_holder,0.7191274762153625
33,30,Manipulation,7,9,non_holder,non_holder,0.7972591519355774
33,30,Manipulation,7,10,non_holder,non_holder,0.9571511149406433
33,30,Manipulation,7,11,non_holder,non_holder,0.785063624382019
33,30,Manipulation,7,12,non_holder,non_holder,0.9809762835502625
33,30,Manipulation,7,13,non_holder,holder,-0.8965717554092407
33,30,Manipulation,7,14,non_holder,non_holder,0.9862158298492432
33,30,Manipulation,8,9,non_holder,non_holder,0.9419428706169128
33,30,Manipulation,8,10,non_holder,non_holder,0.7770755887031555
33,30,Manipulation,8,11,non_holder,non_holder,0.9634015560150146
33,30,Manipulation,8,12,non_holder,non_holder,0.7101015448570251
33,30,Manipulation,8,13,non_holder,holder,-0.7638185620307922
33,30,Manipulation,8,14,non_holder,non_holder,0.7683374881744385
33,30,Manipulation,9,10,non_holder,non_holder,0.8245323896408081
33,30,Manipulation,9,11,non_holder,non_holder,0.9744818210601807
33,30,Manipulation,9,12,non_holder,non_holder,0.7913593053817749
33,30,Manipulation,9,13,non_holder,holder,-0.8168246150016785
33,30,Manipulation,9,14,non_holder,non_holder,0.8392905592918396
33,30,Manipulation,10,11,non_holder,non_holder,0.8283351063728333
33,30,Manipulation,10,12,non_holder,non_holder,0.9551497101783752
33,30,Manipulation,10,13,non_holder,holder,-0.9510984420776367
33,30,Manipulation,10,14,non_holder,non_holder,0.9600052237510681
33,30,Manipulation,11,12,non_holder,non_holder,0.7838085889816284
33,30,Manipulation,11,13,non_holder,holder,-0.8077751398086548
33,30,Manipulation,11,14,non_holder,non_holder,0.8292661905288696
33,30,Manipulation,12,13,non_holder,holder,-0.9078583121299744
33,30,Manipulation,12,14,non_holder,non_holder,0.9732963442802429
33,30,Manipulation,13,14,holder,non_holder,-0.9001628160476685
33,30,Replay,0,1,non_holder,holder,-0.6881530284881592
33,30,Replay,0,2,non_holder,non_holder,0.8534371256828308
33,30,Replay,0,3,non_holder,non_holder,0.8649762272834778
33,30,Replay,0,4,non_holder,holder,-0.4755423665046692
33,30,Replay,0,5,non_holder,non_holder,0.8302929401397705
33,30,Replay,0,6,non_holder,non_holder,0.8461007475852966
33,30,Replay,0,7,non_holder,non_holder,0.8357778191566467
33,30,Replay,0,8,non_holder,non_holder,0.7579613327980042
33,30,Replay,0,9,non_holder,non_holder,0.8621646165847778
33,30,Replay,0,10,non_holder,holder,-0.5311329364776611
33,30,Replay,0,11,non_holder,non_holder,0.8410906195640564
33,30,Replay,0,12,non_holder,non_holder,0.8508224487304688
33,30,Replay,0,13,non_holder,non_holder,0.8569948673248291
33,30,Replay,0,14,non_holder,non_holder,0.826710045337677
33,30,Replay,1,2,holder,non_holder,-0.9041802883148193
33,30,Replay,1,3,holder,non_holder,-0.8367334604263306
33,30,Replay,1,4,holder,holder,0.8557385206222534
33,30,Replay,1,5,holder,non_holder,-0.8196437954902649
33,30,Replay,1,6,holder,non_holder,-0.7797232866287231
33,30,Replay,1,7,holder,non_holder,-0.8649783730506897
33,30,Replay,1,8,holder,non_holder,-0.8054082989692688
33,30,Replay,1,9,holder,non_holder,-0.8537899851799011
33,30,Replay,1,10,holder,holder,0.9406784772872925
33,30,Replay,1,11,holder,non_holder,-0.8456133008003235
33,30,Replay,1,12,holder,non_holder,-0.8683802485466003
33,30,Replay,1,13,holder,non_holder,-0.9244083762168884
33,30,Replay,1,14,holder,non_holder,-0.8857486844062805
33,30,Replay,2,3,non_holder,non_holder,0.9480025768280029
33,30,Replay,2,4,non_holder,holder,-0.6851847767829895
33,30,Replay,2,5,non_holder,non_holder,0.9497451186180115
33,30,Replay,2,6,non_holder,non_holder,0.9122112989425659
33,30,Replay,2,7,non_holder,non_holder,0.9761658310890198
33,30,Replay,2,8,non_holder,non_holder,0.8173782825469971
33,30,Replay,2,9,non_holder,non_holder,0.9122858047485352
33,30,Replay,2,10,non_holder,holder,-0.8231686949729919
33,30,Replay,2,11,non_holder,non_holder,0.8987502455711365
33,30,Replay,2,12,non_holder,non_holder,0.9858229160308838
33,30,Replay,2,13,non_holder,non_holder,0.9796559810638428
33,30,Replay,2,14,non_holder,non_holder,0.9722423553466797
33,30,Replay,3,4,non_holder,holder,-0.6426746845245361
33,30,Replay,3,5,non_holder,non_holder,0.8938552141189575
33,30,Replay,3,6,non_holder,non_holder,0.838790774345398
33,30,Replay,3,7,non_holder,non_holder,0.926128089427948
33,30,Replay,3,8,non_holder,non_holder,0.8377991914749146
33,30,Replay,3,9,non_holder,non_holder,0.91424161195755
33,30,Replay,3,10,non_holder,holder,-0.7294899225234985
33,30,Replay,3,11,non_holder,non_holder,0.9002532958984375
33,30,Replay,3,12,non_holder,non_holder,0.9333198070526123
33,30,Replay,3,13,non_holder,non_holder,0.9333913922309875
33,30,Replay,3,14,non_holder,non_holder,0.9308470487594604
33,30,Replay,4,5,holder,non_holder,-0.5334175825119019
33,30,Replay,4,6,holder,non_holder,-0.5321394801139832
33,30,Replay,4,7,holder,non_holder,-0.6194996237754822
33,30,Replay,4,8,holder,non_holder,-0.6260790824890137
33,30,Replay,4,9,holder,non_holder,-0.674124538898468
33,30,Replay,4,10,holder,holder,0.8096356391906738
33,30,Replay,4,11,holder,non_holder,-0.6592390537261963
33,30,Replay,4,12,holder,non_holder,-0.6379408240318298
33,30,Replay,4,13,holder,non_holder,-0.7267398834228516
33,30,Replay,4,14,holder,non_holder,-0.6377232074737549
33,30,Replay,5,6,non_holder,non_holder,0.9014595150947571
33,30,Replay,5,7,non_holder,non_holder,0.9651808738708496
33,30,Replay,5,8,non_holder,non_holder,0.7836207151412964
33,30,Replay,5,9,non_holder,non_holder,0.8828710913658142
33,30,Replay,5,10,non_holder,holder,-0.7482370734214783
33,30,Replay,5,11,non_holder,non_holder,0.8714470267295837
33,30,Replay,5,12,non_holder,non_holder,0.9580377340316772
33,30,Replay,5,13,non_holder,non_holder,0.9281530380249023
33,30,Replay,5,14,non_holder,non_holder,0.955968976020813
33,30,Replay,6,7,non_holder,non_holder,0.9052011966705322
33,30,Replay,6,8,non_holder,non_holder,0.7417309880256653
33,30,Replay,6,9,non_holder,non_holder,0.8317780494689941
33,30,Replay,6,10,non_holder,holder,-0.7129492163658142
33,30,Replay,6,11,non_holder,non_holder,0.8176155090332031
33,30,Replay,6,12,non_holder,non_holder,0.9093425273895264
33,30,Replay,6,13,non_holder,non_holder,0.8978814482688904
33,30,Replay,6,14,non_holder,non_holder,0.8928722143173218
33,30,Replay,7,8,non_holder,non_holder,0.7915492653846741
33,30,Replay,7,9,non_holder,non_holder,0.8968139886856079
33,30,Replay,7,10,non_holder,holder,-0.7971116304397583
33,30,Replay,7,11,non_holder,non_holder,0.8840010762214661
33,30,Replay,7,12,non_holder,non_holder,0.9873171448707581
33,30,Replay,7,13,non_holder,non_holder,0.9473333954811096
33,30,Replay,7,14,non_holder,non_holder,0.9803875088691711
33,30,Replay,8,9,non_holder,non_holder,0.9196419715881348
33,30,Replay,8,10,non_holder,holder,-0.7396501302719116
33,30,Replay,8,11,non_holder,non_holder,0.9353165626525879
33,30,Replay,8,12,non_holder,non_holder,0.7815631628036499
33,30,Replay,8,13,non_holder,non_holder,0.8478156924247742
33,30,Replay,8,14,non_holder,non_holder,0.8396555185317993
33,30,Replay,9,10,non_holder,holder,-0.7566453218460083
33,30,Replay,9,11,non_holder,non_holder,0.9828176498413086
33,30,Replay,9,12,non_holder,non_holder,0.89328932762146
33,30,Replay,9,13,non_holder,non_holder,0.9308156967163086
33,30,Replay,9,14,non_holder,non_holder,0.9219465851783752
33,30,Replay,10,11,holder,non_holder,-0.7553016543388367
33,30,Replay,10,12,holder,non_holder,-0.7903856635093689
33,30,Replay,10,13,holder,non_holder,-0.8391053080558777
33,30,Replay,10,14,holder,non_holder,-0.8195542693138123
33,30,Replay,11,12,non_holder,non_holder,0.8787274956703186
33,30,Replay,11,13,non_holder,non_holder,0.9138386249542236
33,30,Replay,11,14,non_holder,non_holder,0.9201971292495728
33,30,Replay,12,13,non_holder,non_holder,0.9529793858528137
33,30,Replay,12,14,non_holder,non_holder,0.9745991230010986
33,30,Replay,13,14,non_holder,non_holder,0.9474354386329651
33,45,Manipulation,0,1,non_holder,non_holder,0.8620634078979492
33,45,Manipulation,0,2,non_holder,holder,-0.6996915340423584
33,45,Manipulation,0,3,non_holder,non_holder,0.8686690330505371
33,45,Manipulation,0,4,non_holder,non_holder,0.8539482951164246
33,45,Manipulation,0,5,non_holder,non_holder,0.8649889230728149
33,45,Manipulation,0,6,non_holder,non_holder,0.7941569089889526
33,45,Manipulation,0,7,non_holder,non_holder,0.7816570997238159
33,45,Manipulation,0,8,non_holder,non_holder,0.7437929511070251
33,45,Manipulation,0,9,non_holder,non_holder,0.8298038244247437
33,45,Manipulation,0,10,non_holder,non_holder,0.8441131114959717
33,45,Manipulation,0,11,non_holder,non_holder,0.8428184986114502
33,45,Manipulation,0,12,non_holder,non_holder,0.7696394324302673
33,45,Manipulation,0,13,non_holder,holder,-0.8655688762664795
33,45,Manipulation,0,14,non_holder,non_holder,0.7897599339485168
33,45,Manipulation,1,2,non_holder,holder,-0.8709670901298523
33,45,Manipulation,1,3,non_holder,non_holder,0.9455909132957458
33,45,Manipulation,1,4,non_holder,non_holder,0.9566315412521362
33,45,Manipulation,1,5,non_holder,non_holder,0.8790632486343384
33,45,Manipulation,1,6,non_holder,non_holder,0.8554179668426514
33,45,Manipulation,1,7,non_holder,non_holder,0.8335570096969604
33,45,Manipulation,1,8,non_holder,non_holder,0.8667049407958984
33,45,Manipulation,1,9,non_holder,non_holder,0.9068419933319092
33,45,Manipulation,1,10,non_holder,non_holder,0.9287148118019104
33,45,Manipulation,1,11,non_holder,non_holder,0.9163325428962708
33,45,Manipulation,1,12,non_holder,non_holder,0.8035730719566345
33,45,Manipulation,1,13,non_holder,holder,-0.9368290305137634
33,45,Manipulation,1,14,non_holder,non_holder,0.8869826793670654
33,45,Manipulation,2,3,holder,non_holder,-0.8439335227012634
33,45,Manipulation,2,4,holder,non_holder,-0.8263576626777649
33,45,Manipulation,2,5,holder,non_holder,-0.770588755607605
33,45,Manipulation,2,6,holder,non_holder,-0.7918384671211243
33,45,Manipulation,2,7,holder,non_holder,-0.7713449001312256
33,45,Manipulation,2,8,holder,non_holder,-0.7779409289360046
33,45,Manipulation,2,9,holder,non_holder,-0.7715298533439636
33,45,Manipulation,2,10,holder,non_holder,-0.8337124586105347
33,45,Manipulation,2,11,holder,non_holder,-0.7774379849433899
33,45,Manipulation,2,12,holder,non_holder,-0.7339474558830261
33,45,Manipulation,2,13,holder,holder,0.8536542057991028
33,45,Manipulation,2,14,holder,non_holder,-0.8266250491142273
33,45,Manipulation,3,4,non_holder,non_holder,0.9397042393684387
33,45,Manipulation,3,5,non_holder,non_holder,0.8848295211791992
33,45,Manipulation,3,6,non_holder,non_holder,0.8642578721046448
33,45,Manipulation,3,7,non_holder,non_holder,0.8419283032417297
33,45,Manipulation,3,8,non_holder,non_holder,0.8403908014297485
33,45,Manipulation,3,9,non_holder,non_holder,0.8570213317871094
33,45,Manipulation,3,10,non_holder,non_holder,0.9223197102546692
33,45,Manipulation,3,11,non_holder,non_holder,0.8783884048461914
33,45,Manipulation,3,12,non_holder,non_holder,0.8252807259559631
33,45,Manipulation,3,13,non_holder,holder,-0.932180643081665
33,45,Manipulation,3,14,non_holder,non_holder,0.8540933728218079
33,45,Manipulation,4,5,non_holder,non_holder,0.8993271589279175
33,45,Manipulation,4,6,non_holder,non_holder,0.8938739895820618
33,45,Manipulation,4,7,non_holder,non_holder,0.8551545739173889
33,45,Manipulation,4,8,non_holder,non_holder,0.8197399973869324
33,45,Manipulation,4,9,non_holder,non_holder,0.8490505218505859
33,45,Manipulation,4,10,non_holder,non_holder,0.9469502568244934
33,45,Manipulation,4,11,non_holder,non_holder,0.8489877581596375
33,45,Manipulation,4,12,non_holder,non_holder,0.8358396887779236
33,45,Manipulation,4,13,non_holder,holder,-0.9547474980354309
33,45,Manipulation,4,14,non_holder,non_holder,0.86677485704422
33,45,Manipulation,5,6,non_holder,non_holder,0.9452438950538635
33,45,Manipulation,5,7,non_holder,non_holder,0.9592103362083435
33,45,Manipulation,5,8,non_holder,non_holder,0.7370370030403137
33,45,Manipulation,5,9,non_holder,non_holder,0.7894683480262756
33,45,Manipulation,5,10,non_holder,non_holder,0.9462589621543884
33,45,Manipulation,5,11,non_holder,non_holder,0.8012747168540955
33,45,Manipulation,5,12,non_holder,non_holder,0.9508687853813171
33,45,Manipulation,5,13,non_holder,holder,-0.9114129543304443
33,45,Manipulation,5,14,non_holder,non_holder,0.9485024213790894
33,45,Manipulation,6,7,non_holder,non_holder,0.9561735391616821
33,45,Manipulation,6,8,non_holder,non_holder,0.7388190031051636
33,45,Manipulation,6,9,non_holder,non_holder,0.728800356388092
33,45,Manipulation,6,10,non_holder,non_holder,0.9465922713279724
33,45,Manipulation,6,11,non_holder,non_holder,0.7361165285110474
33,45,Manipulation,6,12,non_holder,non_holder,0.9532327651977539
33,45,Manipulation,6,13,non_holder,holder,-0.9095682501792908
33,45,Manipulation,6,14,non_holder,non_holder,0.9268870949745178
33,45,Manipulation,7,8,non_holder,non_holder,0.710023820400238
33,45,Manipulation,7,9,non_holder,non_holder,0.7163131237030029
33,45,Manipulation,7,10,non_holder,non_holder,0.9228689670562744
33,45,Manipulation,7,11,non_holder,non_holder,0.7235422730445862
33,45,Manipulation,7,12,non_holder,non_holder,0.9860022068023682
33,45,Manipulation,7,13,non_holder,holder,-0.8650631904602051
33,45,Manipulation,7,14,non_holder,non_holder,0.9627410173416138
33,45,Manipulation,8,9,non_holder,non_holder,0.8907345533370972
33,45,Manipulation,8,10,non_holder,non_holder,0.7676436305046082
33,45,Manipulation,8,11,non_holder,non_holder,0.9010635614395142
33,45,Manipulation,8,12,non_holder,non_holder,0.6870785355567932
33,45,Manipulation,8,13,non_holder,holder,-0.795443594455719
33,45,Manipulation,8,14,non_holder,non_holder,0.7656375765800476
33,45,Manipulation,9,10,non_holder,non_holder,0.7955362200737
33,45,Manipulation,9,11,non_holder,non_holder,0.9704806804656982
33,45,Manipulation,9,12,non_holder,non_holder,0.6799299120903015
33,45,Manipulation,9,13,non_holder,holder,-0.8335956931114197
33,45,Manipulation,9,14,non_holder,non_holder,0.7998860478401184
33,45,Manipulation,10,11,non_holder,non_holder,0.8074314594268799
33,45,Manipulation,10,12,non_holder,non_holder,0.8975411057472229
33,45,Manipulation,10,13,non_holder,holder,-0.9669989347457886
33,45,Manipulation,10,14,non_holder,non_holder,0.923313558101654
33,45,Manipulation,11,12,non_holder,non_holder,0.6921204924583435
33,45,Manipulation,11,13,non_holder,holder,-0.838401198387146
33,45,Manipulation,11,14,non_holder,non_holder,0.7936302423477173
33,45,Manipulation,12,13,non_holder,holder,-0.8339722156524658
33,45,Manipulation,12,14,non_holder,non_holder,0.9378780722618103
33,45,Manipulation,13,14,holder,non_holder,-0.8835716843605042
33,45,Replay,0,1,non_holder,holder,-0.6563295722007751
33,45,Replay,0,2,non_holder,non_holder,0.8405191898345947
33,45,Replay,0,3,non_holder,non_holder,0.8496593236923218
33,45,Replay,0,4,non_holder,holder,-0.437402606010437
33,45,Replay,0,5,non_holder,non_holder,0.8690664768218994
33,45,Replay,0,6,non_holder,non_holder,0.7609874606132507
33,45,Replay,0,7,non_holder,non_holder,0.797731876373291
33,45,Replay,0,8,non_holder,non_holder,0.7035006880760193
33,45,Replay,0,9,non_holder,non_holder,0.7783700227737427
33,45,Replay,0,10,non_holder,holder,-0.4784478545188904
33,45,Replay,0,11,non_holder,non_holder,0.7761049866676331
33,45,Replay,0,12,non_holder,non_holder,0.7993600964546204
33,45,Replay,0,13,non_holder,non_holder,0.8375164270401001
33,45,Replay,0,14,non_holder,non_holder,0.7942631840705872
33,45,Replay,1,2,holder,non_holder,-0.8690212965011597
33,45,Replay,1,3,holder,non_holder,-0.8648741841316223
33,45,Replay,1,4,holder,holder,0.83925461769104
33,45,Replay,1,5,holder,non_holder,-0.830290675163269
33,45,Replay,1,6,holder,non_holder,-0.7864599823951721
33,45,Replay,1,7,holder,non_holder,-0.8307605981826782
33,45,Replay,1,8,holder,non_holder,-0.8930015563964844
33,45,Replay,1,9,holder,non_holder,-0.8694068789482117
33,45,Replay,1,10,holder,holder,0.8770419359207153
33,45,Replay,1,11,holder,non_holder,-0.8733488917350769
33,45,Replay,1,12,holder,non_holder,-0.8187846541404724
33,45,Replay,1,13,holder,non_holder,-0.9200860261917114
33,45,Replay,1,14,holder,non_holder,-0.8579339981079102
33,45,Replay,2,3,non_holder,non_holder,0.9383352398872375
33,45,Replay,2,4,non_holder,holder,-0.647290825843811
33,45,Replay,2,5,non_holder,non_holder,0.9731501340866089
33,45,Replay,2,6,non_holder,non_holder,0.9363349676132202
33,45,Replay,2,7,non_holder,non_holder,0.9662471413612366
33,45,Replay,2,8,non_holder,non_holder,0.8170090913772583
33,45,Replay,2,9,non_holder,non_holder,0.8286221027374268
33,45,Replay,2,10,non_holder,holder,-0.6562744379043579
33,45,Replay,2,11,non_holder,non_holder,0.8328384160995483
33,45,Replay,2,12,non_holder,non_holder,0.9678937792778015
33,45,Replay,2,13,non_holder,non_holder,0.9593176245689392
33,45,Replay,2,14,non_holder,non_holder,0.9564828872680664
33,45,Replay,3,4,non_holder,holder,-0.7172839641571045
33,45,Replay,3,5,non_holder,non_holder,0.9225500226020813
33,45,Replay,3,6,non_holder,non_holder,0.8626769185066223
33,45,Replay,3,7,non_holder,non_holder,0.9056239128112793
33,45,Replay,3,8,non_holder,non_holder,0.8497276902198792
33,45,Replay,3,9,non_holder,non_holder,0.8494815826416016
33,45,Replay,3,10,non_holder,holder,-0.6858083605766296
33,45,Replay,3,11,non_holder,non_holder,0.861078679561615
33,45,Replay,3,12,non_holder,non_holder,0.9040417075157166
33,45,Replay,3,13,non_holder,non_holder,0.9566589593887329
33,45,Replay,3,14,non_holder,non_holder,0.8921271562576294
33,45,Replay,4,5,holder,non_holder,-0.5980584025382996
33,45,Replay,4,6,holder,non_holder,-0.5544503331184387
33,45,Replay,4,7,holder,non_holder,-0.6164330244064331
33,45,Replay,4,8,holder,non_holder,-0.7435343861579895
33,45,Replay,4,9,holder,non_holder,-0.6960381865501404
33,45,Replay,4,10,holder,holder,0.75787353515625
33,45,Replay,4,11,holder,non_holder,-0.7105357646942139
33,45,Replay,4,12,holder,non_holder,-0.6227603554725647
33,45,Replay,4,13,holder,non_holder,-0.7401991486549377
33,45,Replay,4,14,holder,non_holder,-0.6366651654243469
33,45,Replay,5,6,non_holder,non_holder,0.9183457493782043
33,45,Replay,5,7,non_holder,non_holder,0.9578928351402283
33,45,Replay,5,8,non_holder,non_holder,0.8022398948669434
33,45,Replay,5,9,non_holder,non_holder,0.8385436534881592
33,45,Replay,5,10,non_holder,holder,-0.6463965773582458
33,45,Replay,5,11,non_holder,non_holder,0.8384458422660828
33,45,Replay,5,12,non_holder,non_holder,0.9584516286849976
33,45,Replay,5,13,non_holder,non_holder,0.9395908117294312
33,45,Replay,5,14,non_holder,non_holder,0.9473715424537659
33,45,Replay,6,7,non_holder,non_holder,0.9327530264854431
33,45,Replay,6,8,non_holder,non_holder,0.6984435319900513
33,45,Replay,6,9,non_holder,non_holder,0.694818913936615
33,45,Replay,6,10,non_holder,holder,-0.5871128439903259
33,45,Replay,6,11,non_holder,non_holder,0.7043144702911377
33,45,Replay,6,12,non_holder,non_holder,0.9306626319885254
33,45,Replay,6,13,non_holder,non_holder,0.8935717344284058
33,45,Replay,6,14,non_holder,non_holder,0.9111686944961548
33,45,Replay,7,8,non_holder,non_holder,0.7553152441978455
33,45,Replay,7,9,non_holder,non_holder,0.7759280204772949
33,45,Replay,7,10,non_holder,holder,-0.6296578049659729
33,45,Replay,7,11,non_holder,non_holder,0.7721231579780579
33,45,Replay,7,12,non_holder,non_holder,0.9750579595565796
33,45,Replay,7,13,non_holder,non_holder,0.9189483523368835
33,45,Replay,7,14,non_holder,non_holder,0.9706537127494812
33,45,Replay,8,9,non_holder,non_holder,0.9470658302307129
33,45,Replay,8,10,non_holder,holder,-0.7698892951011658
33,45,Replay,8,11,non_holder,non_holder,0.9566047191619873
33,45,Replay,8,12,non_holder,non_holder,0.754414975643158
33,45,Replay,8,13,non_holder,non_holder,0.8742756843566895
33,45,Replay,8,14,non_holder,non_holder,0.7898874878883362
33,45,Replay,9,10,non_holder,holder,-0.7585218548774719
33,45,Replay,9,11,non_holder,non_holder,0.9791487455368042
33,45,Replay,9,12,non_holder,non_holder,0.7692344188690186
33,45,Replay,9,13,non_holder,non_holder,0.8805578351020813
33,45,Replay,9,14,non_holder,non_holder,0.8202610015869141
33,45,Replay,10,11,holder,non_holder,-0.7689764499664307
33,45,Replay,10,12,holder,non_holder,-0.6005779504776001
33,45,Replay,10,13,holder,non_holder,-0.7567592859268188
33,45,Replay,10,14,holder,non_holder,-0.6846185922622681
33,45,Replay,11,12,non_holder,non_holder,0.7761021852493286
33,45,Replay,11,13,non_holder,non_holder,0.887949526309967
33,45,Replay,11,14,non_holder,non_holder,0.8081799745559692
33,45,Replay,12,13,non_holder,non_holder,0.9090753793716431
33,45,Replay,12,14,non_holder,non_holder,0.9618451595306396
33,45,Replay,13,14,non_holder,non_holder,0.9101869463920593
44,1,Manipulation,0,1,non_holder,non_holder,0.8818168640136719
44,1,Manipulation,0,2,non_holder,holder,-0.4950466454029083
44,1,Manipulation,0,3,non_holder,non_holder,0.9076048135757446
44,1,Manipulation,0,4,non_holder,non_holder,0.9258180260658264
44,1,Manipulation,0,5,non_holder,non_holder,0.9165421724319458
44,1,Manipulation,0,6,non_holder,non_holder,0.8602211475372314
44,1,Manipulation,0,7,non_holder,non_holder,0.9082086086273193
44,1,Manipulation,0,8,non_holder,non_holder,0.8850862383842468
44,1,Manipulation,0,9,non_holder,non_holder,0.9181364178657532
44,1,Manipulation,0,10,non_holder,non_holder,0.901178240776062
44,1,Manipulation,0,11,non_holder,non_holder,0.8742380738258362
44,1,Manipulation,0,12,non_holder,non_holder,0.9058273434638977
44,1,Manipulation,0,13,non_holder,holder,-0.7153607606887817
44,1,Manipulation,0,14,non_holder,non_holder,0.892296552658081
44,1,Manipulation,1,2,non_holder,holder,-0.6012303829193115
44,1,Manipulation,1,3,non_holder,non_holder,0.9486387968063354
44,1,Manipulation,1,4,non_holder,non_holder,0.966019332408905
44,1,Manipulation,1,5,non_holder,non_holder,0.9724502563476562
44,1,Manipulation,1,6,non_holder,non_holder,0.9390724897384644
44,1,Manipulation,1,7,non_holder,non_holder,0.9727035164833069
44,1,Manipulation,1,8,non_holder,non_holder,0.9407586455345154
44,1,Manipulation,1,9,non_holder,non_holder,0.9805818796157837
44,1,Manipulation,1,10,non_holder,non_holder,0.9763646721839905
44,1,Manipulation,1,11,non_holder,non_holder,0.9752253293991089
44,1,Manipulation,1,12,non_holder,non_holder,0.9839097857475281
44,1,Manipulation,1,13,non_holder,holder,-0.8020981550216675
44,1,Manipulation,1,14,non_holder,non_holder,0.9658321738243103
44,1,Manipulation,2,3,holder,non_holder,-0.5410677790641785
44,1,Manipulation,2,4,holder,non_holder,-0.5699335932731628
44,1,Manipulation,2,5,holder,non_holder,-0.6098017692565918
44,1,Manipulation,2,6,holder,non_holder,-0.527508020401001
44,1,Manipulation,2,7,holder,non_holder,-0.6234302520751953
44,1,Manipulation,2,8,holder,non_holder,-0.5591301918029785
44,1,Manipulation,2,9,holder,non_holder,-0.5911774635314941
44,1,Manipulation,2,10,holder,non_holder,-0.5833147764205933
44,1,Manipulation,2,11,holder,non_holder,-0.5650317668914795
44,1,Manipulation,2,12,holder,non_holder,-0.6143631935119629
44,1,Manipulation,2,13,holder,holder,0.840595543384552
44,1,Manipulation,2,14,holder,non_holder,-0.5570986270904541
44,1,Manipulation,3,4,non_holder,non_holder,0.9438437223434448
44,1,Manipulation,3,5,non_holder,non_holder,0.9456562995910645
44,1,Manipulation,3,6,non_holder,non_holder,0.925396740436554
44,1,Manipulation,3,7,non_holder,non_holder,0.9520003199577332
44,1,Manipulation,3,8,non_holder,non_holder,0.9517715573310852
44,1,Manipulation,3,9,non_holder,non_holder,0.9688884615898132
44,1,Manipulation,3,10,non_holder,non_holder,0.9662826657295227
44,1,Manipulation,3,11,non_holder,non_holder,0.9505593180656433
44,1,Manipulation,3,12,non_holder,non_holder,0.956598162651062
44,1,Manipulation,3,13,non_holder,holder,-0.7625173330307007
44,1,Manipulation,3,14,non_holder,non_holder,0.9551147222518921
44,1,Manipulation,4,5,non_holder,non_holder,0.9715208411216736
44,1,Manipulation,4,6,non_holder,non_holder,0.9420168995857239
44,1,Manipulation,4,7,non_holder,non_holder,0.9776749610900879
44,1,Manipulation,4,8,non_holder,non_holder,0.927193820476532
44,1,Manipulation,4,9,non_holder,non_holder,0.9697387218475342
44,1,Manipulation,4,10,non_holder,non_holder,0.9669992923736572
44,1,Manipulation,4,11,non_holder,non_holder,0.9508164525032043
44,1,Manipulation,4,12,non_holder,non_holder,0.9682245850563049
44,1,Manipulation,4,13,non_holder,holder,-0.7997335195541382
44,1,Manipulation,4,14,non_holder,non_holder,0.9543631076812744
44,1,Manipulation,5,6,non_holder,non_holder,0.9460443258285522
44,1,Manipulation,5,7,non_holder,non_holder,0.9853588938713074
44,1,Manipulation,5,8,non_holder,non_holder,0.9288432598114014
44,1,Manipulation,5,9,non_holder,non_holder,0.9752299189567566
44,1,Manipulation,5,10,non_holder,non_holder,0.9643675088882446
44,1,Manipulation,5,11,non_holder,non_holder,0.9575107097625732
44,1,Manipulation,5,12,non_holder,non_holder,0.9860690832138062
44,1,Manipulation,5,13,non_holder,holder,-0.8227857947349548
44,1,Manipulation,5,14,non_holder,non_holder,0.9583016037940979
44,1,Manipulation,6,7,non_holder,non_holder,0.9490541219711304
44,1,Manipulation,6,8,non_holder,non_holder,0.9312723278999329
44,1,Manipulation,6,9,non_holder,non_holder,0.9536234736442566
44,1,Manipulation,6,10,non_holder,non_holder,0.9267743825912476
44,1,Manipulation,6,11,non_holder,non_holder,0.9369116425514221
44,1,Manipulation,6,12,non_holder,non_holder,0.9550527930259705
44,1,Manipulation,6,13,non_holder,holder,-0.7438777685165405
44,1,Manipulation,6,14,non_holder,non_holder,0.9517297744750977
44,1,Manipulation,7,8,non_holder,non_holder,0.9352529644966125
44,1,Manipulation,7,9,non_holder,non_holder,0.9803246855735779
44,1,Manipulation,7,10,non_holder,non_holder,0.972681999206543
44,1,Manipulation,7,11,non_holder,non_holder,0.9589804410934448
44,1,Manipulation,7,12,non_holder,non_holder,0.9877543449401855
44,1,Manipulation,7,13,non_holder,holder,-0.8392239212989807
44,1,Manipulation,7,14,non_holder,non_holder,0.9731717109680176
44,1,Manipulation,8,9,non_holder,non_holder,0.972911536693573
44,1,Manipulation,8,10,non_holder,non_holder,0.9353311657905579
44,1,Manipulation,8,11,non_holder,non_holder,0.9450242519378662
44,1,Manipulation,8,12,non_holder,non_holder,0.9475551843643188
44,1,Manipulation,8,13,non_holder,holder,-0.7700852751731873
44,1,Manipulation,8,14,non_holder,non_holder,0.9575861692428589
44,1,Manipulation,9,10,non_holder,non_holder,0.9720281958580017
44,1,Manipulation,9,11,non_holder,non_holder,0.9829149842262268
44,1,Manipulation,9,12,non_holder,non_holder,0.9884023070335388
44,1,Manipulation,9,13,non_holder,holder,-0.8154720664024353
44,1,Manipulation,9,14,non_holder,non_holder,0.9808636903762817
44,1,Manipulation,10,11,non_holder,non_holder,0.9538116455078125
44,1,Manipulation,10,12,non_holder,non_holder,0.9743666648864746
44,1,Manipulation,10,13,non_holder,holder,-0.7895466089248657
44,1,Manipulation,10,14,non_holder,non_holder,0.9559839963912964
44,1,Manipulation,11,12,non_holder,non_holder,0.9703091979026794
44,1,Manipulation,11,13,non_holder,holder,-0.7813625931739807
44,1,Manipulation,11,14,non_holder,non_holder,0.9640949964523315
44,1,Manipulation,12,13,non_holder,holder,-0.8263841271400452
44,1,Manipulation,12,14,non_holder,non_holder,0.9704804420471191
44,1,Manipulation,13,14,holder,non_holder,-0.7864537835121155
44,1,Replay,0,1,non_holder,holder,-0.6774027943611145
44,1,Replay,0,2,non_holder,non_holder,0.9044526815414429
44,1,Replay,0,3,non_holder,non_holder,0.9061568975448608
44,1,Replay,0,4,non_holder,holder,-0.1534707099199295
44,1,Replay,0,5,non_holder,non_holder,0.9141054153442383
44,1,Replay,0,6,non_holder,non_holder,0.855216920375824
44,1,Replay,0,7,non_holder,non_holder,0.9065218567848206
44,1,Replay,0,8,non_holder,non_holder,0.886152446269989
44,1,Replay,0,9,non_holder,non_holder,0.9190241694450378
44,1,Replay,0,10,non_holder,holder,-0.5205260515213013
44,1,Replay,0,11,non_holder,non_holder,0.8756659626960754
44,1,Replay,0,12,non_holder,non_holder,0.9059612154960632
44,1,Replay,0,13,non_holder,non_holder,0.8979133367538452
44,1,Replay,0,14,non_holder,non_holder,0.8925773501396179
44,1,Replay,1,2,holder,non_holder,-0.8093026280403137
44,1,Replay,1,3,holder,non_holder,-0.7243274450302124
44,1,Replay,1,4,holder,holder,0.5617189407348633
44,1,Replay,1,5,holder,non_holder,-0.8084832429885864
44,1,Replay,1,6,holder,non_holder,-0.7404463291168213
44,1,Replay,1,7,holder,non_holder,-0.8077034950256348
44,1,Replay,1,8,holder,non_holder,-0.7651045918464661
44,1,Replay,1,9,holder,non_holder,-0.7950148582458496
44,1,Replay,1,10,holder,holder,0.8498721718788147
44,1,Replay,1,11,holder,non_holder,-0.7813982367515564
44,1,Replay,1,12,holder,non_holder,-0.8176198601722717
44,1,Replay,1,13,holder,non_holder,-0.7745693325996399
44,1,Replay,1,14,holder,non_holder,-0.7741948962211609
44,1,Replay,2,3,non_holder,non_holder,0.9499346613883972
44,1,Replay,2,4,non_holder,holder,-0.26969465613365173
44,1,Replay,2,5,non_holder,non_holder,0.981225311756134
44,1,Replay,2,6,non_holder,non_holder,0.9455347061157227
44,1,Replay,2,7,non_holder,non_holder,0.984210729598999
44,1,Replay,2,8,non_holder,non_holder,0.9392374157905579
44,1,Replay,2,9,non_holder,non_holder,0.9819642305374146
44,1,Replay,2,10,non_holder,holder,-0.6554323434829712
44,1,Replay,2,11,non_holder,non_holder,0.9686867594718933
44,1,Replay,2,12,non_holder,non_holder,0.9939156174659729
44,1,Replay,2,13,non_holder,non_holder,0.9896156787872314
44,1,Replay,2,14,non_holder,non_holder,0.9647104144096375
44,1,Replay,3,4,non_holder,holder,-0.25941574573516846
44,1,Replay,3,5,non_holder,non_holder,0.9449090361595154
44,1,Replay,3,6,non_holder,non_holder,0.9264546632766724
44,1,Replay,3,7,non_holder,non_holder,0.9517156481742859
44,1,Replay,3,8,non_holder,non_holder,0.9511095285415649
44,1,Replay,3,9,non_holder,non_holder,0.9683310985565186
44,1,Replay,3,10,non_holder,holder,-0.6126464605331421
44,1,Replay,3,11,non_holder,non_holder,0.9488934874534607
44,1,Replay,3,12,non_holder,non_holder,0.9565650820732117
44,1,Replay,3,13,non_holder,non_holder,0.9495166540145874
44,1,Replay,3,14,non_holder,non_holder,0.9523916244506836
44,1,Replay,4,5,holder,non_holder,-0.2307848036289215
44,1,Replay,4,6,holder,non_holder,-0.16848941147327423
44,1,Replay,4,7,holder,non_holder,-0.2599612772464752
44,1,Replay,4,8,holder,non_holder,-0.263949453830719
44,1,Replay,4,9,holder,non_holder,-0.24527165293693542
44,1,Replay,4,10,holder,holder,0.7716777920722961
44,1,Replay,4,11,holder,non_holder,-0.22586044669151306
44,1,Replay,4,12,holder,non_holder,-0.2675006687641144
44,1,Replay,4,13,holder,non_holder,-0.21652300655841827
44,1,Replay,4,14,holder,non_holder,-0.23107674717903137
44,1,Replay,5,6,non_holder,non_holder,0.9465028643608093
44,1,Replay,5,7,non_holder,non_holder,0.9858506917953491
44,1,Replay,5,8,non_holder,non_holder,0.929026186466217
44,1,Replay,5,9,non_holder,non_holder,0.9760474562644958
44,1,Replay,5,10,non_holder,holder,-0.6396363377571106
44,1,Replay,5,11,non_holder,non_holder,0.9584830403327942
44,1,Replay,5,12,non_holder,non_holder,0.9870626330375671
44,1,Replay,5,13,non_holder,non_holder,0.9712430238723755
44,1,Replay,5,14,non_holder,non_holder,0.9585112929344177
44,1,Replay,6,7,non_holder,non_holder,0.950090229511261
44,1,Replay,6,8,non_holder,non_holder,0.9299407601356506
44,1,Replay,6,9,non_holder,non_holder,0.9538015723228455
44,1,Replay,6,10,non_holder,holder,-0.5697892904281616
44,1,Replay,6,11,non_holder,non_holder,0.9392059445381165
44,1,Replay,6,12,non_holder,non_holder,0.9567825198173523
44,1,Replay,6,13,non_holder,non_holder,0.9307882785797119
44,1,Replay,6,14,non_holder,non_holder,0.9494156241416931
44,1,Replay,7,8,non_holder,non_holder,0.9356870055198669
44,1,Replay,7,9,non_holder,non_holder,0.9808205962181091
44,1,Replay,7,10,non_holder,holder,-0.6640417575836182
44,1,Replay,7,11,non_holder,non_holder,0.960169792175293
44,1,Replay,7,12,non_holder,non_holder,0.9878560304641724
44,1,Replay,7,13,non_holder,non_holder,0.9724025726318359
44,1,Replay,7,14,non_holder,non_holder,0.9733818769454956
44,1,Replay,8,9,non_holder,non_holder,0.973201334476471
44,1,Replay,8,10,non_holder,holder,-0.6046615839004517
44,1,Replay,8,11,non_holder,non_holder,0.9467236399650574
44,1,Replay,8,12,non_holder,non_holder,0.9473309516906738
44,1,Replay,8,13,non_holder,non_holder,0.9293041825294495
44,1,Replay,8,14,non_holder,non_holder,0.957395613193512
44,1,Replay,9,10,non_holder,holder,-0.641688346862793
44,1,Replay,9,11,non_holder,non_holder,0.9826095700263977
44,1,Replay,9,12,non_holder,non_holder,0.9883105754852295
44,1,Replay,9,13,non_holder,non_holder,0.9747315645217896
44,1,Replay,9,14,non_holder,non_holder,0.9809026122093201
44,1,Replay,10,11,holder,non_holder,-0.6205429434776306
44,1,Replay,10,12,holder,non_holder,-0.6597598195075989
44,1,Replay,10,13,holder,non_holder,-0.6186436414718628
44,1,Replay,10,14,holder,non_holder,-0.6216516494750977
44,1,Replay,11,12,non_holder,non_holder,0.9708927273750305
44,1,Replay,11,13,non_holder,non_holder,0.9631614685058594
44,1,Replay,11,14,non_holder,non_holder,0.9633834958076477
44,1,Replay,12,13,non_holder,non_holder,0.9813207983970642
44,1,Replay,12,14,non_holder,non_holder,0.9709216952323914
44,1,Replay,13,14,non_holder,non_holder,0.9597638249397278
44,5,Manipulation,0,1,non_holder,non_holder,0.8541408181190491
44,5,Manipulation,0,2,non_holder,holder,-0.7840713858604431
44,5,Manipulation,0,3,non_holder,non_holder,0.8800589442253113
44,5,Manipulation,0,4,non_holder,non_holder,0.8758645057678223
44,5,Manipulation,0,5,non_holder,non_holder,0.9061639308929443
44,5,Manipulation,0,6,non_holder,non_holder,0.8839747309684753
44,5,Manipulation,0,7,non_holder,non_holder,0.8962377905845642
44,5,Manipulation,0,8,non_holder,non_holder,0.8831331133842468
44,5,Manipulation,0,9,non_holder,non_holder,0.8782552480697632
44,5,Manipulation,0,10,non_holder,non_holder,0.8510834574699402
44,5,Manipulation,0,11,non_holder,non_holder,0.8562390208244324
44,5,Manipulation,0,12,non_holder,non_holder,0.8888531923294067
44,5,Manipulation,0,13,non_holder,holder,-0.7659130096435547
44,5,Manipulation,0,14,non_holder,non_holder,0.8700374364852905
44,5,Manipulation,1,2,non_holder,holder,-0.9639870524406433
44,5,Manipulation,1,3,non_holder,non_holder,0.9787227511405945
44,5,Manipulation,1,4,non_holder,non_holder,0.9939236640930176
44,5,Manipulation,1,5,non_holder,non_holder,0.9781091809272766
44,5,Manipulation,1,6,non_holder,non_holder,0.943011999130249
44,5,Manipulation,1,7,non_holder,non_holder,0.988392174243927
44,5,Manipulation,1,8,non_holder,non_holder,0.988456666469574
44,5,Manipulation,1,9,non_holder,non_holder,0.986655592918396
44,5,Manipulation,1,10,non_holder,non_holder,0.9959104061126709
44,5,Manipulation,1,11,non_holder,non_holder,0.9899813532829285
44,5,Manipulation,1,12,non_holder,non_holder,0.9909614324569702
44,5,Manipulation,1,13,non_holder,holder,-0.9502005577087402
44,5,Manipulation,1,14,non_holder,non_holder,0.9849330186843872
44,5,Manipulation,2,3,holder,non_holder,-0.9275100827217102
44,5,Manipulation,2,4,holder,non_holder,-0.9470927119255066
44,5,Manipulation,2,5,holder,non_holder,-0.9341086745262146
44,5,Manipulation,2,6,holder,non_holder,-0.897936999797821
44,5,Manipulation,2,7,holder,non_holder,-0.9482308626174927
44,5,Manipulation,2,8,holder,non_holder,-0.9529852271080017
44,5,Manipulation,2,9,holder,non_holder,-0.9495425224304199
44,5,Manipulation,2,10,holder,non_holder,-0.9550866484642029
44,5,Manipulation,2,11,holder,non_holder,-0.9593427181243896
44,5,Manipulation,2,12,holder,non_holder,-0.9556182622909546
44,5,Manipulation,2,13,holder,holder,0.9897139072418213
44,5,Manipulation,2,14,holder,non_holder,-0.9436471462249756
44,5,Manipulation,3,4,non_holder,non_holder,0.9828398823738098
44,5,Manipulation,3,5,non_holder,non_holder,0.9801962375640869
44,5,Manipulation,3,6,non_holder,non_holder,0.950246274471283
44,5,Manipulation,3,7,non_holder,non_holder,0.9830693602561951
44,5,Manipulation,3,8,non_holder,non_holder,0.9847111105918884
44,5,Manipulation,3,9,non_holder,non_holder,0.980712890625
44,5,Manipulation,3,10,non_holder,non_holder,0.9831730723381042
44,5,Manipulation,3,11,non_holder,non_holder,0.9770420789718628
44,5,Manipulation,3,12,non_holder,non_holder,0.9853072166442871
44,5,Manipulation,3,13,non_holder,holder,-0.9168152809143066
44,5,Manipulation,3,14,non_holder,non_holder,0.9772036671638489
44,5,Manipulation,4,5,non_holder,non_holder,0.9824144840240479
44,5,Manipulation,4,6,non_holder,non_holder,0.9548060894012451
44,5,Manipulation,4,7,non_holder,non_holder,0.9880796670913696
44,5,Manipulation,4,8,non_holder,non_holder,0.9879153966903687
44,5,Manipulation,4,9,non_holder,non_holder,0.9854130744934082
44,5,Manipulation,4,10,non_holder,non_holder,0.9910793900489807
44,5,Manipulation,4,11,non_holder,non_holder,0.9848610162734985
44,5,Manipulation,4,12,non_holder,non_holder,0.9896786212921143
44,5,Manipulation,4,13,non_holder,holder,-0.9332802295684814
44,5,Manipulation,4,14,non_holder,non_holder,0.9818550944328308
44,5,Manipulation,5,6,non_holder,non_holder,0.9722223281860352
44,5,Manipulation,5,7,non_holder,non_holder,0.9941700100898743
44,5,Manipulation,5,8,non_holder,non_holder,0.9883967638015747
44,5,Manipulation,5,9,non_holder,non_holder,0.981709897518158
44,5,Manipulation,5,10,non_holder,non_holder,0.972653329372406
44,5,Manipulation,5,11,non_holder,non_holder,0.9765875935554504
44,5,Manipulation,5,12,non_holder,non_holder,0.9916852712631226
44,5,Manipulation,5,13,non_holder,holder,-0.9180025458335876
44,5,Manipulation,5,14,non_holder,non_holder,0.9795228242874146
44,5,Manipulation,6,7,non_holder,non_holder,0.9611772894859314
44,5,Manipulation,6,8,non_holder,non_holder,0.9629297256469727
44,5,Manipulation,6,9,non_holder,non_holder,0.9527803063392639
44,5,Manipulation,6,10,non_holder,non_holder,0.935092031955719
44,5,Manipulation,6,11,non_holder,non_holder,0.943261981010437
44,5,Manipulation,6,12,non_holder,non_holder,0.9638298153877258
44,5,Manipulation,6,13,non_holder,holder,-0.8841755390167236
44,5,Manipulation,6,14,non_holder,non_holder,0.9494311809539795
44,5,Manipulation,7,8,non_holder,non_holder,0.9942694902420044
44,5,Manipulation,7,9,non_holder,non_holder,0.99259352684021
44,5,Manipulation,7,10,non_holder,non_holder,0.9856639504432678
44,5,Manipulation,7,11,non_holder,non_holder,0.9890057444572449
44,5,Manipulation,7,12,non_holder,non_holder,0.9980804324150085
44,5,Manipulation,7,13,non_holder,holder,-0.9320073127746582
44,5,Manipulation,7,14,non_holder,non_holder,0.9926344156265259
44,5,Manipulation,8,9,non_holder,non_holder,0.9914361238479614
44,5,Manipulation,8,10,non_holder,non_holder,0.9860844016075134
44,5,Manipulation,8,11,non_holder,non_holder,0.9883335828781128
44,5,Manipulation,8,12,non_holder,non_holder,0.9950177073478699
44,5,Manipulation,8,13,non_holder,holder,-0.9372361302375793
44,5,Manipulation,8,14,non_holder,non_holder,0.9887040853500366
44,5,Manipulation,9,10,non_holder,non_holder,0.9886419177055359
44,5,Manipulation,9,11,non_holder,non_holder,0.9891985058784485
44,5,Manipulation,9,12,non_holder,non_holder,0.9957277774810791
44,5,Manipulation,9,13,non_holder,holder,-0.9370792508125305
44,5,Manipulation,9,14,non_holder,non_holder,0.9918225407600403
44,5,Manipulation,10,11,non_holder,non_holder,0.9888303279876709
44,5,Manipulation,10,12,non_holder,non_holder,0.9892534017562866
44,5,Manipulation,10,13,non_holder,holder,-0.9433320164680481
44,5,Manipulation,10,14,non_holder,non_holder,0.9855454564094543
44,5,Manipulation,11,12,non_holder,non_holder,0.9906001687049866
44,5,Manipulation,11,13,non_holder,holder,-0.9440591335296631
44,5,Manipulation,11,14,non_holder,non_holder,0.9876154065132141
44,5,Manipulation,12,13,non_holder,holder,-0.9413149952888489
44,5,Manipulation,12,14,non_holder,non_holder,0.9921702742576599
44,5,Manipulation,13,14,holder,non_holder,-0.9305415749549866
44,5,Replay,0,1,non_holder,holder,-0.8536393642425537
44,5,Replay,0,2,non_holder,non_holder,0.9177985191345215
44,5,Replay,0,3,non_holder,non_holder,0.9237237572669983
44,5,Replay,0,4,non_holder,holder,-0.7417680025100708
44,5,Replay,0,5,non_holder,non_holder,0.9337056875228882
44,5,Replay,0,6,non_holder,non_holder,0.8937154412269592
44,5,Replay,0,7,non_holder,non_holder,0.9235534071922302
44,5,Replay,0,8,non_holder,non_holder,0.9190125465393066
44,5,Replay,0,9,non_holder,non_holder,0.90865558385849
44,5,Replay,0,10,non_holder,holder,-0.795692503452301
44,5,Replay,0,11,non_holder,non_holder,0.8981063365936279
44,5,Replay,0,12,non_holder,non_holder,0.9208560585975647
44,5,Replay,0,13,non_holder,non_holder,0.9112117886543274
44,5,Replay,0,14,non_holder,non_holder,0.9000563621520996
44,5,Replay,1,2,holder,non_holder,-0.9778991341590881
44,5,Replay,1,3,holder,non_holder,-0.9559990763664246
44,5,Replay,1,4,holder,holder,0.9708987474441528
44,5,Replay,1,5,holder,non_holder,-0.9571138024330139
44,5,Replay,1,6,holder,non_holder,-0.8923653364181519
44,5,Replay,1,7,holder,non_holder,-0.9691442251205444
44,5,Replay,1,8,holder,non_holder,-0.9711172580718994
44,5,Replay,1,9,holder,non_holder,-0.9724841117858887
44,5,Replay,1,10,holder,holder,0.9864596724510193
44,5,Replay,1,11,holder,non_holder,-0.9765029549598694
44,5,Replay,1,12,holder,non_holder,-0.9748901724815369
44,5,Replay,1,13,holder,non_holder,-0.9765369892120361
44,5,Replay,1,14,holder,non_holder,-0.9664508700370789
44,5,Replay,2,3,non_holder,non_holder,0.9867075085639954
44,5,Replay,2,4,non_holder,holder,-0.9129339456558228
44,5,Replay,2,5,non_holder,non_holder,0.9907820224761963
44,5,Replay,2,6,non_holder,non_holder,0.9386001229286194
44,5,Replay,2,7,non_holder,non_holder,0.9969027042388916
44,5,Replay,2,8,non_holder,non_holder,0.9937971830368042
44,5,Replay,2,9,non_holder,non_holder,0.9945807456970215
44,5,Replay,2,10,non_holder,holder,-0.9488250613212585
44,5,Replay,2,11,non_holder,non_holder,0.9939091205596924
44,5,Replay,2,12,non_holder,non_holder,0.9988284111022949
44,5,Replay,2,13,non_holder,non_holder,0.9976447820663452
44,5,Replay,2,14,non_holder,non_holder,0.9895235896110535
44,5,Replay,3,4,non_holder,holder,-0.8792026042938232
44,5,Replay,3,5,non_holder,non_holder,0.9804367423057556
44,5,Replay,3,6,non_holder,non_holder,0.9208575487136841
44,5,Replay,3,7,non_holder,non_holder,0.9834105968475342
44,5,Replay,3,8,non_holder,non_holder,0.9856658577919006
44,5,Replay,3,9,non_holder,non_holder,0.9815735816955566
44,5,Replay,3,10,non_holder,holder,-0.9234995245933533
44,5,Replay,3,11,non_holder,non_holder,0.9798280596733093
44,5,Replay,3,12,non_holder,non_holder,0.9863314032554626
44,5,Replay,3,13,non_holder,non_holder,0.984982430934906
44,5,Replay,3,14,non_holder,non_holder,0.9785965085029602
44,5,Replay,4,5,holder,non_holder,-0.8773347735404968
44,5,Replay,4,6,holder,non_holder,-0.7934712171554565
44,5,Replay,4,7,holder,non_holder,-0.8976602554321289
44,5,Replay,4,8,holder,non_holder,-0.9031537175178528
44,5,Replay,4,9,holder,non_holder,-0.9095889329910278
44,5,Replay,4,10,holder,holder,0.9907664060592651
44,5,Replay,4,11,holder,non_holder,-0.9171773791313171
44,5,Replay,4,12,holder,non_holder,-0.9081336855888367
44,5,Replay,4,13,holder,non_holder,-0.912190318107605
44,5,Replay,4,14,holder,non_holder,-0.9000106453895569
44,5,Replay,5,6,non_holder,non_holder,0.9538196921348572
44,5,Replay,5,7,non_holder,non_holder,0.991866946220398
44,5,Replay,5,8,non_holder,non_holder,0.9896550178527832
44,5,Replay,5,9,non_holder,non_holder,0.9822108149528503
44,5,Replay,5,10,non_holder,holder,-0.9176408648490906
44,5,Replay,5,11,non_holder,non_holder,0.9811096787452698
44,5,Replay,5,12,non_holder,non_holder,0.9918949604034424
44,5,Replay,5,13,non_holder,non_holder,0.9859623908996582
44,5,Replay,5,14,non_holder,non_holder,0.976473867893219
44,5,Replay,6,7,non_holder,non_holder,0.936153769493103
44,5,Replay,6,8,non_holder,non_holder,0.9384010434150696
44,5,Replay,6,9,non_holder,non_holder,0.9256739616394043
44,5,Replay,6,10,non_holder,holder,-0.8355605006217957
44,5,Replay,6,11,non_holder,non_holder,0.9222299456596375
44,5,Replay,6,12,non_holder,non_holder,0.9395802021026611
44,5,Replay,6,13,non_holder,non_holder,0.9335038065910339
44,5,Replay,6,14,non_holder,non_holder,0.921257734298706
44,5,Replay,7,8,non_holder,non_holder,0.9929805994033813
44,5,Replay,7,9,non_holder,non_holder,0.9947841763496399
44,5,Replay,7,10,non_holder,holder,-0.9367961883544922
44,5,Replay,7,11,non_holder,non_holder,0.9918034076690674
44,5,Replay,7,12,non_holder,non_holder,0.9979900121688843
44,5,Replay,7,13,non_holder,non_holder,0.9924056529998779
44,5,Replay,7,14,non_holder,non_holder,0.9930546283721924
44,5,Replay,8,9,non_holder,non_holder,0.9906508922576904
44,5,Replay,8,10,non_holder,holder,-0.9416796565055847
44,5,Replay,8,11,non_holder,non_holder,0.9907601475715637
44,5,Replay,8,12,non_holder,non_holder,0.9947661757469177
44,5,Replay,8,13,non_holder,non_holder,0.9899536371231079
44,5,Replay,8,14,non_holder,non_holder,0.9858488440513611
44,5,Replay,9,10,non_holder,holder,-0.9436277747154236
44,5,Replay,9,11,non_holder,non_holder,0.9928091764450073
44,5,Replay,9,12,non_holder,non_holder,0.9963580369949341
44,5,Replay,9,13,non_holder,non_holder,0.9895473122596741
44,5,Replay,9,14,non_holder,non_holder,0.9930633902549744
44,5,Replay,10,11,holder,non_holder,-0.9542015790939331
44,5,Replay,10,12,holder,non_holder,-0.9447627067565918
44,5,Replay,10,13,holder,non_holder,-0.9489216208457947
44,5,Replay,10,14,holder,non_holder,-0.9375085830688477
44,5,Replay,11,12,non_holder,non_holder,0.9929187893867493
44,5,Replay,11,13,non_holder,non_holder,0.9924184679985046
44,5,Replay,11,14,non_holder,non_holder,0.9888021945953369
44,5,Replay,12,13,non_holder,non_holder,0.9944392442703247
44,5,Replay,12,14,non_holder,non_holder,0.9908839464187622
44,5,Replay,13,14,non_holder,non_holder,0.9867647290229797
44,10,Manipulation,0,1,non_holder,non_holder,0.7853372693061829
44,10,Manipulation,0,2,non_holder,holder,-0.7962182760238647
44,10,Manipulation,0,3,non_holder,non_holder,0.869455873966217
44,10,Manipulation,0,4,non_holder,non_holder,0.8037576675415039
44,10,Manipulation,0,5,non_holder,non_holder,0.8713987469673157
44,10,Manipulation,0,6,non_holder,non_holder,0.8692746162414551
44,10,Manipulation,0,7,non_holder,non_holder,0.8356428146362305
44,10,Manipulation,0,8,non_holder,non_holder,0.8134668469429016
44,10,Manipulation,0,9,non_holder,non_holder,0.8371622562408447
44,10,Manipulation,0,10,non_holder,non_holder,0.8049187064170837
44,10,Manipulation,0,11,non_holder,non_holder,0.8320161700248718
44,10,Manipulation,0,12,non_holder,non_holder,0.8373188376426697
44,10,Manipulation,0,13,non_holder,holder,-0.7773565649986267
44,10,Manipulation,0,14,non_holder,non_holder,0.8032879829406738
44,10,Manipulation,1,2,non_holder,holder,-0.9881686568260193
44,10,Manipulation,1,3,non_holder,non_holder,0.9635434150695801
44,10,Manipulation,1,4,non_holder,non_holder,0.9942582249641418
44,10,Manipulation,1,5,non_holder,non_holder,0.9526181221008301
44,10,Manipulation,1,6,non_holder,non_holder,0.9090124368667603
44,10,Manipulation,1,7,non_holder,non_holder,0.9672643542289734
44,10,Manipulation,1,8,non_holder,non_holder,0.969659686088562
44,10,Manipulation,1,9,non_holder,non_holder,0.9819434285163879
44,10,Manipulation,1,10,non_holder,non_holder,0.9938386678695679
44,10,Manipulation,1,11,non_holder,non_holder,0.9741047620773315
44,10,Manipulation,1,12,non_holder,non_holder,0.9836621284484863
44,10,Manipulation,1,13,non_holder,holder,-0.9878899455070496
44,10,Manipulation,1,14,non_holder,non_holder,0.985480010509491
44,10,Manipulation,2,3,holder,non_holder,-0.9702350497245789
44,10,Manipulation,2,4,holder,non_holder,-0.9788637161254883
44,10,Manipulation,2,5,holder,non_holder,-0.9566459059715271
44,10,Manipulation,2,6,holder,non_holder,-0.9187676906585693
44,10,Manipulation,2,7,holder,non_holder,-0.9707866311073303
44,10,Manipulation,2,8,holder,non_holder,-0.9630498886108398
44,10,Manipulation,2,9,holder,non_holder,-0.9782426953315735
44,10,Manipulation,2,10,holder,non_holder,-0.9917333722114563
44,10,Manipulation,2,11,holder,non_holder,-0.9629541635513306
44,10,Manipulation,2,12,holder,non_holder,-0.986009955406189
44,10,Manipulation,2,13,holder,holder,0.9929234385490417
44,10,Manipulation,2,14,holder,non_holder,-0.9827135801315308
44,10,Manipulation,3,4,non_holder,non_holder,0.9669420123100281
44,10,Manipulation,3,5,non_holder,non_holder,0.9555225372314453
44,10,Manipulation,3,6,non_holder,non_holder,0.9194839000701904
44,10,Manipulation,3,7,non_holder,non_holder,0.9598404765129089
44,10,Manipulation,3,8,non_holder,non_holder,0.9507709741592407
44,10,Manipulation,3,9,non_holder,non_holder,0.9684087634086609
44,10,Manipulation,3,10,non_holder,non_holder,0.9730777740478516
44,10,Manipulation,3,11,non_holder,non_holder,0.9547241926193237
44,10,Manipulation,3,12,non_holder,non_holder,0.9731670618057251
44,10,Manipulation,3,13,non_holder,holder,-0.9608906507492065
44,10,Manipulation,3,14,non_holder,non_holder,0.963952362537384
44,10,Manipulation,4,5,non_holder,non_holder,0.9502776265144348
44,10,Manipulation,4,6,non_holder,non_holder,0.9050472974777222
44,10,Manipulation,4,7,non_holder,non_holder,0.9664217829704285
44,10,Manipulation,4,8,non_holder,non_holder,0.965985119342804
44,10,Manipulation,4,9,non_holder,non_holder,0.9782543778419495
44,10,Manipulation,4,10,non_holder,non_holder,0.9889453053474426
44,10,Manipulation,4,11,non_holder,non_holder,0.9736949801445007
44,10,Manipulation,4,12,non_holder,non_holder,0.9811480045318604
44,10,Manipulation,4,13,non_holder,holder,-0.9789775013923645
44,10,Manipulation,4,14,non_holder,non_holder,0.9774529337882996
44,10,Manipulation,5,6,non_holder,non_holder,0.9673342704772949
44,10,Manipulation,5,7,non_holder,non_holder,0.9844232201576233
44,10,Manipulation,5,8,non_holder,non_holder,0.9519665837287903
44,10,Manipulation,5,9,non_holder,non_holder,0.9649584889411926
44,10,Manipulation,5,10,non_holder,non_holder,0.9639155864715576
44,10,Manipulation,5,11,non_holder,non_holder,0.9480655193328857
44,10,Manipulation,5,12,non_holder,non_holder,0.9822709560394287
44,10,Manipulation,5,13,non_holder,holder,-0.9461963176727295
44,10,Manipulation,5,14,non_holder,non_holder,0.9659613966941833
44,10,Manipulation,6,7,non_holder,non_holder,0.9465185403823853
44,10,Manipulation,6,8,non_holder,non_holder,0.9230955243110657
44,10,Manipulation,6,9,non_holder,non_holder,0.9406728148460388
44,10,Manipulation,6,10,non_holder,non_holder,0.9248660802841187
44,10,Manipulation,6,11,non_holder,non_holder,0.925597608089447
44,10,Manipulation,6,12,non_holder,non_holder,0.9512078166007996
44,10,Manipulation,6,13,non_holder,holder,-0.9006955027580261
44,10,Manipulation,6,14,non_holder,non_holder,0.9358934760093689
44,10,Manipulation,7,8,non_holder,non_holder,0.9540116786956787
44,10,Manipulation,7,9,non_holder,non_holder,0.9663010239601135
44,10,Manipulation,7,10,non_holder,non_holder,0.9810540080070496
44,10,Manipulation,7,11,non_holder,non_holder,0.9454601407051086
44,10,Manipulation,7,12,non_holder,non_holder,0.9927059412002563
44,10,Manipulation,7,13,non_holder,holder,-0.9604063034057617
44,10,Manipulation,7,14,non_holder,non_holder,0.9783545136451721
44,10,Manipulation,8,9,non_holder,non_holder,0.9912150502204895
44,10,Manipulation,8,10,non_holder,non_holder,0.9663875699043274
44,10,Manipulation,8,11,non_holder,non_holder,0.9838233590126038
44,10,Manipulation,8,12,non_holder,non_holder,0.9658911228179932
44,10,Manipulation,8,13,non_holder,holder,-0.9617461562156677
44,10,Manipulation,8,14,non_holder,non_holder,0.9660162925720215
44,10,Manipulation,9,10,non_holder,non_holder,0.9818202257156372
44,10,Manipulation,9,11,non_holder,non_holder,0.9916025996208191
44,10,Manipulation,9,12,non_holder,non_holder,0.9813880324363708
44,10,Manipulation,9,13,non_holder,holder,-0.9730498790740967
44,10,Manipulation,9,14,non_holder,non_holder,0.9803223013877869
44,10,Manipulation,10,11,non_holder,non_holder,0.9682321548461914
44,10,Manipulation,10,12,non_holder,non_holder,0.9925970435142517
44,10,Manipulation,10,13,non_holder,holder,-0.9829065799713135
44,10,Manipulation,10,14,non_holder,non_holder,0.9925314784049988
44,10,Manipulation,11,12,non_holder,non_holder,0.9633752107620239
44,10,Manipulation,11,13,non_holder,holder,-0.9569810628890991
44,10,Manipulation,11,14,non_holder,non_holder,0.9664666652679443
44,10,Manipulation,12,13,non_holder,holder,-0.9764499664306641
44,10,Manipulation,12,14,non_holder,non_holder,0.9878567457199097
44,10,Manipulation,13,14,holder,non_holder,-0.9735784530639648
44,10,Replay,0,1,non_holder,holder,-0.7597174048423767
44,10,Replay,0,2,non_holder,non_holder,0.8261618614196777
44,10,Replay,0,3,non_holder,non_holder,0.8799094557762146
44,10,Replay,0,4,non_holder,holder,-0.6042030453681946
44,10,Replay,0,5,non_holder,non_holder,0.8550552725791931
44,10,Replay,0,6,non_holder,non_holder,0.8510726690292358
44,10,Replay,0,7,non_holder,non_holder,0.8169869184494019
44,10,Replay,0,8,non_holder,non_holder,0.811512291431427
44,10,Replay,0,9,non_holder,non_holder,0.8332916498184204
44,10,Replay,0,10,non_holder,holder,-0.7290846705436707
44,10,Replay,0,11,non_holder,non_holder,0.8197173476219177
44,10,Replay,0,12,non_holder,non_holder,0.8344220519065857
44,10,Replay,0,13,non_holder,non_holder,0.8281012177467346
44,10,Replay,0,14,non_holder,non_holder,0.7775607705116272
44,10,Replay,1,2,holder,non_holder,-0.970741868019104
44,10,Replay,1,3,holder,non_holder,-0.9518337845802307
44,10,Replay,1,4,holder,holder,0.9543003439903259
44,10,Replay,1,5,holder,non_holder,-0.9310410022735596
44,10,Replay,1,6,holder,non_holder,-0.8657564520835876
44,10,Replay,1,7,holder,non_holder,-0.9527015089988708
44,10,Replay,1,8,holder,non_holder,-0.9663184285163879
44,10,Replay,1,9,holder,non_holder,-0.9713705778121948
44,10,Replay,1,10,holder,holder,0.9893914461135864
44,10,Replay,1,11,holder,non_holder,-0.9805780649185181
44,10,Replay,1,12,holder,non_holder,-0.9660118818283081
44,10,Replay,1,13,holder,non_holder,-0.9816195964813232
44,10,Replay,1,14,holder,non_holder,-0.9635992050170898
44,10,Replay,2,3,non_holder,non_holder,0.9796537756919861
44,10,Replay,2,4,non_holder,holder,-0.8825958967208862
44,10,Replay,2,5,non_holder,non_holder,0.9746173620223999
44,10,Replay,2,6,non_holder,non_holder,0.9191672801971436
44,10,Replay,2,7,non_holder,non_holder,0.9910023808479309
44,10,Replay,2,8,non_holder,non_holder,0.9787641763687134
44,10,Replay,2,9,non_holder,non_holder,0.9903315901756287
44,10,Replay,2,10,non_holder,holder,-0.951153576374054
44,10,Replay,2,11,non_holder,non_holder,0.9846606850624084
44,10,Replay,2,12,non_holder,non_holder,0.9966799020767212
44,10,Replay,2,13,non_holder,non_holder,0.993078351020813
44,10,Replay,2,14,non_holder,non_holder,0.9812204241752625
44,10,Replay,3,4,non_holder,holder,-0.8603956699371338
44,10,Replay,3,5,non_holder,non_holder,0.9554527997970581
44,10,Replay,3,6,non_holder,non_holder,0.9019310474395752
44,10,Replay,3,7,non_holder,non_holder,0.9679306149482727
44,10,Replay,3,8,non_holder,non_holder,0.9651805758476257
44,10,Replay,3,9,non_holder,non_holder,0.9756282567977905
44,10,Replay,3,10,non_holder,holder,-0.934944212436676
44,10,Replay,3,11,non_holder,non_holder,0.9720681309700012
44,10,Replay,3,12,non_holder,non_holder,0.976646900177002
44,10,Replay,3,13,non_holder,non_holder,0.9802117943763733
44,10,Replay,3,14,non_holder,non_holder,0.9562726020812988
44,10,Replay,4,5,holder,non_holder,-0.8172321319580078
44,10,Replay,4,6,holder,non_holder,-0.7375398874282837
44,10,Replay,4,7,holder,non_holder,-0.8624528050422668
44,10,Replay,4,8,holder,non_holder,-0.8845466375350952
44,10,Replay,4,9,holder,non_holder,-0.8842580914497375
44,10,Replay,4,10,holder,holder,0.9602723717689514
44,10,Replay,4,11,holder,non_holder,-0.9015390872955322
44,10,Replay,4,12,holder,non_holder,-0.8728291392326355
44,10,Replay,4,13,holder,non_holder,-0.8952484726905823
44,10,Replay,4,14,holder,non_holder,-0.8858082890510559
44,10,Replay,5,6,non_holder,non_holder,0.9683858156204224
44,10,Replay,5,7,non_holder,non_holder,0.978300929069519
44,10,Replay,5,8,non_holder,non_holder,0.9641613960266113
44,10,Replay,5,9,non_holder,non_holder,0.9731201529502869
44,10,Replay,5,10,non_holder,holder,-0.9034948348999023
44,10,Replay,5,11,non_holder,non_holder,0.9628461003303528
44,10,Replay,5,12,non_holder,non_holder,0.9843646287918091
44,10,Replay,5,13,non_holder,non_holder,0.9641455411911011
44,10,Replay,5,14,non_holder,non_holder,0.9558614492416382
44,10,Replay,6,7,non_holder,non_holder,0.922520637512207
44,10,Replay,6,8,non_holder,non_holder,0.9142811298370361
44,10,Replay,6,9,non_holder,non_holder,0.9234781265258789
44,10,Replay,6,10,non_holder,holder,-0.8236731886863708
44,10,Replay,6,11,non_holder,non_holder,0.9115240573883057
44,10,Replay,6,12,non_holder,non_holder,0.9376893043518066
44,10,Replay,6,13,non_holder,non_holder,0.9021285772323608
44,10,Replay,6,14,non_holder,non_holder,0.9165903925895691
44,10,Replay,7,8,non_holder,non_holder,0.9715073108673096
44,10,Replay,7,9,non_holder,non_holder,0.9803197383880615
44,10,Replay,7,10,non_holder,holder,-0.9323177933692932
44,10,Replay,7,11,non_holder,non_holder,0.9695723056793213
44,10,Replay,7,12,non_holder,non_holder,0.9922595620155334
44,10,Replay,7,13,non_holder,non_holder,0.9783627390861511
44,10,Replay,7,14,non_holder,non_holder,0.9723368287086487
44,10,Replay,8,9,non_holder,non_holder,0.9929589629173279
44,10,Replay,8,10,non_holder,holder,-0.9521335959434509
44,10,Replay,8,11,non_holder,non_holder,0.9895778894424438
44,10,Replay,8,12,non_holder,non_holder,0.9819085597991943
44,10,Replay,8,13,non_holder,non_holder,0.9778709411621094
44,10,Replay,8,14,non_holder,non_holder,0.975110650062561
44,10,Replay,9,10,non_holder,holder,-0.9544336795806885
44,10,Replay,9,11,non_holder,non_holder,0.9932997226715088
44,10,Replay,9,12,non_holder,non_holder,0.991321325302124
44,10,Replay,9,13,non_holder,non_holder,0.9882228970527649
44,10,Replay,9,14,non_holder,non_holder,0.9799972772598267
44,10,Replay,10,11,holder,non_holder,-0.968135416507721
44,10,Replay,10,12,holder,non_holder,-0.9458552598953247
44,10,Replay,10,13,holder,non_holder,-0.9675852060317993
44,10,Replay,10,14,holder,non_holder,-0.948664128780365
44,10,Replay,11,12,non_holder,non_holder,0.985168993473053
44,10,Replay,11,13,non_holder,non_holder,0.9884452223777771
44,10,Replay,11,14,non_holder,non_holder,0.977607250213623
44,10,Replay,12,13,non_holder,non_holder,0.9885650277137756
44,10,Replay,12,14,non_holder,non_holder,0.9821193218231201
44,10,Replay,13,14,non_holder,non_holder,0.9737680554389954
44,20,Manipulation,0,1,non_holder,non_holder,0.8651081919670105
44,20,Manipulation,0,2,non_holder,holder,-0.872287929058075
44,20,Manipulation,0,3,non_holder,non_holder,0.8907895088195801
44,20,Manipulation,0,4,non_holder,non_holder,0.8784235119819641
44,20,Manipulation,0,5,non_holder,non_holder,0.9019624590873718
44,20,Manipulation,0,6,non_holder,non_holder,0.8569600582122803
44,20,Manipulation,0,7,non_holder,non_holder,0.8766452670097351
44,20,Manipulation,0,8,non_holder,non_holder,0.7823374271392822
44,20,Manipulation,0,9,non_holder,non_holder,0.8509184718132019
44,20,Manipulation,0,10,non_holder,non_holder,0.8913545608520508
44,20,Manipulation,0,11,non_holder,non_holder,0.8836852312088013
44,20,Manipulation,0,12,non_holder,non_holder,0.8920465111732483
44,20,Manipulation,0,13,non_holder,holder,-0.8706825375556946
44,20,Manipulation,0,14,non_holder,non_holder,0.8684123754501343
44,20,Manipulation,1,2,non_holder,holder,-0.9815288782119751
44,20,Manipulation,1,3,non_holder,non_holder,0.9761161804199219
44,20,Manipulation,1,4,non_holder,non_holder,0.9834012985229492
44,20,Manipulation,1,5,non_holder,non_holder,0.9498669505119324
44,20,Manipulation,1,6,non_holder,non_holder,0.8493332266807556
44,20,Manipulation,1,7,non_holder,non_holder,0.9434744715690613
44,20,Manipulation,1,8,non_holder,non_holder,0.8542397022247314
44,20,Manipulation,1,9,non_holder,non_holder,0.89173424243927
44,20,Manipulation,1,10,non_holder,non_holder,0.9811117053031921
44,20,Manipulation,1,11,non_holder,non_holder,0.9157792925834656
44,20,Manipulation,1,12,non_holder,non_holder,0.956739068031311
44,20,Manipulation,1,13,non_holder,holder,-0.9783854484558105
44,20,Manipulation,1,14,non_holder,non_holder,0.930782675743103
44,20,Manipulation,2,3,holder,non_holder,-0.9650605320930481
44,20,Manipulation,2,4,holder,non_holder,-0.9663340449333191
44,20,Manipulation,2,5,holder,non_holder,-0.9587574601173401
44,20,Manipulation,2,6,holder,non_holder,-0.8475255370140076
44,20,Manipulation,2,7,holder,non_holder,-0.9622074961662292
44,20,Manipulation,2,8,holder,non_holder,-0.8365223407745361
44,20,Manipulation,2,9,holder,non_holder,-0.8745234608650208
44,20,Manipulation,2,10,holder,non_holder,-0.9838083982467651
44,20,Manipulation,2,11,holder,non_holder,-0.8957828283309937
44,20,Manipulation,2,12,holder,non_holder,-0.9729213118553162
44,20,Manipulation,2,13,holder,holder,0.9876502752304077
44,20,Manipulation,2,14,holder,non_holder,-0.9473981261253357
44,20,Manipulation,3,4,non_holder,non_holder,0.9650312662124634
44,20,Manipulation,3,5,non_holder,non_holder,0.9554834365844727
44,20,Manipulation,3,6,non_holder,non_holder,0.8619003891944885
44,20,Manipulation,3,7,non_holder,non_holder,0.939817488193512
44,20,Manipulation,3,8,non_holder,non_holder,0.8430713415145874
44,20,Manipulation,3,9,non_holder,non_holder,0.8872990012168884
44,20,Manipulation,3,10,non_holder,non_holder,0.9752109050750732
44,20,Manipulation,3,11,non_holder,non_holder,0.9117860794067383
44,20,Manipulation,3,12,non_holder,non_holder,0.9598169326782227
44,20,Manipulation,3,13,non_holder,holder,-0.959272563457489
44,20,Manipulation,3,14,non_holder,non_holder,0.9261694550514221
44,20,Manipulation,4,5,non_holder,non_holder,0.94351726770401
44,20,Manipulation,4,6,non_holder,non_holder,0.8507059216499329
44,20,Manipulation,4,7,non_holder,non_holder,0.9416313767433167
44,20,Manipulation,4,8,non_holder,non_holder,0.8410675525665283
44,20,Manipulation,4,9,non_holder,non_holder,0.8917620182037354
44,20,Manipulation,4,10,non_holder,non_holder,0.9764353632926941
44,20,Manipulation,4,11,non_holder,non_holder,0.9141970872879028
44,20,Manipulation,4,12,non_holder,non_holder,0.955432116985321
44,20,Manipulation,4,13,non_holder,holder,-0.9701424837112427
44,20,Manipulation,4,14,non_holder,non_holder,0.9302855730056763
44,20,Manipulation,5,6,non_holder,non_holder,0.8997360467910767
44,20,Manipulation,5,7,non_holder,non_holder,0.9708840250968933
44,20,Manipulation,5,8,non_holder,non_holder,0.8058686256408691
44,20,Manipulation,5,9,non_holder,non_holder,0.8737314939498901
44,20,Manipulation,5,10,non_holder,non_holder,0.9719748497009277
44,20,Manipulation,5,11,non_holder,non_holder,0.8911563754081726
44,20,Manipulation,5,12,non_holder,non_holder,0.9826462864875793
44,20,Manipulation,5,13,non_holder,holder,-0.9538866877555847
44,20,Manipulation,5,14,non_holder,non_holder,0.9568603038787842
44,20,Manipulation,6,7,non_holder,non_holder,0.8781569004058838
44,20,Manipulation,6,8,non_holder,non_holder,0.7010646462440491
44,20,Manipulation,6,9,non_holder,non_holder,0.7572484612464905
44,20,Manipulation,6,10,non_holder,non_holder,0.8896104097366333
44,20,Manipulation,6,11,non_holder,non_holder,0.8002983927726746
44,20,Manipulation,6,12,non_holder,non_holder,0.8758182525634766
44,20,Manipulation,6,13,non_holder,holder,-0.8567783832550049
44,20,Manipulation,6,14,non_holder,non_holder,0.8721256256103516
44,20,Manipulation,7,8,non_holder,non_holder,0.7801001071929932
44,20,Manipulation,7,9,non_holder,non_holder,0.8568165898323059
44,20,Manipulation,7,10,non_holder,non_holder,0.9748778939247131
44,20,Manipulation,7,11,non_holder,non_holder,0.8684133887290955
44,20,Manipulation,7,12,non_holder,non_holder,0.9900606870651245
44,20,Manipulation,7,13,non_holder,holder,-0.9534131288528442
44,20,Manipulation,7,14,non_holder,non_holder,0.9702448844909668
44,20,Manipulation,8,9,non_holder,non_holder,0.9539197087287903
44,20,Manipulation,8,10,non_holder,non_holder,0.8172133564949036
44,20,Manipulation,8,11,non_holder,non_holder,0.9541676044464111
44,20,Manipulation,8,12,non_holder,non_holder,0.8003726601600647
44,20,Manipulation,8,13,non_holder,holder,-0.8316500782966614
44,20,Manipulation,8,14,non_holder,non_holder,0.764309823513031
44,20,Manipulation,9,10,non_holder,non_holder,0.8670729398727417
44,20,Manipulation,9,11,non_holder,non_holder,0.9839795827865601
44,20,Manipulation,9,12,non_holder,non_holder,0.8717070817947388
44,20,Manipulation,9,13,non_holder,holder,-0.8682520985603333
44,20,Manipulation,9,14,non_holder,non_holder,0.8265671133995056
44,20,Manipulation,10,11,non_holder,non_holder,0.8969939947128296
44,20,Manipulation,10,12,non_holder,non_holder,0.9804492592811584
44,20,Manipulation,10,13,non_holder,holder,-0.9772531986236572
44,20,Manipulation,10,14,non_holder,non_holder,0.9642476439476013
44,20,Manipulation,11,12,non_holder,non_holder,0.885378897190094
44,20,Manipulation,11,13,non_holder,holder,-0.8916163444519043
44,20,Manipulation,11,14,non_holder,non_holder,0.8464563488960266
44,20,Manipulation,12,13,non_holder,holder,-0.9639682173728943
44,20,Manipulation,12,14,non_holder,non_holder,0.9669235944747925
44,20,Manipulation,13,14,holder,non_holder,-0.9465650916099548
44,20,Replay,0,1,non_holder,holder,-0.749832272529602
44,20,Replay,0,2,non_holder,non_holder,0.8781687021255493
44,20,Replay,0,3,non_holder,non_holder,0.8904718160629272
44,20,Replay,0,4,non_holder,holder,-0.6497257947921753
44,20,Replay,0,5,non_holder,non_holder,0.8474746346473694
44,20,Replay,0,6,non_holder,non_holder,0.8185784816741943
44,20,Replay,0,7,non_holder,non_holder,0.8608203530311584
44,20,Replay,0,8,non_holder,non_holder,0.8538336753845215
44,20,Replay,0,9,non_holder,non_holder,0.8823657631874084
44,20,Replay,0,10,non_holder,holder,-0.8112403154373169
44,20,Replay,0,11,non_holder,non_holder,0.8717802166938782
44,20,Replay,0,12,non_holder,non_holder,0.8689758777618408
44,20,Replay,0,13,non_holder,non_holder,0.8568552732467651
44,20,Replay,0,14,non_holder,non_holder,0.8405909538269043
44,20,Replay,1,2,holder,non_holder,-0.9043581485748291
44,20,Replay,1,3,holder,non_holder,-0.8919838070869446
44,20,Replay,1,4,holder,holder,0.9272587299346924
44,20,Replay,1,5,holder,non_holder,-0.8675731420516968
44,20,Replay,1,6,holder,non_holder,-0.7505461573600769
44,20,Replay,1,7,holder,non_holder,-0.8770392537117004
44,20,Replay,1,8,holder,non_holder,-0.8413424491882324
44,20,Replay,1,9,holder,non_holder,-0.8858495354652405
44,20,Replay,1,10,holder,holder,0.9488775134086609
44,20,Replay,1,11,holder,non_holder,-0.9018312692642212
44,20,Replay,1,12,holder,non_holder,-0.8924319744110107
44,20,Replay,1,13,holder,non_holder,-0.9247710704803467
44,20,Replay,1,14,holder,non_holder,-0.8772777318954468
44,20,Replay,2,3,non_holder,non_holder,0.9864825010299683
44,20,Replay,2,4,non_holder,holder,-0.8581954836845398
44,20,Replay,2,5,non_holder,non_holder,0.9719065427780151
44,20,Replay,2,6,non_holder,non_holder,0.9040127992630005
44,20,Replay,2,7,non_holder,non_holder,0.9842302799224854
44,20,Replay,2,8,non_holder,non_holder,0.9223873019218445
44,20,Replay,2,9,non_holder,non_holder,0.9654068946838379
44,20,Replay,2,10,non_holder,holder,-0.9642172455787659
44,20,Replay,2,11,non_holder,non_holder,0.9678751826286316
44,20,Replay,2,12,non_holder,non_holder,0.992716372013092
44,20,Replay,2,13,non_holder,non_holder,0.9921694993972778
44,20,Replay,2,14,non_holder,non_holder,0.9793879985809326
44,20,Replay,3,4,non_holder,holder,-0.8320882320404053
44,20,Replay,3,5,non_holder,non_holder,0.9571676254272461
44,20,Replay,3,6,non_holder,non_holder,0.8969218134880066
44,20,Replay,3,7,non_holder,non_holder,0.9719600677490234
44,20,Replay,3,8,non_holder,non_holder,0.9327079057693481
44,20,Replay,3,9,non_holder,non_holder,0.9646440148353577
44,20,Replay,3,10,non_holder,holder,-0.9483969211578369
44,20,Replay,3,11,non_holder,non_holder,0.9686766862869263
44,20,Replay,3,12,non_holder,non_holder,0.980515718460083
44,20,Replay,3,13,non_holder,non_holder,0.9771591424942017
44,20,Replay,3,14,non_holder,non_holder,0.9631138443946838
44,20,Replay,4,5,holder,non_holder,-0.8188844323158264
44,20,Replay,4,6,holder,non_holder,-0.7008671760559082
44,20,Replay,4,7,holder,non_holder,-0.8378074169158936
44,20,Replay,4,8,holder,non_holder,-0.7944736480712891
44,20,Replay,4,9,holder,non_holder,-0.8477848768234253
44,20,Replay,4,10,holder,holder,0.9462152123451233
44,20,Replay,4,11,holder,non_holder,-0.8653051853179932
44,20,Replay,4,12,holder,non_holder,-0.8412591218948364
44,20,Replay,4,13,holder,non_holder,-0.8854730725288391
44,20,Replay,4,14,holder,non_holder,-0.841850996017456
44,20,Replay,5,6,non_holder,non_holder,0.9212020039558411
44,20,Replay,5,7,non_holder,non_holder,0.9690892100334167
44,20,Replay,5,8,non_holder,non_holder,0.9033950567245483
44,20,Replay,5,9,non_holder,non_holder,0.93919438123703
44,20,Replay,5,10,non_holder,holder,-0.9229205250740051
44,20,Replay,5,11,non_holder,non_holder,0.9320100545883179
44,20,Replay,5,12,non_holder,non_holder,0.979323148727417
44,20,Replay,5,13,non_holder,non_holder,0.9641530513763428
44,20,Replay,5,14,non_holder,non_holder,0.9652741551399231
44,20,Replay,6,7,non_holder,non_holder,0.9201807379722595
44,20,Replay,6,8,non_holder,non_holder,0.8471053838729858
44,20,Replay,6,9,non_holder,non_holder,0.8795245885848999
44,20,Replay,6,10,non_holder,holder,-0.8396338820457458
44,20,Replay,6,11,non_holder,non_holder,0.8656119108200073
44,20,Replay,6,12,non_holder,non_holder,0.9125460386276245
44,20,Replay,6,13,non_holder,non_holder,0.8802948594093323
44,20,Replay,6,14,non_holder,non_holder,0.903349757194519
44,20,Replay,7,8,non_holder,non_holder,0.9066686630249023
44,20,Replay,7,9,non_holder,non_holder,0.9440007209777832
44,20,Replay,7,10,non_holder,holder,-0.948993444442749
44,20,Replay,7,11,non_holder,non_holder,0.9384699463844299
44,20,Replay,7,12,non_holder,non_holder,0.9859172701835632
44,20,Replay,7,13,non_holder,non_holder,0.9698159694671631
44,20,Replay,7,14,non_holder,non_holder,0.9837498664855957
44,20,Replay,8,9,non_holder,non_holder,0.9647926092147827
44,20,Replay,8,10,non_holder,holder,-0.8966230154037476
44,20,Replay,8,11,non_holder,non_holder,0.9537363648414612
44,20,Replay,8,12,non_holder,non_holder,0.9152819514274597
44,20,Replay,8,13,non_holder,non_holder,0.9203545451164246
44,20,Replay,8,14,non_holder,non_holder,0.8930667042732239
44,20,Replay,9,10,non_holder,holder,-0.9405075311660767
44,20,Replay,9,11,non_holder,non_holder,0.9828830361366272
44,20,Replay,9,12,non_holder,non_holder,0.955288827419281
44,20,Replay,9,13,non_holder,non_holder,0.9608876705169678
44,20,Replay,9,14,non_holder,non_holder,0.9384031891822815
44,20,Replay,10,11,holder,non_holder,-0.9530625939369202
44,20,Replay,10,12,holder,non_holder,-0.9508748650550842
44,20,Replay,10,13,holder,non_holder,-0.975680947303772
44,20,Replay,10,14,holder,non_holder,-0.9501464366912842
44,20,Replay,11,12,non_holder,non_holder,0.9537442922592163
44,20,Replay,11,13,non_holder,non_holder,0.9704006314277649
44,20,Replay,11,14,non_holder,non_holder,0.9379156231880188
44,20,Replay,12,13,non_holder,non_holder,0.9827191829681396
44,20,Replay,12,14,non_holder,non_holder,0.9775587916374207
44,20,Replay,13,14,non_holder,non_holder,0.9710399508476257
44,30,Manipulation,0,1,non_holder,non_holder,0.8554549217224121
44,30,Manipulation,0,2,non_holder,holder,-0.8070476651191711
44,30,Manipulation,0,3,non_holder,non_holder,0.8550025820732117
44,30,Manipulation,0,4,non_holder,non_holder,0.8617362976074219
44,30,Manipulation,0,5,non_holder,non_holder,0.8657710552215576
44,30,Manipulation,0,6,non_holder,non_holder,0.8819730281829834
44,30,Manipulation,0,7,non_holder,non_holder,0.8460069298744202
44,30,Manipulation,0,8,non_holder,non_holder,0.8068569302558899
44,30,Manipulation,0,9,non_holder,non_holder,0.867337167263031
44,30,Manipulation,0,10,non_holder,non_holder,0.8655950427055359
44,30,Manipulation,0,11,non_holder,non_holder,0.8467714786529541
44,30,Manipulation,0,12,non_holder,non_holder,0.8538841009140015
44,30,Manipulation,0,13,non_holder,holder,-0.8798336982727051
44,30,Manipulation,0,14,non_holder,non_holder,0.8461440801620483
44,30,Manipulation,1,2,non_holder,holder,-0.923105001449585
44,30,Manipulation,1,3,non_holder,non_holder,0.9503574371337891
44,30,Manipulation,1,4,non_holder,non_holder,0.9678167104721069
44,30,Manipulation,1,5,non_holder,non_holder,0.9121143817901611
44,30,Manipulation,1,6,non_holder,non_holder,0.8748292922973633
44,30,Manipulation,1,7,non_holder,non_holder,0.9111664295196533
44,30,Manipulation,1,8,non_holder,non_holder,0.8747956156730652
44,30,Manipulation,1,9,non_holder,non_holder,0.9076654314994812
44,30,Manipulation,1,10,non_holder,non_holder,0.9648410081863403
44,30,Manipulation,1,11,non_holder,non_holder,0.8846263289451599
44,30,Manipulation,1,12,non_holder,non_holder,0.9132013916969299
44,30,Manipulation,1,13,non_holder,holder,-0.9469594955444336
44,30,Manipulation,1,14,non_holder,non_holder,0.9143299460411072
44,30,Manipulation,2,3,holder,non_holder,-0.8835189938545227
44,30,Manipulation,2,4,holder,non_holder,-0.8912049531936646
44,30,Manipulation,2,5,holder,non_holder,-0.8844729065895081
44,30,Manipulation,2,6,holder,non_holder,-0.814573347568512
44,30,Manipulation,2,7,holder,non_holder,-0.8702634572982788
44,30,Manipulation,2,8,holder,non_holder,-0.7835676074028015
44,30,Manipulation,2,9,holder,non_holder,-0.8262420296669006
44,30,Manipulation,2,10,holder,non_holder,-0.9141952395439148
44,30,Manipulation,2,11,holder,non_holder,-0.7763194441795349
44,30,Manipulation,2,12,holder,non_holder,-0.865155041217804
44,30,Manipulation,2,13,holder,holder,0.936843752861023
44,30,Manipulation,2,14,holder,non_holder,-0.8655624985694885
44,30,Manipulation,3,4,non_holder,non_holder,0.9550294280052185
44,30,Manipulation,3,5,non_holder,non_holder,0.9325051307678223
44,30,Manipulation,3,6,non_holder,non_holder,0.8913238048553467
44,30,Manipulation,3,7,non_holder,non_holder,0.9041657447814941
44,30,Manipulation,3,8,non_holder,non_holder,0.830903947353363
44,30,Manipulation,3,9,non_holder,non_holder,0.8865288496017456
44,30,Manipulation,3,10,non_holder,non_holder,0.9666523933410645
44,30,Manipulation,3,11,non_holder,non_holder,0.8618044853210449
44,30,Manipulation,3,12,non_holder,non_holder,0.9309540390968323
44,30,Manipulation,3,13,non_holder,holder,-0.9452348947525024
44,30,Manipulation,3,14,non_holder,non_holder,0.9171453714370728
44,30,Manipulation,4,5,non_holder,non_holder,0.9336013197898865
44,30,Manipulation,4,6,non_holder,non_holder,0.8971107602119446
44,30,Manipulation,4,7,non_holder,non_holder,0.9240383505821228
44,30,Manipulation,4,8,non_holder,non_holder,0.8485730290412903
44,30,Manipulation,4,9,non_holder,non_holder,0.8958637118339539
44,30,Manipulation,4,10,non_holder,non_holder,0.9681282043457031
44,30,Manipulation,4,11,non_holder,non_holder,0.8757692575454712
44,30,Manipulation,4,12,non_holder,non_holder,0.9424470663070679
44,30,Manipulation,4,13,non_holder,holder,-0.9487088918685913
44,30,Manipulation,4,14,non_holder,non_holder,0.9271706342697144
44,30,Manipulation,5,6,non_holder,non_holder,0.9434226155281067
44,30,Manipulation,5,7,non_holder,non_holder,0.9707351326942444
44,30,Manipulation,5,8,non_holder,non_holder,0.7973992824554443
44,30,Manipulation,5,9,non_holder,non_holder,0.8714452385902405
44,30,Manipulation,5,10,non_holder,non_holder,0.960270345211029
44,30,Manipulation,5,11,non_holder,non_holder,0.8226615190505981
44,30,Manipulation,5,12,non_holder,non_holder,0.9775846004486084
44,30,Manipulation,5,13,non_holder,holder,-0.9549728035926819
44,30,Manipulation,5,14,non_holder,non_holder,0.9652133584022522
44,30,Manipulation,6,7,non_holder,non_holder,0.9097611904144287
44,30,Manipulation,6,8,non_holder,non_holder,0.7709341049194336
44,30,Manipulation,6,9,non_holder,non_holder,0.8504931330680847
44,30,Manipulation,6,10,non_holder,non_holder,0.9108543395996094
44,30,Manipulation,6,11,non_holder,non_holder,0.8297395706176758
44,30,Manipulation,6,12,non_holder,non_holder,0.9291685223579407
44,30,Manipulation,6,13,non_holder,holder,-0.9131396412849426
44,30,Manipulation,6,14,non_holder,non_holder,0.9230245351791382
44,30,Manipulation,7,8,non_holder,non_holder,0.7887014746665955
44,30,Manipulation,7,9,non_holder,non_holder,0.8505222797393799
44,30,Manipulation,7,10,non_holder,non_holder,0.9595746397972107
44,30,Manipulation,7,11,non_holder,non_holder,0.7983959317207336
44,30,Manipulation,7,12,non_holder,non_holder,0.9845571517944336
44,30,Manipulation,7,13,non_holder,holder,-0.9381752014160156
44,30,Manipulation,7,14,non_holder,non_holder,0.9747412204742432
44,30,Manipulation,8,9,non_holder,non_holder,0.9477427005767822
44,30,Manipulation,8,10,non_holder,non_holder,0.830109179019928
44,30,Manipulation,8,11,non_holder,non_holder,0.9558631181716919
44,30,Manipulation,8,12,non_holder,non_holder,0.7929903864860535
44,30,Manipulation,8,13,non_holder,holder,-0.8089314699172974
44,30,Manipulation,8,14,non_holder,non_holder,0.8078415989875793
44,30,Manipulation,9,10,non_holder,non_holder,0.8899921774864197
44,30,Manipulation,9,11,non_holder,non_holder,0.9663907885551453
44,30,Manipulation,9,12,non_holder,non_holder,0.8617481589317322
44,30,Manipulation,9,13,non_holder,holder,-0.8725163340568542
44,30,Manipulation,9,14,non_holder,non_holder,0.866600513458252
44,30,Manipulation,10,11,non_holder,non_holder,0.8530259728431702
44,30,Manipulation,10,12,non_holder,non_holder,0.9709405303001404
44,30,Manipulation,10,13,non_holder,holder,-0.9711078405380249
44,30,Manipulation,10,14,non_holder,non_holder,0.9634280204772949
44,30,Manipulation,11,12,non_holder,non_holder,0.8153585195541382
44,30,Manipulation,11,13,non_holder,holder,-0.8290656208992004
44,30,Manipulation,11,14,non_holder,non_holder,0.8180043697357178
44,30,Manipulation,12,13,non_holder,holder,-0.9504001140594482
44,30,Manipulation,12,14,non_holder,non_holder,0.9753654599189758
44,30,Manipulation,13,14,holder,non_holder,-0.934800386428833
44,30,Replay,0,1,non_holder,holder,-0.8108797073364258
44,30,Replay,0,2,non_holder,non_holder,0.8703895211219788
44,30,Replay,0,3,non_holder,non_holder,0.8769868016242981
44,30,Replay,0,4,non_holder,holder,-0.7395938634872437
44,30,Replay,0,5,non_holder,non_holder,0.8746463656425476
44,30,Replay,0,6,non_holder,non_holder,0.8691371083259583
44,30,Replay,0,7,non_holder,non_holder,0.8681765794754028
44,30,Replay,0,8,non_holder,non_holder,0.8550865650177002
44,30,Replay,0,9,non_holder,non_holder,0.8930523991584778
44,30,Replay,0,10,non_holder,holder,-0.6784548759460449
44,30,Replay,0,11,non_holder,non_holder,0.88370281457901
44,30,Replay,0,12,non_holder,non_holder,0.8885372281074524
44,30,Replay,0,13,non_holder,non_holder,0.8705987334251404
44,30,Replay,0,14,non_holder,non_holder,0.8472089767456055
44,30,Replay,1,2,holder,non_holder,-0.93275386095047
44,30,Replay,1,3,holder,non_holder,-0.9008316993713379
44,30,Replay,1,4,holder,holder,0.9502905607223511
44,30,Replay,1,5,holder,non_holder,-0.8917157053947449
44,30,Replay,1,6,holder,non_holder,-0.8607114553451538
44,30,Replay,1,7,holder,non_holder,-0.916824460029602
44,30,Replay,1,8,holder,non_holder,-0.8739759922027588
44,30,Replay,1,9,holder,non_holder,-0.8720060586929321
44,30,Replay,1,10,holder,holder,0.9245547652244568
44,30,Replay,1,11,holder,non_holder,-0.8497154712677002
44,30,Replay,1,12,holder,non_holder,-0.9113345146179199
44,30,Replay,1,13,holder,non_holder,-0.9560562968254089
44,30,Replay,1,14,holder,non_holder,-0.915137767791748
44,30,Replay,2,3,non_holder,non_holder,0.9769902229309082
44,30,Replay,2,4,non_holder,holder,-0.8785496950149536
44,30,Replay,2,5,non_holder,non_holder,0.9606806039810181
44,30,Replay,2,6,non_holder,non_holder,0.9094555974006653
44,30,Replay,2,7,non_holder,non_holder,0.981279194355011
44,30,Replay,2,8,non_holder,non_holder,0.9029722809791565
44,30,Replay,2,9,non_holder,non_holder,0.9238672256469727
44,30,Replay,2,10,non_holder,holder,-0.8058517575263977
44,30,Replay,2,11,non_holder,non_holder,0.9080824255943298
44,30,Replay,2,12,non_holder,non_holder,0.9842772483825684
44,30,Replay,2,13,non_holder,non_holder,0.9871026873588562
44,30,Replay,2,14,non_holder,non_holder,0.9709727764129639
44,30,Replay,3,4,non_holder,holder,-0.8447259068489075
44,30,Replay,3,5,non_holder,non_holder,0.9408990144729614
44,30,Replay,3,6,non_holder,non_holder,0.8957545757293701
44,30,Replay,3,7,non_holder,non_holder,0.9629507064819336
44,30,Replay,3,8,non_holder,non_holder,0.9069787263870239
44,30,Replay,3,9,non_holder,non_holder,0.9219012260437012
44,30,Replay,3,10,non_holder,holder,-0.7688763737678528
44,30,Replay,3,11,non_holder,non_holder,0.918545126914978
44,30,Replay,3,12,non_holder,non_holder,0.966047465801239
44,30,Replay,3,13,non_holder,non_holder,0.9700958132743835
44,30,Replay,3,14,non_holder,non_holder,0.9546434879302979
44,30,Replay,4,5,holder,non_holder,-0.8350126147270203
44,30,Replay,4,6,holder,non_holder,-0.7732046842575073
44,30,Replay,4,7,holder,non_holder,-0.856961727142334
44,30,Replay,4,8,holder,non_holder,-0.8278256058692932
44,30,Replay,4,9,holder,non_holder,-0.8085642457008362
44,30,Replay,4,10,holder,holder,0.8863533139228821
44,30,Replay,4,11,holder,non_holder,-0.7782859802246094
44,30,Replay,4,12,holder,non_holder,-0.851698100566864
44,30,Replay,4,13,holder,non_holder,-0.9102592468261719
44,30,Replay,4,14,holder,non_holder,-0.8491649627685547
44,30,Replay,5,6,non_holder,non_holder,0.922508716583252
44,30,Replay,5,7,non_holder,non_holder,0.9661310315132141
44,30,Replay,5,8,non_holder,non_holder,0.8769444227218628
44,30,Replay,5,9,non_holder,non_holder,0.9238033294677734
44,30,Replay,5,10,non_holder,holder,-0.784548819065094
44,30,Replay,5,11,non_holder,non_holder,0.9007876515388489
44,30,Replay,5,12,non_holder,non_holder,0.9616835713386536
44,30,Replay,5,13,non_holder,non_holder,0.9547865390777588
44,30,Replay,5,14,non_holder,non_holder,0.945241391658783
44,30,Replay,6,7,non_holder,non_holder,0.9181622862815857
44,30,Replay,6,8,non_holder,non_holder,0.8496037721633911
44,30,Replay,6,9,non_holder,non_holder,0.8928041458129883
44,30,Replay,6,10,non_holder,holder,-0.7286019325256348
44,30,Replay,6,11,non_holder,non_holder,0.8699913620948792
44,30,Replay,6,12,non_holder,non_holder,0.9106708765029907
44,30,Replay,6,13,non_holder,non_holder,0.8980728387832642
44,30,Replay,6,14,non_holder,non_holder,0.908511757850647
44,30,Replay,7,8,non_holder,non_holder,0.884103000164032
44,30,Replay,7,9,non_holder,non_holder,0.9141051173210144
44,30,Replay,7,10,non_holder,holder,-0.8104111552238464
44,30,Replay,7,11,non_holder,non_holder,0.8951042890548706
44,30,Replay,7,12,non_holder,non_holder,0.9855897426605225
44,30,Replay,7,13,non_holder,non_holder,0.9647271037101746
44,30,Replay,7,14,non_holder,non_holder,0.9834058880805969
44,30,Replay,8,9,non_holder,non_holder,0.9570624232292175
44,30,Replay,8,10,non_holder,holder,-0.7601142525672913
44,30,Replay,8,11,non_holder,non_holder,0.9641304016113281
44,30,Replay,8,12,non_holder,non_holder,0.8904883861541748
44,30,Replay,8,13,non_holder,non_holder,0.9108464121818542
44,30,Replay,8,14,non_holder,non_holder,0.8934395909309387
44,30,Replay,9,10,non_holder,holder,-0.7451965808868408
44,30,Replay,9,11,non_holder,non_holder,0.9766772389411926
44,30,Replay,9,12,non_holder,non_holder,0.9193218350410461
44,30,Replay,9,13,non_holder,non_holder,0.929124116897583
44,30,Replay,9,14,non_holder,non_holder,0.9180041551589966
44,30,Replay,10,11,holder,non_holder,-0.7145267724990845
44,30,Replay,10,12,holder,non_holder,-0.7831052541732788
44,30,Replay,10,13,holder,non_holder,-0.8438349366188049
44,30,Replay,10,14,holder,non_holder,-0.7968258857727051
44,30,Replay,11,12,non_holder,non_holder,0.9013636708259583
44,30,Replay,11,13,non_holder,non_holder,0.9083727598190308
44,30,Replay,11,14,non_holder,non_holder,0.8982563614845276
44,30,Replay,12,13,non_holder,non_holder,0.9695348739624023
44,30,Replay,12,14,non_holder,non_holder,0.9724811911582947
44,30,Replay,13,14,non_holder,non_holder,0.9561066627502441
44,45,Manipulation,0,1,non_holder,non_holder,0.8503628373146057
44,45,Manipulation,0,2,non_holder,holder,-0.7479158639907837
44,45,Manipulation,0,3,non_holder,non_holder,0.7983006834983826
44,45,Manipulation,0,4,non_holder,non_holder,0.8622444868087769
44,45,Manipulation,0,5,non_holder,non_holder,0.8364818692207336
44,45,Manipulation,0,6,non_holder,non_holder,0.7847728729248047
44,45,Manipulation,0,7,non_holder,non_holder,0.8172042369842529
44,45,Manipulation,0,8,non_holder,non_holder,0.824777364730835
44,45,Manipulation,0,9,non_holder,non_holder,0.8616281151771545
44,45,Manipulation,0,10,non_holder,non_holder,0.8549060821533203
44,45,Manipulation,0,11,non_holder,non_holder,0.8358403444290161
44,45,Manipulation,0,12,non_holder,non_holder,0.8285877704620361
44,45,Manipulation,0,13,non_holder,holder,-0.8209286332130432
44,45,Manipulation,0,14,non_holder,non_holder,0.8137282729148865
44,45,Manipulation,1,2,non_holder,holder,-0.9261552691459656
44,45,Manipulation,1,3,non_holder,non_holder,0.8781424164772034
44,45,Manipulation,1,4,non_holder,non_holder,0.9321965575218201
44,45,Manipulation,1,5,non_holder,non_holder,0.8542949557304382
44,45,Manipulation,1,6,non_holder,non_holder,0.7963795065879822
44,45,Manipulation,1,7,non_holder,non_holder,0.8608142137527466
44,45,Manipulation,1,8,non_holder,non_holder,0.8109310865402222
44,45,Manipulation,1,9,non_holder,non_holder,0.8545578122138977
44,45,Manipulation,1,10,non_holder,non_holder,0.9438055753707886
44,45,Manipulation,1,11,non_holder,non_holder,0.817732036113739
44,45,Manipulation,1,12,non_holder,non_holder,0.8632394671440125
44,45,Manipulation,1,13,non_holder,holder,-0.9336774945259094
44,45,Manipulation,1,14,non_holder,non_holder,0.8661701083183289
44,45,Manipulation,2,3,holder,non_holder,-0.818260908126831
44,45,Manipulation,2,4,holder,non_holder,-0.8232592940330505
44,45,Manipulation,2,5,holder,non_holder,-0.7809702754020691
44,45,Manipulation,2,6,holder,non_holder,-0.6896869540214539
44,45,Manipulation,2,7,holder,non_holder,-0.7818811535835266
44,45,Manipulation,2,8,holder,non_holder,-0.7177355289459229
44,45,Manipulation,2,9,holder,non_holder,-0.7674471139907837
44,45,Manipulation,2,10,holder,non_holder,-0.8738686442375183
44,45,Manipulation,2,11,holder,non_holder,-0.7480255365371704
44,45,Manipulation,2,12,holder,non_holder,-0.7798393964767456
44,45,Manipulation,2,13,holder,holder,0.9174796938896179
44,45,Manipulation,2,14,holder,non_holder,-0.7851182222366333
44,45,Manipulation,3,4,non_holder,non_holder,0.9164277911186218
44,45,Manipulation,3,5,non_holder,non_holder,0.8612532019615173
44,45,Manipulation,3,6,non_holder,non_holder,0.8013801574707031
44,45,Manipulation,3,7,non_holder,non_holder,0.8617916107177734
44,45,Manipulation,3,8,non_holder,non_holder,0.7068966627120972
44,45,Manipulation,3,9,non_holder,non_holder,0.7667049765586853
44,45,Manipulation,3,10,non_holder,non_holder,0.9327071309089661
44,45,Manipulation,3,11,non_holder,non_holder,0.757736086845398
44,45,Manipulation,3,12,non_holder,non_holder,0.860133707523346
44,45,Manipulation,3,13,non_holder,holder,-0.8704551458358765
44,45,Manipulation,3,14,non_holder,non_holder,0.8593817949295044
44,45,Manipulation,4,5,non_holder,non_holder,0.8937669992446899
44,45,Manipulation,4,6,non_holder,non_holder,0.8425396084785461
44,45,Manipulation,4,7,non_holder,non_holder,0.8834734559059143
44,45,Manipulation,4,8,non_holder,non_holder,0.7715604305267334
44,45,Manipulation,4,9,non_holder,non_holder,0.8309757709503174
44,45,Manipulation,4,10,non_holder,non_holder,0.9625923037528992
44,45,Manipulation,4,11,non_holder,non_holder,0.8188157677650452
44,45,Manipulation,4,12,non_holder,non_holder,0.8976354002952576
44,45,Manipulation,4,13,non_holder,holder,-0.9092052578926086
44,45,Manipulation,4,14,non_holder,non_holder,0.8848875164985657
44,45,Manipulation,5,6,non_holder,non_holder,0.8405340909957886
44,45,Manipulation,5,7,non_holder,non_holder,0.9690592288970947
44,45,Manipulation,5,8,non_holder,non_holder,0.7285062670707703
44,45,Manipulation,5,9,non_holder,non_holder,0.762065052986145
44,45,Manipulation,5,10,non_holder,non_holder,0.919858992099762
44,45,Manipulation,5,11,non_holder,non_holder,0.743220329284668
44,45,Manipulation,5,12,non_holder,non_holder,0.976218044757843
44,45,Manipulation,5,13,non_holder,holder,-0.8652234673500061
44,45,Manipulation,5,14,non_holder,non_holder,0.9663534164428711
44,45,Manipulation,6,7,non_holder,non_holder,0.8284886479377747
44,45,Manipulation,6,8,non_holder,non_holder,0.6403282880783081
44,45,Manipulation,6,9,non_holder,non_holder,0.6919775009155273
44,45,Manipulation,6,10,non_holder,non_holder,0.8643190860748291
44,45,Manipulation,6,11,non_holder,non_holder,0.6975035071372986
44,45,Manipulation,6,12,non_holder,non_holder,0.8357540369033813
44,45,Manipulation,6,13,non_holder,holder,-0.8084120154380798
44,45,Manipulation,6,14,non_holder,non_holder,0.8066428303718567
44,45,Manipulation,7,8,non_holder,non_holder,0.6900616884231567
44,45,Manipulation,7,9,non_holder,non_holder,0.7524521946907043
44,45,Manipulation,7,10,non_holder,non_holder,0.9213486909866333
44,45,Manipulation,7,11,non_holder,non_holder,0.7135612368583679
44,45,Manipulation,7,12,non_holder,non_holder,0.9802798628807068
44,45,Manipulation,7,13,non_holder,holder,-0.8537296056747437
44,45,Manipulation,7,14,non_holder,non_holder,0.9737131595611572
44,45,Manipulation,8,9,non_holder,non_holder,0.9133484363555908
44,45,Manipulation,8,10,non_holder,non_holder,0.7569695115089417
44,45,Manipulation,8,11,non_holder,non_holder,0.8883031010627747
44,45,Manipulation,8,12,non_holder,non_holder,0.7064395546913147
44,45,Manipulation,8,13,non_holder,holder,-0.722542941570282
44,45,Manipulation,8,14,non_holder,non_holder,0.7170462608337402
44,45,Manipulation,9,10,non_holder,non_holder,0.8061590790748596
44,45,Manipulation,9,11,non_holder,non_holder,0.9591594934463501
44,45,Manipulation,9,12,non_holder,non_holder,0.7676311731338501
44,45,Manipulation,9,13,non_holder,holder,-0.7668500542640686
44,45,Manipulation,9,14,non_holder,non_holder,0.7641661763191223
44,45,Manipulation,10,11,non_holder,non_holder,0.7808645963668823
44,45,Manipulation,10,12,non_holder,non_holder,0.925254762172699
44,45,Manipulation,10,13,non_holder,holder,-0.9450069665908813
44,45,Manipulation,10,14,non_holder,non_holder,0.9178844094276428
44,45,Manipulation,11,12,non_holder,non_holder,0.743103563785553
44,45,Manipulation,11,13,non_holder,holder,-0.7537915706634521
44,45,Manipulation,11,14,non_holder,non_holder,0.7251884937286377
44,45,Manipulation,12,13,non_holder,holder,-0.8672286868095398
44,45,Manipulation,12,14,non_holder,non_holder,0.9701151847839355
44,45,Manipulation,13,14,holder,non_holder,-0.8544753789901733
44,45,Replay,0,1,non_holder,holder,-0.6785999536514282
44,45,Replay,0,2,non_holder,non_holder,0.8694596290588379
44,45,Replay,0,3,non_holder,non_holder,0.8627187013626099
44,45,Replay,0,4,non_holder,holder,-0.5223050117492676
44,45,Replay,0,5,non_holder,non_holder,0.8745734095573425
44,45,Replay,0,6,non_holder,non_holder,0.7676680088043213
44,45,Replay,0,7,non_holder,non_holder,0.8739041090011597
44,45,Replay,0,8,non_holder,non_holder,0.8151007294654846
44,45,Replay,0,9,non_holder,non_holder,0.8476125597953796
44,45,Replay,0,10,non_holder,holder,-0.6140944957733154
44,45,Replay,0,11,non_holder,non_holder,0.8043577075004578
44,45,Replay,0,12,non_holder,non_holder,0.8698098063468933
44,45,Replay,0,13,non_holder,non_holder,0.8208848237991333
44,45,Replay,0,14,non_holder,non_holder,0.8495929837226868
44,45,Replay,1,2,holder,non_holder,-0.8717113137245178
44,45,Replay,1,3,holder,non_holder,-0.8052513003349304
44,45,Replay,1,4,holder,holder,0.8903388381004333
44,45,Replay,1,5,holder,non_holder,-0.7973443269729614
44,45,Replay,1,6,holder,non_holder,-0.7474177479743958
44,45,Replay,1,7,holder,non_holder,-0.8266695141792297
44,45,Replay,1,8,holder,non_holder,-0.7555150985717773
44,45,Replay,1,9,holder,non_holder,-0.8142929673194885
44,45,Replay,1,10,holder,holder,0.9384443759918213
44,45,Replay,1,11,holder,non_holder,-0.8121044039726257
44,45,Replay,1,12,holder,non_holder,-0.8136275410652161
44,45,Replay,1,13,holder,non_holder,-0.9131748080253601
44,45,Replay,1,14,holder,non_holder,-0.8344290852546692
44,45,Replay,2,3,non_holder,non_holder,0.9636262059211731
44,45,Replay,2,4,non_holder,holder,-0.689340353012085
44,45,Replay,2,5,non_holder,non_holder,0.9538411498069763
44,45,Replay,2,6,non_holder,non_holder,0.8721017837524414
44,45,Replay,2,7,non_holder,non_holder,0.9645422697067261
44,45,Replay,2,8,non_holder,non_holder,0.8226794004440308
44,45,Replay,2,9,non_holder,non_holder,0.8721489906311035
44,45,Replay,2,10,non_holder,holder,-0.7903954982757568
44,45,Replay,2,11,non_holder,non_holder,0.8622105717658997
44,45,Replay,2,12,non_holder,non_holder,0.9581735134124756
44,45,Replay,2,13,non_holder,non_holder,0.974700927734375
44,45,Replay,2,14,non_holder,non_holder,0.9611485600471497
44,45,Replay,3,4,non_holder,holder,-0.6429463624954224
44,45,Replay,3,5,non_holder,non_holder,0.9342288970947266
44,45,Replay,3,6,non_holder,non_holder,0.8435428142547607
44,45,Replay,3,7,non_holder,non_holder,0.9217662215232849
44,45,Replay,3,8,non_holder,non_holder,0.8190712928771973
44,45,Replay,3,9,non_holder,non_holder,0.846311092376709
44,45,Replay,3,10,non_holder,holder,-0.7408820390701294
44,45,Replay,3,11,non_holder,non_holder,0.8421900868415833
44,45,Replay,3,12,non_holder,non_holder,0.922652542591095
44,45,Replay,3,13,non_holder,non_holder,0.9361734986305237
44,45,Replay,3,14,non_holder,non_holder,0.9234464168548584
44,45,Replay,4,5,holder,non_holder,-0.6326162219047546
44,45,Replay,4,6,holder,non_holder,-0.5444802045822144
44,45,Replay,4,7,holder,non_holder,-0.6349745988845825
44,45,Replay,4,8,holder,non_holder,-0.6405821442604065
44,45,Replay,4,9,holder,non_holder,-0.6756834983825684
44,45,Replay,4,10,holder,holder,0.9340687394142151
44,45,Replay,4,11,holder,non_holder,-0.6873785257339478
44,45,Replay,4,12,holder,non_holder,-0.6264747977256775
44,45,Replay,4,13,holder,non_holder,-0.7623775005340576
44,45,Replay,4,14,holder,non_holder,-0.6525256037712097
44,45,Replay,5,6,non_holder,non_holder,0.8398616313934326
44,45,Replay,5,7,non_holder,non_holder,0.9564571976661682
44,45,Replay,5,8,non_holder,non_holder,0.8092197179794312
44,45,Replay,5,9,non_holder,non_holder,0.8469319343566895
44,45,Replay,5,10,non_holder,holder,-0.7299171090126038
44,45,Replay,5,11,non_holder,non_holder,0.8291206359863281
44,45,Replay,5,12,non_holder,non_holder,0.9511464834213257
44,45,Replay,5,13,non_holder,non_holder,0.9198420643806458
44,45,Replay,5,14,non_holder,non_holder,0.9438532590866089
44,45,Replay,6,7,non_holder,non_holder,0.8506011366844177
44,45,Replay,6,8,non_holder,non_holder,0.7058375477790833
44,45,Replay,6,9,non_holder,non_holder,0.7709643840789795
44,45,Replay,6,10,non_holder,holder,-0.6394870281219482
44,45,Replay,6,11,non_holder,non_holder,0.7656660676002502
44,45,Replay,6,12,non_holder,non_holder,0.8260259032249451
44,45,Replay,6,13,non_holder,non_holder,0.8601951599121094
44,45,Replay,6,14,non_holder,non_holder,0.8398898243904114
44,45,Replay,7,8,non_holder,non_holder,0.7823407649993896
44,45,Replay,7,9,non_holder,non_holder,0.8465361595153809
44,45,Replay,7,10,non_holder,holder,-0.7459990978240967
44,45,Replay,7,11,non_holder,non_holder,0.8182292580604553
44,45,Replay,7,12,non_holder,non_holder,0.9699891209602356
44,45,Replay,7,13,non_holder,non_holder,0.9272633790969849
44,45,Replay,7,14,non_holder,non_holder,0.9684039354324341
44,45,Replay,8,9,non_holder,non_holder,0.9445105195045471
44,45,Replay,8,10,non_holder,holder,-0.7012534141540527
44,45,Replay,8,11,non_holder,non_holder,0.9361240267753601
44,45,Replay,8,12,non_holder,non_holder,0.7896375060081482
44,45,Replay,8,13,non_holder,non_holder,0.8099231719970703
44,45,Replay,8,14,non_holder,non_holder,0.8092837333679199
44,45,Replay,9,10,non_holder,holder,-0.7557088136672974
44,45,Replay,9,11,non_holder,non_holder,0.9834381937980652
44,45,Replay,9,12,non_holder,non_holder,0.8469772934913635
44,45,Replay,9,13,non_holder,non_holder,0.8642003536224365
44,45,Replay,9,14,non_holder,non_holder,0.8435772657394409
44,45,Replay,10,11,holder,non_holder,-0.7559781670570374
44,45,Replay,10,12,holder,non_holder,-0.7233308553695679
44,45,Replay,10,13,holder,non_holder,-0.849196195602417
44,45,Replay,10,14,holder,non_holder,-0.7570465803146362
44,45,Replay,11,12,non_holder,non_holder,0.8258317708969116
44,45,Replay,11,13,non_holder,non_holder,0.8560253381729126
44,45,Replay,11,14,non_holder,non_holder,0.8248113989830017
44,45,Replay,12,13,non_holder,non_holder,0.9211387634277344
44,45,Replay,12,14,non_holder,non_holder,0.9514197707176208
44,45,Replay,13,14,non_holder,non_holder,0.9303287863731384
55,1,Manipulation,0,1,non_holder,non_holder,0.9303312301635742
55,1,Manipulation,0,2,non_holder,holder,-0.47967520356178284
55,1,Manipulation,0,3,non_holder,non_holder,0.927361249923706
55,1,Manipulation,0,4,non_holder,non_holder,0.9374670386314392
55,1,Manipulation,0,5,non_holder,non_holder,0.9275898933410645
55,1,Manipulation,0,6,non_holder,non_holder,0.9064298272132874
55,1,Manipulation,0,7,non_holder,non_holder,0.94200199842453
55,1,Manipulation,0,8,non_holder,non_holder,0.9273078441619873
55,1,Manipulation,0,9,non_holder,non_holder,0.942529022693634
55,1,Manipulation,0,10,non_holder,non_holder,0.9156248569488525
55,1,Manipulation,0,11,non_holder,non_holder,0.9146064519882202
55,1,Manipulation,0,12,non_holder,non_holder,0.9361994862556458
55,1,Manipulation,0,13,non_holder,holder,-0.7389116883277893
55,1,Manipulation,0,14,non_holder,non_holder,0.9135482311248779
55,1,Manipulation,1,2,non_holder,holder,-0.5251248478889465
55,1,Manipulation,1,3,non_holder,non_holder,0.9484274387359619
55,1,Manipulation,1,4,non_holder,non_holder,0.9659367799758911
55,1,Manipulation,1,5,non_holder,non_holder,0.9478949904441833
55,1,Manipulation,1,6,non_holder,non_holder,0.9140637516975403
55,1,Manipulation,1,7,non_holder,non_holder,0.9731413722038269
55,1,Manipulation,1,8,non_holder,non_holder,0.9390589594841003
55,1,Manipulation,1,9,non_holder,non_holder,0.9806020855903625
55,1,Manipulation,1,10,non_holder,non_holder,0.9777530431747437
55,1,Manipulation,1,11,non_holder,non_holder,0.9712990522384644
55,1,Manipulation,1,12,non_holder,non_holder,0.9794256091117859
55,1,Manipulation,1,13,non_holder,holder,-0.7877598404884338
55,1,Manipulation,1,14,non_holder,non_holder,0.9663586020469666
55,1,Manipulation,2,3,holder,non_holder,-0.4760429263114929
55,1,Manipulation,2,4,holder,non_holder,-0.5036220550537109
55,1,Manipulation,2,5,holder,non_holder,-0.4967647194862366
55,1,Manipulation,2,6,holder,non_holder,-0.4559289515018463
55,1,Manipulation,2,7,holder,non_holder,-0.5449408888816833
55,1,Manipulation,2,8,holder,non_holder,-0.49138736724853516
55,1,Manipulation,2,9,holder,non_holder,-0.5333634614944458
55,1,Manipulation,2,10,holder,non_holder,-0.5420863628387451
55,1,Manipulation,2,11,holder,non_holder,-0.5057107210159302
55,1,Manipulation,2,12,holder,non_holder,-0.5446251630783081
55,1,Manipulation,2,13,holder,holder,0.730247437953949
55,1,Manipulation,2,14,holder,non_holder,-0.5264670848846436
55,1,Manipulation,3,4,non_holder,non_holder,0.9474921822547913
55,1,Manipulation,3,5,non_holder,non_holder,0.9306244254112244
55,1,Manipulation,3,6,non_holder,non_holder,0.9003273844718933
55,1,Manipulation,3,7,non_holder,non_holder,0.9496555328369141
55,1,Manipulation,3,8,non_holder,non_holder,0.9340672492980957
55,1,Manipulation,3,9,non_holder,non_holder,0.9586719274520874
55,1,Manipulation,3,10,non_holder,non_holder,0.9628321528434753
55,1,Manipulation,3,11,non_holder,non_holder,0.9355992674827576
55,1,Manipulation,3,12,non_holder,non_holder,0.9564096927642822
55,1,Manipulation,3,13,non_holder,holder,-0.7649283409118652
55,1,Manipulation,3,14,non_holder,non_holder,0.935524046421051
55,1,Manipulation,4,5,non_holder,non_holder,0.9429916143417358
55,1,Manipulation,4,6,non_holder,non_holder,0.8853870630264282
55,1,Manipulation,4,7,non_holder,non_holder,0.9552822709083557
55,1,Manipulation,4,8,non_holder,non_holder,0.9193156957626343
55,1,Manipulation,4,9,non_holder,non_holder,0.9602622985839844
55,1,Manipulation,4,10,non_holder,non_holder,0.9698156118392944
55,1,Manipulation,4,11,non_holder,non_holder,0.9410123229026794
55,1,Manipulation,4,12,non_holder,non_holder,0.9630274176597595
55,1,Manipulation,4,13,non_holder,holder,-0.7637736797332764
55,1,Manipulation,4,14,non_holder,non_holder,0.9305981993675232
55,1,Manipulation,5,6,non_holder,non_holder,0.9278461933135986
55,1,Manipulation,5,7,non_holder,non_holder,0.9804865717887878
55,1,Manipulation,5,8,non_holder,non_holder,0.9473174810409546
55,1,Manipulation,5,9,non_holder,non_holder,0.9718454480171204
55,1,Manipulation,5,10,non_holder,non_holder,0.9427910447120667
55,1,Manipulation,5,11,non_holder,non_holder,0.9626049399375916
55,1,Manipulation,5,12,non_holder,non_holder,0.970955491065979
55,1,Manipulation,5,13,non_holder,holder,-0.7600038647651672
55,1,Manipulation,5,14,non_holder,non_holder,0.9633655548095703
55,1,Manipulation,6,7,non_holder,non_holder,0.9330264329910278
55,1,Manipulation,6,8,non_holder,non_holder,0.9488518834114075
55,1,Manipulation,6,9,non_holder,non_holder,0.9519705772399902
55,1,Manipulation,6,10,non_holder,non_holder,0.8963675498962402
55,1,Manipulation,6,11,non_holder,non_holder,0.9429808259010315
55,1,Manipulation,6,12,non_holder,non_holder,0.9241054058074951
55,1,Manipulation,6,13,non_holder,holder,-0.7239993810653687
55,1,Manipulation,6,14,non_holder,non_holder,0.9405222535133362
55,1,Manipulation,7,8,non_holder,non_holder,0.9470289349555969
55,1,Manipulation,7,9,non_holder,non_holder,0.9874794483184814
55,1,Manipulation,7,10,non_holder,non_holder,0.9670189023017883
55,1,Manipulation,7,11,non_holder,non_holder,0.9712053537368774
55,1,Manipulation,7,12,non_holder,non_holder,0.9904757142066956
55,1,Manipulation,7,13,non_holder,holder,-0.8035991191864014
55,1,Manipulation,7,14,non_holder,non_holder,0.9794889688491821
55,1,Manipulation,8,9,non_holder,non_holder,0.9757255911827087
55,1,Manipulation,8,10,non_holder,non_holder,0.9158698916435242
55,1,Manipulation,8,11,non_holder,non_holder,0.9611657857894897
55,1,Manipulation,8,12,non_holder,non_holder,0.9473869800567627
55,1,Manipulation,8,13,non_holder,holder,-0.756537139415741
55,1,Manipulation,8,14,non_holder,non_holder,0.9525011777877808
55,1,Manipulation,9,10,non_holder,non_holder,0.9697455167770386
55,1,Manipulation,9,11,non_holder,non_holder,0.98625248670578
55,1,Manipulation,9,12,non_holder,non_holder,0.9899062514305115
55,1,Manipulation,9,13,non_holder,holder,-0.7993930578231812
55,1,Manipulation,9,14,non_holder,non_holder,0.978808581829071
55,1,Manipulation,10,11,non_holder,non_holder,0.9631010293960571
55,1,Manipulation,10,12,non_holder,non_holder,0.97918301820755
55,1,Manipulation,10,13,non_holder,holder,-0.7932389378547668
55,1,Manipulation,10,14,non_holder,non_holder,0.9524902701377869
55,1,Manipulation,11,12,non_holder,non_holder,0.9762269258499146
55,1,Manipulation,11,13,non_holder,holder,-0.7717258334159851
55,1,Manipulation,11,14,non_holder,non_holder,0.975975751876831
55,1,Manipulation,12,13,non_holder,holder,-0.8051208853721619
55,1,Manipulation,12,14,non_holder,non_holder,0.9731581211090088
55,1,Manipulation,13,14,holder,non_holder,-0.7811415791511536
55,1,Replay,0,1,non_holder,holder,-0.722308874130249
55,1,Replay,0,2,non_holder,non_holder,0.9332627654075623
55,1,Replay,0,3,non_holder,non_holder,0.9300569891929626
55,1,Replay,0,4,non_holder,holder,-0.2410222291946411
55,1,Replay,0,5,non_holder,non_holder,0.9350072741508484
55,1,Replay,0,6,non_holder,non_holder,0.9109739661216736
55,1,Replay,0,7,non_holder,non_holder,0.9469441771507263
55,1,Replay,0,8,non_holder,non_holder,0.9312638640403748
55,1,Replay,0,9,non_holder,non_holder,0.9449124336242676
55,1,Replay,0,10,non_holder,holder,-0.7021379470825195
55,1,Replay,0,11,non_holder,non_holder,0.9190765619277954
55,1,Replay,0,12,non_holder,non_holder,0.9405896067619324
55,1,Replay,0,13,non_holder,non_holder,0.9296473264694214
55,1,Replay,0,14,non_holder,non_holder,0.9192042946815491
55,1,Replay,1,2,holder,non_holder,-0.7976964712142944
55,1,Replay,1,3,holder,non_holder,-0.7318339943885803
55,1,Replay,1,4,holder,holder,0.6925874352455139
55,1,Replay,1,5,holder,non_holder,-0.7471222877502441
55,1,Replay,1,6,holder,non_holder,-0.6626971960067749
55,1,Replay,1,7,holder,non_holder,-0.7830553650856018
55,1,Replay,1,8,holder,non_holder,-0.7276105284690857
55,1,Replay,1,9,holder,non_holder,-0.7752095460891724
55,1,Replay,1,10,holder,holder,0.8481532335281372
55,1,Replay,1,11,holder,non_holder,-0.7497783303260803
55,1,Replay,1,12,holder,non_holder,-0.7945282459259033
55,1,Replay,1,13,holder,non_holder,-0.7769362330436707
55,1,Replay,1,14,holder,non_holder,-0.7479821443557739
55,1,Replay,2,3,non_holder,non_holder,0.9500075578689575
55,1,Replay,2,4,non_holder,holder,-0.34720343351364136
55,1,Replay,2,5,non_holder,non_holder,0.957635223865509
55,1,Replay,2,6,non_holder,non_holder,0.9329456686973572
55,1,Replay,2,7,non_holder,non_holder,0.9801207780838013
55,1,Replay,2,8,non_holder,non_holder,0.9387044906616211
55,1,Replay,2,9,non_holder,non_holder,0.9834126830101013
55,1,Replay,2,10,non_holder,holder,-0.783374547958374
55,1,Replay,2,11,non_holder,non_holder,0.9651368856430054
55,1,Replay,2,12,non_holder,non_holder,0.9926900863647461
55,1,Replay,2,13,non_holder,non_holder,0.9868185520172119
55,1,Replay,2,14,non_holder,non_holder,0.9600117206573486
55,1,Replay,3,4,non_holder,holder,-0.2614002227783203
55,1,Replay,3,5,non_holder,non_holder,0.9290654063224792
55,1,Replay,3,6,non_holder,non_holder,0.9113300442695618
55,1,Replay,3,7,non_holder,non_holder,0.9468995928764343
55,1,Replay,3,8,non_holder,non_holder,0.9405151605606079
55,1,Replay,3,9,non_holder,non_holder,0.9583336114883423
55,1,Replay,3,10,non_holder,holder,-0.7067776918411255
55,1,Replay,3,11,non_holder,non_holder,0.9362714886665344
55,1,Replay,3,12,non_holder,non_holder,0.9551523923873901
55,1,Replay,3,13,non_holder,non_holder,0.9426369071006775
55,1,Replay,3,14,non_holder,non_holder,0.9359104633331299
55,1,Replay,4,5,holder,non_holder,-0.24419020116329193
55,1,Replay,4,6,holder,non_holder,-0.1758856475353241
55,1,Replay,4,7,holder,non_holder,-0.3074130117893219
55,1,Replay,4,8,holder,non_holder,-0.24882641434669495
55,1,Replay,4,9,holder,non_holder,-0.3015681803226471
55,1,Replay,4,10,holder,holder,0.7325973510742188
55,1,Replay,4,11,holder,non_holder,-0.28257566690444946
55,1,Replay,4,12,holder,non_holder,-0.33290547132492065
55,1,Replay,4,13,holder,non_holder,-0.3075619041919708
55,1,Replay,4,14,holder,non_holder,-0.2638299763202667
55,1,Replay,5,6,non_holder,non_holder,0.926069438457489
55,1,Replay,5,7,non_holder,non_holder,0.9808578491210938
55,1,Replay,5,8,non_holder,non_holder,0.94768887758255
55,1,Replay,5,9,non_holder,non_holder,0.9710978269577026
55,1,Replay,5,10,non_holder,holder,-0.7215850353240967
55,1,Replay,5,11,non_holder,non_holder,0.9617903232574463
55,1,Replay,5,12,non_holder,non_holder,0.969364583492279
55,1,Replay,5,13,non_holder,non_holder,0.9440016746520996
55,1,Replay,5,14,non_holder,non_holder,0.9633126258850098
55,1,Replay,6,7,non_holder,non_holder,0.9318912625312805
55,1,Replay,6,8,non_holder,non_holder,0.9489420056343079
55,1,Replay,6,9,non_holder,non_holder,0.9557146430015564
55,1,Replay,6,10,non_holder,holder,-0.6651930809020996
55,1,Replay,6,11,non_holder,non_holder,0.9447329044342041
55,1,Replay,6,12,non_holder,non_holder,0.931602418422699
55,1,Replay,6,13,non_holder,non_holder,0.9391677379608154
55,1,Replay,6,14,non_holder,non_holder,0.9406821727752686
55,1,Replay,7,8,non_holder,non_holder,0.946689248085022
55,1,Replay,7,9,non_holder,non_holder,0.9859158396720886
55,1,Replay,7,10,non_holder,holder,-0.757370114326477
55,1,Replay,7,11,non_holder,non_holder,0.9704397916793823
55,1,Replay,7,12,non_holder,non_holder,0.9895346760749817
55,1,Replay,7,13,non_holder,non_holder,0.9700807332992554
55,1,Replay,7,14,non_holder,non_holder,0.9791170954704285
55,1,Replay,8,9,non_holder,non_holder,0.9758742451667786
55,1,Replay,8,10,non_holder,holder,-0.6860416531562805
55,1,Replay,8,11,non_holder,non_holder,0.9595211744308472
55,1,Replay,8,12,non_holder,non_holder,0.947140634059906
55,1,Replay,8,13,non_holder,non_holder,0.940498948097229
55,1,Replay,8,14,non_holder,non_holder,0.952033519744873
55,1,Replay,9,10,non_holder,holder,-0.7413820624351501
55,1,Replay,9,11,non_holder,non_holder,0.9872310161590576
55,1,Replay,9,12,non_holder,non_holder,0.9891794919967651
55,1,Replay,9,13,non_holder,non_holder,0.978802502155304
55,1,Replay,9,14,non_holder,non_holder,0.9790539741516113
55,1,Replay,10,11,holder,non_holder,-0.7257238626480103
55,1,Replay,10,12,holder,non_holder,-0.7651692032814026
55,1,Replay,10,13,holder,non_holder,-0.7520446181297302
55,1,Replay,10,14,holder,non_holder,-0.7158279418945312
55,1,Replay,11,12,non_holder,non_holder,0.9757556319236755
55,1,Replay,11,13,non_holder,non_holder,0.9652782082557678
55,1,Replay,11,14,non_holder,non_holder,0.9774580001831055
55,1,Replay,12,13,non_holder,non_holder,0.9777463674545288
55,1,Replay,12,14,non_holder,non_holder,0.9727987051010132
55,1,Replay,13,14,non_holder,non_holder,0.9644327759742737
55,5,Manipulation,0,1,non_holder,non_holder,0.9046564102172852
55,5,Manipulation,0,2,non_holder,holder,-0.8543150424957275
55,5,Manipulation,0,3,non_holder,non_holder,0.9584161639213562
55,5,Manipulation,0,4,non_holder,non_holder,0.9164230227470398
55,5,Manipulation,0,5,non_holder,non_holder,0.9322465062141418
55,5,Manipulation,0,6,non_holder,non_holder,0.9055227041244507
55,5,Manipulation,0,7,non_holder,non_holder,0.9216113090515137
55,5,Manipulation,0,8,non_holder,non_holder,0.9251291751861572
55,5,Manipulation,0,9,non_holder,non_holder,0.923932671546936
55,5,Manipulation,0,10,non_holder,non_holder,0.9124678373336792
55,5,Manipulation,0,11,non_holder,non_holder,0.9114031195640564
55,5,Manipulation,0,12,non_holder,non_holder,0.9277390837669373
55,5,Manipulation,0,13,non_holder,holder,-0.8700195550918579
55,5,Manipulation,0,14,non_holder,non_holder,0.8998426198959351
55,5,Manipulation,1,2,non_holder,holder,-0.9816070199012756
55,5,Manipulation,1,3,non_holder,non_holder,0.9683084487915039
55,5,Manipulation,1,4,non_holder,non_holder,0.9912497401237488
55,5,Manipulation,1,5,non_holder,non_holder,0.9709997177124023
55,5,Manipulation,1,6,non_holder,non_holder,0.9359998106956482
55,5,Manipulation,1,7,non_holder,non_holder,0.9858811497688293
55,5,Manipulation,1,8,non_holder,non_holder,0.9757760167121887
55,5,Manipulation,1,9,non_holder,non_holder,0.9922055602073669
55,5,Manipulation,1,10,non_holder,non_holder,0.997722327709198
55,5,Manipulation,1,11,non_holder,non_holder,0.9915790557861328
55,5,Manipulation,1,12,non_holder,non_holder,0.9918927550315857
55,5,Manipulation,1,13,non_holder,holder,-0.9825006723403931
55,5,Manipulation,1,14,non_holder,non_holder,0.980230450630188
55,5,Manipulation,2,3,holder,non_holder,-0.9278272986412048
55,5,Manipulation,2,4,holder,non_holder,-0.9608861804008484
55,5,Manipulation,2,5,holder,non_holder,-0.9365316033363342
55,5,Manipulation,2,6,holder,non_holder,-0.9097922444343567
55,5,Manipulation,2,7,holder,non_holder,-0.9627598524093628
55,5,Manipulation,2,8,holder,non_holder,-0.9557948112487793
55,5,Manipulation,2,9,holder,non_holder,-0.973224937915802
55,5,Manipulation,2,10,holder,non_holder,-0.9808670282363892
55,5,Manipulation,2,11,holder,non_holder,-0.9745212197303772
55,5,Manipulation,2,12,holder,non_holder,-0.9704602956771851
55,5,Manipulation,2,13,holder,holder,0.9914095401763916
55,5,Manipulation,2,14,holder,non_holder,-0.9671337604522705
55,5,Manipulation,3,4,non_holder,non_holder,0.9724841713905334
55,5,Manipulation,3,5,non_holder,non_holder,0.9688410758972168
55,5,Manipulation,3,6,non_holder,non_holder,0.9260308146476746
55,5,Manipulation,3,7,non_holder,non_holder,0.9704611897468567
55,5,Manipulation,3,8,non_holder,non_holder,0.9677348732948303
55,5,Manipulation,3,9,non_holder,non_holder,0.9771552681922913
55,5,Manipulation,3,10,non_holder,non_holder,0.9697167277336121
55,5,Manipulation,3,11,non_holder,non_holder,0.9747665524482727
55,5,Manipulation,3,12,non_holder,non_holder,0.9783947467803955
55,5,Manipulation,3,13,non_holder,holder,-0.9386711716651917
55,5,Manipulation,3,14,non_holder,non_holder,0.9565378427505493
55,5,Manipulation,4,5,non_holder,non_holder,0.9653637409210205
55,5,Manipulation,4,6,non_holder,non_holder,0.9239295125007629
55,5,Manipulation,4,7,non_holder,non_holder,0.973408043384552
55,5,Manipulation,4,8,non_holder,non_holder,0.9653320908546448
55,5,Manipulation,4,9,non_holder,non_holder,0.9807132482528687
55,5,Manipulation,4,10,non_holder,non_holder,0.9903839230537415
55,5,Manipulation,4,11,non_holder,non_holder,0.9821422100067139
55,5,Manipulation,4,12,non_holder,non_holder,0.9820685386657715
55,5,Manipulation,4,13,non_holder,holder,-0.9653534293174744
55,5,Manipulation,4,14,non_holder,non_holder,0.9652246832847595
55,5,Manipulation,5,6,non_holder,non_holder,0.9731512665748596
55,5,Manipulation,5,7,non_holder,non_holder,0.9888284802436829
55,5,Manipulation,5,8,non_holder,non_holder,0.9786757826805115
55,5,Manipulation,5,9,non_holder,non_holder,0.9843827486038208
55,5,Manipulation,5,10,non_holder,non_holder,0.9725298285484314
55,5,Manipulation,5,11,non_holder,non_holder,0.9748188853263855
55,5,Manipulation,5,12,non_holder,non_holder,0.9891018867492676
55,5,Manipulation,5,13,non_holder,holder,-0.9357003569602966
55,5,Manipulation,5,14,non_holder,non_holder,0.9739049673080444
55,5,Manipulation,6,7,non_holder,non_holder,0.9740065336227417
55,5,Manipulation,6,8,non_holder,non_holder,0.9474130272865295
55,5,Manipulation,6,9,non_holder,non_holder,0.9547660946846008
55,5,Manipulation,6,10,non_holder,non_holder,0.9389640688896179
55,5,Manipulation,6,11,non_holder,non_holder,0.9438244700431824
55,5,Manipulation,6,12,non_holder,non_holder,0.9612329602241516
55,5,Manipulation,6,13,non_holder,holder,-0.9142175912857056
55,5,Manipulation,6,14,non_holder,non_holder,0.960969090461731
55,5,Manipulation,7,8,non_holder,non_holder,0.9815924763679504
55,5,Manipulation,7,9,non_holder,non_holder,0.9939455389976501
55,5,Manipulation,7,10,non_holder,non_holder,0.9868491291999817
55,5,Manipulation,7,11,non_holder,non_holder,0.9876004457473755
55,5,Manipulation,7,12,non_holder,non_holder,0.9949724078178406
55,5,Manipulation,7,13,non_holder,holder,-0.9645621180534363
55,5,Manipulation,7,14,non_holder,non_holder,0.9926478862762451
55,5,Manipulation,8,9,non_holder,non_holder,0.9898579120635986
55,5,Manipulation,8,10,non_holder,non_holder,0.9773422479629517
55,5,Manipulation,8,11,non_holder,non_holder,0.9842157959938049
55,5,Manipulation,8,12,non_holder,non_holder,0.9870142936706543
55,5,Manipulation,8,13,non_holder,holder,-0.9546921849250793
55,5,Manipulation,8,14,non_holder,non_holder,0.9727498888969421
55,5,Manipulation,9,10,non_holder,non_holder,0.9931838512420654
55,5,Manipulation,9,11,non_holder,non_holder,0.9950833320617676
55,5,Manipulation,9,12,non_holder,non_holder,0.9979708194732666
55,5,Manipulation,9,13,non_holder,holder,-0.9738779664039612
55,5,Manipulation,9,14,non_holder,non_holder,0.9869365096092224
55,5,Manipulation,10,11,non_holder,non_holder,0.9918660521507263
55,5,Manipulation,10,12,non_holder,non_holder,0.9931380152702332
55,5,Manipulation,10,13,non_holder,holder,-0.9800799489021301
55,5,Manipulation,10,14,non_holder,non_holder,0.9824095368385315
55,5,Manipulation,11,12,non_holder,non_holder,0.9929720759391785
55,5,Manipulation,11,13,non_holder,holder,-0.9755840301513672
55,5,Manipulation,11,14,non_holder,non_holder,0.981672465801239
55,5,Manipulation,12,13,non_holder,holder,-0.9700488448143005
55,5,Manipulation,12,14,non_holder,non_holder,0.9852985739707947
55,5,Manipulation,13,14,holder,non_holder,-0.9669742584228516
55,5,Replay,0,1,non_holder,holder,-0.8762840628623962
55,5,Replay,0,2,non_holder,non_holder,0.9114459156990051
55,5,Replay,0,3,non_holder,non_holder,0.9368696212768555
55,5,Replay,0,4,non_holder,holder,-0.8244978785514832
55,5,Replay,0,5,non_holder,non_holder,0.9424024820327759
55,5,Replay,0,6,non_holder,non_holder,0.9215676188468933
55,5,Replay,0,7,non_holder,non_holder,0.9199522137641907
55,5,Replay,0,8,non_holder,non_holder,0.9103503227233887
55,5,Replay,0,9,non_holder,non_holder,0.9068148732185364
55,5,Replay,0,10,non_holder,holder,-0.8383041620254517
55,5,Replay,0,11,non_holder,non_holder,0.8883368968963623
55,5,Replay,0,12,non_holder,non_holder,0.918283224105835
55,5,Replay,0,13,non_holder,non_holder,0.9121874570846558
55,5,Replay,0,14,non_holder,non_holder,0.8871806859970093
55,5,Replay,1,2,holder,non_holder,-0.9850805401802063
55,5,Replay,1,3,holder,non_holder,-0.9574663639068604
55,5,Replay,1,4,holder,holder,0.9812564253807068
55,5,Replay,1,5,holder,non_holder,-0.9460715651512146
55,5,Replay,1,6,holder,non_holder,-0.9276975393295288
55,5,Replay,1,7,holder,non_holder,-0.972049355506897
55,5,Replay,1,8,holder,non_holder,-0.9703653454780579
55,5,Replay,1,9,holder,non_holder,-0.9828875064849854
55,5,Replay,1,10,holder,holder,0.9858166575431824
55,5,Replay,1,11,holder,non_holder,-0.9823650121688843
55,5,Replay,1,12,holder,non_holder,-0.9813508987426758
55,5,Replay,1,13,holder,non_holder,-0.9854190349578857
55,5,Replay,1,14,holder,non_holder,-0.974115252494812
55,5,Replay,2,3,non_holder,non_holder,0.9790351986885071
55,5,Replay,2,4,non_holder,holder,-0.9542096257209778
55,5,Replay,2,5,non_holder,non_holder,0.9737700819969177
55,5,Replay,2,6,non_holder,non_holder,0.9652833342552185
55,5,Replay,2,7,non_holder,non_holder,0.9940117597579956
55,5,Replay,2,8,non_holder,non_holder,0.9891237020492554
55,5,Replay,2,9,non_holder,non_holder,0.9979422092437744
55,5,Replay,2,10,non_holder,holder,-0.9678677916526794
55,5,Replay,2,11,non_holder,non_holder,0.9922283887863159
55,5,Replay,2,12,non_holder,non_holder,0.9981838464736938
55,5,Replay,2,13,non_holder,non_holder,0.998630702495575
55,5,Replay,2,14,non_holder,non_holder,0.9914304614067078
55,5,Replay,3,4,non_holder,holder,-0.9129195809364319
55,5,Replay,3,5,non_holder,non_holder,0.9668456315994263
55,5,Replay,3,6,non_holder,non_holder,0.9423435926437378
55,5,Replay,3,7,non_holder,non_holder,0.9738061428070068
55,5,Replay,3,8,non_holder,non_holder,0.9671831130981445
55,5,Replay,3,9,non_holder,non_holder,0.9748630523681641
55,5,Replay,3,10,non_holder,holder,-0.9286832809448242
55,5,Replay,3,11,non_holder,non_holder,0.9701948165893555
55,5,Replay,3,12,non_holder,non_holder,0.9788890480995178
55,5,Replay,3,13,non_holder,non_holder,0.9789825677871704
55,5,Replay,3,14,non_holder,non_holder,0.9614277482032776
55,5,Replay,4,5,holder,non_holder,-0.8988699913024902
55,5,Replay,4,6,holder,non_holder,-0.8775364756584167
55,5,Replay,4,7,holder,non_holder,-0.9323068261146545
55,5,Replay,4,8,holder,non_holder,-0.9364787340164185
55,5,Replay,4,9,holder,non_holder,-0.9515918493270874
55,5,Replay,4,10,holder,holder,0.9897184371948242
55,5,Replay,4,11,holder,non_holder,-0.9560381770133972
55,5,Replay,4,12,holder,non_holder,-0.947547435760498
55,5,Replay,4,13,holder,non_holder,-0.9540862441062927
55,5,Replay,4,14,holder,non_holder,-0.9413528442382812
55,5,Replay,5,6,non_holder,non_holder,0.9765346050262451
55,5,Replay,5,7,non_holder,non_holder,0.9859582185745239
55,5,Replay,5,8,non_holder,non_holder,0.9761127233505249
55,5,Replay,5,9,non_holder,non_holder,0.9747117161750793
55,5,Replay,5,10,non_holder,holder,-0.9184663891792297
55,5,Replay,5,11,non_holder,non_holder,0.9556947946548462
55,5,Replay,5,12,non_holder,non_holder,0.9829795956611633
55,5,Replay,5,13,non_holder,non_holder,0.9679116010665894
55,5,Replay,5,14,non_holder,non_holder,0.9638797044754028
55,5,Replay,6,7,non_holder,non_holder,0.9812117218971252
55,5,Replay,6,8,non_holder,non_holder,0.9635553359985352
55,5,Replay,6,9,non_holder,non_holder,0.9650102257728577
55,5,Replay,6,10,non_holder,holder,-0.9005270600318909
55,5,Replay,6,11,non_holder,non_holder,0.9463945627212524
55,5,Replay,6,12,non_holder,non_holder,0.9705260396003723
55,5,Replay,6,13,non_holder,non_holder,0.9623859524726868
55,5,Replay,6,14,non_holder,non_holder,0.9677003622055054
55,5,Replay,7,8,non_holder,non_holder,0.9881591200828552
55,5,Replay,7,9,non_holder,non_holder,0.9940118193626404
55,5,Replay,7,10,non_holder,holder,-0.9506596326828003
55,5,Replay,7,11,non_holder,non_holder,0.9824071526527405
55,5,Replay,7,12,non_holder,non_holder,0.9961507320404053
55,5,Replay,7,13,non_holder,non_holder,0.9912718534469604
55,5,Replay,7,14,non_holder,non_holder,0.991274356842041
55,5,Replay,8,9,non_holder,non_holder,0.9923743605613708
55,5,Replay,8,10,non_holder,holder,-0.9522544741630554
55,5,Replay,8,11,non_holder,non_holder,0.9824602603912354
55,5,Replay,8,12,non_holder,non_holder,0.99089515209198
55,5,Replay,8,13,non_holder,non_holder,0.9861796498298645
55,5,Replay,8,14,non_holder,non_holder,0.9818869233131409
55,5,Replay,9,10,non_holder,holder,-0.9667809009552002
55,5,Replay,9,11,non_holder,non_holder,0.9925156831741333
55,5,Replay,9,12,non_holder,non_holder,0.9976651668548584
55,5,Replay,9,13,non_holder,non_holder,0.995570182800293
55,5,Replay,9,14,non_holder,non_holder,0.9911056756973267
55,5,Replay,10,11,holder,non_holder,-0.9682300090789795
55,5,Replay,10,12,holder,non_holder,-0.962425708770752
55,5,Replay,10,13,holder,non_holder,-0.9668871760368347
55,5,Replay,10,14,holder,non_holder,-0.961388349533081
55,5,Replay,11,12,non_holder,non_holder,0.9881012439727783
55,5,Replay,11,13,non_holder,non_holder,0.9917526841163635
55,5,Replay,11,14,non_holder,non_holder,0.9833529591560364
55,5,Replay,12,13,non_holder,non_holder,0.9950005412101746
55,5,Replay,12,14,non_holder,non_holder,0.9892926812171936
55,5,Replay,13,14,non_holder,non_holder,0.9904060959815979
55,10,Manipulation,0,1,non_holder,non_holder,0.825563371181488
55,10,Manipulation,0,2,non_holder,holder,-0.812508761882782
55,10,Manipulation,0,3,non_holder,non_holder,0.9057497978210449
55,10,Manipulation,0,4,non_holder,non_holder,0.8450776934623718
55,10,Manipulation,0,5,non_holder,non_holder,0.8538909554481506
55,10,Manipulation,0,6,non_holder,non_holder,0.7654410004615784
55,10,Manipulation,0,7,non_holder,non_holder,0.8353281021118164
55,10,Manipulation,0,8,non_holder,non_holder,0.8493632078170776
55,10,Manipulation,0,9,non_holder,non_holder,0.8734865784645081
55,10,Manipulation,0,10,non_holder,non_holder,0.8470070362091064
55,10,Manipulation,0,11,non_holder,non_holder,0.8483961224555969
55,10,Manipulation,0,12,non_holder,non_holder,0.8487296104431152
55,10,Manipulation,0,13,non_holder,holder,-0.7980244159698486
55,10,Manipulation,0,14,non_holder,non_holder,0.8410860300064087
55,10,Manipulation,1,2,non_holder,holder,-0.9927407503128052
55,10,Manipulation,1,3,non_holder,non_holder,0.9560707807540894
55,10,Manipulation,1,4,non_holder,non_holder,0.9864158630371094
55,10,Manipulation,1,5,non_holder,non_holder,0.9566572308540344
55,10,Manipulation,1,6,non_holder,non_holder,0.8913169503211975
55,10,Manipulation,1,7,non_holder,non_holder,0.9819819331169128
55,10,Manipulation,1,8,non_holder,non_holder,0.969512939453125
55,10,Manipulation,1,9,non_holder,non_holder,0.9738907814025879
55,10,Manipulation,1,10,non_holder,non_holder,0.9916006326675415
55,10,Manipulation,1,11,non_holder,non_holder,0.9798972606658936
55,10,Manipulation,1,12,non_holder,non_holder,0.9892856478691101
55,10,Manipulation,1,13,non_holder,holder,-0.9876892566680908
55,10,Manipulation,1,14,non_holder,non_holder,0.9726351499557495
55,10,Manipulation,2,3,holder,non_holder,-0.955290675163269
55,10,Manipulation,2,4,holder,non_holder,-0.9823223352432251
55,10,Manipulation,2,5,holder,non_holder,-0.9532833099365234
55,10,Manipulation,2,6,holder,non_holder,-0.8888745307922363
55,10,Manipulation,2,7,holder,non_holder,-0.9827431440353394
55,10,Manipulation,2,8,holder,non_holder,-0.9693033695220947
55,10,Manipulation,2,9,holder,non_holder,-0.9746429920196533
55,10,Manipulation,2,10,holder,non_holder,-0.991318941116333
55,10,Manipulation,2,11,holder,non_holder,-0.981041669845581
55,10,Manipulation,2,12,holder,non_holder,-0.9898968935012817
55,10,Manipulation,2,13,holder,holder,0.9938187003135681
55,10,Manipulation,2,14,holder,non_holder,-0.9716636538505554
55,10,Manipulation,3,4,non_holder,non_holder,0.9642789363861084
55,10,Manipulation,3,5,non_holder,non_holder,0.9507175087928772
55,10,Manipulation,3,6,non_holder,non_holder,0.8706983327865601
55,10,Manipulation,3,7,non_holder,non_holder,0.9589502811431885
55,10,Manipulation,3,8,non_holder,non_holder,0.9605089426040649
55,10,Manipulation,3,9,non_holder,non_holder,0.9737799167633057
55,10,Manipulation,3,10,non_holder,non_holder,0.970271646976471
55,10,Manipulation,3,11,non_holder,non_holder,0.9676714539527893
55,10,Manipulation,3,12,non_holder,non_holder,0.9674598574638367
55,10,Manipulation,3,13,non_holder,holder,-0.9407497048377991
55,10,Manipulation,3,14,non_holder,non_holder,0.9524305462837219
55,10,Manipulation,4,5,non_holder,non_holder,0.9474910497665405
55,10,Manipulation,4,6,non_holder,non_holder,0.8696935176849365
55,10,Manipulation,4,7,non_holder,non_holder,0.9706453084945679
55,10,Manipulation,4,8,non_holder,non_holder,0.9667978882789612
55,10,Manipulation,4,9,non_holder,non_holder,0.9706570506095886
55,10,Manipulation,4,10,non_holder,non_holder,0.9889888763427734
55,10,Manipulation,4,11,non_holder,non_holder,0.9761787056922913
55,10,Manipulation,4,12,non_holder,non_holder,0.977785050868988
55,10,Manipulation,4,13,non_holder,holder,-0.9769997000694275
55,10,Manipulation,4,14,non_holder,non_holder,0.9669799208641052
55,10,Manipulation,5,6,non_holder,non_holder,0.939896285533905
55,10,Manipulation,5,7,non_holder,non_holder,0.9845841526985168
55,10,Manipulation,5,8,non_holder,non_holder,0.9636375308036804
55,10,Manipulation,5,9,non_holder,non_holder,0.9700403809547424
55,10,Manipulation,5,10,non_holder,non_holder,0.9727892875671387
55,10,Manipulation,5,11,non_holder,non_holder,0.9653903245925903
55,10,Manipulation,5,12,non_holder,non_holder,0.9763165712356567
55,10,Manipulation,5,13,non_holder,holder,-0.9336830377578735
55,10,Manipulation,5,14,non_holder,non_holder,0.9806839227676392
55,10,Manipulation,6,7,non_holder,non_holder,0.9300044775009155
55,10,Manipulation,6,8,non_holder,non_holder,0.876504123210907
55,10,Manipulation,6,9,non_holder,non_holder,0.8896609544754028
55,10,Manipulation,6,10,non_holder,non_holder,0.9027754664421082
55,10,Manipulation,6,11,non_holder,non_holder,0.883881688117981
55,10,Manipulation,6,12,non_holder,non_holder,0.9051387906074524
55,10,Manipulation,6,13,non_holder,holder,-0.8656176924705505
55,10,Manipulation,6,14,non_holder,non_holder,0.9209854006767273
55,10,Manipulation,7,8,non_holder,non_holder,0.9717438220977783
55,10,Manipulation,7,9,non_holder,non_holder,0.9771586656570435
55,10,Manipulation,7,10,non_holder,non_holder,0.9901131391525269
55,10,Manipulation,7,11,non_holder,non_holder,0.9769437313079834
55,10,Manipulation,7,12,non_holder,non_holder,0.9924778938293457
55,10,Manipulation,7,13,non_holder,holder,-0.9710994362831116
55,10,Manipulation,7,14,non_holder,non_holder,0.9914974570274353
55,10,Manipulation,8,9,non_holder,non_holder,0.9832137823104858
55,10,Manipulation,8,10,non_holder,non_holder,0.9750335216522217
55,10,Manipulation,8,11,non_holder,non_holder,0.9922465085983276
55,10,Manipulation,8,12,non_holder,non_holder,0.977335512638092
55,10,Manipulation,8,13,non_holder,holder,-0.955323338508606
55,10,Manipulation,8,14,non_holder,non_holder,0.9659264087677002
55,10,Manipulation,9,10,non_holder,non_holder,0.9853827357292175
55,10,Manipulation,9,11,non_holder,non_holder,0.9891814589500427
55,10,Manipulation,9,12,non_holder,non_holder,0.9864073991775513
55,10,Manipulation,9,13,non_holder,holder,-0.9582869410514832
55,10,Manipulation,9,14,non_holder,non_holder,0.972038209438324
55,10,Manipulation,10,11,non_holder,non_holder,0.9850978851318359
55,10,Manipulation,10,12,non_holder,non_holder,0.9945533275604248
55,10,Manipulation,10,13,non_holder,holder,-0.9807409644126892
55,10,Manipulation,10,14,non_holder,non_holder,0.9852764010429382
55,10,Manipulation,11,12,non_holder,non_holder,0.9854605793952942
55,10,Manipulation,11,13,non_holder,holder,-0.9675223231315613
55,10,Manipulation,11,14,non_holder,non_holder,0.9701457023620605
55,10,Manipulation,12,13,non_holder,holder,-0.9775652885437012
55,10,Manipulation,12,14,non_holder,non_holder,0.982646644115448
55,10,Manipulation,13,14,holder,non_holder,-0.961296021938324
55,10,Replay,0,1,non_holder,holder,-0.8533968329429626
55,10,Replay,0,2,non_holder,non_holder,0.8887894749641418
55,10,Replay,0,3,non_holder,non_holder,0.9202858805656433
55,10,Replay,0,4,non_holder,holder,-0.747687816619873
55,10,Replay,0,5,non_holder,non_holder,0.8810477256774902
55,10,Replay,0,6,non_holder,non_holder,0.7865449786186218
55,10,Replay,0,7,non_holder,non_holder,0.8677559494972229
55,10,Replay,0,8,non_holder,non_holder,0.876998245716095
55,10,Replay,0,9,non_holder,non_holder,0.8949562311172485
55,10,Replay,0,10,non_holder,holder,-0.8214291334152222
55,10,Replay,0,11,non_holder,non_holder,0.8741914629936218
55,10,Replay,0,12,non_holder,non_holder,0.8842421770095825
55,10,Replay,0,13,non_holder,non_holder,0.878638505935669
55,10,Replay,0,14,non_holder,non_holder,0.8698873519897461
55,10,Replay,1,2,holder,non_holder,-0.984008252620697
55,10,Replay,1,3,holder,non_holder,-0.9544803500175476
55,10,Replay,1,4,holder,holder,0.954883337020874
55,10,Replay,1,5,holder,non_holder,-0.9308292865753174
55,10,Replay,1,6,holder,non_holder,-0.8801480531692505
55,10,Replay,1,7,holder,non_holder,-0.9712194800376892
55,10,Replay,1,8,holder,non_holder,-0.9676123857498169
55,10,Replay,1,9,holder,non_holder,-0.9711291790008545
55,10,Replay,1,10,holder,holder,0.9938387274742126
55,10,Replay,1,11,holder,non_holder,-0.9764776825904846
55,10,Replay,1,12,holder,non_holder,-0.9812746047973633
55,10,Replay,1,13,holder,non_holder,-0.9873003959655762
55,10,Replay,1,14,holder,non_holder,-0.9641000628471375
55,10,Replay,2,3,non_holder,non_holder,0.9798851609230042
55,10,Replay,2,4,non_holder,holder,-0.9053849577903748
55,10,Replay,2,5,non_holder,non_holder,0.963642418384552
55,10,Replay,2,6,non_holder,non_holder,0.9028051495552063
55,10,Replay,2,7,non_holder,non_holder,0.9911805391311646
55,10,Replay,2,8,non_holder,non_holder,0.9841873645782471
55,10,Replay,2,9,non_holder,non_holder,0.9924603700637817
55,10,Replay,2,10,non_holder,holder,-0.9778211712837219
55,10,Replay,2,11,non_holder,non_holder,0.9908943176269531
55,10,Replay,2,12,non_holder,non_holder,0.9970364570617676
55,10,Replay,2,13,non_holder,non_holder,0.9984360933303833
55,10,Replay,2,14,non_holder,non_holder,0.9863594770431519
55,10,Replay,3,4,non_holder,holder,-0.8791782259941101
55,10,Replay,3,5,non_holder,non_holder,0.9483214020729065
55,10,Replay,3,6,non_holder,non_holder,0.871049165725708
55,10,Replay,3,7,non_holder,non_holder,0.965333104133606
55,10,Replay,3,8,non_holder,non_holder,0.9683710932731628
55,10,Replay,3,9,non_holder,non_holder,0.976283609867096
55,10,Replay,3,10,non_holder,holder,-0.9477878212928772
55,10,Replay,3,11,non_holder,non_holder,0.9736908078193665
55,10,Replay,3,12,non_holder,non_holder,0.9763062000274658
55,10,Replay,3,13,non_holder,non_holder,0.975702166557312
55,10,Replay,3,14,non_holder,non_holder,0.9591414332389832
55,10,Replay,4,5,holder,non_holder,-0.8238317370414734
55,10,Replay,4,6,holder,non_holder,-0.7992410063743591
55,10,Replay,4,7,holder,non_holder,-0.8892577886581421
55,10,Replay,4,8,holder,non_holder,-0.8876104950904846
55,10,Replay,4,9,holder,non_holder,-0.8820685744285583
55,10,Replay,4,10,holder,holder,0.9484053254127502
55,10,Replay,4,11,holder,non_holder,-0.8977262377738953
55,10,Replay,4,12,holder,non_holder,-0.9065927863121033
55,10,Replay,4,13,holder,non_holder,-0.9130952954292297
55,10,Replay,4,14,holder,non_holder,-0.867023229598999
55,10,Replay,5,6,non_holder,non_holder,0.9395193457603455
55,10,Replay,5,7,non_holder,non_holder,0.9773104786872864
55,10,Replay,5,8,non_holder,non_holder,0.9586694836616516
55,10,Replay,5,9,non_holder,non_holder,0.9657713770866394
55,10,Replay,5,10,non_holder,holder,-0.9209410548210144
55,10,Replay,5,11,non_holder,non_holder,0.9571987390518188
55,10,Replay,5,12,non_holder,non_holder,0.9677699208259583
55,10,Replay,5,13,non_holder,non_holder,0.9563069939613342
55,10,Replay,5,14,non_holder,non_holder,0.9744671583175659
55,10,Replay,6,7,non_holder,non_holder,0.9295020699501038
55,10,Replay,6,8,non_holder,non_holder,0.8784725666046143
55,10,Replay,6,9,non_holder,non_holder,0.891409695148468
55,10,Replay,6,10,non_holder,holder,-0.8613449335098267
55,10,Replay,6,11,non_holder,non_holder,0.8858228325843811
55,10,Replay,6,12,non_holder,non_holder,0.9073675870895386
55,10,Replay,6,13,non_holder,non_holder,0.8925763368606567
55,10,Replay,6,14,non_holder,non_holder,0.9192241430282593
55,10,Replay,7,8,non_holder,non_holder,0.9763297438621521
55,10,Replay,7,9,non_holder,non_holder,0.9817115664482117
55,10,Replay,7,10,non_holder,holder,-0.9650791883468628
55,10,Replay,7,11,non_holder,non_holder,0.9802037477493286
55,10,Replay,7,12,non_holder,non_holder,0.992853581905365
55,10,Replay,7,13,non_holder,non_holder,0.9890987873077393
55,10,Replay,7,14,non_holder,non_holder,0.9930890202522278
55,10,Replay,8,9,non_holder,non_holder,0.9883436560630798
55,10,Replay,8,10,non_holder,holder,-0.963438093662262
55,10,Replay,8,11,non_holder,non_holder,0.994253396987915
55,10,Replay,8,12,non_holder,non_holder,0.9828318953514099
55,10,Replay,8,13,non_holder,non_holder,0.9841035604476929
55,10,Replay,8,14,non_holder,non_holder,0.9739504456520081
55,10,Replay,9,10,non_holder,holder,-0.9646708369255066
55,10,Replay,9,11,non_holder,non_holder,0.9925965666770935
55,10,Replay,9,12,non_holder,non_holder,0.9911850690841675
55,10,Replay,9,13,non_holder,non_holder,0.9902008175849915
55,10,Replay,9,14,non_holder,non_holder,0.9794220328330994
55,10,Replay,10,11,holder,non_holder,-0.973576009273529
55,10,Replay,10,12,holder,non_holder,-0.9736692309379578
55,10,Replay,10,13,holder,non_holder,-0.9838474988937378
55,10,Replay,10,14,holder,non_holder,-0.9577850699424744
55,10,Replay,11,12,non_holder,non_holder,0.9885433316230774
55,10,Replay,11,13,non_holder,non_holder,0.9910433292388916
55,10,Replay,11,14,non_holder,non_holder,0.9765130877494812
55,10,Replay,12,13,non_holder,non_holder,0.995061457157135
55,10,Replay,12,14,non_holder,non_holder,0.9856606721878052
55,10,Replay,13,14,non_holder,non_holder,0.9845626950263977
55,20,Manipulation,0,1,non_holder,non_holder,0.7872689366340637
55,20,Manipulation,0,2,non_holder,holder,-0.7707657814025879
55,20,Manipulation,0,3,non_holder,non_holder,0.8826032876968384
55,20,Manipulation,0,4,non_holder,non_holder,0.8111457824707031
55,20,Manipulation,0,5,non_holder,non_holder,0.8893744349479675
55,20,Manipulation,0,6,non_holder,non_holder,0.8408709168434143
55,20,Manipulation,0,7,non_holder,non_holder,0.8745493292808533
55,20,Manipulation,0,8,non_holder,non_holder,0.8367266654968262
55,20,Manipulation,0,9,non_holder,non_holder,0.8774604797363281
55,20,Manipulation,0,10,non_holder,non_holder,0.854151725769043
55,20,Manipulation,0,11,non_holder,non_holder,0.8566558957099915
55,20,Manipulation,0,12,non_holder,non_holder,0.8807005286216736
55,20,Manipulation,0,13,non_holder,holder,-0.796897292137146
55,20,Manipulation,0,14,non_holder,non_holder,0.8487339615821838
55,20,Manipulation,1,2,non_holder,holder,-0.964576780796051
55,20,Manipulation,1,3,non_holder,non_holder,0.9420217871665955
55,20,Manipulation,1,4,non_holder,non_holder,0.9827136993408203
55,20,Manipulation,1,5,non_holder,non_holder,0.9244097471237183
55,20,Manipulation,1,6,non_holder,non_holder,0.9288252592086792
55,20,Manipulation,1,7,non_holder,non_holder,0.9567965865135193
55,20,Manipulation,1,8,non_holder,non_holder,0.9314389228820801
55,20,Manipulation,1,9,non_holder,non_holder,0.9478000402450562
55,20,Manipulation,1,10,non_holder,non_holder,0.9757367968559265
55,20,Manipulation,1,11,non_holder,non_holder,0.9461333751678467
55,20,Manipulation,1,12,non_holder,non_holder,0.957982063293457
55,20,Manipulation,1,13,non_holder,holder,-0.9866587519645691
55,20,Manipulation,1,14,non_holder,non_holder,0.9621716737747192
55,20,Manipulation,2,3,holder,non_holder,-0.9115179181098938
55,20,Manipulation,2,4,holder,non_holder,-0.9400292038917542
55,20,Manipulation,2,5,holder,non_holder,-0.8812015652656555
55,20,Manipulation,2,6,holder,non_holder,-0.9195290803909302
55,20,Manipulation,2,7,holder,non_holder,-0.928989827632904
55,20,Manipulation,2,8,holder,non_holder,-0.8858919739723206
55,20,Manipulation,2,9,holder,non_holder,-0.9146671891212463
55,20,Manipulation,2,10,holder,non_holder,-0.9345922470092773
55,20,Manipulation,2,11,holder,non_holder,-0.9127964973449707
55,20,Manipulation,2,12,holder,non_holder,-0.9269282817840576
55,20,Manipulation,2,13,holder,holder,0.9723315834999084
55,20,Manipulation,2,14,holder,non_holder,-0.929516613483429
55,20,Manipulation,3,4,non_holder,non_holder,0.956978976726532
55,20,Manipulation,3,5,non_holder,non_holder,0.9505019783973694
55,20,Manipulation,3,6,non_holder,non_holder,0.9401452541351318
55,20,Manipulation,3,7,non_holder,non_holder,0.9666721820831299
55,20,Manipulation,3,8,non_holder,non_holder,0.9187349677085876
55,20,Manipulation,3,9,non_holder,non_holder,0.947178840637207
55,20,Manipulation,3,10,non_holder,non_holder,0.9702813029289246
55,20,Manipulation,3,11,non_holder,non_holder,0.9325286149978638
55,20,Manipulation,3,12,non_holder,non_holder,0.9756482839584351
55,20,Manipulation,3,13,non_holder,holder,-0.9345635771751404
55,20,Manipulation,3,14,non_holder,non_holder,0.9473819136619568
55,20,Manipulation,4,5,non_holder,non_holder,0.9100000858306885
55,20,Manipulation,4,6,non_holder,non_holder,0.9113603234291077
55,20,Manipulation,4,7,non_holder,non_holder,0.9541134834289551
55,20,Manipulation,4,8,non_holder,non_holder,0.9202016592025757
55,20,Manipulation,4,9,non_holder,non_holder,0.9373242855072021
55,20,Manipulation,4,10,non_holder,non_holder,0.9789270758628845
55,20,Manipulation,4,11,non_holder,non_holder,0.932371973991394
55,20,Manipulation,4,12,non_holder,non_holder,0.9574013352394104
55,20,Manipulation,4,13,non_holder,holder,-0.9773927927017212
55,20,Manipulation,4,14,non_holder,non_holder,0.9612134099006653
55,20,Manipulation,5,6,non_holder,non_holder,0.9450321793556213
55,20,Manipulation,5,7,non_holder,non_holder,0.9636373519897461
55,20,Manipulation,5,8,non_holder,non_holder,0.925404965877533
55,20,Manipulation,5,9,non_holder,non_holder,0.9538033604621887
55,20,Manipulation,5,10,non_holder,non_holder,0.9458586573600769
55,20,Manipulation,5,11,non_holder,non_holder,0.939755916595459
55,20,Manipulation,5,12,non_holder,non_holder,0.966147780418396
55,20,Manipulation,5,13,non_holder,holder,-0.9009844660758972
55,20,Manipulation,5,14,non_holder,non_holder,0.9378933906555176
55,20,Manipulation,6,7,non_holder,non_holder,0.9602479934692383
55,20,Manipulation,6,8,non_holder,non_holder,0.8794633150100708
55,20,Manipulation,6,9,non_holder,non_holder,0.9279453158378601
55,20,Manipulation,6,10,non_holder,non_holder,0.9524526000022888
55,20,Manipulation,6,11,non_holder,non_holder,0.908017098903656
55,20,Manipulation,6,12,non_holder,non_holder,0.9681567549705505
55,20,Manipulation,6,13,non_holder,holder,-0.9290218353271484
55,20,Manipulation,6,14,non_holder,non_holder,0.9401600956916809
55,20,Manipulation,7,8,non_holder,non_holder,0.9184864163398743
55,20,Manipulation,7,9,non_holder,non_holder,0.9508615732192993
55,20,Manipulation,7,10,non_holder,non_holder,0.9813270568847656
55,20,Manipulation,7,11,non_holder,non_holder,0.9376014471054077
55,20,Manipulation,7,12,non_holder,non_holder,0.9889151453971863
55,20,Manipulation,7,13,non_holder,holder,-0.9552235007286072
55,20,Manipulation,7,14,non_holder,non_holder,0.9854993224143982
55,20,Manipulation,8,9,non_holder,non_holder,0.9744732975959778
55,20,Manipulation,8,10,non_holder,non_holder,0.922674834728241
55,20,Manipulation,8,11,non_holder,non_holder,0.9789537191390991
55,20,Manipulation,8,12,non_holder,non_holder,0.9263378381729126
55,20,Manipulation,8,13,non_holder,holder,-0.9033786654472351
55,20,Manipulation,8,14,non_holder,non_holder,0.9264786839485168
55,20,Manipulation,9,10,non_holder,non_holder,0.9487819075584412
55,20,Manipulation,9,11,non_holder,non_holder,0.9904037714004517
55,20,Manipulation,9,12,non_holder,non_holder,0.9622965455055237
55,20,Manipulation,9,13,non_holder,holder,-0.9263033866882324
55,20,Manipulation,9,14,non_holder,non_holder,0.9529325366020203
55,20,Manipulation,10,11,non_holder,non_holder,0.938373327255249
55,20,Manipulation,10,12,non_holder,non_holder,0.9821711778640747
55,20,Manipulation,10,13,non_holder,holder,-0.9715245962142944
55,20,Manipulation,10,14,non_holder,non_holder,0.9796371459960938
55,20,Manipulation,11,12,non_holder,non_holder,0.9489217400550842
55,20,Manipulation,11,13,non_holder,holder,-0.9233129620552063
55,20,Manipulation,11,14,non_holder,non_holder,0.9469122886657715
55,20,Manipulation,12,13,non_holder,holder,-0.95073002576828
55,20,Manipulation,12,14,non_holder,non_holder,0.9804495573043823
55,20,Manipulation,13,14,holder,non_holder,-0.9623250365257263
55,20,Replay,0,1,non_holder,holder,-0.8112855553627014
55,20,Replay,0,2,non_holder,non_holder,0.8914051055908203
55,20,Replay,0,3,non_holder,non_holder,0.91409832239151
55,20,Replay,0,4,non_holder,holder,-0.6985375881195068
55,20,Replay,0,5,non_holder,non_holder,0.8810110688209534
55,20,Replay,0,6,non_holder,non_holder,0.861499011516571
55,20,Replay,0,7,non_holder,non_holder,0.8942807912826538
55,20,Replay,0,8,non_holder,non_holder,0.8525980114936829
55,20,Replay,0,9,non_holder,non_holder,0.8931103944778442
55,20,Replay,0,10,non_holder,holder,-0.7396069765090942
55,20,Replay,0,11,non_holder,non_holder,0.8770062923431396
55,20,Replay,0,12,non_holder,non_holder,0.894033670425415
55,20,Replay,0,13,non_holder,non_holder,0.8554173707962036
55,20,Replay,0,14,non_holder,non_holder,0.8780893087387085
55,20,Replay,1,2,holder,non_holder,-0.9664994478225708
55,20,Replay,1,3,holder,non_holder,-0.9216127395629883
55,20,Replay,1,4,holder,holder,0.9432752728462219
55,20,Replay,1,5,holder,non_holder,-0.9189589023590088
55,20,Replay,1,6,holder,non_holder,-0.9045747518539429
55,20,Replay,1,7,holder,non_holder,-0.9413158297538757
55,20,Replay,1,8,holder,non_holder,-0.8967692852020264
55,20,Replay,1,9,holder,non_holder,-0.9273093938827515
55,20,Replay,1,10,holder,holder,0.9703608751296997
55,20,Replay,1,11,holder,non_holder,-0.9311468005180359
55,20,Replay,1,12,holder,non_holder,-0.9515609741210938
55,20,Replay,1,13,holder,non_holder,-0.9832888245582581
55,20,Replay,1,14,holder,non_holder,-0.9433233141899109
55,20,Replay,2,3,non_holder,non_holder,0.9701534509658813
55,20,Replay,2,4,non_holder,holder,-0.8815679550170898
55,20,Replay,2,5,non_holder,non_holder,0.9573881030082703
55,20,Replay,2,6,non_holder,non_holder,0.9476724863052368
55,20,Replay,2,7,non_holder,non_holder,0.9846833944320679
55,20,Replay,2,8,non_holder,non_holder,0.9337587356567383
55,20,Replay,2,9,non_holder,non_holder,0.9655280709266663
55,20,Replay,2,10,non_holder,holder,-0.9285988807678223
55,20,Replay,2,11,non_holder,non_holder,0.9591983556747437
55,20,Replay,2,12,non_holder,non_holder,0.990653932094574
55,20,Replay,2,13,non_holder,non_holder,0.9912523031234741
55,20,Replay,2,14,non_holder,non_holder,0.9797497391700745
55,20,Replay,3,4,non_holder,holder,-0.8123151659965515
55,20,Replay,3,5,non_holder,non_holder,0.9529980421066284
55,20,Replay,3,6,non_holder,non_holder,0.9146138429641724
55,20,Replay,3,7,non_holder,non_holder,0.9629778265953064
55,20,Replay,3,8,non_holder,non_holder,0.9364001750946045
55,20,Replay,3,9,non_holder,non_holder,0.9588478803634644
55,20,Replay,3,10,non_holder,holder,-0.8931358456611633
55,20,Replay,3,11,non_holder,non_holder,0.9450215697288513
55,20,Replay,3,12,non_holder,non_holder,0.9722253680229187
55,20,Replay,3,13,non_holder,non_holder,0.956181526184082
55,20,Replay,3,14,non_holder,non_holder,0.9486771821975708
55,20,Replay,4,5,holder,non_holder,-0.8078557848930359
55,20,Replay,4,6,holder,non_holder,-0.8202069997787476
55,20,Replay,4,7,holder,non_holder,-0.8481857180595398
55,20,Replay,4,8,holder,non_holder,-0.8057235479354858
55,20,Replay,4,9,holder,non_holder,-0.8298280835151672
55,20,Replay,4,10,holder,holder,0.9083462357521057
55,20,Replay,4,11,holder,non_holder,-0.8390385508537292
55,20,Replay,4,12,holder,non_holder,-0.8626354336738586
55,20,Replay,4,13,holder,non_holder,-0.9133985638618469
55,20,Replay,4,14,holder,non_holder,-0.8411272764205933
55,20,Replay,5,6,non_holder,non_holder,0.9503313899040222
55,20,Replay,5,7,non_holder,non_holder,0.9664952754974365
55,20,Replay,5,8,non_holder,non_holder,0.9470412731170654
55,20,Replay,5,9,non_holder,non_holder,0.9566372632980347
55,20,Replay,5,10,non_holder,holder,-0.8721272349357605
55,20,Replay,5,11,non_holder,non_holder,0.9546114206314087
55,20,Replay,5,12,non_holder,non_holder,0.9731497764587402
55,20,Replay,5,13,non_holder,non_holder,0.9404950141906738
55,20,Replay,5,14,non_holder,non_holder,0.9610067009925842
55,20,Replay,6,7,non_holder,non_holder,0.948887050151825
55,20,Replay,6,8,non_holder,non_holder,0.8978537321090698
55,20,Replay,6,9,non_holder,non_holder,0.9147149324417114
55,20,Replay,6,10,non_holder,holder,-0.8523572087287903
55,20,Replay,6,11,non_holder,non_holder,0.9069293141365051
55,20,Replay,6,12,non_holder,non_holder,0.9470620155334473
55,20,Replay,6,13,non_holder,non_holder,0.933367908000946
55,20,Replay,6,14,non_holder,non_holder,0.9301263689994812
55,20,Replay,7,8,non_holder,non_holder,0.9342511296272278
55,20,Replay,7,9,non_holder,non_holder,0.9621825814247131
55,20,Replay,7,10,non_holder,holder,-0.9093578457832336
55,20,Replay,7,11,non_holder,non_holder,0.9537745118141174
55,20,Replay,7,12,non_holder,non_holder,0.9899792075157166
55,20,Replay,7,13,non_holder,non_holder,0.9697608351707458
55,20,Replay,7,14,non_holder,non_holder,0.9882964491844177
55,20,Replay,8,9,non_holder,non_holder,0.9603332877159119
55,20,Replay,8,10,non_holder,holder,-0.8789869546890259
55,20,Replay,8,11,non_holder,non_holder,0.956426203250885
55,20,Replay,8,12,non_holder,non_holder,0.940932035446167
55,20,Replay,8,13,non_holder,non_holder,0.9169250130653381
55,20,Replay,8,14,non_holder,non_holder,0.9339260458946228
55,20,Replay,9,10,non_holder,holder,-0.9054893851280212
55,20,Replay,9,11,non_holder,non_holder,0.9898136854171753
55,20,Replay,9,12,non_holder,non_holder,0.9729932546615601
55,20,Replay,9,13,non_holder,non_holder,0.9518520832061768
55,20,Replay,9,14,non_holder,non_holder,0.95879065990448
55,20,Replay,10,11,holder,non_holder,-0.9096881747245789
55,20,Replay,10,12,holder,non_holder,-0.9177501797676086
55,20,Replay,10,13,holder,non_holder,-0.9547290802001953
55,20,Replay,10,14,holder,non_holder,-0.91810542345047
55,20,Replay,11,12,non_holder,non_holder,0.9661559462547302
55,20,Replay,11,13,non_holder,non_holder,0.950484573841095
55,20,Replay,11,14,non_holder,non_holder,0.9600539803504944
55,20,Replay,12,13,non_holder,non_holder,0.9768578410148621
55,20,Replay,12,14,non_holder,non_holder,0.9840629696846008
55,20,Replay,13,14,non_holder,non_holder,0.9658748507499695
55,30,Manipulation,0,1,non_holder,non_holder,0.7997603416442871
55,30,Manipulation,0,2,non_holder,holder,-0.7947173118591309
55,30,Manipulation,0,3,non_holder,non_holder,0.8309601545333862
55,30,Manipulation,0,4,non_holder,non_holder,0.8230888247489929
55,30,Manipulation,0,5,non_holder,non_holder,0.8987098932266235
55,30,Manipulation,0,6,non_holder,non_holder,0.8053472638130188
55,30,Manipulation,0,7,non_holder,non_holder,0.8471139073371887
55,30,Manipulation,0,8,non_holder,non_holder,0.6787812113761902
55,30,Manipulation,0,9,non_holder,non_holder,0.8015185594558716
55,30,Manipulation,0,10,non_holder,non_holder,0.8535193204879761
55,30,Manipulation,0,11,non_holder,non_holder,0.8665450215339661
55,30,Manipulation,0,12,non_holder,non_holder,0.8664738535881042
55,30,Manipulation,0,13,non_holder,holder,-0.8167739510536194
55,30,Manipulation,0,14,non_holder,non_holder,0.8304815888404846
55,30,Manipulation,1,2,non_holder,holder,-0.9659501314163208
55,30,Manipulation,1,3,non_holder,non_holder,0.9560433626174927
55,30,Manipulation,1,4,non_holder,non_holder,0.9758858680725098
55,30,Manipulation,1,5,non_holder,non_holder,0.915384829044342
55,30,Manipulation,1,6,non_holder,non_holder,0.8528265357017517
55,30,Manipulation,1,7,non_holder,non_holder,0.906562089920044
55,30,Manipulation,1,8,non_holder,non_holder,0.8243516087532043
55,30,Manipulation,1,9,non_holder,non_holder,0.8776082992553711
55,30,Manipulation,1,10,non_holder,non_holder,0.9678453803062439
55,30,Manipulation,1,11,non_holder,non_holder,0.9070069193840027
55,30,Manipulation,1,12,non_holder,non_holder,0.9009501338005066
55,30,Manipulation,1,13,non_holder,holder,-0.9573058485984802
55,30,Manipulation,1,14,non_holder,non_holder,0.9052393436431885
55,30,Manipulation,2,3,holder,non_holder,-0.9209339022636414
55,30,Manipulation,2,4,holder,non_holder,-0.9411192536354065
55,30,Manipulation,2,5,holder,non_holder,-0.903013288974762
55,30,Manipulation,2,6,holder,non_holder,-0.8693493604660034
55,30,Manipulation,2,7,holder,non_holder,-0.9153251051902771
55,30,Manipulation,2,8,holder,non_holder,-0.7941859364509583
55,30,Manipulation,2,9,holder,non_holder,-0.8451932668685913
55,30,Manipulation,2,10,holder,non_holder,-0.9608544111251831
55,30,Manipulation,2,11,holder,non_holder,-0.8771921992301941
55,30,Manipulation,2,12,holder,non_holder,-0.8989777565002441
55,30,Manipulation,2,13,holder,holder,0.980412483215332
55,30,Manipulation,2,14,holder,non_holder,-0.9175654649734497
55,30,Manipulation,3,4,non_holder,non_holder,0.9595937132835388
55,30,Manipulation,3,5,non_holder,non_holder,0.933970034122467
55,30,Manipulation,3,6,non_holder,non_holder,0.863577127456665
55,30,Manipulation,3,7,non_holder,non_holder,0.9119142293930054
55,30,Manipulation,3,8,non_holder,non_holder,0.8062983155250549
55,30,Manipulation,3,9,non_holder,non_holder,0.8740292191505432
55,30,Manipulation,3,10,non_holder,non_holder,0.9583100080490112
55,30,Manipulation,3,11,non_holder,non_holder,0.9077849984169006
55,30,Manipulation,3,12,non_holder,non_holder,0.9188300967216492
55,30,Manipulation,3,13,non_holder,holder,-0.9239335656166077
55,30,Manipulation,3,14,non_holder,non_holder,0.8868253827095032
55,30,Manipulation,4,5,non_holder,non_holder,0.9278277158737183
55,30,Manipulation,4,6,non_holder,non_holder,0.8440732955932617
55,30,Manipulation,4,7,non_holder,non_holder,0.9243939518928528
55,30,Manipulation,4,8,non_holder,non_holder,0.8307643532752991
55,30,Manipulation,4,9,non_holder,non_holder,0.8791460990905762
55,30,Manipulation,4,10,non_holder,non_holder,0.9694547653198242
55,30,Manipulation,4,11,non_holder,non_holder,0.9081979990005493
55,30,Manipulation,4,12,non_holder,non_holder,0.9218109846115112
55,30,Manipulation,4,13,non_holder,holder,-0.9400801658630371
55,30,Manipulation,4,14,non_holder,non_holder,0.9163715243339539
55,30,Manipulation,5,6,non_holder,non_holder,0.9032020568847656
55,30,Manipulation,5,7,non_holder,non_holder,0.9593525528907776
55,30,Manipulation,5,8,non_holder,non_holder,0.7696584463119507
55,30,Manipulation,5,9,non_holder,non_holder,0.8555247783660889
55,30,Manipulation,5,10,non_holder,non_holder,0.9497999548912048
55,30,Manipulation,5,11,non_holder,non_holder,0.9013031125068665
55,30,Manipulation,5,12,non_holder,non_holder,0.9721734523773193
55,30,Manipulation,5,13,non_holder,holder,-0.909749448299408
55,30,Manipulation,5,14,non_holder,non_holder,0.9367700219154358
55,30,Manipulation,6,7,non_holder,non_holder,0.8741251826286316
55,30,Manipulation,6,8,non_holder,non_holder,0.6463247537612915
55,30,Manipulation,6,9,non_holder,non_holder,0.7371848821640015
55,30,Manipulation,6,10,non_holder,non_holder,0.8834279179573059
55,30,Manipulation,6,11,non_holder,non_holder,0.7834141254425049
55,30,Manipulation,6,12,non_holder,non_holder,0.8784573674201965
55,30,Manipulation,6,13,non_holder,holder,-0.8588918447494507
55,30,Manipulation,6,14,non_holder,non_holder,0.8177481293678284
55,30,Manipulation,7,8,non_holder,non_holder,0.7197360992431641
55,30,Manipulation,7,9,non_holder,non_holder,0.8083860874176025
55,30,Manipulation,7,10,non_holder,non_holder,0.946662962436676
55,30,Manipulation,7,11,non_holder,non_holder,0.8467297554016113
55,30,Manipulation,7,12,non_holder,non_holder,0.9788680672645569
55,30,Manipulation,7,13,non_holder,holder,-0.9281432628631592
55,30,Manipulation,7,14,non_holder,non_holder,0.9737856388092041
55,30,Manipulation,8,9,non_holder,non_holder,0.9410911798477173
55,30,Manipulation,8,10,non_holder,non_holder,0.7807736396789551
55,30,Manipulation,8,11,non_holder,non_holder,0.8991965651512146
55,30,Manipulation,8,12,non_holder,non_holder,0.7416103482246399
55,30,Manipulation,8,13,non_holder,holder,-0.8031815886497498
55,30,Manipulation,8,14,non_holder,non_holder,0.7552993297576904
55,30,Manipulation,9,10,non_holder,non_holder,0.8453251719474792
55,30,Manipulation,9,11,non_holder,non_holder,0.968777060508728
55,30,Manipulation,9,12,non_holder,non_holder,0.8366484642028809
55,30,Manipulation,9,13,non_holder,holder,-0.8459203243255615
55,30,Manipulation,9,14,non_holder,non_holder,0.8304005861282349
55,30,Manipulation,10,11,non_holder,non_holder,0.8952643275260925
55,30,Manipulation,10,12,non_holder,non_holder,0.9426004886627197
55,30,Manipulation,10,13,non_holder,holder,-0.968422532081604
55,30,Manipulation,10,14,non_holder,non_holder,0.9444499611854553
55,30,Manipulation,11,12,non_holder,non_holder,0.8669188618659973
55,30,Manipulation,11,13,non_holder,holder,-0.8814119696617126
55,30,Manipulation,11,14,non_holder,non_holder,0.8684305548667908
55,30,Manipulation,12,13,non_holder,holder,-0.9035702347755432
55,30,Manipulation,12,14,non_holder,non_holder,0.9631273150444031
55,30,Manipulation,13,14,holder,non_holder,-0.9301666021347046
55,30,Replay,0,1,non_holder,holder,-0.7375969886779785
55,30,Replay,0,2,non_holder,non_holder,0.8459057211875916
55,30,Replay,0,3,non_holder,non_holder,0.8647042512893677
55,30,Replay,0,4,non_holder,holder,-0.6579605937004089
55,30,Replay,0,5,non_holder,non_holder,0.8557009696960449
55,30,Replay,0,6,non_holder,non_holder,0.7206955552101135
55,30,Replay,0,7,non_holder,non_holder,0.8426435589790344
55,30,Replay,0,8,non_holder,non_holder,0.7314741015434265
55,30,Replay,0,9,non_holder,non_holder,0.8036551475524902
55,30,Replay,0,10,non_holder,holder,-0.6708807945251465
55,30,Replay,0,11,non_holder,non_holder,0.8480686545372009
55,30,Replay,0,12,non_holder,non_holder,0.853999137878418
55,30,Replay,0,13,non_holder,non_holder,0.8141364455223083
55,30,Replay,0,14,non_holder,non_holder,0.8418800830841064
55,30,Replay,1,2,holder,non_holder,-0.9455698728561401
55,30,Replay,1,3,holder,non_holder,-0.8921635746955872
55,30,Replay,1,4,holder,holder,0.9412389397621155
55,30,Replay,1,5,holder,non_holder,-0.885804295539856
55,30,Replay,1,6,holder,non_holder,-0.8043798804283142
55,30,Replay,1,7,holder,non_holder,-0.9184831380844116
55,30,Replay,1,8,holder,non_holder,-0.8710419535636902
55,30,Replay,1,9,holder,non_holder,-0.8770674467086792
55,30,Replay,1,10,holder,holder,0.9607775211334229
55,30,Replay,1,11,holder,non_holder,-0.8754124641418457
55,30,Replay,1,12,holder,non_holder,-0.8881136775016785
55,30,Replay,1,13,holder,non_holder,-0.9633610248565674
55,30,Replay,1,14,holder,non_holder,-0.9066541194915771
55,30,Replay,2,3,non_holder,non_holder,0.9640581607818604
55,30,Replay,2,4,non_holder,holder,-0.8880552649497986
55,30,Replay,2,5,non_holder,non_holder,0.9528840184211731
55,30,Replay,2,6,non_holder,non_holder,0.8671033382415771
55,30,Replay,2,7,non_holder,non_holder,0.9735969305038452
55,30,Replay,2,8,non_holder,non_holder,0.8626000881195068
55,30,Replay,2,9,non_holder,non_holder,0.8973071575164795
55,30,Replay,2,10,non_holder,holder,-0.9002774953842163
55,30,Replay,2,11,non_holder,non_holder,0.9267355799674988
55,30,Replay,2,12,non_holder,non_holder,0.9719827175140381
55,30,Replay,2,13,non_holder,non_holder,0.9881094098091125
55,30,Replay,2,14,non_holder,non_holder,0.970357358455658
55,30,Replay,3,4,non_holder,holder,-0.8394335508346558
55,30,Replay,3,5,non_holder,non_holder,0.9441023468971252
55,30,Replay,3,6,non_holder,non_holder,0.8555628061294556
55,30,Replay,3,7,non_holder,non_holder,0.9362556338310242
55,30,Replay,3,8,non_holder,non_holder,0.8609547019004822
55,30,Replay,3,9,non_holder,non_holder,0.9126412272453308
55,30,Replay,3,10,non_holder,holder,-0.8217192888259888
55,30,Replay,3,11,non_holder,non_holder,0.9331968426704407
55,30,Replay,3,12,non_holder,non_holder,0.9500415325164795
55,30,Replay,3,13,non_holder,non_holder,0.9455249905586243
55,30,Replay,3,14,non_holder,non_holder,0.9312751293182373
55,30,Replay,4,5,holder,non_holder,-0.8184173703193665
55,30,Replay,4,6,holder,non_holder,-0.7062336206436157
55,30,Replay,4,7,holder,non_holder,-0.8653703331947327
55,30,Replay,4,8,holder,non_holder,-0.8269885778427124
55,30,Replay,4,9,holder,non_holder,-0.8139457702636719
55,30,Replay,4,10,holder,holder,0.9233474731445312
55,30,Replay,4,11,holder,non_holder,-0.8007950186729431
55,30,Replay,4,12,holder,non_holder,-0.841587245464325
55,30,Replay,4,13,holder,non_holder,-0.9183943271636963
55,30,Replay,4,14,holder,non_holder,-0.8684098720550537
55,30,Replay,5,6,non_holder,non_holder,0.879586935043335
55,30,Replay,5,7,non_holder,non_holder,0.9675974249839783
55,30,Replay,5,8,non_holder,non_holder,0.8408787846565247
55,30,Replay,5,9,non_holder,non_holder,0.8943337798118591
55,30,Replay,5,10,non_holder,holder,-0.8320407867431641
55,30,Replay,5,11,non_holder,non_holder,0.9124813079833984
55,30,Replay,5,12,non_holder,non_holder,0.9558142423629761
55,30,Replay,5,13,non_holder,non_holder,0.9376239776611328
55,30,Replay,5,14,non_holder,non_holder,0.959476888179779
55,30,Replay,6,7,non_holder,non_holder,0.8443307876586914
55,30,Replay,6,8,non_holder,non_holder,0.7020598649978638
55,30,Replay,6,9,non_holder,non_holder,0.7554554343223572
55,30,Replay,6,10,non_holder,holder,-0.7244852781295776
55,30,Replay,6,11,non_holder,non_holder,0.7919419407844543
55,30,Replay,6,12,non_holder,non_holder,0.8299781084060669
55,30,Replay,6,13,non_holder,non_holder,0.8341713547706604
55,30,Replay,6,14,non_holder,non_holder,0.8185332417488098
55,30,Replay,7,8,non_holder,non_holder,0.8228970766067505
55,30,Replay,7,9,non_holder,non_holder,0.8773767948150635
55,30,Replay,7,10,non_holder,holder,-0.8844535946846008
55,30,Replay,7,11,non_holder,non_holder,0.8985333442687988
55,30,Replay,7,12,non_holder,non_holder,0.9709811210632324
55,30,Replay,7,13,non_holder,non_holder,0.9662080407142639
55,30,Replay,7,14,non_holder,non_holder,0.9721894264221191
55,30,Replay,8,9,non_holder,non_holder,0.9614315629005432
55,30,Replay,8,10,non_holder,holder,-0.8658227920532227
55,30,Replay,8,11,non_holder,non_holder,0.939947783946991
55,30,Replay,8,12,non_holder,non_holder,0.8396782875061035
55,30,Replay,8,13,non_holder,non_holder,0.8736857771873474
55,30,Replay,8,14,non_holder,non_holder,0.8643352389335632
55,30,Replay,9,10,non_holder,holder,-0.8524105548858643
55,30,Replay,9,11,non_holder,non_holder,0.9713110327720642
55,30,Replay,9,12,non_holder,non_holder,0.9003716707229614
55,30,Replay,9,13,non_holder,non_holder,0.8970417976379395
55,30,Replay,9,14,non_holder,non_holder,0.8971519470214844
55,30,Replay,10,11,holder,non_holder,-0.8475615382194519
55,30,Replay,10,12,holder,non_holder,-0.8540791273117065
55,30,Replay,10,13,holder,non_holder,-0.9300342202186584
55,30,Replay,10,14,holder,non_holder,-0.8843374252319336
55,30,Replay,11,12,non_holder,non_holder,0.9229855537414551
55,30,Replay,11,13,non_holder,non_holder,0.9177294373512268
55,30,Replay,11,14,non_holder,non_holder,0.9240255355834961
55,30,Replay,12,13,non_holder,non_holder,0.9543361663818359
55,30,Replay,12,14,non_holder,non_holder,0.9664863348007202
55,30,Replay,13,14,non_holder,non_holder,0.9613681435585022
55,45,Manipulation,0,1,non_holder,non_holder,0.6721253991127014
55,45,Manipulation,0,2,non_holder,holder,-0.5900754928588867
55,45,Manipulation,0,3,non_holder,non_holder,0.7144169211387634
55,45,Manipulation,0,4,non_holder,non_holder,0.698529839515686
55,45,Manipulation,0,5,non_holder,non_holder,0.8902791142463684
55,45,Manipulation,0,6,non_holder,non_holder,0.7526858448982239
55,45,Manipulation,0,7,non_holder,non_holder,0.7928215861320496
55,45,Manipulation,0,8,non_holder,non_holder,0.604672908782959
55,45,Manipulation,0,9,non_holder,non_holder,0.767600953578949
55,45,Manipulation,0,10,non_holder,non_holder,0.7594614028930664
55,45,Manipulation,0,11,non_holder,non_holder,0.7978629469871521
55,45,Manipulation,0,12,non_holder,non_holder,0.7665762901306152
55,45,Manipulation,0,13,non_holder,holder,-0.7156511545181274
55,45,Manipulation,0,14,non_holder,non_holder,0.7354645133018494
55,45,Manipulation,1,2,non_holder,holder,-0.9058964252471924
55,45,Manipulation,1,3,non_holder,non_holder,0.9274543523788452
55,45,Manipulation,1,4,non_holder,non_holder,0.9567436575889587
55,45,Manipulation,1,5,non_holder,non_holder,0.8148651123046875
55,45,Manipulation,1,6,non_holder,non_holder,0.7928006052970886
55,45,Manipulation,1,7,non_holder,non_holder,0.814149796962738
55,45,Manipulation,1,8,non_holder,non_holder,0.7741583585739136
55,45,Manipulation,1,9,non_holder,non_holder,0.8651677370071411
55,45,Manipulation,1,10,non_holder,non_holder,0.9344915747642517
55,45,Manipulation,1,11,non_holder,non_holder,0.8573622703552246
55,45,Manipulation,1,12,non_holder,non_holder,0.7892747521400452
55,45,Manipulation,1,13,non_holder,holder,-0.913426399230957
55,45,Manipulation,1,14,non_holder,non_holder,0.793751060962677
55,45,Manipulation,2,3,holder,non_holder,-0.8944262862205505
55,45,Manipulation,2,4,holder,non_holder,-0.8860465288162231
55,45,Manipulation,2,5,holder,non_holder,-0.7313089966773987
55,45,Manipulation,2,6,holder,non_holder,-0.7512180805206299
55,45,Manipulation,2,7,holder,non_holder,-0.7504149675369263
55,45,Manipulation,2,8,holder,non_holder,-0.667674720287323
55,45,Manipulation,2,9,holder,non_holder,-0.7547099590301514
55,45,Manipulation,2,10,holder,non_holder,-0.8801047801971436
55,45,Manipulation,2,11,holder,non_holder,-0.7312222719192505
55,45,Manipulation,2,12,holder,non_holder,-0.7353837490081787
55,45,Manipulation,2,13,holder,holder,0.915866494178772
55,45,Manipulation,2,14,holder,non_holder,-0.7256978750228882
55,45,Manipulation,3,4,non_holder,non_holder,0.9392743706703186
55,45,Manipulation,3,5,non_holder,non_holder,0.854285717010498
55,45,Manipulation,3,6,non_holder,non_holder,0.8507702946662903
55,45,Manipulation,3,7,non_holder,non_holder,0.8338829278945923
55,45,Manipulation,3,8,non_holder,non_holder,0.7085106372833252
55,45,Manipulation,3,9,non_holder,non_holder,0.8265224695205688
55,45,Manipulation,3,10,non_holder,non_holder,0.9381310939788818
55,45,Manipulation,3,11,non_holder,non_holder,0.819178581237793
55,45,Manipulation,3,12,non_holder,non_holder,0.8232864141464233
55,45,Manipulation,3,13,non_holder,holder,-0.8974367380142212
55,45,Manipulation,3,14,non_holder,non_holder,0.7817001938819885
55,45,Manipulation,4,5,non_holder,non_holder,0.8597341179847717
55,45,Manipulation,4,6,non_holder,non_holder,0.81922447681427
55,45,Manipulation,4,7,non_holder,non_holder,0.8403080701828003
55,45,Manipulation,4,8,non_holder,non_holder,0.7628289461135864
55,45,Manipulation,4,9,non_holder,non_holder,0.8488044142723083
55,45,Manipulation,4,10,non_holder,non_holder,0.954742968082428
55,45,Manipulation,4,11,non_holder,non_holder,0.8440701961517334
55,45,Manipulation,4,12,non_holder,non_holder,0.8250128030776978
55,45,Manipulation,4,13,non_holder,holder,-0.9203012585639954
55,45,Manipulation,4,14,non_holder,non_holder,0.7943770885467529
55,45,Manipulation,5,6,non_holder,non_holder,0.871915876865387
55,45,Manipulation,5,7,non_holder,non_holder,0.9092810153961182
55,45,Manipulation,5,8,non_holder,non_holder,0.7012009620666504
55,45,Manipulation,5,9,non_holder,non_holder,0.8226954936981201
55,45,Manipulation,5,10,non_holder,non_holder,0.8928578495979309
55,45,Manipulation,5,11,non_holder,non_holder,0.8438217043876648
55,45,Manipulation,5,12,non_holder,non_holder,0.8869128227233887
55,45,Manipulation,5,13,non_holder,holder,-0.8409596681594849
55,45,Manipulation,5,14,non_holder,non_holder,0.8546813726425171
55,45,Manipulation,6,7,non_holder,non_holder,0.9166367053985596
55,45,Manipulation,6,8,non_holder,non_holder,0.6184762716293335
55,45,Manipulation,6,9,non_holder,non_holder,0.739791989326477
55,45,Manipulation,6,10,non_holder,non_holder,0.8767791986465454
55,45,Manipulation,6,11,non_holder,non_holder,0.7023736238479614
55,45,Manipulation,6,12,non_holder,non_holder,0.9163921475410461
55,45,Manipulation,6,13,non_holder,holder,-0.8512700796127319
55,45,Manipulation,6,14,non_holder,non_holder,0.8848311305046082
55,45,Manipulation,7,8,non_holder,non_holder,0.6421356201171875
55,45,Manipulation,7,9,non_holder,non_holder,0.7563729286193848
55,45,Manipulation,7,10,non_holder,non_holder,0.8919442296028137
55,45,Manipulation,7,11,non_holder,non_holder,0.7469000220298767
55,45,Manipulation,7,12,non_holder,non_holder,0.9844356179237366
55,45,Manipulation,7,13,non_holder,holder,-0.8513288497924805
55,45,Manipulation,7,14,non_holder,non_holder,0.970284104347229
55,45,Manipulation,8,9,non_holder,non_holder,0.8962596654891968
55,45,Manipulation,8,10,non_holder,non_holder,0.7302997708320618
55,45,Manipulation,8,11,non_holder,non_holder,0.866038978099823
55,45,Manipulation,8,12,non_holder,non_holder,0.6220858097076416
55,45,Manipulation,8,13,non_holder,holder,-0.7150329351425171
55,45,Manipulation,8,14,non_holder,non_holder,0.6521876454353333
55,45,Manipulation,9,10,non_holder,non_holder,0.83629310131073
55,45,Manipulation,9,11,non_holder,non_holder,0.9625402092933655
55,45,Manipulation,9,12,non_holder,non_holder,0.7377222776412964
55,45,Manipulation,9,13,non_holder,holder,-0.800599992275238
55,45,Manipulation,9,14,non_holder,non_holder,0.7490363121032715
55,45,Manipulation,10,11,non_holder,non_holder,0.8410218358039856
55,45,Manipulation,10,12,non_holder,non_holder,0.8856833577156067
55,45,Manipulation,10,13,non_holder,holder,-0.9601913690567017
55,45,Manipulation,10,14,non_holder,non_holder,0.8663253784179688
55,45,Manipulation,11,12,non_holder,non_holder,0.7222638726234436
55,45,Manipulation,11,13,non_holder,holder,-0.7874968647956848
55,45,Manipulation,11,14,non_holder,non_holder,0.7290874719619751
55,45,Manipulation,12,13,non_holder,holder,-0.8413149118423462
55,45,Manipulation,12,14,non_holder,non_holder,0.9724336266517639
55,45,Manipulation,13,14,holder,non_holder,-0.8307754397392273
55,45,Replay,0,1,non_holder,holder,-0.6042680740356445
55,45,Replay,0,2,non_holder,non_holder,0.7877297401428223
55,45,Replay,0,3,non_holder,non_holder,0.7756300568580627
55,45,Replay,0,4,non_holder,holder,-0.4104834496974945
55,45,Replay,0,5,non_holder,non_holder,0.8658108711242676
55,45,Replay,0,6,non_holder,non_holder,0.7695609331130981
55,45,Replay,0,7,non_holder,non_holder,0.808317244052887
55,45,Replay,0,8,non_holder,non_holder,0.6442188620567322
55,45,Replay,0,9,non_holder,non_holder,0.7807257175445557
55,45,Replay,0,10,non_holder,holder,-0.500756561756134
55,45,Replay,0,11,non_holder,non_holder,0.786081075668335
55,45,Replay,0,12,non_holder,non_holder,0.7974334359169006
55,45,Replay,0,13,non_holder,non_holder,0.743453860282898
55,45,Replay,0,14,non_holder,non_holder,0.7720166444778442
55,45,Replay,1,2,holder,non_holder,-0.9027443528175354
55,45,Replay,1,3,holder,non_holder,-0.8456633687019348
55,45,Replay,1,4,holder,holder,0.8680778741836548
55,45,Replay,1,5,holder,non_holder,-0.7821568250656128
55,45,Replay,1,6,holder,non_holder,-0.7031188011169434
55,45,Replay,1,7,holder,non_holder,-0.8334422707557678
55,45,Replay,1,8,holder,non_holder,-0.8582410216331482
55,45,Replay,1,9,holder,non_holder,-0.8577468395233154
55,45,Replay,1,10,holder,holder,0.9389077425003052
55,45,Replay,1,11,holder,non_holder,-0.8400373458862305
55,45,Replay,1,12,holder,non_holder,-0.8006777763366699
55,45,Replay,1,13,holder,non_holder,-0.9284602403640747
55,45,Replay,1,14,holder,non_holder,-0.8496139049530029
55,45,Replay,2,3,non_holder,non_holder,0.9536872506141663
55,45,Replay,2,4,non_holder,holder,-0.7640329599380493
55,45,Replay,2,5,non_holder,non_holder,0.9204676747322083
55,45,Replay,2,6,non_holder,non_holder,0.8646894693374634
55,45,Replay,2,7,non_holder,non_holder,0.9624074697494507
55,45,Replay,2,8,non_holder,non_holder,0.831387996673584
55,45,Replay,2,9,non_holder,non_holder,0.8989577889442444
55,45,Replay,2,10,non_holder,holder,-0.8198670148849487
55,45,Replay,2,11,non_holder,non_holder,0.8851827383041382
55,45,Replay,2,12,non_holder,non_holder,0.9482073187828064
55,45,Replay,2,13,non_holder,non_holder,0.9766139388084412
55,45,Replay,2,14,non_holder,non_holder,0.9572350382804871
55,45,Replay,3,4,non_holder,holder,-0.7227025032043457
55,45,Replay,3,5,non_holder,non_holder,0.8951910138130188
55,45,Replay,3,6,non_holder,non_holder,0.8379087448120117
55,45,Replay,3,7,non_holder,non_holder,0.9195035696029663
55,45,Replay,3,8,non_holder,non_holder,0.7961457967758179
55,45,Replay,3,9,non_holder,non_holder,0.8764075040817261
55,45,Replay,3,10,non_holder,holder,-0.7439332008361816
55,45,Replay,3,11,non_holder,non_holder,0.8709939122200012
55,45,Replay,3,12,non_holder,non_holder,0.909812867641449
55,45,Replay,3,13,non_holder,non_holder,0.9420616030693054
55,45,Replay,3,14,non_holder,non_holder,0.8969605565071106
55,45,Replay,4,5,holder,non_holder,-0.5757837295532227
55,45,Replay,4,6,holder,non_holder,-0.5290374159812927
55,45,Replay,4,7,holder,non_holder,-0.7061260342597961
55,45,Replay,4,8,holder,non_holder,-0.7207096815109253
55,45,Replay,4,9,holder,non_holder,-0.6844074130058289
55,45,Replay,4,10,holder,holder,0.8314027786254883
55,45,Replay,4,11,holder,non_holder,-0.6738863587379456
55,45,Replay,4,12,holder,non_holder,-0.6914656758308411
55,45,Replay,4,13,holder,non_holder,-0.823862612247467
55,45,Replay,4,14,holder,non_holder,-0.7187235355377197
55,45,Replay,5,6,non_holder,non_holder,0.8453758955001831
55,45,Replay,5,7,non_holder,non_holder,0.9292809963226318
55,45,Replay,5,8,non_holder,non_holder,0.7642661929130554
55,45,Replay,5,9,non_holder,non_holder,0.8699548244476318
55,45,Replay,5,10,non_holder,holder,-0.6944276690483093
55,45,Replay,5,11,non_holder,non_holder,0.8677329421043396
55,45,Replay,5,12,non_holder,non_holder,0.9073792099952698
55,45,Replay,5,13,non_holder,non_holder,0.8819905519485474
55,45,Replay,5,14,non_holder,non_holder,0.9039376378059387
55,45,Replay,6,7,non_holder,non_holder,0.8716226816177368
55,45,Replay,6,8,non_holder,non_holder,0.6362285017967224
55,45,Replay,6,9,non_holder,non_holder,0.7313557863235474
55,45,Replay,6,10,non_holder,holder,-0.6228356957435608
55,45,Replay,6,11,non_holder,non_holder,0.6980135440826416
55,45,Replay,6,12,non_holder,non_holder,0.8814025521278381
55,45,Replay,6,13,non_holder,non_holder,0.8134977221488953
55,45,Replay,6,14,non_holder,non_holder,0.862349271774292
55,45,Replay,7,8,non_holder,non_holder,0.7656908631324768
55,45,Replay,7,9,non_holder,non_holder,0.8570335507392883
55,45,Replay,7,10,non_holder,holder,-0.762465238571167
55,45,Replay,7,11,non_holder,non_holder,0.8440614938735962
55,45,Replay,7,12,non_holder,non_holder,0.9877386689186096
55,45,Replay,7,13,non_holder,non_holder,0.9236131310462952
55,45,Replay,7,14,non_holder,non_holder,0.9712662696838379
55,45,Replay,8,9,non_holder,non_holder,0.9234552979469299
55,45,Replay,8,10,non_holder,holder,-0.7982516288757324
55,45,Replay,8,11,non_holder,non_holder,0.9045417904853821
55,45,Replay,8,12,non_holder,non_holder,0.746865451335907
55,45,Replay,8,13,non_holder,non_holder,0.8442401885986328
55,45,Replay,8,14,non_holder,non_holder,0.7770276665687561
55,45,Replay,9,10,non_holder,holder,-0.7873058319091797
55,45,Replay,9,11,non_holder,non_holder,0.9811834692955017
55,45,Replay,9,12,non_holder,non_holder,0.8420944809913635
55,45,Replay,9,13,non_holder,non_holder,0.8848227858543396
55,45,Replay,9,14,non_holder,non_holder,0.8533841371536255
55,45,Replay,10,11,holder,non_holder,-0.7826614379882812
55,45,Replay,10,12,holder,non_holder,-0.7351467609405518
55,45,Replay,10,13,holder,non_holder,-0.8650815486907959
55,45,Replay,10,14,holder,non_holder,-0.790299117565155
55,45,Replay,11,12,non_holder,non_holder,0.8268596529960632
55,45,Replay,11,13,non_holder,non_holder,0.8784404993057251
55,45,Replay,11,14,non_holder,non_holder,0.8411898016929626
55,45,Replay,12,13,non_holder,non_holder,0.9027191400527954
55,45,Replay,12,14,non_holder,non_holder,0.9690659642219543
55,45,Replay,13,14,non_holder,non_holder,0.9192264080047607
