seed,round,class,holder_client_id,eval_data,n_eval_rows,n_positive_rows,precision_pre_local_train,recall_pre_local_train,f1_pre_local_train,precision_post_local_pre_agg,recall_post_local_pre_agg,f1_post_local_pre_agg,precision_post_aggregation,recall_post_aggregation,f1_post_aggregation,logit_margin_pre_local_train,logit_margin_post_local_pre_agg,logit_margin_post_aggregation,local_margin_gain,aggregation_margin_change,net_margin_change,update_norm_this_client,cosine_holder_update_vs_aggregate_update,fedavg_weighted_contribution_norm,cancellation_ratio,holder_weighted_sum_norm,nonholder_weighted_sum_norm,cosine_holder_sum_vs_nonholder_sum
11,1,Manipulation,2,own_client_rows,59592,1057,0.0,0.0,0.0,0.7676537585421412,0.956480605487228,0.8517270429654591,0.0,0.0,0.0,-0.17258001863956451,0.33144012093544006,-2.5838794708251953,0.5040201395750046,-2.9153195917606354,-2.411299452185631,0.09638915210962296,-0.4970797598361969,0.00267148669809103,0.08322063802476076,0.0077748228795826435,0.2661205232143402,-0.6395066380500793
11,1,Manipulation,2,validation,245526,973,0.0,0.0,0.0,0.03167534566349434,0.9064748201438849,0.061211742660836975,0.0,0.0,0.0,-0.17301282286643982,0.30252698063850403,-2.51257586479187,0.47553980350494385,-2.815102845430374,-2.3395630419254303,0.09638915210962296,-0.4970797598361969,0.00267148669809103,0.08322063802476076,0.0077748228795826435,0.2661205232143402,-0.6395066380500793
11,1,Manipulation,13,own_client_rows,84436,3058,0.0,0.0,0.0,0.7783150928989565,1.0,0.8753399169886933,0.0,0.0,0.0,-0.1715988665819168,3.157705545425415,-2.5765061378479004,3.329304412007332,-5.734211683273315,-2.4049072712659836,0.1373928040266037,-0.6498124599456787,0.005395460408180952,0.08322063802476076,0.0077748228795826435,0.2661205232143402,-0.6395066380500793
11,1,Manipulation,13,validation,245526,973,0.0,0.0,0.0,0.02013867328986857,1.0,0.03948222691121571,0.0,0.0,0.0,-0.17301282286643982,3.05118727684021,-2.51257586479187,3.22420009970665,-5.56376314163208,-2.3395630419254303,0.1373928040266037,-0.6498124599456787,0.005395460408180952,0.08322063802476076,0.0077748228795826435,0.2661205232143402,-0.6395066380500793
11,1,Replay,1,own_client_rows,72601,901,0.0,0.0,0.0,0.8859390363815143,1.0,0.9395203336809176,0.0,0.0,0.0,-0.19906090199947357,1.6707894802093506,-2.3509786128997803,1.8698503822088242,-4.021768093109131,-2.1519177109003067,0.11305484920740128,-0.6957574486732483,0.003817408811300993,0.14669673529276894,0.019466746598482132,0.2529427409172058,-0.5908538103103638
11,1,Replay,1,validation,245526,1085,0.0,0.0,0.0,0.026038541841656868,1.0,0.05075548486691304,0.0,0.0,0.0,-0.20505547523498535,1.7694051265716553,-2.435429096221924,1.9744606018066406,-4.204834222793579,-2.2303736209869385,0.11305484920740128,-0.6957574486732483,0.003817408811300993,0.14669673529276894,0.019466746598482132,0.2529427409172058,-0.5908538103103638
11,1,Replay,4,own_client_rows,137596,888,0.0,0.0,0.0,0.022784875601303472,0.9921171171171171,0.04454669565657077,0.0,0.0,0.0,-0.20324985682964325,1.7752814292907715,-2.401005744934082,1.9785312861204147,-4.1762871742248535,-2.197755888104439,0.18966259062290192,-0.3646996319293976,0.012137363664805889,0.14669673529276894,0.019466746598482132,0.2529427409172058,-0.5908538103103638
11,1,Replay,4,validation,245526,1085,0.0,0.0,0.0,0.03666077738515901,0.9944700460829493,0.07071468361896648,0.0,0.0,0.0,-0.20505547523498535,1.8940024375915527,-2.435429096221924,2.099057912826538,-4.329431533813477,-2.2303736209869385,0.18966259062290192,-0.3646996319293976,0.012137363664805889,0.14669673529276894,0.019466746598482132,0.2529427409172058,-0.5908538103103638
11,1,Replay,10,own_client_rows,76300,1914,0.0,0.0,0.0,0.0,0.0,0.0,0.0,0.0,0.0,-0.2007669061422348,-0.6917561888694763,-2.370657205581665,-0.4909892827272415,-1.6789010167121887,-2.1698902994394302,0.12982532382011414,-0.7327516078948975,0.004607027862221003,0.14669673529276894,0.019466746598482132,0.2529427409172058,-0.5908538103103638
11,1,Replay,10,validation,245526,1085,0.0,0.0,0.0,0.0,0.0,0.0,0.0,0.0,0.0,-0.20505547523498535,-0.694056510925293,-2.435429096221924,-0.4890010356903076,-1.7413725852966309,-2.2303736209869385,0.12982532382011414,-0.7327516078948975,0.004607027862221003,0.14669673529276894,0.019466746598482132,0.2529427409172058,-0.5908538103103638
11,5,Manipulation,2,own_client_rows,59592,1057,0.0,0.0,0.0,0.0,0.0,0.0,0.0,0.0,0.0,-5.806150913238525,-1.1008471250534058,-6.316047668457031,4.70530378818512,-5.2152005434036255,-0.5098967552185059,0.10626208782196045,-0.8416445851325989,0.002945121144875884,0.09968349595622972,0.008190304040908813,0.201289102435112,-0.8902522325515747
11,5,Manipulation,2,validation,245526,973,0.0,0.0,0.0,0.0,0.0,0.0,0.0,0.0,0.0,-5.560438632965088,-1.1262538433074951,-6.089603900909424,4.434184789657593,-4.963350057601929,-0.5291652679443359,0.10626208782196045,-0.8416445851325989,0.002945121144875884,0.09968349595622972,0.008190304040908813,0.201289102435112,-0.8902522325515747
11,5,Manipulation,13,own_client_rows,84436,3058,0.0,0.0,0.0,0.9886841254445522,1.0,0.9943098683140953,0.0,0.0,0.0,-5.744263172149658,1.5895971059799194,-6.257904529571533,7.333860278129578,-7.847501635551453,-0.513641357421875,0.1348945051431656,-0.8947156071662903,0.005297352094203234,0.09968349595622972,0.008190304040908813,0.201289102435112,-0.8902522325515747
11,5,Manipulation,13,validation,245526,973,0.0,0.0,0.0,0.1629815745393635,1.0,0.28028229871813337,0.0,0.0,0.0,-5.560438632965088,1.5520844459533691,-6.089603900909424,7.112523078918457,-7.641688346862793,-0.5291652679443359,0.1348945051431656,-0.8947156071662903,0.005297352094203234,0.09968349595622972,0.008190304040908813,0.201289102435112,-0.8902522325515747
11,5,Replay,1,own_client_rows,72601,901,0.0,0.0,0.0,0.9688172043010753,1.0,0.9841616602949208,0.0,0.0,0.0,-4.1025824546813965,2.57476544380188,-4.114340305328369,6.677347898483276,-6.689105749130249,-0.011757850646972656,0.11855065077543259,-0.8675161600112915,0.0040029799565672874,0.1885727950985171,0.019187502562999725,0.1839221715927124,-0.7831284999847412
11,5,Replay,1,validation,245526,1085,0.0,0.0,0.0,0.18177249120455688,1.0,0.307626878366884,0.0,0.0,0.0,-4.343120098114014,2.601640462875366,-4.355103015899658,6.94476056098938,-6.956743478775024,-0.011982917785644531,0.11855065077543259,-0.8675161600112915,0.0040029799565672874,0.1885727950985171,0.019187502562999725,0.1839221715927124,-0.7831284999847412
11,5,Replay,4,own_client_rows,137596,888,0.0,0.0,0.0,0.0539861511122005,0.9921171171171171,0.10240018597082583,0.0,0.0,0.0,-4.249055862426758,1.3470338582992554,-4.244637489318848,5.596089720726013,-5.591671347618103,0.004418373107910156,0.1737516224384308,-0.6307551860809326,0.011119148693978786,0.1885727950985171,0.019187502562999725,0.1839221715927124,-0.7831284999847412
11,5,Replay,4,validation,245526,1085,0.0,0.0,0.0,0.17219917012448133,0.9944700460829493,0.29356550129234116,0.0,0.0,0.0,-4.343120098114014,1.4849168062210083,-4.355103015899658,5.828036904335022,-5.8400198221206665,-0.011982917785644531,0.1737516224384308,-0.6307551860809326,0.011119148693978786,0.1885727950985171,0.019187502562999725,0.1839221715927124,-0.7831284999847412
11,5,Replay,10,own_client_rows,76300,1914,0.0,0.0,0.0,0.3604849403296079,0.9942528735632183,0.5291255387181982,0.0,0.0,0.0,-4.217933654785156,0.4614645838737488,-4.2273430824279785,4.679398238658905,-4.688807666301727,-0.009409427642822266,0.12471504509449005,-0.82743239402771,0.004425683058798313,0.1885727950985171,0.019187502562999725,0.1839221715927124,-0.7831284999847412
11,5,Replay,10,validation,245526,1085,0.0,0.0,0.0,0.22165160230073952,0.9944700460829493,0.3625062993448681,0.0,0.0,0.0,-4.343120098114014,0.5040614604949951,-4.355103015899658,4.847181558609009,-4.859164476394653,-0.011982917785644531,0.12471504509449005,-0.82743239402771,0.004425683058798313,0.1885727950985171,0.019187502562999725,0.1839221715927124,-0.7831284999847412
11,10,Manipulation,2,own_client_rows,59592,1057,0.0,0.0,0.0,0.0,0.0,0.0,0.0,0.0,0.0,-7.742499828338623,-1.382159948348999,-8.032546997070312,6.360339879989624,-6.6503870487213135,-0.29004716873168945,0.10407841205596924,-0.8972702622413635,0.0028845996130257845,0.11078009506389574,0.007837023586034775,0.199546679854393,-0.9153054356575012
11,10,Manipulation,2,validation,245526,973,0.0,0.0,0.0,0.0,0.0,0.0,0.0,0.0,0.0,-7.630526065826416,-1.4091649055480957,-7.9103899002075195,6.22136116027832,-6.501224994659424,-0.2798638343811035,0.10407841205596924,-0.8972702622413635,0.0028845996130257845,0.11078009506389574,0.007837023586034775,0.199546679854393,-0.9153054356575012
11,10,Manipulation,13,own_client_rows,84436,3058,0.0,0.0,0.0,0.0,0.0,0.0,0.0,0.0,0.0,-7.754735469818115,-0.13386522233486176,-8.046531677246094,7.6208702474832535,-7.912666454911232,-0.2917962074279785,0.1267234981060028,-0.9107363224029541,0.004976473283022642,0.11078009506389574,0.007837023586034775,0.199546679854393,-0.9153054356575012
11,10,Manipulation,13,validation,245526,973,0.0,0.0,0.0,0.0,0.0,0.0,0.0,0.0,0.0,-7.630526065826416,-0.13945212960243225,-7.9103899002075195,7.491073936223984,-7.770937770605087,-0.2798638343811035,0.1267234981060028,-0.9107363224029541,0.004976473283022642,0.11078009506389574,0.007837023586034775,0.199546679854393,-0.9153054356575012
11,10,Replay,1,own_client_rows,72601,901,0.0,0.0,0.0,0.9740540540540541,1.0,0.9868565169769989,0.0,0.0,0.0,-4.4180121421813965,2.064499616622925,-4.396740436553955,6.482511758804321,-6.46124005317688,0.021271705627441406,0.11371692270040512,-0.816770613193512,0.003839764278382063,0.20834859143758067,0.018088631331920624,0.1651328057050705,-0.7580493092536926
11,10,Replay,1,validation,245526,1085,0.0,0.0,0.0,0.19766806339952633,1.0,0.3300882263462124,0.0,0.0,0.0,-4.503499507904053,2.1073925495147705,-4.483883380889893,6.610892057418823,-6.591275930404663,0.019616127014160156,0.11371692270040512,-0.816770613193512,0.003839764278382063,0.20834859143758067,0.018088631331920624,0.1651328057050705,-0.7580493092536926
11,10,Replay,4,own_client_rows,137596,888,0.0,0.0,0.0,0.556538218572331,0.9921171171171171,0.7130716309186564,0.0,0.0,0.0,-4.428886413574219,1.4871411323547363,-4.416732311248779,5.916027545928955,-5.903873443603516,0.012154102325439453,0.16336482763290405,-0.6390020847320557,0.010454450733959675,0.20834859143758067,0.018088631331920624,0.1651328057050705,-0.7580493092536926
11,10,Replay,4,validation,245526,1085,0.0,0.0,0.0,0.2069428461833525,0.9944700460829493,0.34259406254961106,0.0,0.0,0.0,-4.503499507904053,1.6576337814331055,-4.483883380889893,6.161133289337158,-6.141517162322998,0.019616127014160156,0.16336482763290405,-0.6390020847320557,0.010454450733959675,0.20834859143758067,0.018088631331920624,0.1651328057050705,-0.7580493092536926
11,10,Replay,10,own_client_rows,76300,1914,0.0,0.0,0.0,0.3993993993993994,0.6253918495297806,0.48747709224190594,0.0,0.0,0.0,-4.448367595672607,0.063620425760746,-4.423796653747559,4.511988021433353,-4.487417079508305,0.024570941925048828,0.11387552320957184,-0.7269572019577026,0.004041027743369341,0.20834859143758067,0.018088631331920624,0.1651328057050705,-0.7580493092536926
11,10,Replay,10,validation,245526,1085,0.0,0.0,0.0,0.2653745806932538,0.656221198156682,0.37791932059447986,0.0,0.0,0.0,-4.503499507904053,0.10680225491523743,-4.483883380889893,4.61030176281929,-4.59068563580513,0.019616127014160156,0.11387552320957184,-0.7269572019577026,0.004041027743369341,0.20834859143758067,0.018088631331920624,0.1651328057050705,-0.7580493092536926
11,20,Manipulation,2,own_client_rows,59592,1057,0.0,0.0,0.0,0.0,0.0,0.0,0.0,0.0,0.0,-10.34045124053955,-2.385856866836548,-10.396602630615234,7.954594373703003,-8.010745763778687,-0.056151390075683594,0.09354371577501297,-0.932222843170166,0.0025926234666258097,0.11485827373343971,0.007042160257697105,0.1539483666419983,-0.9495055079460144
11,20,Manipulation,2,validation,245526,973,0.0,0.0,0.0,0.0,0.0,0.0,0.0,0.0,0.0,-10.214311599731445,-2.3796281814575195,-10.257081985473633,7.834683418273926,-7.877453804016113,-0.0427703857421875,0.09354371577501297,-0.932222843170166,0.0025926234666258097,0.11485827373343971,0.007042160257697105,0.1539483666419983,-0.9495055079460144
11,20,Manipulation,13,own_client_rows,84436,3058,0.0,0.0,0.0,0.0,0.0,0.0,0.0,0.0,0.0,-10.363679885864258,-1.3143956661224365,-10.420528411865234,9.049284219741821,-9.106132745742798,-0.05684852600097656,0.11388754099607468,-0.947090208530426,0.004472400993108749,0.11485827373343971,0.007042160257697105,0.1539483666419983,-0.9495055079460144
11,20,Manipulation,13,validation,245526,973,0.0,0.0,0.0,0.0,0.0,0.0,0.0,0.0,0.0,-10.214311599731445,-1.3076691627502441,-10.257081985473633,8.906642436981201,-8.949412822723389,-0.0427703857421875,0.11388754099607468,-0.947090208530426,0.004472400993108749,0.11485827373343971,0.007042160257697105,0.1539483666419983,-0.9495055079460144
11,20,Replay,1,own_client_rows,72601,901,0.0,0.0,0.0,0.9846153846153847,0.9944506104328524,0.9895085588072888,0.0,0.0,0.0,-5.429388523101807,0.6573306322097778,-5.3970417976379395,6.0867191553115845,-6.054372429847717,0.03234672546386719,0.10337455570697784,-0.8664906620979309,0.0034905443899333477,0.21261602513299904,0.017088323831558228,0.1571750044822693,-0.7772701382637024
11,20,Replay,1,validation,245526,1085,0.0,0.0,0.0,0.36845730027548207,0.9861751152073732,0.5364753070945099,0.0,0.0,0.0,-5.449606895446777,0.7098916172981262,-5.422502517700195,6.159498512744904,-6.1323941349983215,0.02710437774658203,0.10337455570697784,-0.8664906620979309,0.0034905443899333477,0.21261602513299904,0.017088323831558228,0.1571750044822693,-0.7772701382637024
11,20,Replay,4,own_client_rows,137596,888,0.0,0.0,0.0,0.5770491803278689,0.990990990990991,0.7293825113966017,0.0,0.0,0.0,-5.435052871704102,0.8945149183273315,-5.407837867736816,6.329567790031433,-6.302352786064148,0.027215003967285156,0.15897247195243835,-0.6489828824996948,0.010173364542424679,0.21261602513299904,0.017088323831558228,0.1571750044822693,-0.7772701382637024
11,20,Replay,4,validation,245526,1085,0.0,0.0,0.0,0.27917205692108665,0.9944700460829493,0.43595959595959594,0.0,0.0,0.0,-5.449606895446777,1.0168747901916504,-5.422502517700195,6.466481685638428,-6.439377307891846,0.02710437774658203,0.15897247195243835,-0.6489828824996948,0.010173364542424679,0.21261602513299904,0.017088323831558228,0.1571750044822693,-0.7772701382637024
11,20,Replay,10,own_client_rows,76300,1914,0.0,0.0,0.0,0.0,0.0,0.0,0.0,0.0,0.0,-5.425527095794678,-0.5688346028327942,-5.3928070068359375,4.8566924929618835,-4.823972404003143,0.032720088958740234,0.10582874715328217,-0.7502024173736572,0.003755477024242282,0.21261602513299904,0.017088323831558228,0.1571750044822693,-0.7772701382637024
11,20,Replay,10,validation,245526,1085,0.0,0.0,0.0,0.0,0.0,0.0,0.0,0.0,0.0,-5.449606895446777,-0.5374674797058105,-5.422502517700195,4.912139415740967,-4.885035037994385,0.02710437774658203,0.10582874715328217,-0.7502024173736572,0.003755477024242282,0.21261602513299904,0.017088323831558228,0.1571750044822693,-0.7772701382637024
11,30,Manipulation,2,own_client_rows,59592,1057,0.0,0.0,0.0,0.0,0.0,0.0,0.0,0.0,0.0,-9.873080253601074,-2.1313841342926025,-9.702909469604492,7.741696119308472,-7.57152533531189,0.17017078399658203,0.08801504969596863,-0.8536882400512695,0.0024393931962549686,0.12552727056042545,0.0065896944142878056,0.14143891632556915,-0.9257048964500427
11,30,Manipulation,2,validation,245526,973,0.0,0.0,0.0,0.0,0.0,0.0,0.0,0.0,0.0,-9.814802169799805,-2.1406309604644775,-9.636433601379395,7.674171209335327,-7.495802640914917,0.17836856842041016,0.08801504969596863,-0.8536882400512695,0.0024393931962549686,0.12552727056042545,0.0065896944142878056,0.14143891632556915,-0.9257048964500427
11,30,Manipulation,13,own_client_rows,84436,3058,0.0,0.0,0.0,0.0,0.0,0.0,0.0,0.0,0.0,-9.891254425048828,-0.4962987005710602,-9.718667984008789,9.394955724477768,-9.222369283437729,0.17258644104003906,0.10848596692085266,-0.9320278167724609,0.004260279703885317,0.12552727056042545,0.0065896944142878056,0.14143891632556915,-0.9257048964500427
11,30,Manipulation,13,validation,245526,973,0.0,0.0,0.0,0.0,0.0,0.0,0.0,0.0,0.0,-9.814802169799805,-0.512455403804779,-9.636433601379395,9.302346765995026,-9.123978197574615,0.17836856842041016,0.10848596692085266,-0.9320278167724609,0.004260279703885317,0.12552727056042545,0.0065896944142878056,0.14143891632556915,-0.9257048964500427
11,30,Replay,1,own_client_rows,72601,901,0.0,0.0,0.0,0.9889624724061811,0.9944506104328524,0.991698948533481,0.0,0.0,0.0,-5.560180187225342,0.7272552251815796,-5.373030185699463,6.287435412406921,-6.1002854108810425,0.1871500015258789,0.09290652722120285,-0.8279745578765869,0.003137080930173397,0.19268079646380531,0.014870183542370796,0.15113987028598785,-0.7797449827194214
11,30,Replay,1,validation,245526,1085,0.0,0.0,0.0,0.36926762491444215,0.9944700460829493,0.5385575243324182,0.0,0.0,0.0,-5.518949031829834,0.8276968598365784,-5.335543155670166,6.346645891666412,-6.163240015506744,0.18340587615966797,0.09290652722120285,-0.8279745578765869,0.003137080930173397,0.19268079646380531,0.014870183542370796,0.15113987028598785,-0.7797449827194214
11,30,Replay,4,own_client_rows,137596,888,0.0,0.0,0.0,0.5793285055957867,0.990990990990991,0.731200664727877,0.0,0.0,0.0,-5.606692314147949,0.8508378267288208,-5.434872150421143,6.45753014087677,-6.285709977149963,0.17182016372680664,0.1354360282421112,-0.6656188368797302,0.00866716168820858,0.19268079646380531,0.014870183542370796,0.15113987028598785,-0.7797449827194214
11,30,Replay,4,validation,245526,1085,0.0,0.0,0.0,0.35612817971589034,0.9935483870967742,0.52431906614786,0.0,0.0,0.0,-5.518949031829834,0.9771358370780945,-5.335543155670166,6.4960848689079285,-6.3126789927482605,0.18340587615966797,0.1354360282421112,-0.6656188368797302,0.00866716168820858,0.19268079646380531,0.014870183542370796,0.15113987028598785,-0.7797449827194214
11,30,Replay,10,own_client_rows,76300,1914,0.0,0.0,0.0,0.0,0.0,0.0,0.0,0.0,0.0,-5.537469863891602,-0.521348774433136,-5.3499436378479,5.016121089458466,-4.828594863414764,0.18752622604370117,0.1009538322687149,-0.7210087776184082,0.0035824840888381004,0.19268079646380531,0.014870183542370796,0.15113987028598785,-0.7797449827194214
11,30,Replay,10,validation,245526,1085,0.0,0.0,0.0,0.0,0.0,0.0,0.0,0.0,0.0,-5.518949031829834,-0.4913536012172699,-5.335543155670166,5.027595430612564,-4.844189554452896,0.18340587615966797,0.1009538322687149,-0.7210087776184082,0.0035824840888381004,0.19268079646380531,0.014870183542370796,0.15113987028598785,-0.7797449827194214
11,45,Manipulation,2,own_client_rows,59592,1057,0.0,0.0,0.0,0.0,0.0,0.0,0.0,0.0,0.0,-9.614848136901855,-1.1844428777694702,-9.678662300109863,8.430405259132385,-8.494219422340393,-0.06381416320800781,0.08427263796329498,-0.8340671062469482,0.0023356699384748936,0.17457977346583287,0.006351850926876068,0.09769100695848465,-0.8893928527832031
11,45,Manipulation,2,validation,245526,973,0.0,0.0,0.0,0.0,0.0,0.0,0.0,0.0,0.0,-9.652745246887207,-1.2130069732666016,-9.735237121582031,8.439738273620605,-8.52223014831543,-0.08249187469482422,0.08427263796329498,-0.8340671062469482,0.0023356699384748936,0.17457977346583287,0.006351850926876068,0.09769100695848465,-0.8893928527832031
11,45,Manipulation,13,own_client_rows,84436,3058,0.0,0.0,0.0,1.0,0.3351863963374755,0.5020818025961303,0.0,0.0,0.0,-9.64950942993164,-0.12324850261211395,-9.718442916870117,9.526260927319527,-9.595194414258003,-0.06893348693847656,0.1048150360584259,-0.8762657642364502,0.0041161212138831615,0.17457977346583287,0.006351850926876068,0.09769100695848465,-0.8893928527832031
11,45,Manipulation,13,validation,245526,973,0.0,0.0,0.0,0.35435056746532156,0.28879753340184994,0.318233295583239,0.0,0.0,0.0,-9.652745246887207,-0.1565704494714737,-9.735237121582031,9.496174797415733,-9.578666672110558,-0.08249187469482422,0.1048150360584259,-0.8762657642364502,0.0041161212138831615,0.17457977346583287,0.006351850926876068,0.09769100695848465,-0.8893928527832031
11,45,Replay,1,own_client_rows,72601,901,0.0,0.0,0.0,0.9932508436445444,0.9800221975582686,0.9865921787709497,0.0,0.0,0.0,-5.540342330932617,0.9089959859848022,-5.640021324157715,6.449338316917419,-6.549017310142517,-0.09967899322509766,0.08117986470460892,-0.7852447628974915,0.0027411184273660183,0.2072456493098811,0.013800342567265034,0.1264905333518982,-0.6818727254867554
11,45,Replay,1,validation,245526,1085,0.0,0.0,0.0,0.3720689655172414,0.9944700460829493,0.5415307402760351,0.0,0.0,0.0,-5.400781154632568,1.0669012069702148,-5.463961601257324,6.467682361602783,-6.530862808227539,-0.06318044662475586,0.08117986470460892,-0.7852447628974915,0.0027411184273660183,0.2072456493098811,0.013800342567265034,0.1264905333518982,-0.6818727254867554
11,45,Replay,4,own_client_rows,137596,888,0.0,0.0,0.0,0.5766710353866317,0.990990990990991,0.7290803645401823,0.0,0.0,0.0,-5.473747253417969,1.206900954246521,-5.542169094085693,6.68064820766449,-6.749070048332214,-0.06842184066772461,0.1318468302488327,-0.5176011919975281,0.008437473326921463,0.2072456493098811,0.013800342567265034,0.1264905333518982,-0.6818727254867554
11,45,Replay,4,validation,245526,1085,0.0,0.0,0.0,0.36926762491444215,0.9944700460829493,0.5385575243324182,0.0,0.0,0.0,-5.400781154632568,1.3621073961257935,-5.463961601257324,6.762888550758362,-6.826068997383118,-0.06318044662475586,0.1318468302488327,-0.5176011919975281,0.008437473326921463,0.2072456493098811,0.013800342567265034,0.1264905333518982,-0.6818727254867554
11,45,Replay,10,own_client_rows,76300,1914,0.0,0.0,0.0,0.4786269430051813,0.38610240334378265,0.4274146905725853,0.0,0.0,0.0,-5.486304759979248,-0.14466190338134766,-5.5762200355529785,5.3416428565979,-5.431558132171631,-0.08991527557373047,0.09083643555641174,-0.6168777346611023,0.0032234543468803167,0.2072456493098811,0.013800342567265034,0.1264905333518982,-0.6818727254867554
11,45,Replay,10,validation,245526,1085,0.0,0.0,0.0,0.5561735261401557,0.4608294930875576,0.5040322580645161,0.0,0.0,0.0,-5.400781154632568,-0.07386141270399094,-5.463961601257324,5.326919741928577,-5.390100188553333,-0.06318044662475586,0.09083643555641174,-0.6168777346611023,0.0032234543468803167,0.2072456493098811,0.013800342567265034,0.1264905333518982,-0.6818727254867554
22,1,Manipulation,2,own_client_rows,59592,1057,0.0005734071411243191,0.02459791863765374,0.0011206896551724137,0.6318318318318318,0.9952696310312205,0.7729610580455547,0.0,0.0,0.0,-0.04538870230317116,0.3933405578136444,-2.6702721118927,0.43872926011681557,-3.0636126697063446,-2.624883409589529,0.09655553102493286,-0.4822148382663727,0.002676097908988595,0.07788279639484874,0.007627084851264954,0.28443464636802673,-0.6805671453475952
22,1,Manipulation,2,validation,245526,973,0.00020388532234792247,0.040082219938335044,0.0004057069443505308,0.022019016423274647,0.9948612538540597,0.0430844553243574,0.0,0.0,0.0,-0.043040983378887177,0.3771021366119385,-2.619657039642334,0.42014311999082565,-2.9967591762542725,-2.576616056263447,0.09655553102493286,-0.4822148382663727,0.002676097908988595,0.07788279639484874,0.007627084851264954,0.28443464636802673,-0.6805671453475952
22,1,Manipulation,13,own_client_rows,84436,3058,0.001284877863598534,0.02877697841726619,0.0024599214502355094,0.8522853957636566,1.0,0.9202527836292507,0.0,0.0,0.0,-0.04520547017455101,4.695517063140869,-2.661224126815796,4.74072253331542,-7.356741189956665,-2.616018656641245,0.13599006831645966,-0.7092086672782898,0.005340375006198883,0.07788279639484874,0.007627084851264954,0.28443464636802673,-0.6805671453475952
22,1,Manipulation,13,validation,245526,973,0.00020388532234792247,0.040082219938335044,0.0004057069443505308,0.018068709377901577,1.0,0.035496050927530415,0.0,0.0,0.0,-0.043040983378887177,4.543319225311279,-2.619657039642334,4.5863602086901665,-7.162976264953613,-2.576616056263447,0.13599006831645966,-0.7092086672782898,0.005340375006198883,0.07788279639484874,0.007627084851264954,0.28443464636802673,-0.6805671453475952
22,1,Replay,1,own_client_rows,72601,901,0.0,0.0,0.0,0.7635593220338983,1.0,0.865929841422393,0.0,0.0,0.0,-0.23443159461021423,2.59423828125,-2.9528160095214844,2.8286698758602142,-5.547054290771484,-2.71838441491127,0.12076109647750854,-0.7140750288963318,0.004077618010342121,0.12866010938182604,0.017581472173333168,0.2560640275478363,-0.5193025469779968
22,1,Replay,1,validation,245526,1085,0.0,0.0,0.0,0.022167739299213403,1.0,0.04337397561463122,0.0,0.0,0.0,-0.2453559786081314,2.731963634490967,-3.0039918422698975,2.977319613099098,-5.735955476760864,-2.758635863661766,0.12076109647750854,-0.7140750288963318,0.004077618010342121,0.12866010938182604,0.017581472173333168,0.2560640275478363,-0.5193025469779968
22,1,Replay,4,own_client_rows,137596,888,0.0,0.0,0.0,0.025036315474664617,0.9898648648648649,0.04883740311692641,0.0,0.0,0.0,-0.23542840778827667,1.50995934009552,-2.9986813068389893,1.7453877478837967,-4.508640646934509,-2.7632528990507126,0.17065981030464172,-0.2443205565214157,0.010921289213001728,0.12866010938182604,0.017581472173333168,0.2560640275478363,-0.5193025469779968
22,1,Replay,4,validation,245526,1085,0.0,0.0,0.0,0.0438871473354232,0.9935483870967742,0.08406113537117904,0.0,0.0,0.0,-0.2453559786081314,1.6473652124404907,-3.0039918422698975,1.8927211910486221,-4.651357054710388,-2.758635863661766,0.17065981030464172,-0.2443205565214157,0.010921289213001728,0.12866010938182604,0.017581472173333168,0.2560640275478363,-0.5193025469779968
22,1,Replay,10,own_client_rows,76300,1914,0.0,0.0,0.0,0.46255822285919024,0.6745036572622779,0.5487778958554729,0.0,0.0,0.0,-0.23710183799266815,0.03764491528272629,-2.961232900619507,0.27474675327539444,-2.998877815902233,-2.7241310626268387,0.11556795984506607,-0.6390270590782166,0.004101085476577282,0.12866010938182604,0.017581472173333168,0.2560640275478363,-0.5193025469779968
22,1,Replay,10,validation,245526,1085,0.0,0.0,0.0,0.0451460607848923,0.7050691244239631,0.08485856905158069,0.0,0.0,0.0,-0.2453559786081314,0.058511074632406235,-3.0039918422698975,0.30386705324053764,-3.0625029169023037,-2.758635863661766,0.11556795984506607,-0.6390270590782166,0.004101085476577282,0.12866010938182604,0.017581472173333168,0.2560640275478363,-0.5193025469779968
22,5,Manipulation,2,own_client_rows,59592,1057,0.0,0.0,0.0,0.0,0.0,0.0,0.0,0.0,0.0,-6.363281726837158,-1.1337132453918457,-6.7922821044921875,5.2295684814453125,-5.658568859100342,-0.4290003776550293,0.10914013534784317,-0.8883085250854492,0.0030248884577304125,0.09949687792654205,0.008541824296116829,0.20844364166259766,-0.9172313809394836
22,5,Manipulation,2,validation,245526,973,0.0,0.0,0.0,0.0,0.0,0.0,0.0,0.0,0.0,-6.100966453552246,-1.1615163087844849,-6.587853908538818,4.939450144767761,-5.4263375997543335,-0.48688745498657227,0.10914013534784317,-0.8883085250854492,0.0030248884577304125,0.09949687792654205,0.008541824296116829,0.20844364166259766,-0.9172313809394836
22,5,Manipulation,13,own_client_rows,84436,3058,0.0,0.0,0.0,0.9890038809831824,1.0,0.9944715447154472,0.0,0.0,0.0,-6.30308198928833,2.189466714859009,-6.75573205947876,8.492548704147339,-8.945198774337769,-0.4526500701904297,0.14220431447029114,-0.9112799763679504,0.0055844103917479515,0.09949687792654205,0.008541824296116829,0.20844364166259766,-0.9172313809394836
22,5,Manipulation,13,validation,245526,973,0.0,0.0,0.0,0.16369448183041724,1.0,0.2813358392366633,0.0,0.0,0.0,-6.100966453552246,2.1431751251220703,-6.587853908538818,8.244141578674316,-8.731029033660889,-0.48688745498657227,0.14220431447029114,-0.9112799763679504,0.0055844103917479515,0.09949687792654205,0.008541824296116829,0.20844364166259766,-0.9172313809394836
22,5,Replay,1,own_client_rows,72601,901,0.0,0.0,0.0,0.9657020364415863,1.0,0.9825517993456925,0.0,0.0,0.0,-5.354231357574463,2.50177264213562,-5.367037773132324,7.856003999710083,-7.868810415267944,-0.012806415557861328,0.12357047945261002,-0.9013016223907471,0.00417247973382473,0.19844658130306247,0.019247326999902725,0.1810726374387741,-0.8568333387374878
22,5,Replay,1,validation,245526,1085,0.0,0.0,0.0,0.18352503382949933,1.0,0.31013291410604543,0.0,0.0,0.0,-5.648172378540039,2.561178684234619,-5.614655494689941,8.209351062774658,-8.17583417892456,0.033516883850097656,0.12357047945261002,-0.9013016223907471,0.00417247973382473,0.19844658130306247,0.019247326999902725,0.1810726374387741,-0.8568333387374878
22,5,Replay,4,own_client_rows,137596,888,0.0,0.0,0.0,0.401183970856102,0.9921171171171171,0.5713359273670557,0.0,0.0,0.0,-5.524847984313965,2.061793088912964,-5.490715026855469,7.586641073226929,-7.552508115768433,0.034132957458496094,0.1700313240289688,-0.7512497901916504,0.010881070047616959,0.19844658130306247,0.019247326999902725,0.1810726374387741,-0.8568333387374878
22,5,Replay,4,validation,245526,1085,0.0,0.0,0.0,0.20560213414634146,0.9944700460829493,0.3407547765671877,0.0,0.0,0.0,-5.648172378540039,2.19563364982605,-5.614655494689941,7.843806028366089,-7.810289144515991,0.033516883850097656,0.1700313240289688,-0.7512497901916504,0.010881070047616959,0.19844658130306247,0.019247326999902725,0.1810726374387741,-0.8568333387374878
22,5,Replay,10,own_client_rows,76300,1914,0.0,0.0,0.0,0.3526081682167408,0.9111807732497388,0.5084548104956268,0.0,0.0,0.0,-5.4793219566345215,0.5712960958480835,-5.4621357917785645,6.050618052482605,-6.033431887626648,0.01718616485595703,0.12458053976297379,-0.888842761516571,0.0044209095649421215,0.19844658130306247,0.019247326999902725,0.1810726374387741,-0.8568333387374878
22,5,Replay,10,validation,245526,1085,0.0,0.0,0.0,0.20648535564853557,0.9096774193548387,0.33657289002557544,0.0,0.0,0.0,-5.648172378540039,0.6253974437713623,-5.614655494689941,6.273569822311401,-6.240052938461304,0.033516883850097656,0.12458053976297379,-0.888842761516571,0.0044209095649421215,0.19844658130306247,0.019247326999902725,0.1810726374387741,-0.8568333387374878
22,10,Manipulation,2,own_client_rows,59592,1057,0.0,0.0,0.0,0.0,0.0,0.0,0.0,0.0,0.0,-8.64590835571289,-2.209190845489502,-8.953655242919922,6.436717510223389,-6.74446439743042,-0.30774688720703125,0.10296596586704254,-0.7942957878112793,0.002853767480701208,0.10537901662123883,0.00787550862878561,0.21041128039360046,-0.8734660148620605
22,10,Manipulation,2,validation,245526,973,0.0,0.0,0.0,0.0,0.0,0.0,0.0,0.0,0.0,-8.517887115478516,-2.248208522796631,-8.831461906433105,6.269678592681885,-6.583253383636475,-0.31357479095458984,0.10296596586704254,-0.7942957878112793,0.002853767480701208,0.10537901662123883,0.00787550862878561,0.21041128039360046,-0.8734660148620605
22,10,Manipulation,13,own_client_rows,84436,3058,0.0,0.0,0.0,1.0,0.20896010464355788,0.3456856911008926,0.0,0.0,0.0,-8.661285400390625,-0.21110084652900696,-8.980562210083008,8.450184553861618,-8.769461363554,-0.3192768096923828,0.1299532800912857,-0.8893852829933167,0.005103308241814375,0.10537901662123883,0.00787550862878561,0.21041128039360046,-0.8734660148620605
22,10,Manipulation,13,validation,245526,973,0.0,0.0,0.0,0.26799557032115173,0.24871531346351491,0.2579957356076759,0.0,0.0,0.0,-8.517887115478516,-0.19876763224601746,-8.831461906433105,8.319119483232498,-8.632694274187088,-0.31357479095458984,0.1299532800912857,-0.8893852829933167,0.005103308241814375,0.10537901662123883,0.00787550862878561,0.21041128039360046,-0.8734660148620605
22,10,Replay,1,own_client_rows,72601,901,0.0,0.0,0.0,0.9857456140350878,0.9977802441731409,0.9917264202978489,0.0,0.0,0.0,-5.691361904144287,1.4648010730743408,-5.8194074630737305,7.156162977218628,-7.284208536148071,-0.12804555892944336,0.116197369992733,-0.8806834816932678,0.0039235190488398075,0.20637974858423447,0.018932363018393517,0.1818622350692749,-0.8032748699188232
22,10,Replay,1,validation,245526,1085,0.0,0.0,0.0,0.2316420466709484,0.9972350230414746,0.37595552466990967,0.0,0.0,0.0,-5.789112091064453,1.5567947626113892,-5.89803409576416,7.345906853675842,-7.454828858375549,-0.10892200469970703,0.116197369992733,-0.8806834816932678,0.0039235190488398075,0.20637974858423447,0.018932363018393517,0.1818622350692749,-0.8032748699188232
22,10,Replay,4,own_client_rows,137596,888,0.0,0.0,0.0,0.5640204865556978,0.9921171171171171,0.7191836734693877,0.0,0.0,0.0,-5.725189685821533,1.467581033706665,-5.856836795806885,7.192770719528198,-7.32441782951355,-0.13164710998535156,0.17428770661354065,-0.6869838833808899,0.011153456754982471,0.20637974858423447,0.018932363018393517,0.1818622350692749,-0.8032748699188232
22,10,Replay,4,validation,245526,1085,0.0,0.0,0.0,0.20698254364089774,0.9944700460829493,0.342648459828517,0.0,0.0,0.0,-5.789112091064453,1.601255178451538,-5.89803409576416,7.390367269515991,-7.499289274215698,-0.10892200469970703,0.17428770661354065,-0.6869838833808899,0.011153456754982471,0.20637974858423447,0.018932363018393517,0.1818622350692749,-0.8032748699188232
22,10,Replay,10,own_client_rows,76300,1914,0.0,0.0,0.0,0.39365671641791045,0.44096133751306166,0.4159684573681617,0.0,0.0,0.0,-5.721200942993164,-0.122475765645504,-5.840425491333008,5.59872517734766,-5.717949725687504,-0.11922454833984375,0.11546338349580765,-0.8040108680725098,0.004097375087440014,0.20637974858423447,0.018932363018393517,0.1818622350692749,-0.8032748699188232
22,10,Replay,10,validation,245526,1085,0.0,0.0,0.0,0.3377862595419847,0.4894009216589862,0.39969890854347007,0.0,0.0,0.0,-5.789112091064453,-0.09104062616825104,-5.89803409576416,5.698071464896202,-5.806993469595909,-0.10892200469970703,0.11546338349580765,-0.8040108680725098,0.004097375087440014,0.20637974858423447,0.018932363018393517,0.1818622350692749,-0.8032748699188232
22,20,Manipulation,2,own_client_rows,59592,1057,0.0,0.0,0.0,0.0,0.0,0.0,0.0,0.0,0.0,-12.083827018737793,-2.9972949028015137,-12.452829360961914,9.08653211593628,-9.4555344581604,-0.3690023422241211,0.09531083703041077,-0.8902572989463806,0.0026416003238409758,0.12068430339090896,0.007408159784972668,0.1666790097951889,-0.9275427460670471
22,20,Manipulation,2,validation,245526,973,0.0,0.0,0.0,0.0,0.0,0.0,0.0,0.0,0.0,-11.972102165222168,-3.0154290199279785,-12.33427906036377,8.95667314529419,-9.318850040435791,-0.36217689514160156,0.09531083703041077,-0.8902572989463806,0.0026416003238409758,0.12068430339090896,0.007408159784972668,0.1666790097951889,-0.9275427460670471
22,20,Manipulation,13,own_client_rows,84436,3058,0.0,0.0,0.0,0.0,0.0,0.0,0.0,0.0,0.0,-12.132941246032715,-1.5933524370193481,-12.504650115966797,10.539588809013367,-10.911297678947449,-0.37170886993408203,0.12236395478248596,-0.9303723573684692,0.004805272910743952,0.12068430339090896,0.007408159784972668,0.1666790097951889,-0.9275427460670471
22,20,Manipulation,13,validation,245526,973,0.0,0.0,0.0,0.0,0.0,0.0,0.0,0.0,0.0,-11.972102165222168,-1.5769683122634888,-12.33427906036377,10.39513385295868,-10.75731074810028,-0.36217689514160156,0.12236395478248596,-0.9303723573684692,0.004805272910743952,0.12068430339090896,0.007408159784972668,0.1666790097951889,-0.9275427460670471
22,20,Replay,1,own_client_rows,72601,901,0.0,0.0,0.0,0.9988713318284425,0.9822419533851277,0.9904868494683827,0.0,0.0,0.0,-6.767186641693115,0.4603256285190582,-6.836428642272949,7.2275122702121735,-7.2967542707920074,-0.06924200057983398,0.10488177090883255,-0.8042432069778442,0.003541436744853854,0.22346375843260646,0.017318787053227425,0.16708414256572723,-0.7756737470626831
22,20,Replay,1,validation,245526,1085,0.0,0.0,0.0,0.37977941176470587,0.9520737327188941,0.542969776609724,0.0,0.0,0.0,-6.80308723449707,0.4641663432121277,-6.878882884979248,7.267253577709198,-7.343049228191376,-0.07579565048217773,0.10488177090883255,-0.8042432069778442,0.003541436744853854,0.22346375843260646,0.017318787053227425,0.16708414256572723,-0.7756737470626831
22,20,Replay,4,own_client_rows,137596,888,0.0,0.0,0.0,0.5920431557653405,0.9887387387387387,0.7406157739350485,0.0,0.0,0.0,-6.8262619972229,0.5974668264389038,-6.897095203399658,7.423728823661804,-7.494562029838562,-0.07083320617675781,0.15963710844516754,-0.6952733397483826,0.010215898044407368,0.22346375843260646,0.017318787053227425,0.16708414256572723,-0.7756737470626831
22,20,Replay,4,validation,245526,1085,0.0,0.0,0.0,0.35935397039030953,0.9843317972350231,0.5264974118807,0.0,0.0,0.0,-6.80308723449707,0.7112618088722229,-6.878882884979248,7.514349043369293,-7.590144693851471,-0.07579565048217773,0.15963710844516754,-0.6952733397483826,0.010215898044407368,0.22346375843260646,0.017318787053227425,0.16708414256572723,-0.7756737470626831
22,20,Replay,10,own_client_rows,76300,1914,0.0,0.0,0.0,0.0,0.0,0.0,0.0,0.0,0.0,-6.763921737670898,-0.6350893378257751,-6.836770057678223,6.128832399845123,-6.2016807198524475,-0.07284832000732422,0.10963520407676697,-0.687107264995575,0.003890553954988718,0.22346375843260646,0.017318787053227425,0.16708414256572723,-0.7756737470626831
22,20,Replay,10,validation,245526,1085,0.0,0.0,0.0,0.0,0.0,0.0,0.0,0.0,0.0,-6.80308723449707,-0.6051830649375916,-6.878882884979248,6.197904169559479,-6.2736998200416565,-0.07579565048217773,0.10963520407676697,-0.687107264995575,0.003890553954988718,0.22346375843260646,0.017318787053227425,0.16708414256572723,-0.7756737470626831
22,30,Manipulation,2,own_client_rows,59592,1057,0.0,0.0,0.0,0.0,0.0,0.0,0.0,0.0,0.0,-13.50795841217041,-3.4922091960906982,-12.705168724060059,10.015749216079712,-9.21295952796936,0.8027896881103516,0.09392062574625015,-0.8216315507888794,0.0026030701119452715,0.14237799233609372,0.007137831766158342,0.13850486278533936,-0.9012808799743652
22,30,Manipulation,2,validation,245526,973,0.0,0.0,0.0,0.0,0.0,0.0,0.0,0.0,0.0,-13.449565887451172,-3.472870111465454,-12.67288589477539,9.976695775985718,-9.200015783309937,0.7766799926757812,0.09392062574625015,-0.8216315507888794,0.0026030701119452715,0.14237799233609372,0.007137831766158342,0.13850486278533936,-0.9012808799743652
22,30,Manipulation,13,own_client_rows,84436,3058,0.0,0.0,0.0,0.0,0.0,0.0,0.0,0.0,0.0,-13.586606979370117,-2.222853660583496,-12.777912139892578,11.363753318786621,-10.555058479309082,0.8086948394775391,0.11856009811162949,-0.9064377546310425,0.004655893892049789,0.14237799233609372,0.007137831766158342,0.13850486278533936,-0.9012808799743652
22,30,Manipulation,13,validation,245526,973,0.0,0.0,0.0,0.0,0.0,0.0,0.0,0.0,0.0,-13.449565887451172,-2.1893904209136963,-12.67288589477539,11.260175466537476,-10.483495473861694,0.7766799926757812,0.11856009811162949,-0.9064377546310425,0.004655893892049789,0.14237799233609372,0.007137831766158342,0.13850486278533936,-0.9012808799743652
22,30,Replay,1,own_client_rows,72601,901,0.0,0.0,0.0,1.0,0.038845726970033294,0.07478632478632478,0.0,0.0,0.0,-7.6319899559021,-0.12555724382400513,-7.126129150390625,7.5064327120780945,-7.00057190656662,0.5058608055114746,0.09802687168121338,-0.8197389245033264,0.0033099742140620947,0.1916728638303864,0.015868613496422768,0.16553469002246857,-0.7763730883598328
22,30,Replay,1,validation,245526,1085,0.0,0.0,0.0,0.3625,0.026728110599078342,0.04978540772532189,0.0,0.0,0.0,-7.606649398803711,-0.1208927109837532,-7.0524821281433105,7.485756687819958,-6.931589417159557,0.5541672706604004,0.09802687168121338,-0.8197389245033264,0.0033099742140620947,0.1916728638303864,0.015868613496422768,0.16553469002246857,-0.7763730883598328
22,30,Replay,4,own_client_rows,137596,888,0.0,0.0,0.0,0.6948608137044968,0.7308558558558559,0.712403951701427,0.0,0.0,0.0,-7.651639461517334,0.145441934466362,-7.141913890838623,7.797081395983696,-7.287355825304985,0.5097255706787109,0.1461811363697052,-0.6732568740844727,0.0093547897413373,0.1916728638303864,0.015868613496422768,0.16553469002246857,-0.7763730883598328
22,30,Replay,4,validation,245526,1085,0.0,0.0,0.0,0.4114533205004812,0.7880184331797235,0.5406259879860892,0.0,0.0,0.0,-7.606649398803711,0.25681522488594055,-7.0524821281433105,7.8634646236896515,-7.309297353029251,0.5541672706604004,0.1461811363697052,-0.6732568740844727,0.0093547897413373,0.1916728638303864,0.015868613496422768,0.16553469002246857,-0.7763730883598328
22,30,Replay,10,own_client_rows,76300,1914,0.0,0.0,0.0,0.0,0.0,0.0,0.0,0.0,0.0,-7.6187896728515625,-0.9931376576423645,-7.096380710601807,6.625652015209198,-6.103243052959442,0.5224089622497559,0.10243088752031326,-0.7237644195556641,0.003634899388998747,0.1916728638303864,0.015868613496422768,0.16553469002246857,-0.7763730883598328
22,30,Replay,10,validation,245526,1085,0.0,0.0,0.0,0.0,0.0,0.0,0.0,0.0,0.0,-7.606649398803711,-0.9526529312133789,-7.0524821281433105,6.653996467590332,-6.099829196929932,0.5541672706604004,0.10243088752031326,-0.7237644195556641,0.003634899388998747,0.1916728638303864,0.015868613496422768,0.16553469002246857,-0.7763730883598328
22,45,Manipulation,2,own_client_rows,59592,1057,0.0,0.0,0.0,0.0,0.0,0.0,0.0,0.0,0.0,-12.34350299835205,-2.213015079498291,-11.551409721374512,10.13048791885376,-9.33839464187622,0.7920932769775391,0.08323866873979568,-0.7552520036697388,0.002307012677192688,0.1383057146890584,0.006374131888151169,0.11810628324747086,-0.8186608552932739
22,45,Manipulation,2,validation,245526,973,0.0,0.0,0.0,0.0,0.0,0.0,0.0,0.0,0.0,-12.384013175964355,-2.216007947921753,-11.586283683776855,10.168005228042603,-9.370275735855103,0.7977294921875,0.08323866873979568,-0.7552520036697388,0.002307012677192688,0.1383057146890584,0.006374131888151169,0.11810628324747086,-0.8186608552932739
22,45,Manipulation,13,own_client_rows,84436,3058,0.0,0.0,0.0,0.0,0.0,0.0,0.0,0.0,0.0,-12.469597816467285,-1.4918564558029175,-11.664910316467285,10.977741360664368,-10.173053860664368,0.8046875,0.10546717047691345,-0.8099272847175598,0.004141730722039938,0.1383057146890584,0.006374131888151169,0.11810628324747086,-0.8186608552932739
22,45,Manipulation,13,validation,245526,973,0.0,0.0,0.0,0.0,0.0,0.0,0.0,0.0,0.0,-12.384013175964355,-1.4788435697555542,-11.586283683776855,10.905169606208801,-10.107440114021301,0.7977294921875,0.10546717047691345,-0.8099272847175598,0.004141730722039938,0.1383057146890584,0.006374131888151169,0.11810628324747086,-0.8186608552932739
22,45,Replay,1,own_client_rows,72601,901,0.0,0.0,0.0,0.0,0.0,0.0,0.0,0.0,0.0,-8.40306282043457,-0.3269515931606293,-7.856657981872559,8.076111227273941,-7.529706388711929,0.5464048385620117,0.08871959894895554,-0.7201117277145386,0.002995704999193549,0.2025926474147668,0.014228170737624168,0.13291555643081665,-0.6980648636817932
22,45,Replay,1,validation,245526,1085,0.0,0.0,0.0,0.0,0.0,0.0,0.0,0.0,0.0,-8.216411590576172,-0.31558287143707275,-7.667122840881348,7.900828719139099,-7.351539969444275,0.5492887496948242,0.08871959894895554,-0.7201117277145386,0.002995704999193549,0.2025926474147668,0.014228170737624168,0.13291555643081665,-0.6980648636817932
22,45,Replay,4,own_client_rows,137596,888,0.0,0.0,0.0,0.7062289562289562,0.9448198198198198,0.8082851637764933,0.0,0.0,0.0,-8.328421592712402,-0.03024441748857498,-7.787928104400635,8.298177175223827,-7.75768368691206,0.5404934883117676,0.12804462015628815,-0.5752145051956177,0.00819415133446455,0.2025926474147668,0.014228170737624168,0.13291555643081665,-0.6980648636817932
22,45,Replay,4,validation,245526,1085,0.0,0.0,0.0,0.4393553859202714,0.9548387096774194,0.6018007551553878,0.0,0.0,0.0,-8.216411590576172,0.0447121188044548,-7.667122840881348,8.261123709380627,-7.7118349596858025,0.5492887496948242,0.12804462015628815,-0.5752145051956177,0.00819415133446455,0.2025926474147668,0.014228170737624168,0.13291555643081665,-0.6980648636817932
22,45,Replay,10,own_client_rows,76300,1914,0.0,0.0,0.0,0.0,0.0,0.0,0.0,0.0,0.0,-8.33466625213623,-0.8860130906105042,-7.788800239562988,7.448653161525726,-6.902787148952484,0.5458660125732422,0.0967021957039833,-0.6371849775314331,0.0034316089004278183,0.2025926474147668,0.014228170737624168,0.13291555643081665,-0.6980648636817932
22,45,Replay,10,validation,245526,1085,0.0,0.0,0.0,0.0,0.0,0.0,0.0,0.0,0.0,-8.216411590576172,-0.8720195293426514,-7.667122840881348,7.3443920612335205,-6.795103311538696,0.5492887496948242,0.0967021957039833,-0.6371849775314331,0.0034316089004278183,0.2025926474147668,0.014228170737624168,0.13291555643081665,-0.6980648636817932
33,1,Manipulation,2,own_client_rows,59592,1057,0.014935174271762924,0.8391674550614948,0.02934802388869588,0.468944099378882,1.0,0.638477801268499,0.0,0.0,0.0,0.07492341101169586,0.6406240463256836,-1.2962894439697266,0.5657006353139877,-1.9369134902954102,-1.3712128549814224,0.09551151096820831,-0.44662144780158997,0.002647162415087223,0.077372792197129,0.008009670302271843,0.28526681661605835,-0.6692782640457153
33,1,Manipulation,2,validation,245526,973,0.00358304112209117,0.8663926002055499,0.007136568351901392,0.018382422398972247,1.0,0.03610121697833185,0.0,0.0,0.0,0.07233995199203491,0.6102647185325623,-1.2682437896728516,0.5379247665405273,-1.8785085082054138,-1.3405837416648865,0.09551151096820831,-0.44662144780158997,0.002647162415087223,0.077372792197129,0.008009670302271843,0.28526681661605835,-0.6692782640457153
33,1,Manipulation,13,own_client_rows,84436,3058,0.031176975535314035,0.855134074558535,0.06016058159063197,0.5678737233054781,1.0,0.7243870662086936,0.0,0.0,0.0,0.07635586708784103,4.578798294067383,-1.283262014389038,4.502442426979542,-5.862060308456421,-1.3596178814768791,0.14763830602169037,-0.6986612677574158,0.005797805264592171,0.077372792197129,0.008009670302271843,0.28526681661605835,-0.6692782640457153
33,1,Manipulation,13,validation,245526,973,0.00358304112209117,0.8663926002055499,0.007136568351901392,0.01645526805344157,1.0,0.032377751526546095,0.0,0.0,0.0,0.07233995199203491,4.411870002746582,-1.2682437896728516,4.339530050754547,-5.680113792419434,-1.3405837416648865,0.14763830602169037,-0.6986612677574158,0.005797805264592171,0.077372792197129,0.008009670302271843,0.28526681661605835,-0.6692782640457153
33,1,Replay,1,own_client_rows,72601,901,0.9760479041916168,0.18091009988901222,0.3052434456928839,0.8444236176194939,1.0,0.915650406504065,0.0,0.0,0.0,-0.07896671444177628,2.4960358142852783,-1.5609815120697021,2.5750025287270546,-4.0570173263549805,-1.4820147976279259,0.11740628629922867,-0.7103360295295715,0.003964339382946491,0.11977096469234161,0.01812688261270523,0.2593090534210205,-0.35471105575561523
33,1,Replay,1,validation,245526,1085,0.35,0.2064516129032258,0.25971014492753625,0.022016151941885477,1.0,0.043083765163698454,0.0,0.0,0.0,-0.0888286679983139,2.6311304569244385,-1.5951191186904907,2.7199591249227524,-4.226249575614929,-1.5062904506921768,0.11740628629922867,-0.7103360295295715,0.003964339382946491,0.11977096469234161,0.01812688261270523,0.2593090534210205,-0.35471105575561523
33,1,Replay,4,own_client_rows,137596,888,0.43392070484581496,0.22184684684684686,0.293591654247392,0.02247105034943631,0.9921171171171171,0.0439467251957899,0.0,0.0,0.0,-0.07548204809427261,1.7731359004974365,-1.6141027212142944,1.8486179485917091,-3.387238621711731,-1.5386206731200218,0.18041206896305084,-0.04333224147558212,0.01154538057744503,0.11977096469234161,0.01812688261270523,0.2593090534210205,-0.35471105575561523
33,1,Replay,4,validation,245526,1085,0.35,0.2064516129032258,0.25971014492753625,0.0421188227027871,0.9944700460829493,0.08081488971276636,0.0,0.0,0.0,-0.0888286679983139,1.9014252424240112,-1.5951191186904907,1.9902539104223251,-3.496544361114502,-1.5062904506921768,0.18041206896305084,-0.04333224147558212,0.01154538057744503,0.11977096469234161,0.01812688261270523,0.2593090534210205,-0.35471105575561523
33,1,Replay,10,own_client_rows,76300,1914,0.41609977324263037,0.1917450365726228,0.2625178826895565,0.22668254913639072,0.9942528735632183,0.36919196818314093,0.0,0.0,0.0,-0.08047614246606827,0.627295970916748,-1.5708303451538086,0.7077721133828163,-2.1981263160705566,-1.4903542026877403,0.12328431755304337,-0.44932815432548523,0.004374911542981863,0.11977096469234161,0.01812688261270523,0.2593090534210205,-0.35471105575561523
33,1,Replay,10,validation,245526,1085,0.35,0.2064516129032258,0.25971014492753625,0.017003104366598906,0.9944700460829493,0.03343455627169063,0.0,0.0,0.0,-0.0888286679983139,0.6647309064865112,-1.5951191186904907,0.7535595744848251,-2.259850025177002,-1.5062904506921768,0.12328431755304337,-0.44932815432548523,0.004374911542981863,0.11977096469234161,0.01812688261270523,0.2593090534210205,-0.35471105575561523
33,5,Manipulation,2,own_client_rows,59592,1057,0.0,0.0,0.0,0.0,0.0,0.0,0.0,0.0,0.0,-4.403908729553223,-0.5491594672203064,-5.1673736572265625,3.8547492623329163,-4.618214190006256,-0.7634649276733398,0.10978204756975174,-0.8278414607048035,0.0030426792800426483,0.10252147767086939,0.008642058819532394,0.19605237245559692,-0.869515061378479
33,5,Manipulation,2,validation,245526,973,0.0,0.0,0.0,0.0,0.0,0.0,0.0,0.0,0.0,-4.168373107910156,-0.5642150640487671,-4.973658561706543,3.604158043861389,-4.409443497657776,-0.8052854537963867,0.10978204756975174,-0.8278414607048035,0.0030426792800426483,0.10252147767086939,0.008642058819532394,0.19605237245559692,-0.869515061378479
33,5,Manipulation,13,own_client_rows,84436,3058,0.0,0.0,0.0,0.9861335053208642,1.0,0.9930183471342751,0.0,0.0,0.0,-4.336916446685791,2.8570141792297363,-5.121261119842529,7.193930625915527,-7.978275299072266,-0.7843446731567383,0.14363722503185272,-0.8681597113609314,0.005640680901706219,0.10252147767086939,0.008642058819532394,0.19605237245559692,-0.869515061378479
33,5,Manipulation,13,validation,245526,973,0.0,0.0,0.0,0.16213964339276787,1.0,0.27903642099225695,0.0,0.0,0.0,-4.168373107910156,2.7943220138549805,-4.973658561706543,6.962695121765137,-7.767980575561523,-0.8052854537963867,0.14363722503185272,-0.8681597113609314,0.005640680901706219,0.10252147767086939,0.008642058819532394,0.19605237245559692,-0.869515061378479
33,5,Replay,1,own_client_rows,72601,901,0.0,0.0,0.0,0.9688172043010753,1.0,0.9841616602949208,0.0,0.0,0.0,-3.584592342376709,3.230558395385742,-3.6751701831817627,6.815150737762451,-6.905728578567505,-0.09057784080505371,0.11990654468536377,-0.8268653750419617,0.004048763308674097,0.1775269801511411,0.017385052517056465,0.1798255890607834,-0.7738618850708008
33,5,Replay,1,validation,245526,1085,0.0,0.0,0.0,0.18177249120455688,1.0,0.307626878366884,0.0,0.0,0.0,-3.839585781097412,3.3542497158050537,-3.9290530681610107,7.193835496902466,-7.2833027839660645,-0.08946728706359863,0.11990654468536377,-0.8268653750419617,0.004048763308674097,0.1775269801511411,0.017385052517056465,0.1798255890607834,-0.7738618850708008
33,5,Replay,4,own_client_rows,137596,888,0.0,0.0,0.0,0.4295465626523647,0.9921171171171171,0.5995236474991493,0.0,0.0,0.0,-3.7677206993103027,1.3076584339141846,-3.8358166217803955,5.075379133224487,-5.14347505569458,-0.06809592247009277,0.14666156470775604,-0.6409102082252502,0.009385533630847931,0.1775269801511411,0.017385052517056465,0.1798255890607834,-0.7738618850708008
33,5,Replay,4,validation,245526,1085,0.0,0.0,0.0,0.20517208594789885,0.9944700460829493,0.3401639344262295,0.0,0.0,0.0,-3.839585781097412,1.429872751235962,-3.9290530681610107,5.269458532333374,-5.358925819396973,-0.08946728706359863,0.14666156470775604,-0.6409102082252502,0.009385533630847931,0.1775269801511411,0.017385052517056465,0.1798255890607834,-0.7738618850708008
33,5,Replay,10,own_client_rows,76300,1914,0.0,0.0,0.0,0.3478976234003656,0.9942528735632183,0.5154387865655471,0.0,0.0,0.0,-3.709028959274292,0.734565258026123,-3.7837021350860596,4.443594217300415,-4.518267393112183,-0.07467317581176758,0.11834587156772614,-0.7938868999481201,0.004199664108455181,0.1775269801511411,0.017385052517056465,0.1798255890607834,-0.7738618850708008
33,5,Replay,10,validation,245526,1085,0.0,0.0,0.0,0.20666538977207433,0.9944700460829493,0.3422137646685696,0.0,0.0,0.0,-3.839585781097412,0.785125195980072,-3.9290530681610107,4.624710977077484,-4.714178264141083,-0.08946728706359863,0.11834587156772614,-0.7938868999481201,0.004199664108455181,0.1775269801511411,0.017385052517056465,0.1798255890607834,-0.7738618850708008
33,10,Manipulation,2,own_client_rows,59592,1057,0.0,0.0,0.0,0.0,0.0,0.0,0.0,0.0,0.0,-7.823342800140381,-2.1516547203063965,-8.520867347717285,5.671688079833984,-6.369212627410889,-0.6975245475769043,0.10462819784879684,-0.9256013631820679,0.002899837214499712,0.10617388458695065,0.008123709820210934,0.21046102046966553,-0.9283162951469421
33,10,Manipulation,2,validation,245526,973,0.0,0.0,0.0,0.0,0.0,0.0,0.0,0.0,0.0,-7.667374610900879,-2.148953676223755,-8.349532127380371,5.518420934677124,-6.200578451156616,-0.6821575164794922,0.10462819784879684,-0.9256013631820679,0.002899837214499712,0.10617388458695065,0.008123709820210934,0.21046102046966553,-0.9283162951469421
33,10,Manipulation,13,own_client_rows,84436,3058,0.0,0.0,0.0,1.0,0.4090909090909091,0.5806451612903226,0.0,0.0,0.0,-7.854061126708984,-0.12472381442785263,-8.55618667602539,7.729337312281132,-8.431462861597538,-0.7021255493164062,0.133376806974411,-0.9186180233955383,0.0052377511747181416,0.10617388458695065,0.008123709820210934,0.21046102046966553,-0.9283162951469421
33,10,Manipulation,13,validation,245526,973,0.0,0.0,0.0,0.31536780772032047,0.4450154162384378,0.3691389599317988,0.0,0.0,0.0,-7.667374610900879,-0.1315125674009323,-8.349532127380371,7.535862043499947,-8.218019559979439,-0.6821575164794922,0.133376806974411,-0.9186180233955383,0.0052377511747181416,0.10617388458695065,0.008123709820210934,0.21046102046966553,-0.9283162951469421
33,10,Replay,1,own_client_rows,72601,901,0.0,0.0,0.0,0.9793478260869565,1.0,0.9895661724327293,0.0,0.0,0.0,-3.9465994834899902,2.654226541519165,-4.003593921661377,6.600826025009155,-6.657820463180542,-0.05699443817138672,0.11220820248126984,-0.8801947832107544,0.0037888209335505962,0.18666626143630716,0.01647527515888214,0.17228588461875916,-0.8314303159713745
33,10,Replay,1,validation,245526,1085,0.0,0.0,0.0,0.18925518925518925,1.0,0.3182751540041068,0.0,0.0,0.0,-4.078123092651367,2.7432992458343506,-4.121895790100098,6.821422338485718,-6.865195035934448,-0.04377269744873047,0.11220820248126984,-0.8801947832107544,0.0037888209335505962,0.18666626143630716,0.01647527515888214,0.17228588461875916,-0.8314303159713745
33,10,Replay,4,own_client_rows,137596,888,0.0,0.0,0.0,0.5575949367088607,0.9921171171171171,0.7139384116693679,0.0,0.0,0.0,-3.9739367961883545,1.280175805091858,-4.025175094604492,5.254112601280212,-5.30535089969635,-0.051238298416137695,0.14196787774562836,-0.7164173722267151,0.009085164405405521,0.18666626143630716,0.01647527515888214,0.17228588461875916,-0.8314303159713745
33,10,Replay,4,validation,245526,1085,0.0,0.0,0.0,0.20662581386441975,0.9944700460829493,0.3421595053115586,0.0,0.0,0.0,-4.078123092651367,1.3849554061889648,-4.121895790100098,5.463078498840332,-5.5068511962890625,-0.04377269744873047,0.14196787774562836,-0.7164173722267151,0.009085164405405521,0.18666626143630716,0.01647527515888214,0.17228588461875916,-0.8314303159713745
33,10,Replay,10,own_client_rows,76300,1914,0.0,0.0,0.0,0.3752219372657329,0.9937304075235109,0.5447515394529572,0.0,0.0,0.0,-3.9852540493011475,0.6490271091461182,-4.036994457244873,4.634281158447266,-4.686021566390991,-0.051740407943725586,0.10788647085428238,-0.8630238175392151,0.0038284980691969395,0.18666626143630716,0.01647527515888214,0.17228588461875916,-0.8314303159713745
33,10,Replay,10,validation,245526,1085,0.0,0.0,0.0,0.25145653693777675,0.9944700460829493,0.40141369047619047,0.0,0.0,0.0,-4.078123092651367,0.7038545608520508,-4.121895790100098,4.781977653503418,-4.825750350952148,-0.04377269744873047,0.10788647085428238,-0.8630238175392151,0.0038284980691969395,0.18666626143630716,0.01647527515888214,0.17228588461875916,-0.8314303159713745
33,20,Manipulation,2,own_client_rows,59592,1057,0.0,0.0,0.0,0.0,0.0,0.0,0.0,0.0,0.0,-11.099176406860352,-2.543549060821533,-11.495091438293457,8.555627346038818,-8.951542377471924,-0.39591503143310547,0.0965876653790474,-0.9076429009437561,0.002676988486200571,0.11122853964423651,0.007311506196856499,0.18268537521362305,-0.9442932605743408
33,20,Manipulation,2,validation,245526,973,0.0,0.0,0.0,0.0,0.0,0.0,0.0,0.0,0.0,-10.891069412231445,-2.490812301635742,-11.277043342590332,8.400257110595703,-8.78623104095459,-0.3859739303588867,0.0965876653790474,-0.9076429009437561,0.002676988486200571,0.11122853964423651,0.007311506196856499,0.18268537521362305,-0.9442932605743408
33,20,Manipulation,13,own_client_rows,84436,3058,0.0,0.0,0.0,0.0,0.0,0.0,0.0,0.0,0.0,-11.147603034973145,-1.3570412397384644,-11.54213809967041,9.79056179523468,-10.185096859931946,-0.3945350646972656,0.11929775029420853,-0.9479196667671204,0.004684861749410629,0.11122853964423651,0.007311506196856499,0.18268537521362305,-0.9442932605743408
33,20,Manipulation,13,validation,245526,973,0.0,0.0,0.0,0.0,0.0,0.0,0.0,0.0,0.0,-10.891069412231445,-1.3110564947128296,-11.277043342590332,9.580012917518616,-9.965986847877502,-0.3859739303588867,0.11929775029420853,-0.9479196667671204,0.004684861749410629,0.11122853964423651,0.007311506196856499,0.18268537521362305,-0.9442932605743408
33,20,Replay,1,own_client_rows,72601,901,0.0,0.0,0.0,0.9813800657174151,0.9944506104328524,0.9878721058434399,0.0,0.0,0.0,-4.305129528045654,1.5561891794204712,-4.57921838760376,5.8613187074661255,-6.135407567024231,-0.27408885955810547,0.10472454875707626,-0.8276782631874084,0.003536128206178546,0.2068308606995669,0.01610470749437809,0.16020935773849487,-0.7946777939796448
33,20,Replay,1,validation,245526,1085,0.0,0.0,0.0,0.30013908205841444,0.9944700460829493,0.46111111111111114,0.0,0.0,0.0,-4.363095283508301,1.630044937133789,-4.638030529022217,5.99314022064209,-6.268075466156006,-0.274935245513916,0.10472454875707626,-0.8276782631874084,0.003536128206178546,0.2068308606995669,0.01610470749437809,0.16020935773849487,-0.7946777939796448
33,20,Replay,4,own_client_rows,137596,888,0.0,0.0,0.0,0.5687540348612008,0.9921171171171171,0.7230201066885515,0.0,0.0,0.0,-4.353099822998047,1.4049293994903564,-4.624950885772705,5.758029222488403,-6.0298802852630615,-0.2718510627746582,0.14991411566734314,-0.6621734499931335,0.009593679569661617,0.2068308606995669,0.01610470749437809,0.16020935773849487,-0.7946777939796448
33,20,Replay,4,validation,245526,1085,0.0,0.0,0.0,0.2515737934250408,0.9944700460829493,0.40156308150353553,0.0,0.0,0.0,-4.363095283508301,1.523842453956604,-4.638030529022217,5.886937737464905,-6.161872982978821,-0.274935245513916,0.14991411566734314,-0.6621734499931335,0.009593679569661617,0.2068308606995669,0.01610470749437809,0.16020935773849487,-0.7946777939796448
33,20,Replay,10,own_client_rows,76300,1914,0.0,0.0,0.0,0.39834926151172895,0.47910135841170326,0.43500948766603414,0.0,0.0,0.0,-4.313195705413818,-0.08581642061471939,-4.588965892791748,4.227379284799099,-4.503149472177029,-0.2757701873779297,0.09753800183534622,-0.82155841588974,0.003461268497630954,0.2068308606995669,0.01610470749437809,0.16020935773849487,-0.7946777939796448
33,20,Replay,10,validation,245526,1085,0.0,0.0,0.0,0.44883158742949236,0.5133640552995392,0.47893379191745483,0.0,0.0,0.0,-4.363095283508301,-0.07194870710372925,-4.638030529022217,4.2911465764045715,-4.5660818219184875,-0.274935245513916,0.09753800183534622,-0.82155841588974,0.003461268497630954,0.2068308606995669,0.01610470749437809,0.16020935773849487,-0.7946777939796448
33,30,Manipulation,2,own_client_rows,59592,1057,0.0,0.0,0.0,0.0,0.0,0.0,0.0,0.0,0.0,-10.805356979370117,-2.1628475189208984,-10.138357162475586,8.642509460449219,-7.9755096435546875,0.6669998168945312,0.08455725014209747,-0.8597860336303711,0.002343558007851243,0.13506459020807526,0.0065874396823346615,0.14078709483146667,-0.9325222969055176
33,30,Manipulation,2,validation,245526,973,0.0,0.0,0.0,0.0,0.0,0.0,0.0,0.0,0.0,-10.654879570007324,-2.1313560009002686,-9.98789119720459,8.523523569107056,-7.856535196304321,0.6669883728027344,0.08455725014209747,-0.8597860336303711,0.002343558007851243,0.13506459020807526,0.0065874396823346615,0.14078709483146667,-0.9325222969055176
33,30,Manipulation,13,own_client_rows,84436,3058,0.0,0.0,0.0,0.0,0.0,0.0,0.0,0.0,0.0,-10.859306335449219,-1.0812240839004517,-10.18881607055664,9.778082251548767,-9.107591986656189,0.6704902648925781,0.111729197204113,-0.9310232996940613,0.004387642722576857,0.13506459020807526,0.0065874396823346615,0.14078709483146667,-0.9325222969055176
33,30,Manipulation,13,validation,245526,973,0.0,0.0,0.0,0.0,0.0,0.0,0.0,0.0,0.0,-10.654879570007324,-1.0508849620819092,-9.98789119720459,9.603994607925415,-8.93700623512268,0.6669883728027344,0.111729197204113,-0.9310232996940613,0.004387642722576857,0.13506459020807526,0.0065874396823346615,0.14078709483146667,-0.9325222969055176
33,30,Replay,1,own_client_rows,72601,901,0.0,0.0,0.0,0.9977528089887641,0.9855715871254163,0.9916247906197655,0.0,0.0,0.0,-5.301435470581055,0.1944904625415802,-4.8987812995910645,5.495925933122635,-5.093271762132645,0.40265417098999023,0.09214503318071365,-0.7739656567573547,0.0031113685108721256,0.20060676316336112,0.015458165667951107,0.14875765144824982,-0.6855165958404541
33,30,Replay,1,validation,245526,1085,0.0,0.0,0.0,0.37172218284904324,0.9668202764976959,0.5369848988994114,0.0,0.0,0.0,-5.268621444702148,0.21964912116527557,-4.867074966430664,5.488270565867424,-5.08672408759594,0.4015464782714844,0.09214503318071365,-0.7739656567573547,0.0031113685108721256,0.20060676316336112,0.015458165667951107,0.14875765144824982,-0.6855165958404541
33,30,Replay,4,own_client_rows,137596,888,0.0,0.0,0.0,0.5746901500326158,0.9921171171171171,0.7277984304006608,0.0,0.0,0.0,-5.332086563110352,1.0007747411727905,-4.938965320587158,6.332861304283142,-5.939740061759949,0.39312124252319336,0.1479281485080719,-0.5095396041870117,0.009466588497161865,0.20060676316336112,0.015458165667951107,0.14875765144824982,-0.6855165958404541
33,30,Replay,4,validation,245526,1085,0.0,0.0,0.0,0.35894876912840984,0.9944700460829493,0.5274993889024688,0.0,0.0,0.0,-5.268621444702148,1.092399001121521,-4.867074966430664,6.361020445823669,-5.959473967552185,0.4015464782714844,0.1479281485080719,-0.5095396041870117,0.009466588497161865,0.20060676316336112,0.015458165667951107,0.14875765144824982,-0.6855165958404541
33,30,Replay,10,own_client_rows,76300,1914,0.0,0.0,0.0,0.0,0.0,0.0,0.0,0.0,0.0,-5.267679214477539,-0.45365944504737854,-4.8651018142700195,4.8140197694301605,-4.411442369222641,0.40257740020751953,0.10147801786661148,-0.6710212230682373,0.0036010851617902517,0.20060676316336112,0.015458165667951107,0.14875765144824982,-0.6855165958404541
33,30,Replay,10,validation,245526,1085,0.0,0.0,0.0,0.0,0.0,0.0,0.0,0.0,0.0,-5.268621444702148,-0.45508086681365967,-4.867074966430664,4.813540577888489,-4.411994099617004,0.4015464782714844,0.10147801786661148,-0.6710212230682373,0.0036010851617902517,0.20060676316336112,0.015458165667951107,0.14875765144824982,-0.6855165958404541
33,45,Manipulation,2,own_client_rows,59592,1057,0.0,0.0,0.0,0.0,0.0,0.0,0.0,0.0,0.0,-10.672783851623535,-1.5813640356063843,-11.181961059570312,9.09141981601715,-9.600597023963928,-0.5091772079467773,0.07628940790891647,-0.8173625469207764,0.0021144093479961157,0.13496801684899107,0.005790604744106531,0.11876136064529419,-0.9390400052070618
33,45,Manipulation,2,validation,245526,973,0.0,0.0,0.0,0.0,0.0,0.0,0.0,0.0,0.0,-10.50668716430664,-1.5588680505752563,-10.996418952941895,8.947819113731384,-9.437550902366638,-0.4897317886352539,0.07628940790891647,-0.8173625469207764,0.0021144093479961157,0.13496801684899107,0.005790604744106531,0.11876136064529419,-0.9390400052070618
33,45,Manipulation,13,own_client_rows,84436,3058,0.0,0.0,0.0,0.0,0.0,0.0,0.0,0.0,0.0,-10.72276496887207,-1.4621309041976929,-11.240152359008789,9.260634064674377,-9.778021454811096,-0.5173873901367188,0.09880092740058899,-0.9468078017234802,0.0038799450267106295,0.13496801684899107,0.005790604744106531,0.11876136064529419,-0.9390400052070618
33,45,Manipulation,13,validation,245526,973,0.0,0.0,0.0,0.0,0.0,0.0,0.0,0.0,0.0,-10.50668716430664,-1.4360178709030151,-10.996418952941895,9.070669293403625,-9.56040108203888,-0.4897317886352539,0.09880092740058899,-0.9468078017234802,0.0038799450267106295,0.13496801684899107,0.005790604744106531,0.11876136064529419,-0.9390400052070618
33,45,Replay,1,own_client_rows,72601,901,0.0,0.0,0.0,0.9977116704805492,0.9678135405105438,0.9825352112676057,0.0,0.0,0.0,-6.10247278213501,0.44783511757850647,-6.494451522827148,6.550307899713516,-6.942286640405655,-0.39197874069213867,0.08078526705503464,-0.7884671092033386,0.0027277946937829256,0.21363179879355831,0.013074246235191822,0.12318986654281616,-0.6932780146598816
33,45,Replay,1,validation,245526,1085,0.0,0.0,0.0,0.38407923697725604,0.9649769585253456,0.549462083442666,0.0,0.0,0.0,-6.062122344970703,0.49580928683280945,-6.477624416351318,6.557931631803513,-6.973433703184128,-0.41550207138061523,0.08078526705503464,-0.7884671092033386,0.0027277946937829256,0.21363179879355831,0.013074246235191822,0.12318986654281616,-0.6932780146598816
33,45,Replay,4,own_client_rows,137596,888,0.0,0.0,0.0,0.5735677083333334,0.9921171171171171,0.726897689768977,0.0,0.0,0.0,-6.097702503204346,1.2085157632827759,-6.479485511779785,7.306218266487122,-7.688001275062561,-0.38178300857543945,0.12319770455360413,-0.5346047878265381,0.00788397528231144,0.21363179879355831,0.013074246235191822,0.12318986654281616,-0.6932780146598816
33,45,Replay,4,validation,245526,1085,0.0,0.0,0.0,0.36788271394476646,0.9944700460829493,0.5370831259333001,0.0,0.0,0.0,-6.062122344970703,1.2967112064361572,-6.477624416351318,7.35883355140686,-7.774335622787476,-0.41550207138061523,0.12319770455360413,-0.5346047878265381,0.00788397528231144,0.21363179879355831,0.013074246235191822,0.12318986654281616,-0.6932780146598816
33,45,Replay,10,own_client_rows,76300,1914,0.0,0.0,0.0,0.49947698744769875,0.49895506792058514,0.4992158912702561,0.0,0.0,0.0,-6.070335865020752,-0.08837086707353592,-6.464110374450684,5.981964997947216,-6.375739507377148,-0.39377450942993164,0.09193514287471771,-0.5800883173942566,0.0032624434679746628,0.21363179879355831,0.013074246235191822,0.12318986654281616,-0.6932780146598816
33,45,Replay,10,validation,245526,1085,0.0,0.0,0.0,0.5740236148955495,0.5824884792626728,0.5782250686184812,0.0,0.0,0.0,-6.062122344970703,-0.04622907191514969,-6.477624416351318,6.015893273055553,-6.431395344436169,-0.41550207138061523,0.09193514287471771,-0.5800883173942566,0.0032624434679746628,0.21363179879355831,0.013074246235191822,0.12318986654281616,-0.6932780146598816
44,1,Manipulation,2,own_client_rows,59592,1057,0.0,0.0,0.0,0.0,0.0,0.0,0.0,0.0,0.0,-0.3094870150089264,-0.34148529171943665,-2.7158687114715576,-0.031998276710510254,-2.374383419752121,-2.4063816964626312,0.09475544095039368,-0.539546549320221,0.002626207424327731,0.0815013588363861,0.007555604446679354,0.2604934573173523,-0.7315937876701355
44,1,Manipulation,2,validation,245526,973,0.0,0.0,0.0,0.0,0.0,0.0,0.0,0.0,0.0,-0.29821476340293884,-0.3362670838832855,-2.641021728515625,-0.03805232048034668,-2.3047546446323395,-2.342806965112686,0.09475544095039368,-0.539546549320221,0.002626207424327731,0.0815013588363861,0.007555604446679354,0.2604934573173523,-0.7315937876701355
44,1,Manipulation,13,own_client_rows,84436,3058,0.0,0.0,0.0,0.9538365564566438,1.0,0.9763729246487867,0.0,0.0,0.0,-0.3095995783805847,1.7111201286315918,-2.7043161392211914,2.0207197070121765,-4.415436267852783,-2.3947165608406067,0.13274414837360382,-0.7683818936347961,0.005212906748056412,0.0815013588363861,0.007555604446679354,0.2604934573173523,-0.7315937876701355
44,1,Manipulation,13,validation,245526,973,0.0,0.0,0.0,0.022722495971602717,1.0,0.044435310773165274,0.0,0.0,0.0,-0.29821476340293884,1.6409165859222412,-2.641021728515625,1.93913134932518,-4.281938314437866,-2.342806965112686,0.13274414837360382,-0.7683818936347961,0.005212906748056412,0.0815013588363861,0.007555604446679354,0.2604934573173523,-0.7315937876701355
44,1,Replay,1,own_client_rows,72601,901,0.0,0.0,0.0,0.9037111334002006,1.0,0.9494204425711275,0.0,0.0,0.0,-0.1427399218082428,2.3247084617614746,-1.564236044883728,2.4674483835697174,-3.8889445066452026,-1.4214961230754852,0.12187844514846802,-0.7271363139152527,0.0041153463535010815,0.12542241910803598,0.01840726099908352,0.2707112431526184,-0.4364447593688965
44,1,Replay,1,validation,245526,1085,0.0,0.0,0.0,0.03159212671791288,1.0,0.06124925908154337,0.0,0.0,0.0,-0.14237117767333984,2.4640791416168213,-1.6065925359725952,2.606450319290161,-4.0706716775894165,-1.4642213582992554,0.12187844514846802,-0.7271363139152527,0.0041153463535010815,0.12542241910803598,0.01840726099908352,0.2707112431526184,-0.4364447593688965
44,1,Replay,4,own_client_rows,137596,888,0.0,0.0,0.0,0.02635515137010889,0.9921171171171171,0.0513463107588297,0.0,0.0,0.0,-0.14880718290805817,1.3811737298965454,-1.6269800662994385,1.5299809128046036,-3.008153796195984,-1.4781728833913803,0.18532264232635498,-0.13849936425685883,0.011859631165862083,0.12542241910803598,0.01840726099908352,0.2707112431526184,-0.4364447593688965
44,1,Replay,4,validation,245526,1085,0.0,0.0,0.0,0.04482199975075811,0.9944700460829493,0.08577788377454487,0.0,0.0,0.0,-0.14237117767333984,1.5064538717269897,-1.6065925359725952,1.6488250494003296,-3.113046407699585,-1.4642213582992554,0.18532264232635498,-0.13849936425685883,0.011859631165862083,0.12542241910803598,0.01840726099908352,0.2707112431526184,-0.4364447593688965
44,1,Replay,10,own_client_rows,76300,1914,0.0,0.0,0.0,0.34808853118712274,0.9942528735632183,0.5156482861400894,0.0,0.0,0.0,-0.14205831289291382,0.44596242904663086,-1.5771193504333496,0.5880207419395447,-2.0230817794799805,-1.4350610375404358,0.12045370787382126,-0.5476098656654358,0.004274463746696711,0.12542241910803598,0.01840726099908352,0.2707112431526184,-0.4364447593688965
44,1,Replay,10,validation,245526,1085,0.0,0.0,0.0,0.03771935957491435,0.9944700460829493,0.07268195749553737,0.0,0.0,0.0,-0.14237117767333984,0.47483715415000916,-1.6065925359725952,0.617208331823349,-2.0814296901226044,-1.4642213582992554,0.12045370787382126,-0.5476098656654358,0.004274463746696711,0.12542241910803598,0.01840726099908352,0.2707112431526184,-0.4364447593688965
44,5,Manipulation,2,own_client_rows,59592,1057,0.0,0.0,0.0,0.0,0.0,0.0,0.0,0.0,0.0,-6.543359756469727,-1.8489686250686646,-7.185822010040283,4.694391131401062,-5.336853384971619,-0.6424622535705566,0.10915827006101608,-0.9092475771903992,0.003025390673428774,0.10722499438767186,0.008584966883063316,0.1895061731338501,-0.909401535987854
44,5,Manipulation,2,validation,245526,973,0.0,0.0,0.0,0.0,0.0,0.0,0.0,0.0,0.0,-6.346126556396484,-1.8480144739151,-6.992539405822754,4.498112082481384,-5.144524931907654,-0.6464128494262695,0.10915827006101608,-0.9092475771903992,0.003025390673428774,0.10722499438767186,0.008584966883063316,0.1895061731338501,-0.909401535987854
44,5,Manipulation,13,own_client_rows,84436,3058,0.0,0.0,0.0,0.9934938191281718,0.9986919555264879,0.9960861056751468,0.0,0.0,0.0,-6.490930080413818,0.8594182729721069,-7.145532608032227,7.350348353385925,-8.004950881004333,-0.6546025276184082,0.14208635687828064,-0.8933491706848145,0.005579777993261814,0.10722499438767186,0.008584966883063316,0.1895061731338501,-0.909401535987854
44,5,Manipulation,13,validation,245526,973,0.0,0.0,0.0,0.17669514633702962,0.998972250770812,0.3002780352177943,0.0,0.0,0.0,-6.346126556396484,0.8637253046035767,-6.992539405822754,7.209851861000061,-7.856264710426331,-0.6464128494262695,0.14208635687828064,-0.8933491706848145,0.005579777993261814,0.10722499438767186,0.008584966883063316,0.1895061731338501,-0.909401535987854
44,5,Replay,1,own_client_rows,72601,901,0.0,0.0,0.0,0.9688172043010753,1.0,0.9841616602949208,0.0,0.0,0.0,-3.7132630348205566,3.1010406017303467,-3.7932279109954834,6.814303636550903,-6.89426851272583,-0.07996487617492676,0.12239791452884674,-0.9104970097541809,0.004132886882871389,0.2081859693368927,0.018988903611898422,0.16936084628105164,-0.8736785650253296
44,5,Replay,1,validation,245526,1085,0.0,0.0,0.0,0.18201644019459823,1.0,0.3079761566846438,0.0,0.0,0.0,-3.9037740230560303,3.2110543251037598,-3.9839181900024414,7.11482834815979,-7.194972515106201,-0.08014416694641113,0.12239791452884674,-0.9104970097541809,0.004132886882871389,0.2081859693368927,0.018988903611898422,0.16936084628105164,-0.8736785650253296
44,5,Replay,4,own_client_rows,137596,888,0.0,0.0,0.0,0.3681571249477643,0.9921171171171171,0.537031392868028,0.0,0.0,0.0,-3.865224838256836,1.5711848735809326,-3.924747943878174,5.4364097118377686,-5.4959328174591064,-0.05952310562133789,0.16570496559143066,-0.8036786913871765,0.01060420647263527,0.2081859693368927,0.018988903611898422,0.16936084628105164,-0.8736785650253296
44,5,Replay,4,validation,245526,1085,0.0,0.0,0.0,0.20521110688474706,0.9944700460829493,0.34021756266750747,0.0,0.0,0.0,-3.9037740230560303,1.762207269668579,-3.9839181900024414,5.665981292724609,-5.7461254596710205,-0.08014416694641113,0.16570496559143066,-0.8036786913871765,0.01060420647263527,0.2081859693368927,0.018988903611898422,0.16936084628105164,-0.8736785650253296
44,5,Replay,10,own_client_rows,76300,1914,0.0,0.0,0.0,0.3550271172298707,0.8892371995820272,0.507453786523554,0.0,0.0,0.0,-3.79632568359375,0.6047607660293579,-3.867046594619751,4.401086449623108,-4.471807360649109,-0.07072091102600098,0.12269451469182968,-0.8536947965621948,0.004353981930762529,0.2081859693368927,0.018988903611898422,0.16936084628105164,-0.8736785650253296
44,5,Replay,10,validation,245526,1085,0.0,0.0,0.0,0.20306916123607316,0.8903225806451613,0.33070866141732286,0.0,0.0,0.0,-3.9037740230560303,0.6843380331993103,-3.9839181900024414,4.588112056255341,-4.668256223201752,-0.08014416694641113,0.12269451469182968,-0.8536947965621948,0.004353981930762529,0.2081859693368927,0.018988903611898422,0.16936084628105164,-0.8736785650253296
44,10,Manipulation,2,own_client_rows,59592,1057,0.0,0.0,0.0,0.0,0.0,0.0,0.0,0.0,0.0,-9.098183631896973,-2.5534355640411377,-9.65114974975586,6.544748067855835,-7.097714185714722,-0.5529661178588867,0.10404597222805023,-0.9377057552337646,0.0028837004210799932,0.10780282449934586,0.007935957983136177,0.2052740603685379,-0.9345029592514038
44,10,Manipulation,2,validation,245526,973,0.0,0.0,0.0,0.0,0.0,0.0,0.0,0.0,0.0,-8.936060905456543,-2.5727298259735107,-9.489649772644043,6.363331079483032,-6.916919946670532,-0.5535888671875,0.10404597222805023,-0.9377057552337646,0.0028837004210799932,0.10780282449934586,0.007935957983136177,0.2052740603685379,-0.9345029592514038
44,10,Manipulation,13,own_client_rows,84436,3058,0.0,0.0,0.0,0.0,0.0,0.0,0.0,0.0,0.0,-9.096073150634766,-0.6230814456939697,-9.65552043914795,8.472991704940796,-9.03243899345398,-0.5594472885131836,0.1289847046136856,-0.9221678376197815,0.005065271630883217,0.10780282449934586,0.007935957983136177,0.2052740603685379,-0.9345029592514038
44,10,Manipulation,13,validation,245526,973,0.0,0.0,0.0,0.0,0.0,0.0,0.0,0.0,0.0,-8.936060905456543,-0.6407155394554138,-9.489649772644043,8.29534536600113,-8.84893423318863,-0.5535888671875,0.1289847046136856,-0.9221678376197815,0.005065271630883217,0.10780282449934586,0.007935957983136177,0.2052740603685379,-0.9345029592514038
44,10,Replay,1,own_client_rows,72601,901,0.0,0.0,0.0,0.9782135076252724,0.9966703662597114,0.9873556899395272,0.0,0.0,0.0,-4.280216693878174,1.278560757637024,-4.483362674713135,5.558777451515198,-5.761923432350159,-0.20314598083496094,0.11684509366750717,-0.8740730285644531,0.003945390228182077,0.21020613563407242,0.01952524110674858,0.17918969690799713,-0.829562246799469
44,10,Replay,1,validation,245526,1085,0.0,0.0,0.0,0.226890756302521,0.9953917050691244,0.369546621043627,0.0,0.0,0.0,-4.348639965057373,1.3234728574752808,-4.526758670806885,5.672112822532654,-5.8502315282821655,-0.17811870574951172,0.11684509366750717,-0.8740730285644531,0.003945390228182077,0.21020613563407242,0.01952524110674858,0.17918969690799713,-0.829562246799469
44,10,Replay,4,own_client_rows,137596,888,0.0,0.0,0.0,0.551789077212806,0.9898648648648649,0.7085852478839177,0.0,0.0,0.0,-4.350637435913086,1.6496078968048096,-4.548501014709473,6.0002453327178955,-6.198108911514282,-0.19786357879638672,0.1811845302581787,-0.7305678725242615,0.01159481331706047,0.21020613563407242,0.01952524110674858,0.17918969690799713,-0.829562246799469
44,10,Replay,4,validation,245526,1085,0.0,0.0,0.0,0.20698924731182797,0.9935483870967742,0.3426028921023359,0.0,0.0,0.0,-4.348639965057373,1.8443827629089355,-4.526758670806885,6.193022727966309,-6.37114143371582,-0.17811870574951172,0.1811845302581787,-0.7305678725242615,0.01159481331706047,0.21020613563407242,0.01952524110674858,0.17918969690799713,-0.829562246799469
44,10,Replay,10,own_client_rows,76300,1914,0.0,0.0,0.0,0.3822304488662656,0.4315569487983281,0.40539877300613497,0.0,0.0,0.0,-4.3059306144714355,-0.18836048245429993,-4.501649856567383,4.117570132017136,-4.313289374113083,-0.19571924209594727,0.11832710355520248,-0.8369133472442627,0.004198998212814331,0.21020613563407242,0.01952524110674858,0.17918969690799713,-0.829562246799469
44,10,Replay,10,validation,245526,1085,0.0,0.0,0.0,0.20652606446478314,0.4783410138248848,0.2884936075597554,0.0,0.0,0.0,-4.348639965057373,-0.12826675176620483,-4.526758670806885,4.220373213291168,-4.39849191904068,-0.17811870574951172,0.11832710355520248,-0.8369133472442627,0.004198998212814331,0.21020613563407242,0.01952524110674858,0.17918969690799713,-0.829562246799469
44,20,Manipulation,2,own_client_rows,59592,1057,0.0,0.0,0.0,0.0,0.0,0.0,0.0,0.0,0.0,-10.641301155090332,-2.7755351066589355,-10.866657257080078,7.8657660484313965,-8.091122150421143,-0.2253561019897461,0.09579607099294662,-0.9283743500709534,0.002655048854649067,0.1388359788620025,0.007267430424690247,0.14092373847961426,-0.9394353628158569
44,20,Manipulation,2,validation,245526,973,0.0,0.0,0.0,0.0,0.0,0.0,0.0,0.0,0.0,-10.499433517456055,-2.7790143489837646,-10.719045639038086,7.72041916847229,-7.940031290054321,-0.21961212158203125,0.09579607099294662,-0.9283743500709534,0.002655048854649067,0.1388359788620025,0.007267430424690247,0.14092373847961426,-0.9394353628158569
44,20,Manipulation,13,own_client_rows,84436,3058,0.0,0.0,0.0,0.0,0.0,0.0,0.0,0.0,0.0,-10.638191223144531,-1.2381693124771118,-10.860238075256348,9.40002191066742,-9.622068762779236,-0.2220468521118164,0.1179836168885231,-0.9313036799430847,0.004633255302906036,0.1388359788620025,0.007267430424690247,0.14092373847961426,-0.9394353628158569
44,20,Manipulation,13,validation,245526,973,0.0,0.0,0.0,0.0,0.0,0.0,0.0,0.0,0.0,-10.499433517456055,-1.2343453168869019,-10.719045639038086,9.265088200569153,-9.484700322151184,-0.21961212158203125,0.1179836168885231,-0.9313036799430847,0.004633255302906036,0.1388359788620025,0.007267430424690247,0.14092373847961426,-0.9394353628158569
44,20,Replay,1,own_client_rows,72601,901,0.0,0.0,0.0,1.0,0.23751387347391786,0.38385650224215245,0.0,0.0,0.0,-5.036400318145752,-0.09827423840761185,-5.18021297454834,4.93812607973814,-5.081938736140728,-0.1438126564025879,0.10538686066865921,-0.7899045944213867,0.0035584915895015,0.22300789417246403,0.017238179221749306,0.14989987015724182,-0.8226612210273743
44,20,Replay,1,validation,245526,1085,0.0,0.0,0.0,0.5870646766169154,0.21751152073732719,0.31741761936785473,0.0,0.0,0.0,-5.093634128570557,-0.10206041485071182,-5.247353553771973,4.991573713719845,-5.145293138921261,-0.15371942520141602,0.10538686066865921,-0.7899045944213867,0.0035584915895015,0.22300789417246403,0.017238179221749306,0.14989987015724182,-0.8226612210273743
44,20,Replay,4,own_client_rows,137596,888,0.0,0.0,0.0,0.8414239482200647,0.5855855855855856,0.6905710491367862,0.0,0.0,0.0,-5.137807369232178,0.002369305118918419,-5.284605503082275,5.140176674351096,-5.286974808201194,-0.14679813385009766,0.15764711797237396,-0.7155783176422119,0.010088548995554447,0.22300789417246403,0.017238179221749306,0.14989987015724182,-0.8226612210273743
44,20,Replay,4,validation,245526,1085,0.0,0.0,0.0,0.3642977056519306,0.6,0.4533426183844011,0.0,0.0,0.0,-5.093634128570557,0.09426641464233398,-5.247353553771973,5.187900543212891,-5.341619968414307,-0.15371942520141602,0.15764711797237396,-0.7155783176422119,0.010088548995554447,0.22300789417246403,0.017238179221749306,0.14989987015724182,-0.8226612210273743
44,20,Replay,10,own_client_rows,76300,1914,0.0,0.0,0.0,0.0,0.0,0.0,0.0,0.0,0.0,-5.067168712615967,-1.1286615133285522,-5.214230537414551,3.9385071992874146,-4.0855690240859985,-0.14706182479858398,0.11001056432723999,-0.8730989694595337,0.0039038744289427996,0.22300789417246403,0.017238179221749306,0.14989987015724182,-0.8226612210273743
44,20,Replay,10,validation,245526,1085,0.0,0.0,0.0,0.0,0.0,0.0,0.0,0.0,0.0,-5.093634128570557,-1.108708381652832,-5.247353553771973,3.9849257469177246,-4.138645172119141,-0.15371942520141602,0.11001056432723999,-0.8730989694595337,0.0039038744289427996,0.22300789417246403,0.017238179221749306,0.14989987015724182,-0.8226612210273743
44,30,Manipulation,2,own_client_rows,59592,1057,0.0,0.0,0.0,0.0,0.0,0.0,0.0,0.0,0.0,-11.986018180847168,-3.547337532043457,-11.531538963317871,8.438680648803711,-7.984201431274414,0.4544792175292969,0.08742666989564896,-0.8607622981071472,0.0024230859708040953,0.1373210542666662,0.006655537057667971,0.12201257050037384,-0.9366070628166199
44,30,Manipulation,2,validation,245526,973,0.0,0.0,0.0,0.0,0.0,0.0,0.0,0.0,0.0,-11.865873336791992,-3.5181384086608887,-11.411312103271484,8.347734928131104,-7.893173694610596,0.4545612335205078,0.08742666989564896,-0.8607622981071472,0.0024230859708040953,0.1373210542666662,0.006655537057667971,0.12201257050037384,-0.9366070628166199
44,30,Manipulation,13,own_client_rows,84436,3058,0.0,0.0,0.0,0.0,0.0,0.0,0.0,0.0,0.0,-11.981927871704102,-2.479538679122925,-11.518954277038574,9.502389192581177,-9.03941559791565,0.46297359466552734,0.11029467731714249,-0.9465265274047852,0.004331308417022228,0.1373210542666662,0.006655537057667971,0.12201257050037384,-0.9366070628166199
44,30,Manipulation,13,validation,245526,973,0.0,0.0,0.0,0.0,0.0,0.0,0.0,0.0,0.0,-11.865873336791992,-2.4422857761383057,-11.411312103271484,9.423587560653687,-8.969026327133179,0.4545612335205078,0.11029467731714249,-0.9465265274047852,0.004331308417022228,0.1373210542666662,0.006655537057667971,0.12201257050037384,-0.9366070628166199
44,30,Replay,1,own_client_rows,72601,901,0.0,0.0,0.0,1.0,0.011098779134295227,0.021953896816684963,0.0,0.0,0.0,-6.0997538566589355,-0.21739597618579865,-5.751520156860352,5.882357880473137,-5.534124180674553,0.348233699798584,0.0928458720445633,-0.8685441613197327,0.003135032719001174,0.20182695333567213,0.014578075148165226,0.14305011928081512,-0.8409802317619324
44,30,Replay,1,validation,245526,1085,0.0,0.0,0.0,0.85,0.06267281105990784,0.1167381974248927,0.0,0.0,0.0,-6.141300678253174,-0.16576240956783295,-5.797616481781006,5.975538268685341,-5.631854072213173,0.34368419647216797,0.0928458720445633,-0.8685441613197327,0.003135032719001174,0.20182695333567213,0.014578075148165226,0.14305011928081512,-0.8409802317619324
44,30,Replay,4,own_client_rows,137596,888,0.0,0.0,0.0,1.0,0.0011261261261261261,0.0022497187851518562,0.0,0.0,0.0,-6.203129291534424,-0.4241916835308075,-5.856142997741699,5.778937608003616,-5.431951314210892,0.3469862937927246,0.127915158867836,-0.7825015783309937,0.008185867220163345,0.20182695333567213,0.014578075148165226,0.14305011928081512,-0.8409802317619324
44,30,Replay,4,validation,245526,1085,0.0,0.0,0.0,1.0,0.03778801843317972,0.07282415630550622,0.0,0.0,0.0,-6.141300678253174,-0.36762359738349915,-5.797616481781006,5.773677080869675,-5.429992884397507,0.34368419647216797,0.127915158867836,-0.7825015783309937,0.008185867220163345,0.20182695333567213,0.014578075148165226,0.14305011928081512,-0.8409802317619324
44,30,Replay,10,own_client_rows,76300,1914,0.0,0.0,0.0,0.0,0.0,0.0,0.0,0.0,0.0,-6.128979682922363,-1.3342101573944092,-5.781571388244629,4.794769525527954,-4.44736123085022,0.3474082946777344,0.10230647772550583,-0.7256448268890381,0.003630484454333782,0.20182695333567213,0.014578075148165226,0.14305011928081512,-0.8409802317619324
44,30,Replay,10,validation,245526,1085,0.0,0.0,0.0,0.0,0.0,0.0,0.0,0.0,0.0,-6.141300678253174,-1.3092538118362427,-5.797616481781006,4.832046866416931,-4.488362669944763,0.34368419647216797,0.10230647772550583,-0.7256448268890381,0.003630484454333782,0.20182695333567213,0.014578075148165226,0.14305011928081512,-0.8409802317619324
44,45,Manipulation,2,own_client_rows,59592,1057,0.0,0.0,0.0,0.0,0.0,0.0,0.0,0.0,0.0,-12.855637550354004,-3.9053537845611572,-12.43452262878418,8.950283765792847,-8.529168844223022,0.4211149215698242,0.0845951959490776,-0.7793053984642029,0.0023446097038686275,0.1622420651936901,0.006309739779680967,0.10706637799739838,-0.8754181265830994
44,45,Manipulation,2,validation,245526,973,0.0,0.0,0.0,0.0,0.0,0.0,0.0,0.0,0.0,-12.726231575012207,-3.8910765647888184,-12.317455291748047,8.835155010223389,-8.426378726959229,0.40877628326416016,0.0845951959490776,-0.7793053984642029,0.0023446097038686275,0.1622420651936901,0.006309739779680967,0.10706637799739838,-0.8754181265830994
44,45,Manipulation,13,own_client_rows,84436,3058,0.0,0.0,0.0,0.0,0.0,0.0,0.0,0.0,0.0,-12.838323593139648,-2.9669294357299805,-12.419313430786133,9.871394157409668,-9.452383995056152,0.4190101623535156,0.10413205623626709,-0.8809423446655273,0.00408930005505681,0.1622420651936901,0.006309739779680967,0.10706637799739838,-0.8754181265830994
44,45,Manipulation,13,validation,245526,973,0.0,0.0,0.0,0.0,0.0,0.0,0.0,0.0,0.0,-12.726231575012207,-2.9217443466186523,-12.317455291748047,9.804487228393555,-9.395710945129395,0.40877628326416016,0.10413205623626709,-0.8809423446655273,0.00408930005505681,0.1622420651936901,0.006309739779680967,0.10706637799739838,-0.8754181265830994
44,45,Replay,1,own_client_rows,72601,901,0.0,0.0,0.0,0.0,0.0,0.0,0.0,0.0,0.0,-7.291133880615234,-0.8346047401428223,-7.007868766784668,6.456529140472412,-6.173264026641846,0.2832651138305664,0.0834377259016037,-0.7512381672859192,0.002817357424646616,0.2095082601801872,0.013636661693453789,0.1301371455192566,-0.685161828994751
44,45,Replay,1,validation,245526,1085,0.0,0.0,0.0,0.0,0.0,0.0,0.0,0.0,0.0,-7.351311206817627,-0.8215940594673157,-7.060366153717041,6.529717147350311,-6.238772094249725,0.29094505310058594,0.0834377259016037,-0.7512381672859192,0.002817357424646616,0.2095082601801872,0.013636661693453789,0.1301371455192566,-0.685161828994751
44,45,Replay,4,own_client_rows,137596,888,0.0,0.0,0.0,0.0,0.0,0.0,0.0,0.0,0.0,-7.360228538513184,-0.9938731789588928,-7.070953845977783,6.366355359554291,-6.07708066701889,0.2892746925354004,0.12400709837675095,-0.5404585003852844,0.007935772649943829,0.2095082601801872,0.013636661693453789,0.1301371455192566,-0.685161828994751
44,45,Replay,4,validation,245526,1085,0.0,0.0,0.0,0.0,0.0,0.0,0.0,0.0,0.0,-7.351311206817627,-0.9785753488540649,-7.060366153717041,6.372735857963562,-6.081790804862976,0.29094505310058594,0.12400709837675095,-0.5404585003852844,0.007935772649943829,0.2095082601801872,0.013636661693453789,0.1301371455192566,-0.685161828994751
44,45,Replay,10,own_client_rows,76300,1914,0.0,0.0,0.0,0.0,0.0,0.0,0.0,0.0,0.0,-7.331806659698486,-1.2001017332077026,-7.046503067016602,6.131704926490784,-5.846401333808899,0.28530359268188477,0.09084535390138626,-0.649055004119873,0.0032237707637250423,0.2095082601801872,0.013636661693453789,0.1301371455192566,-0.685161828994751
44,45,Replay,10,validation,245526,1085,0.0,0.0,0.0,0.0,0.0,0.0,0.0,0.0,0.0,-7.351311206817627,-1.172606110572815,-7.060366153717041,6.178705096244812,-5.887760043144226,0.29094505310058594,0.09084535390138626,-0.649055004119873,0.0032237707637250423,0.2095082601801872,0.013636661693453789,0.1301371455192566,-0.685161828994751
55,1,Manipulation,2,own_client_rows,59592,1057,0.0,0.0,0.0,0.5846751804553026,0.9962157048249763,0.7368789363191043,0.0,0.0,0.0,-0.20089687407016754,0.6429077386856079,-2.400986433029175,0.8438046127557755,-3.0438941717147827,-2.2000895589590073,0.09922457486391068,-0.47801896929740906,0.0027500721625983715,0.07706196682339994,0.007859569974243641,0.27539336681365967,-0.72151118516922
55,1,Manipulation,2,validation,245526,973,0.0,0.0,0.0,0.02672218851690475,0.9958890030832477,0.05204780448502753,0.0,0.0,0.0,-0.1900656521320343,0.601813793182373,-2.3565008640289307,0.7918794453144073,-2.9583146572113037,-2.1664352118968964,0.09922457486391068,-0.47801896929740906,0.0027500721625983715,0.07706196682339994,0.007859569974243641,0.27539336681365967,-0.72151118516922
55,1,Manipulation,13,own_client_rows,84436,3058,0.0,0.0,0.0,0.7593742239880804,1.0,0.8632321806633734,0.0,0.0,0.0,-0.20250654220581055,3.3464879989624023,-2.388474464416504,3.548994541168213,-5.734962463378906,-2.1859679222106934,0.14319902658462524,-0.7549160718917847,0.005623473320156336,0.07706196682339994,0.007859569974243641,0.27539336681365967,-0.72151118516922
55,1,Manipulation,13,validation,245526,973,0.0,0.0,0.0,0.018898341296663172,1.0,0.03709563659238643,0.0,0.0,0.0,-0.1900656521320343,3.2509536743164062,-2.3565008640289307,3.4410193264484406,-5.607454538345337,-2.1664352118968964,0.14319902658462524,-0.7549160718917847,0.005623473320156336,0.07706196682339994,0.007859569974243641,0.27539336681365967,-0.72151118516922
55,1,Replay,1,own_client_rows,72601,901,0.0,0.0,0.0,0.8605539637058262,1.0,0.9250513347022588,0.0,0.0,0.0,-0.3638002276420593,1.7943741083145142,-3.402700424194336,2.1581743359565735,-5.19707453250885,-3.0389001965522766,0.10978643596172333,-0.6827108860015869,0.0037070477847009897,0.13171550867521997,0.018501682206988335,0.23594462871551514,-0.46180522441864014
55,1,Replay,1,validation,245526,1085,0.0,0.0,0.0,0.022169551092131343,1.0,0.043377443729260785,0.0,0.0,0.0,-0.38542604446411133,1.8599836826324463,-3.482039451599121,2.2454097270965576,-5.342023134231567,-3.0966134071350098,0.10978643596172333,-0.6827108860015869,0.0037070477847009897,0.13171550867521997,0.018501682206988335,0.23594462871551514,-0.46180522441864014
55,1,Replay,4,own_client_rows,137596,888,0.0,0.0,0.0,0.02386240520043337,0.9921171171171171,0.046603893355903515,0.0,0.0,0.0,-0.37265443801879883,1.9091780185699463,-3.4404327869415283,2.281832456588745,-5.349610805511475,-3.0677783489227295,0.187874898314476,-0.1608244627714157,0.012022960931062698,0.13171550867521997,0.018501682206988335,0.23594462871551514,-0.46180522441864014
55,1,Replay,4,validation,245526,1085,0.0,0.0,0.0,0.03836171650015999,0.9944700460829493,0.0738737505134876,0.0,0.0,0.0,-0.38542604446411133,2.0172653198242188,-3.482039451599121,2.40269136428833,-5.49930477142334,-3.0966134071350098,0.187874898314476,-0.1608244627714157,0.012022960931062698,0.13171550867521997,0.018501682206988335,0.23594462871551514,-0.46180522441864014
55,1,Replay,10,own_client_rows,76300,1914,0.0,0.0,0.0,1.0,0.017763845350052248,0.03490759753593429,0.0,0.0,0.0,-0.36883628368377686,-0.07763603329658508,-3.420330047607422,0.2912002503871918,-3.342694014310837,-3.051493763923645,0.12204230576753616,-0.6641575694084167,0.004330837167799473,0.13171550867521997,0.018501682206988335,0.23594462871551514,-0.46180522441864014
55,1,Replay,10,validation,245526,1085,0.0,0.0,0.0,0.0005255781359495446,0.0027649769585253456,0.0008832621816575887,0.0,0.0,0.0,-0.38542604446411133,-0.06411319971084595,-3.482039451599121,0.3213128447532654,-3.417926251888275,-3.0966134071350098,0.12204230576753616,-0.6641575694084167,0.004330837167799473,0.13171550867521997,0.018501682206988335,0.23594462871551514,-0.46180522441864014
55,5,Manipulation,2,own_client_rows,59592,1057,0.0,0.0,0.0,0.9986648865153538,0.7076631977294229,0.8283499446290143,0.0,0.0,0.0,-4.126351833343506,0.11617741733789444,-4.710629940032959,4.2425292506814,-4.826807357370853,-0.5842781066894531,0.1086130440235138,-0.9337291121482849,0.0030102794989943504,0.1051143374920005,0.008414970710873604,0.1878938525915146,-0.9448208808898926
55,5,Manipulation,2,validation,245526,973,0.0,0.0,0.0,0.2703768624014023,0.6341212744090442,0.3791090629800307,0.0,0.0,0.0,-3.930420398712158,0.05388199910521507,-4.520028591156006,3.9843023978173733,-4.573910590261221,-0.5896081924438477,0.1086130440235138,-0.9337291121482849,0.0030102794989943504,0.1051143374920005,0.008414970710873604,0.1878938525915146,-0.9448208808898926
55,5,Manipulation,13,own_client_rows,84436,3058,0.0,0.0,0.0,0.9864516129032258,1.0,0.993179603767457,0.0,0.0,0.0,-4.065247535705566,3.0931386947631836,-4.662972927093506,7.15838623046875,-7.7561116218566895,-0.5977253913879395,0.13805167376995087,-0.9401182532310486,0.005421334411948919,0.1051143374920005,0.008414970710873604,0.1878938525915146,-0.9448208808898926
55,5,Manipulation,13,validation,245526,973,0.0,0.0,0.0,0.13538333101433142,1.0,0.23848039215686276,0.0,0.0,0.0,-3.930420398712158,3.0325140953063965,-4.520028591156006,6.962934494018555,-7.552542686462402,-0.5896081924438477,0.13805167376995087,-0.9401182532310486,0.005421334411948919,0.1051143374920005,0.008414970710873604,0.1878938525915146,-0.9448208808898926
55,5,Replay,1,own_client_rows,72601,901,0.0,0.0,0.0,0.9636363636363636,1.0,0.9814814814814815,0.0,0.0,0.0,-5.237178325653076,2.5170881748199463,-5.486863613128662,7.7542665004730225,-8.003951787948608,-0.24968528747558594,0.12378620356321335,-0.9333605170249939,0.004179763607680798,0.1956537237085576,0.01862671598792076,0.17950251698493958,-0.9195958375930786
55,5,Replay,1,validation,245526,1085,0.0,0.0,0.0,0.18189438390611903,1.0,0.3078014184397163,0.0,0.0,0.0,-5.457401752471924,2.6173651218414307,-5.738005638122559,8.074766874313354,-8.35537075996399,-0.28060388565063477,0.12378620356321335,-0.9333605170249939,0.004179763607680798,0.1956537237085576,0.01862671598792076,0.17950251698493958,-0.9195958375930786
55,5,Replay,4,own_client_rows,137596,888,0.0,0.0,0.0,0.05139723470042588,0.9921171171171171,0.09773143269177437,0.0,0.0,0.0,-5.376259803771973,1.5303481817245483,-5.63626766204834,6.906607985496521,-7.166615843772888,-0.2600078582763672,0.15704204142093658,-0.8800548315048218,0.010049828328192234,0.1956537237085576,0.01862671598792076,0.17950251698493958,-0.9195958375930786
55,5,Replay,4,validation,245526,1085,0.0,0.0,0.0,0.13739971985228575,0.9944700460829493,0.24144103826359364,0.0,0.0,0.0,-5.457401752471924,1.6382983922958374,-5.738005638122559,7.095700144767761,-7.376304030418396,-0.28060388565063477,0.15704204142093658,-0.8800548315048218,0.010049828328192234,0.1956537237085576,0.01862671598792076,0.17950251698493958,-0.9195958375930786
55,5,Replay,10,own_client_rows,76300,1914,0.0,0.0,0.0,0.37248995983935745,0.9691745036572623,0.5381491151726139,0.0,0.0,0.0,-5.320489883422852,0.5864645838737488,-5.5769734382629395,5.9069544672966,-6.163438022136688,-0.2564835548400879,0.12619814276695251,-0.9013650417327881,0.004478312563151121,0.1956537237085576,0.01862671598792076,0.17950251698493958,-0.9195958375930786
55,5,Replay,10,validation,245526,1085,0.0,0.0,0.0,0.25552125385894087,0.9917050691244239,0.40634441087613293,0.0,0.0,0.0,-5.457401752471924,0.6553427577018738,-5.738005638122559,6.112744510173798,-6.393348395824432,-0.28060388565063477,0.12619814276695251,-0.9013650417327881,0.004478312563151121,0.1956537237085576,0.01862671598792076,0.17950251698493958,-0.9195958375930786
55,10,Manipulation,2,own_client_rows,59592,1057,0.0,0.0,0.0,1.0,0.001892147587511826,0.003777148253068933,0.0,0.0,0.0,-6.359503269195557,-0.39944279193878174,-6.714148044586182,5.960060477256775,-6.3147052526474,-0.354644775390625,0.10387267172336578,-0.9487658143043518,0.002878897124901414,0.12823723758483385,0.0080519188195467,0.1812015324831009,-0.9430509209632874
55,10,Manipulation,2,validation,245526,973,0.0,0.0,0.0,0.3333333333333333,0.0010277492291880781,0.0020491803278688526,0.0,0.0,0.0,-6.207363128662109,-0.46757784485816956,-6.541121959686279,5.73978528380394,-6.07354411482811,-0.3337588310241699,0.10387267172336578,-0.9487658143043518,0.002878897124901414,0.12823723758483385,0.0080519188195467,0.1812015324831009,-0.9430509209632874
55,10,Manipulation,13,own_client_rows,84436,3058,0.0,0.0,0.0,0.9944715447154472,1.0,0.9972281102233818,0.0,0.0,0.0,-6.365264415740967,0.8607534766197205,-6.719630718231201,7.226017892360687,-7.580384194850922,-0.3543663024902344,0.13202005624771118,-0.9296509027481079,0.005184471607208252,0.12823723758483385,0.0080519188195467,0.1812015324831009,-0.9430509209632874
55,10,Manipulation,13,validation,245526,973,0.0,0.0,0.0,0.24583122789287518,1.0,0.39464611640640845,0.0,0.0,0.0,-6.207363128662109,0.8429012894630432,-6.541121959686279,7.050264418125153,-7.3840232491493225,-0.3337588310241699,0.13202005624771118,-0.9296509027481079,0.005184471607208252,0.12823723758483385,0.0080519188195467,0.1812015324831009,-0.9430509209632874
55,10,Replay,1,own_client_rows,72601,901,0.0,0.0,0.0,0.9719525350593312,1.0,0.9857768052516411,0.0,0.0,0.0,-5.352488994598389,2.7460319995880127,-5.237548351287842,8.098520994186401,-7.9835803508758545,0.11494064331054688,0.1158706322312355,-0.9299610257148743,0.0039124866016209126,0.21630388486320973,0.01701568439602852,0.16188767552375793,-0.9036086201667786
55,10,Replay,1,validation,245526,1085,0.0,0.0,0.0,0.18948655256723718,1.0,0.3186022610483042,0.0,0.0,0.0,-5.513300895690918,2.8263370990753174,-5.402232646942139,8.339637994766235,-8.228569746017456,0.1110682487487793,0.1158706322312355,-0.9299610257148743,0.0039124866016209126,0.21630388486320973,0.01701568439602852,0.16188767552375793,-0.9036086201667786
55,10,Replay,4,own_client_rows,137596,888,0.0,0.0,0.0,0.5600762873490146,0.9921171171171171,0.7159691182446161,0.0,0.0,0.0,-5.406773567199707,1.530595064163208,-5.288142204284668,6.937368631362915,-6.818737268447876,0.11863136291503906,0.1461460292339325,-0.8284359574317932,0.009352542459964752,0.21630388486320973,0.01701568439602852,0.16188767552375793,-0.9036086201667786
55,10,Replay,4,validation,245526,1085,0.0,0.0,0.0,0.22047404985696772,0.9944700460829493,0.36092992139153707,0.0,0.0,0.0,-5.513300895690918,1.6501573324203491,-5.402232646942139,7.163458228111267,-7.052389979362488,0.1110682487487793,0.1461460292339325,-0.8284359574317932,0.009352542459964752,0.21630388486320973,0.01701568439602852,0.16188767552375793,-0.9036086201667786
55,10,Replay,10,own_client_rows,76300,1914,0.0,0.0,0.0,0.4152305542617606,0.9315569487983281,0.5744201030927835,0.0,0.0,0.0,-5.395034313201904,0.5381997227668762,-5.2824530601501465,5.9332340359687805,-5.820652782917023,0.11258125305175781,0.11171544343233109,-0.9100856184959412,0.003964374307543039,0.21630388486320973,0.01701568439602852,0.16188767552375793,-0.9036086201667786
55,10,Replay,10,validation,245526,1085,0.0,0.0,0.0,0.3517538054268696,0.9797235023041475,0.5176527879230582,0.0,0.0,0.0,-5.513300895690918,0.6208838820457458,-5.402232646942139,6.134184777736664,-6.0231165289878845,0.1110682487487793,0.11171544343233109,-0.9100856184959412,0.003964374307543039,0.21630388486320973,0.01701568439602852,0.16188767552375793,-0.9036086201667786
55,20,Manipulation,2,own_client_rows,59592,1057,0.0,0.0,0.0,0.0,0.0,0.0,0.0,0.0,0.0,-9.585455894470215,-2.241814374923706,-9.921018600463867,7.343641519546509,-7.679204225540161,-0.33556270599365234,0.09624017775058746,-0.9182112812995911,0.0026673576794564724,0.11733161619640387,0.007280379068106413,0.1677684187889099,-0.9420033693313599
55,20,Manipulation,2,validation,245526,973,0.0,0.0,0.0,0.0,0.0,0.0,0.0,0.0,0.0,-9.350102424621582,-2.2649271488189697,-9.689553260803223,7.085175275802612,-7.424626111984253,-0.3394508361816406,0.09624017775058746,-0.9182112812995911,0.0026673576794564724,0.11733161619640387,0.007280379068106413,0.1677684187889099,-0.9420033693313599
55,20,Manipulation,13,own_client_rows,84436,3058,0.0,0.0,0.0,0.0,0.0,0.0,0.0,0.0,0.0,-9.579514503479004,-0.8670251965522766,-9.911752700805664,8.712489306926727,-9.044727504253387,-0.33223819732666016,0.11866742372512817,-0.937972903251648,0.004660109058022499,0.11733161619640387,0.007280379068106413,0.1677684187889099,-0.9420033693313599
55,20,Manipulation,13,validation,245526,973,0.0,0.0,0.0,0.0,0.0,0.0,0.0,0.0,0.0,-9.350102424621582,-0.8964473009109497,-9.689553260803223,8.453655123710632,-8.793105959892273,-0.3394508361816406,0.11866742372512817,-0.937972903251648,0.004660109058022499,0.11733161619640387,0.007280379068106413,0.1677684187889099,-0.9420033693313599
55,20,Replay,1,own_client_rows,72601,901,0.0,0.0,0.0,0.9793478260869565,1.0,0.9895661724327293,0.0,0.0,0.0,-5.027084827423096,2.0637476444244385,-5.267338752746582,7.090832471847534,-7.3310863971710205,-0.24025392532348633,0.10542165488004684,-0.9022497534751892,0.003559666685760021,0.21365872433773114,0.01613655313849449,0.14552272856235504,-0.8760287165641785
55,20,Replay,1,validation,245526,1085,0.0,0.0,0.0,0.30264993026499304,1.0,0.46466809421841543,0.0,0.0,0.0,-5.139340877532959,2.243178367614746,-5.368377208709717,7.382519245147705,-7.611555576324463,-0.2290363311767578,0.10542165488004684,-0.9022497534751892,0.003559666685760021,0.21365872433773114,0.01613655313849449,0.14552272856235504,-0.8760287165641785
55,20,Replay,4,own_client_rows,137596,888,0.0,0.0,0.0,0.5683870967741935,0.9921171171171171,0.7227235438884332,0.0,0.0,0.0,-5.085780143737793,1.5227171182632446,-5.327755928039551,6.608497262001038,-6.850473046302795,-0.2419757843017578,0.14480555057525635,-0.7938498258590698,0.009266759268939495,0.21365872433773114,0.01613655313849449,0.14552272856235504,-0.8760287165641785
55,20,Replay,4,validation,245526,1085,0.0,0.0,0.0,0.24296329655482998,0.9944700460829493,0.3905175533840029,0.0,0.0,0.0,-5.139340877532959,1.6392126083374023,-5.368377208709717,6.778553485870361,-7.007589817047119,-0.2290363311767578,0.14480555057525635,-0.7938498258590698,0.009266759268939495,0.21365872433773114,0.01613655313849449,0.14552272856235504,-0.8760287165641785
55,20,Replay,10,own_client_rows,76300,1914,0.0,0.0,0.0,0.42895086321381143,0.8437826541274818,0.5687621060045782,0.0,0.0,0.0,-5.057849884033203,0.11464720964431763,-5.296050548553467,5.172497093677521,-5.410697758197784,-0.23820066452026367,0.1025189459323883,-0.847468376159668,0.003638023976236582,0.21365872433773114,0.01613655313849449,0.14552272856235504,-0.8760287165641785
55,20,Replay,10,validation,245526,1085,0.0,0.0,0.0,0.4199382443758271,0.8774193548387097,0.568019093078759,0.0,0.0,0.0,-5.139340877532959,0.14740215241909027,-5.368377208709717,5.286743029952049,-5.515779361128807,-0.2290363311767578,0.1025189459323883,-0.847468376159668,0.003638023976236582,0.21365872433773114,0.01613655313849449,0.14552272856235504,-0.8760287165641785
55,30,Manipulation,2,own_client_rows,59592,1057,0.0,0.0,0.0,0.0,0.0,0.0,0.0,0.0,0.0,-10.917855262756348,-2.653170585632324,-10.885782241821289,8.264684677124023,-8.232611656188965,0.032073020935058594,0.09099442511796951,-0.9148529767990112,0.0025219686795026064,0.1427770833156471,0.006935472134500742,0.14156638085842133,-0.9272044897079468
55,30,Manipulation,2,validation,245526,973,0.0,0.0,0.0,0.0,0.0,0.0,0.0,0.0,0.0,-10.819701194763184,-2.6452107429504395,-10.813456535339355,8.174490451812744,-8.168245792388916,0.006244659423828125,0.09099442511796951,-0.9148529767990112,0.0025219686795026064,0.1427770833156471,0.006935472134500742,0.14156638085842133,-0.9272044897079468
55,30,Manipulation,13,own_client_rows,84436,3058,0.0,0.0,0.0,0.0,0.0,0.0,0.0,0.0,0.0,-10.924930572509766,-1.2897846698760986,-10.89631462097168,9.635145902633667,-9.606529951095581,0.028615951538085938,0.1131921261548996,-0.9161242246627808,0.004445092286914587,0.1427770833156471,0.006935472134500742,0.14156638085842133,-0.9272044897079468
55,30,Manipulation,13,validation,245526,973,0.0,0.0,0.0,0.0,0.0,0.0,0.0,0.0,0.0,-10.819701194763184,-1.269939661026001,-10.813456535339355,9.549761533737183,-9.543516874313354,0.006244659423828125,0.1131921261548996,-0.9161242246627808,0.004445092286914587,0.1427770833156471,0.006935472134500742,0.14156638085842133,-0.9272044897079468
55,30,Replay,1,own_client_rows,72601,901,0.0,0.0,0.0,0.9857142857142858,0.9955604883462819,0.9906129210381005,0.0,0.0,0.0,-5.950500965118408,1.2751437425613403,-5.955808639526367,7.2256447076797485,-7.2309523820877075,-0.005307674407958984,0.09978670626878738,-0.8498823046684265,0.003369396785274148,0.23742619163585466,0.01579584740102291,0.14352978765964508,-0.8314261436462402
55,30,Replay,1,validation,245526,1085,0.0,0.0,0.0,0.36877982276755283,0.9972350230414746,0.5384423986066186,0.0,0.0,0.0,-5.935495853424072,1.3722366094589233,-5.912250518798828,7.307732462882996,-7.2844871282577515,0.02324533462524414,0.09978670626878738,-0.8498823046684265,0.003369396785274148,0.23742619163585466,0.01579584740102291,0.14352978765964508,-0.8314261436462402
55,30,Replay,4,own_client_rows,137596,888,0.0,0.0,0.0,0.5698576972833118,0.9921171171171171,0.723911257189811,0.0,0.0,0.0,-5.99293327331543,1.2801398038864136,-5.9950175285339355,7.273073077201843,-7.275157332420349,-0.0020842552185058594,0.14338161051273346,-0.7520120739936829,0.009175635874271393,0.23742619163585466,0.01579584740102291,0.14352978765964508,-0.8314261436462402
55,30,Replay,4,validation,245526,1085,0.0,0.0,0.0,0.3624454148471616,0.9944700460829493,0.5312653865091088,0.0,0.0,0.0,-5.935495853424072,1.365620732307434,-5.912250518798828,7.301116585731506,-7.277871251106262,0.02324533462524414,0.14338161051273346,-0.7520120739936829,0.009175635874271393,0.23742619163585466,0.01579584740102291,0.14352978765964508,-0.8314261436462402
55,30,Replay,10,own_client_rows,76300,1914,0.0,0.0,0.0,0.552,0.03605015673981191,0.06768023540951447,0.0,0.0,0.0,-5.930784702301025,-0.1783321052789688,-5.923766613006592,5.752452597022057,-5.745434507727623,0.007018089294433594,0.10006064176559448,-0.7745450139045715,0.003550787689164281,0.23742619163585466,0.01579584740102291,0.14352978765964508,-0.8314261436462402
55,30,Replay,10,validation,245526,1085,0.0,0.0,0.0,0.4583333333333333,0.04055299539170507,0.07451312447078746,0.0,0.0,0.0,-5.935495853424072,-0.2001277208328247,-5.912250518798828,5.735368132591248,-5.712122797966003,0.02324533462524414,0.10006064176559448,-0.7745450139045715,0.003550787689164281,0.23742619163585466,0.01579584740102291,0.14352978765964508,-0.8314261436462402
55,45,Manipulation,2,own_client_rows,59592,1057,0.0,0.0,0.0,0.0,0.0,0.0,0.0,0.0,0.0,-11.207793235778809,-3.1784005165100098,-11.449957847595215,8.029392719268799,-8.271557331085205,-0.24216461181640625,0.08120901882648468,-0.779380202293396,0.002250759629532695,0.15799639726836556,0.006323748268187046,0.12600667774677277,-0.8767971992492676
55,45,Manipulation,2,validation,245526,973,0.0,0.0,0.0,0.0,0.0,0.0,0.0,0.0,0.0,-11.076233863830566,-3.1892549991607666,-11.313461303710938,7.8869788646698,-8.124206304550171,-0.2372274398803711,0.08120901882648468,-0.779380202293396,0.002250759629532695,0.15799639726836556,0.006323748268187046,0.12600667774677277,-0.8767971992492676
55,45,Manipulation,13,own_client_rows,84436,3058,0.0,0.0,0.0,0.0,0.0,0.0,0.0,0.0,0.0,-11.227165222167969,-1.4522035121917725,-11.466100692749023,9.774961709976196,-10.013897180557251,-0.2389354705810547,0.10688619315624237,-0.8843321204185486,0.004197456408292055,0.15799639726836556,0.006323748268187046,0.12600667774677277,-0.8767971992492676
55,45,Manipulation,13,validation,245526,973,0.0,0.0,0.0,0.0,0.0,0.0,0.0,0.0,0.0,-11.076233863830566,-1.4547239542007446,-11.313461303710938,9.621509909629822,-9.858737349510193,-0.2372274398803711,0.10688619315624237,-0.8843321204185486,0.004197456408292055,0.15799639726836556,0.006323748268187046,0.12600667774677277,-0.8767971992492676
55,45,Replay,1,own_client_rows,72601,901,0.0,0.0,0.0,0.9966405375139977,0.9877913429522752,0.992196209587514,0.0,0.0,0.0,-6.244200229644775,0.31899580359458923,-6.192230224609375,6.563196033239365,-6.511226028203964,0.05197000503540039,0.08580651134252548,-0.7191859483718872,0.00289734173566103,0.22199377304069545,0.014252693392336369,0.13237781822681427,-0.6707403659820557
55,45,Replay,1,validation,245526,1085,0.0,0.0,0.0,0.37395543175487467,0.9898617511520738,0.5428354814253222,0.0,0.0,0.0,-6.225308418273926,0.3704352080821991,-6.203587532043457,6.595743626356125,-6.574022740125656,0.02172088623046875,0.08580651134252548,-0.7191859483718872,0.00289734173566103,0.22199377304069545,0.014252693392336369,0.13237781822681427,-0.6707403659820557
55,45,Replay,4,own_client_rows,137596,888,0.0,0.0,0.0,0.650593471810089,0.9876126126126126,0.7844364937388193,0.0,0.0,0.0,-6.220698833465576,0.6569784879684448,-6.176453113555908,6.877677321434021,-6.833431601524353,0.04424571990966797,0.1333688646554947,-0.5159326195716858,0.008534873835742474,0.22199377304069545,0.014252693392336369,0.13237781822681427,-0.6707403659820557
55,45,Replay,4,validation,245526,1085,0.0,0.0,0.0,0.40188323917137475,0.9834101382488479,0.5705882352941176,0.0,0.0,0.0,-6.225308418273926,0.7198486328125,-6.203587532043457,6.945157051086426,-6.923436164855957,0.02172088623046875,0.1333688646554947,-0.5159326195716858,0.008534873835742474,0.22199377304069545,0.014252693392336369,0.13237781822681427,-0.6707403659820557
55,45,Replay,10,own_client_rows,76300,1914,0.0,0.0,0.0,0.0,0.0,0.0,0.0,0.0,0.0,-6.216566562652588,-0.8526602387428284,-6.176421165466309,5.3639063239097595,-5.32376092672348,0.0401453971862793,0.09651190042495728,-0.6222085356712341,0.0034248558804392815,0.22199377304069545,0.014252693392336369,0.13237781822681427,-0.6707403659820557
55,45,Replay,10,validation,245526,1085,0.0,0.0,0.0,0.0,0.0,0.0,0.0,0.0,0.0,-6.225308418273926,-0.8677993416786194,-6.203587532043457,5.357509076595306,-5.335788190364838,0.02172088623046875,0.09651190042495728,-0.6222085356712341,0.0034248558804392815,0.22199377304069545,0.014252693392336369,0.13237781822681427,-0.6707403659820557
