algorithm,alpha,n_clients,partition_seed,model_seed,round,class,client_id,eval_data,precision_pre_local,recall_pre_local,f1_pre_local,precision_post_local,recall_post_local,f1_post_local,precision_post_agg,recall_post_agg,f1_post_agg,logit_margin_pre_local,logit_margin_post_local,logit_margin_post_agg,client_fedavg_weight,n_holders_this_class,holder_weight_share_this_class,global_predicted_count_this_class
fedavg_sgd,0.1,30,102,11,45,Unauth,0,own_client_rows,1.0,0.973015873015873,0.9863234111021721,1.0,1.0,1.0,1.0,0.973015873015873,0.9863234111021721,0.2754756382533482,29.29345238095238,0.5169476705884176,0.0002930066293912625,3,0.09417093541668799,2528
fedavg_sgd,0.1,30,102,11,45,Unauth,0,validation,0.3185022026431718,0.9678714859437751,0.4792840570102751,0.034028790087463553,1.0,0.06581787743953478,0.2887658227848101,0.9772423025435074,0.44580152671755724,0.3992135866259635,30.528010642831745,0.6659191953768852,0.0002930066293912625,3,0.09417093541668799,2528
fedavg_sgd,0.1,30,102,11,45,MITM,1,own_client_rows,1.0,0.16314274216017088,0.28052058659143536,0.9999690364131781,0.9997523449834381,0.9998606789578786,1.0,0.17434913165959817,0.29692895742717806,-1.0370363361181625,9.591679154219422,-0.9154979286705183,0.08114330256608694,3,0.1078124869193469,4206
fedavg_sgd,0.1,30,102,11,45,MITM,1,validation,0.6211288711288712,0.18426316959324293,0.28421233072395863,0.06974496283507872,0.9997036378454471,0.1303929763866273,0.6238706609605326,0.19441357338667853,0.2964469298988872,-1.0324174324618434,9.657633698692303,-0.9056761329629964,0.08114330256608694,3,0.1078124869193469,4206
fedavg_sgd,0.1,30,102,11,45,Password Cracking,1,own_client_rows,1.0,0.9999929659198818,0.9999964829475713,1.0,0.9999929659198818,0.9999964829475713,1.0,0.9999929659198818,0.9999964829475713,9.177324955817184,13.877907850253226,9.281619124344951,0.08114330256608694,1,0.08114330256608694,0
fedavg_sgd,0.1,30,102,11,45,Password Cracking,1,validation,0.0,0.0,0.0,0.0,0.0,0.0,0.0,0.0,0.0,nan,nan,nan,0.08114330256608694,1,0.08114330256608694,0
fedavg_sgd,0.1,30,102,11,45,MITM,2,own_client_rows,1.0,0.1624755062050947,0.27953364236550077,1.0,1.0,1.0,1.0,0.1733072066187677,0.2954165893486732,-0.9586738704363298,27.107494803573374,-0.8171861658110848,0.02563389426274416,3,0.1078124869193469,4206
fedavg_sgd,0.1,30,102,11,45,MITM,2,validation,0.6211288711288712,0.18426316959324293,0.28421233072395863,0.06864934998855166,0.999629547306809,0.12847566085167975,0.6238706609605326,0.19441357338667853,0.2964469298988872,-1.0324174324618434,25.41384485904275,-0.9056761329629964,0.02563389426274416,3,0.1078124869193469,4206
fedavg_sgd,0.1,30,102,11,45,DoS,3,own_client_rows,0.999925389838096,1.0,0.999962693527327,1.0,0.9993657663035368,0.9996827825567726,0.9998134954679399,1.0,0.9999067390371739,17.973055870421625,15.208860956649428,18.330648727656087,0.02562505755487363,9,0.4659382118782097,46009
fedavg_sgd,0.1,30,102,11,45,DoS,3,validation,0.9996302981536654,0.999978245262906,0.9998042414355628,1.0,0.9985206778776079,0.9992597914353515,0.9990654002477776,0.999978245262906,0.9995216143341741,16.213470142303173,12.705523247316009,16.55207990582918,0.02562505755487363,9,0.4659382118782097,46009
fedavg_sgd,0.1,30,102,11,45,Injection,3,own_client_rows,1.0,0.009884678747940691,0.01957585644371941,0.9500805152979066,0.9719934102141681,0.9609120521172638,1.0,0.016474464579901153,0.03241491085899514,-0.3703604734317082,7.1912984580930805,-0.6148173852257517,0.02562505755487363,3,0.0761626549563234,332
fedavg_sgd,0.1,30,102,11,45,Injection,3,validation,0.01733102253032929,0.011806375442739079,0.014044943820224719,0.01191365831225569,0.9787485242030697,0.023540770399397993,0.030120481927710843,0.011806375442739079,0.016963528413910092,-0.49497058062232513,8.493667332312574,-0.7849074975095927,0.02562505755487363,3,0.0761626549563234,332
fedavg_sgd,0.1,30,102,11,45,Ip Spoofing,3,own_client_rows,0.9988636363636364,0.9965986394557823,0.9977298524404086,0.9778270509977827,1.0,0.9887892376681614,0.9954389965792474,0.9897959183673469,0.992609437180216,1.7306569763321995,5.820962434452948,1.6727818080357142,0.02562505755487363,7,0.24285412641701262,2429
fedavg_sgd,0.1,30,102,11,45,Ip Spoofing,3,validation,0.33164458300857363,0.9929988331388565,0.4972246567338592,0.020169776075287887,0.9953325554259043,0.039538333178826365,0.34376286537669826,0.9743290548424738,0.5082166768107121,1.1819838320221339,6.12555380323804,1.053634447700919,0.02562505755487363,7,0.24285412641701262,2429
fedavg_sgd,0.1,30,102,11,45,DoS,4,own_client_rows,1.0,0.997134670487106,0.9985652797704447,1.0,1.0,1.0,1.0,1.0,1.0,33.17054306948424,54.94375671561605,33.910679508416905,0.00016231637088500096,9,0.4659382118782097,46009
fedavg_sgd,0.1,30,102,11,45,DoS,4,validation,0.9996302981536654,0.999978245262906,0.9998042414355628,0.9555356920134702,1.0,0.9772623388219787,0.9990654002477776,0.999978245262906,0.9995216143341741,16.213470142303173,18.22299701756151,16.55207990582918,0.00016231637088500096,9,0.4659382118782097,46009
fedavg_sgd,0.1,30,102,11,45,Regular,5,own_client_rows,1.0,0.9905514672481148,0.9952533089913281,1.0,0.9993337573059569,0.9996667676461678,1.0,0.9892391710325752,0.9945904800568355,4.986525260243166,9.564101795937308,4.834893341232347,0.09284263869678093,7,0.40363709594153263,175516
fedavg_sgd,0.1,30,102,11,45,Regular,5,validation,0.9496506579839913,0.9908930583162775,0.9698335955202124,0.8881561703867565,0.9993452911095251,0.9404757609483024,0.9559812210852572,0.9896721147097163,0.9725349724828072,4.994983410631499,9.570085946209177,4.845656370776464,0.09284263869678093,7,0.40363709594153263,175516
fedavg_sgd,0.1,30,102,11,45,Unauth,5,own_client_rows,0.9986468200270636,0.9859719438877755,0.9922689075630252,0.9894249834765367,1.0,0.9946843853820598,0.9986468200270636,0.9859719438877755,0.9922689075630252,0.35824953944347027,17.987808951235806,0.6082395911614896,0.09284263869678093,3,0.09417093541668799,2528
fedavg_sgd,0.1,30,102,11,45,Unauth,5,validation,0.3185022026431718,0.9678714859437751,0.4792840570102751,0.15332512315270935,1.0,0.26588360918312864,0.2887658227848101,0.9772423025435074,0.44580152671755724,0.3992135866259635,18.980801624466615,0.6659191953768852,0.09284263869678093,3,0.09417093541668799,2528
fedavg_sgd,0.1,30,102,11,45,Replay,6,own_client_rows,0.0,0.0,0.0,0.0,0.0,0.0,0.0,0.0,0.0,-7.64769188133446,-3.879829475471565,-7.508591110641892,0.00041299982047530325,4,0.0017222278549775315,0
fedavg_sgd,0.1,30,102,11,45,Replay,6,validation,0.0,0.0,0.0,0.0,0.0,0.0,0.0,0.0,0.0,-7.634643217165898,-4.104712701612903,-7.506123541906682,0.00041299982047530325,4,0.0017222278549775315,0
fedavg_sgd,0.1,30,102,11,45,Injection,7,own_client_rows,0.5555555555555556,0.009541984732824428,0.01876172607879925,0.9685767097966729,1.0,0.984037558685446,0.7272727272727273,0.015267175572519083,0.029906542056074768,-0.3202804099512464,12.351701343332538,-0.5530553337271887,0.04986135670441026,3,0.0761626549563234,332
fedavg_sgd,0.1,30,102,11,45,Injection,7,validation,0.01733102253032929,0.011806375442739079,0.014044943820224719,0.20282567049808428,1.0,0.3372486561815648,0.030120481927710843,0.011806375442739079,0.016963528413910092,-0.49497058062232513,14.609394600427981,-0.7849074975095927,0.04986135670441026,3,0.0761626549563234,332
fedavg_sgd,0.1,30,102,11,45,Regular,7,own_client_rows,1.0,0.9885643582917776,0.994249297660124,1.0,0.9983408946046267,0.9991697585732982,1.0,0.9865959281616737,0.9932527437269391,5.036528722896006,9.268344191615249,4.881905904462888,0.04986135670441026,7,0.40363709594153263,175516
fedavg_sgd,0.1,30,102,11,45,Regular,7,validation,0.9496506579839913,0.9908930583162775,0.9698335955202124,0.896419024428976,0.9988557340112422,0.9448691052737296,0.9559812210852572,0.9896721147097163,0.9725349724828072,4.994983410631499,9.218873748643396,4.845656370776464,0.04986135670441026,7,0.40363709594153263,175516
fedavg_sgd,0.1,30,102,11,45,Ip Spoofing,8,own_client_rows,0.9769673704414588,0.9902723735408561,0.9835748792270531,0.9518518518518518,1.0,0.9753320683111955,0.9768339768339769,0.9844357976653697,0.9806201550387597,1.9313784350680934,10.994094076787452,1.87238225677134,0.023477272452446886,7,0.24285412641701262,2429
fedavg_sgd,0.1,30,102,11,45,Ip Spoofing,8,validation,0.33164458300857363,0.9929988331388565,0.4972246567338592,0.038212868417532436,1.0,0.07361278130905342,0.34376286537669826,0.9743290548424738,0.5082166768107121,1.1819838320221339,10.680464647753793,1.053634447700919,0.023477272452446886,7,0.24285412641701262,2429
fedavg_sgd,0.1,30,102,11,45,Regular,8,own_client_rows,1.0,0.9887521264885419,0.9943442556959987,1.0,0.9976983888722105,0.9988478685568302,1.0,0.9874912438707095,0.993706258496551,4.947532364451991,8.469931940639698,4.795776946206094,0.023477272452446886,7,0.40363709594153263,175516
fedavg_sgd,0.1,30,102,11,45,Regular,8,validation,0.9496506579839913,0.9908930583162775,0.9698335955202124,0.9039817525266555,0.9981597371727193,0.9487392955752708,0.9559812210852572,0.9896721147097163,0.9725349724828072,4.994983410631499,8.528848951452009,4.845656370776464,0.023477272452446886,7,0.40363709594153263,175516
fedavg_sgd,0.1,30,102,11,45,MITM,9,own_client_rows,0.9545454545454546,0.20588235294117646,0.3387096774193548,1.0,0.0056022408963585435,0.011142061281337047,1.0,0.08123249299719888,0.15025906735751296,-2.2526605857186626,-20.07972798494398,-2.3687650108871674,0.001035290090515794,3,0.1078124869193469,4206
fedavg_sgd,0.1,30,102,11,45,MITM,9,validation,0.6211288711288712,0.18426316959324293,0.28421233072395863,0.671918077983458,0.12639845891679632,0.2127712646545273,0.6238706609605326,0.19441357338667853,0.2964469298988872,-1.0324174324618434,-2.9199754531678335,-0.9056761329629964,0.001035290090515794,3,0.1078124869193469,4206
fedavg_sgd,0.1,30,102,11,45,Unauth,9,own_client_rows,0.42857142857142855,0.9736842105263158,0.5951742627345844,0.36157680108744905,1.0,0.5311148086522463,0.401854714064915,0.9774436090225563,0.5695509309967142,0.42859582733689694,21.260700579573935,0.6992689242637845,0.001035290090515794,3,0.09417093541668799,2528
fedavg_sgd,0.1,30,102,11,45,Unauth,9,validation,0.3185022026431718,0.9678714859437751,0.4792840570102751,0.04471715055372643,1.0,0.0856062342424937,0.2887658227848101,0.9772423025435074,0.44580152671755724,0.3992135866259635,20.772875028760875,0.6659191953768852,0.001035290090515794,3,0.09417093541668799,2528
fedavg_sgd,0.1,30,102,11,45,Ip Spoofing,10,own_client_rows,1.0,0.8293113596233078,0.9066924066924067,1.0,1.0,1.0,1.0,0.7892878163625662,0.8822368421052632,1.1373409565369335,28.40007449234844,1.062268217287743,0.0007901877195805634,7,0.24285412641701262,2429
fedavg_sgd,0.1,30,102,11,45,Ip Spoofing,10,validation,0.33164458300857363,0.9929988331388565,0.4972246567338592,0.03272366260643782,1.0,0.0633735117947201,0.34376286537669826,0.9743290548424738,0.5082166768107121,1.1819838320221339,24.405921820303384,1.053634447700919,0.0007901877195805634,7,0.24285412641701262,2429
fedavg_sgd,0.1,30,102,11,45,Ip Spoofing,11,own_client_rows,0.9042904290429042,0.9778729478943612,0.9396433470507545,0.8449939686369119,1.0,0.9159856162144492,0.9019337016574586,0.9321912919343326,0.9168129168129168,1.425055188676615,9.966812210028552,1.3546559934867952,0.17256416147548836,7,0.24285412641701262,2429
fedavg_sgd,0.1,30,102,11,45,Ip Spoofing,11,validation,0.33164458300857363,0.9929988331388565,0.4972246567338592,0.06500303398058252,1.0,0.12207107755857845,0.34376286537669826,0.9743290548424738,0.5082166768107121,1.1819838320221339,9.198924755688449,1.053634447700919,0.17256416147548836,7,0.24285412641701262,2429
fedavg_sgd,0.1,30,102,11,45,Regular,11,own_client_rows,0.9948787024565009,0.9916865988970832,0.9932800860681363,0.998542488164778,0.9786503665315704,0.9884963621213223,0.9957506963904573,0.9905930945895068,0.9931651995553563,4.976375435282193,4.867062350421761,4.824287261635093,0.17256416147548836,7,0.40363709594153263,175516
fedavg_sgd,0.1,30,102,11,45,Regular,11,validation,0.9496506579839913,0.9908930583162775,0.9698335955202124,0.9795873690189512,0.9765366489521708,0.9780596300737844,0.9559812210852572,0.9896721147097163,0.9725349724828072,4.994983410631499,4.883563689516842,4.845656370776464,0.17256416147548836,7,0.40363709594153263,175516
fedavg_sgd,0.1,30,102,11,45,Video,11,own_client_rows,0.7423086702262903,0.6943750743251278,0.7175422427035331,0.5144384329574343,0.9385182542513973,0.6645894736842105,0.7276181429589171,0.7287430134379831,0.7281801437823064,1.0718225775582708,4.076901480649453,1.248088915150434,0.17256416147548836,4,0.19767482961431956,13993
fedavg_sgd,0.1,30,102,11,45,Video,11,validation,0.6510704554301284,0.6962204462204462,0.6728889246489922,0.4642378457414402,0.9515484515484516,0.6240275161739415,0.6303866218823697,0.7343489843489843,0.6784079984618343,1.0278243485030594,3.9265095256306193,1.2033935302978271,0.17256416147548836,4,0.19767482961431956,13993
fedavg_sgd,0.1,30,102,11,45,Video,12,own_client_rows,1.0,0.7141099463556277,0.8332137012259898,1.0,0.9999015699591516,0.9999507825573383,1.0,0.7630296766573158,0.8655891466376351,0.9643423119024989,12.5086637660564,1.1488934838928466,0.009450161432700098,4,0.19767482961431956,13993
fedavg_sgd,0.1,30,102,11,45,Video,12,validation,0.6510704554301284,0.6962204462204462,0.6728889246489922,0.061745656420273465,1.0,0.11630969441109261,0.6303866218823697,0.7343489843489843,0.6784079984618343,1.0278243485030594,12.80968185460373,1.2033935302978271,0.009450161432700098,4,0.19767482961431956,13993
fedavg_sgd,0.1,30,102,11,45,Injection,13,own_client_rows,1.0,0.001375515818431912,0.0027472527472527475,1.0,1.0,1.0,1.0,0.011004126547455296,0.021768707482993196,-0.3391624356234418,17.689017903198074,-0.5743277233601273,0.0006762406970395169,3,0.0761626549563234,332
fedavg_sgd,0.1,30,102,11,45,Injection,13,validation,0.01733102253032929,0.011806375442739079,0.014044943820224719,0.03179548781861181,1.0,0.061631375973222734,0.030120481927710843,0.011806375442739079,0.016963528413910092,-0.49497058062232513,20.6252536525974,-0.7849074975095927,0.0006762406970395169,3,0.0761626549563234,332
fedavg_sgd,0.1,30,102,11,45,Replay,14,own_client_rows,0.0,0.0,0.0,0.0,0.0,0.0,0.0,0.0,0.0,-7.523497112583241,-3.5981976406423417,-7.386433693465594,0.00041904598901829754,4,0.0017222278549775315,0
fedavg_sgd,0.1,30,102,11,45,Replay,14,validation,0.0,0.0,0.0,0.0,0.0,0.0,0.0,0.0,0.0,-7.634643217165898,-3.9752259144585254,-7.506123541906682,0.00041904598901829754,4,0.0017222278549775315,0
fedavg_sgd,0.1,30,102,11,45,Regular,15,own_client_rows,1.0,0.9913703831549879,0.9956664933263997,1.0,0.9988350017259233,0.9994171613599568,1.0,0.9901838108387988,0.9950676972108099,5.157026876200056,9.454870495913067,5.003586505419804,0.021557846484990154,7,0.40363709594153263,175516
fedavg_sgd,0.1,30,102,11,45,Regular,15,validation,0.9496506579839913,0.9908930583162775,0.9698335955202124,0.8935593291869108,0.9990739703080671,0.9433754197971607,0.9559812210852572,0.9896721147097163,0.9725349724828072,4.994983410631499,9.270280803666223,4.845656370776464,0.021557846484990154,7,0.40363709594153263,175516
fedavg_sgd,0.1,30,102,11,45,DoS,16,own_client_rows,1.0,0.9999951478569297,0.999997573922579,1.0,1.0,1.0,1.0,0.9999951478569297,0.999997573922579,16.39776196227641,19.88038886401323,16.747283093662737,0.19170493581294457,9,0.4659382118782097,46009
fedavg_sgd,0.1,30,102,11,45,DoS,16,validation,0.9996302981536654,0.999978245262906,0.9998042414355628,0.9887715373529222,1.0,0.9943540711257247,0.9990654002477776,0.999978245262906,0.9995216143341741,16.213470142303173,19.92228668290567,16.55207990582918,0.19170493581294457,9,0.4659382118782097,46009
fedavg_sgd,0.1,30,102,11,45,Ip Spoofing,17,own_client_rows,0.9896907216494846,0.9948186528497409,0.9922480620155039,0.965,1.0,0.9821882951653944,0.9841269841269841,0.9637305699481865,0.9738219895287958,2.144356683128238,8.191621296146373,2.101996703469074,0.011670965647530698,7,0.24285412641701262,2429
fedavg_sgd,0.1,30,102,11,45,Ip Spoofing,17,validation,0.33164458300857363,0.9929988331388565,0.4972246567338592,0.03897818860707618,0.9988331388564761,0.07502848628275922,0.34376286537669826,0.9743290548424738,0.5082166768107121,1.1819838320221339,7.250801077523337,1.053634447700919,0.011670965647530698,7,0.24285412641701262,2429
fedavg_sgd,0.1,30,102,11,45,Regular,17,own_client_rows,1.0,0.993172964941167,0.9965747904577692,1.0,0.9975502991847717,0.998773647494019,1.0,0.9924902614352837,0.9962309785347173,5.0264095427266975,7.821854543994217,4.877320458547096,0.011670965647530698,7,0.40363709594153263,175516
fedavg_sgd,0.1,30,102,11,45,Regular,17,validation,0.9496506579839913,0.9908930583162775,0.9698335955202124,0.9126550573806773,0.9972396057590789,0.953074310517341,0.9559812210852572,0.9896721147097163,0.9725349724828072,4.994983410631499,7.783168507175255,4.845656370776464,0.011670965647530698,7,0.40363709594153263,175516
fedavg_sgd,0.1,30,102,11,45,Replay,18,own_client_rows,0.0,0.0,0.0,0.0,0.0,0.0,0.0,0.0,0.0,-7.566805944586933,-3.65689805362446,-7.4294322860421165,0.00043067323621636354,4,0.0017222278549775315,0
fedavg_sgd,0.1,30,102,11,45,Replay,18,validation,0.0,0.0,0.0,0.0,0.0,0.0,0.0,0.0,0.0,-7.634643217165898,-3.9400143109158985,-7.506123541906682,0.00043067323621636354,4,0.0017222278549775315,0
fedavg_sgd,0.1,30,102,11,45,DoS,19,own_client_rows,1.0,0.9999887235002255,0.9999943617183227,1.0,1.0,1.0,1.0,0.9999943617501128,0.9999971808671089,15.949566911930537,19.93982883947198,16.330324660779983,0.16497668504391844,9,0.4659382118782097,46009
fedavg_sgd,0.1,30,102,11,45,DoS,19,validation,0.9996302981536654,0.999978245262906,0.9998042414355628,0.9869034072610945,1.0,0.993408540802213,0.9990654002477776,0.999978245262906,0.9995216143341741,16.213470142303173,19.851351835963843,16.55207990582918,0.16497668504391844,9,0.4659382118782097,46009
fedavg_sgd,0.1,30,102,11,45,Replay,20,own_client_rows,0.0,0.0,0.0,0.0,0.0,0.0,0.0,0.0,0.0,-7.528230365953948,-4.0225088760437755,-7.394066690915992,0.00045950880926756715,4,0.0017222278549775315,0
fedavg_sgd,0.1,30,102,11,45,Replay,20,validation,0.0,0.0,0.0,0.0,0.0,0.0,0.0,0.0,0.0,-7.634643217165898,-4.253151551699308,-7.506123541906682,0.00045950880926756715,4,0.0017222278549775315,0
fedavg_sgd,0.1,30,102,11,45,Ip Spoofing,21,own_client_rows,1.0,0.9868744872846595,0.9933938893476466,1.0,1.0,1.0,1.0,0.9540607054963085,0.9764903442485307,1.4889092261523278,24.032961187448727,1.4388108288684371,0.0005669445733776967,7,0.24285412641701262,2429
fedavg_sgd,0.1,30,102,11,45,Ip Spoofing,21,validation,0.33164458300857363,0.9929988331388565,0.4972246567338592,0.03294633246194064,1.0,0.0637909858945253,0.34376286537669826,0.9743290548424738,0.5082166768107121,1.1819838320221339,21.29038205586348,1.053634447700919,0.0005669445733776967,7,0.24285412641701262,2429
fedavg_sgd,0.1,30,102,11,45,Ip Spoofing,22,own_client_rows,1.0,0.8638644918444166,0.9269606193200942,1.0,1.0,1.0,1.0,0.8193224592220828,0.9006896551724138,1.1766481483296738,13.099229532622333,1.0994909805814774,0.008159536993714776,7,0.24285412641701262,2429
fedavg_sgd,0.1,30,102,11,45,Ip Spoofing,22,validation,0.33164458300857363,0.9929988331388565,0.4972246567338592,0.057628942236567816,1.0,0.10897761953204477,0.34376286537669826,0.9743290548424738,0.5082166768107121,1.1819838320221339,12.343560840869312,1.053634447700919,0.008159536993714776,7,0.24285412641701262,2429
fedavg_sgd,0.1,30,102,11,45,Video,22,own_client_rows,1.0,0.6976802507836991,0.8219218553807519,1.0,1.0,1.0,1.0,0.7323510971786834,0.8454996199920379,1.086752638861677,8.50596768465909,1.2607100512465712,0.008159536993714776,4,0.19767482961431956,13993
fedavg_sgd,0.1,30,102,11,45,Video,22,validation,0.6510704554301284,0.6962204462204462,0.6728889246489922,0.07295076491415592,1.0,0.1359815702633709,0.6303866218823697,0.7343489843489843,0.6784079984618343,1.0278243485030594,8.193835624011406,1.2033935302978271,0.008159536993714776,4,0.19767482961431956,13993
fedavg_sgd,0.1,30,102,11,45,DoS,23,own_client_rows,1.0,0.9997946401067871,0.9998973095091395,1.0,1.0,1.0,1.0,0.9996919601601807,0.9998459563543004,17.887725895882536,23.4476155791149,18.2609312028314,0.0045295104184785795,9,0.4659382118782097,46009
fedavg_sgd,0.1,30,102,11,45,DoS,23,validation,0.9996302981536654,0.999978245262906,0.9998042414355628,0.9976343432589635,1.0,0.9988157708896929,0.9990654002477776,0.999978245262906,0.9995216143341741,16.213470142303173,17.147829089686624,16.55207990582918,0.0045295104184785795,9,0.4659382118782097,46009
fedavg_sgd,0.1,30,102,11,45,DoS,24,own_client_rows,0.9998429648241206,1.0,0.9999214762465646,0.9998429648241206,1.0,0.9999214762465646,0.9998429648241206,1.0,0.9999214762465646,21.116504657805873,20.68260108273127,21.54653081808544,0.007500969712416318,9,0.4659382118782097,46009
fedavg_sgd,0.1,30,102,11,45,DoS,24,validation,0.9996302981536654,0.999978245262906,0.9998042414355628,0.998349261511729,0.9999347357887179,0.9991413696783941,0.9990654002477776,0.999978245262906,0.9995216143341741,16.213470142303173,16.15962104947571,16.55207990582918,0.007500969712416318,9,0.4659382118782097,46009
fedavg_sgd,0.1,30,102,11,45,Video,24,own_client_rows,1.0,0.6792336850732507,0.8089805381001769,1.0,0.9994877574019055,0.9997438130860276,1.0,0.7243110337055629,0.840116451785396,0.9620266908407822,12.5773706427364,1.1776972574211146,0.007500969712416318,4,0.19767482961431956,13993
fedavg_sgd,0.1,30,102,11,45,Video,24,validation,0.6510704554301284,0.6962204462204462,0.6728889246489922,0.06159210357646456,1.0,0.11603723006032739,0.6303866218823697,0.7343489843489843,0.6784079984618343,1.0278243485030594,12.575138078067766,1.2033935302978271,0.007500969712416318,4,0.19767482961431956,13993
fedavg_sgd,0.1,30,102,11,45,DoS,25,own_client_rows,1.0,0.9996780770468935,0.9998390126106789,1.0,1.0,1.0,1.0,0.9996780770468935,0.9998390126106789,21.076101873524518,22.451424844403906,21.42724981388829,0.008668345331102141,9,0.4659382118782097,46009
fedavg_sgd,0.1,30,102,11,45,DoS,25,validation,0.9996302981536654,0.999978245262906,0.9998042414355628,0.9956247698672269,1.0,0.9978075887818009,0.9990654002477776,0.999978245262906,0.9995216143341741,16.213470142303173,16.694816729936694,16.55207990582918,0.008668345331102141,9,0.4659382118782097,46009
fedavg_sgd,0.1,30,102,11,45,Manipulation,26,own_client_rows,1.0,0.18576304241833252,0.31332236842105265,1.0,1.0,1.0,1.0,0.2520721599219893,0.40264797507788164,-0.8129299541382252,44.000556131155534,-0.6828869206332276,0.0009538993601293322,2,0.03261675384001466,513
fedavg_sgd,0.1,30,102,11,45,Manipulation,26,validation,0.3103448275862069,0.12024665981500514,0.17333333333333334,0.02434325744308231,1.0,0.047529492220892464,0.36257309941520466,0.19116135662898254,0.2503364737550471,-0.8932103689258415,42.800193104445015,-0.7694735081075764,0.0009538993601293322,2,0.03261675384001466,513
fedavg_sgd,0.1,30,102,11,45,DoS,27,own_client_rows,1.0,1.0,1.0,1.0,1.0,1.0,1.0,1.0,1.0,16.850233532879482,18.694604302917803,17.167001970755603,0.052553296975706494,9,0.4659382118782097,46009
fedavg_sgd,0.1,30,102,11,45,DoS,27,validation,0.9996302981536654,0.999978245262906,0.9998042414355628,0.9947198718919738,1.0,0.9973529475579856,0.9990654002477776,0.999978245262906,0.9995216143341741,16.213470142303173,18.144735753026627,16.55207990582918,0.052553296975706494,9,0.4659382118782097,46009
fedavg_sgd,0.1,30,102,11,45,DoS,28,own_client_rows,1.0,0.9996813546977422,0.999840651961119,1.0,1.0,1.0,1.0,0.999772396212673,0.9998861851539915,18.307227327106474,20.62244292479402,18.660174209361344,0.01021709465788453,9,0.4659382118782097,46009
fedavg_sgd,0.1,30,102,11,45,DoS,28,validation,0.9996302981536654,0.999978245262906,0.9998042414355628,0.9906681034482758,1.0,0.9953121785919213,0.9990654002477776,0.999978245262906,0.9995216143341741,16.213470142303173,17.097854846955425,16.55207990582918,0.01021709465788453,9,0.4659382118782097,46009
fedavg_sgd,0.1,30,102,11,45,Manipulation,29,own_client_rows,1.0,0.19428294573643412,0.32535496957403653,0.9703808180535967,1.0,0.9849677881173944,1.0,0.26695736434108525,0.421414913957935,-0.7773299697757692,32.199869791666664,-0.6466259623682776,0.03166285447988533,2,0.03261675384001466,513
fedavg_sgd,0.1,30,102,11,45,Manipulation,29,validation,0.3103448275862069,0.12024665981500514,0.17333333333333334,0.03555636762287594,1.0,0.06867104241654316,0.36257309941520466,0.19116135662898254,0.2503364737550471,-0.8932103689258415,31.265123169321686,-0.7694735081075764,0.03166285447988533,2,0.03261675384001466,513
fedavg_sgd,0.1,30,102,11,45,Regular,29,own_client_rows,1.0,0.989093387866394,0.9945167923235092,1.0,0.9966977202151026,0.9983461293357205,1.0,0.9874119518291298,0.9936661102599867,5.034293697455124,7.478960007905401,4.87613619418882,0.03166285447988533,7,0.40363709594153263,175516
fedavg_sgd,0.1,30,102,11,45,Regular,29,validation,0.9496506579839913,0.9908930583162775,0.9698335955202124,0.9087499261122127,0.997469638612489,0.9510451756581204,0.9559812210852572,0.9896721147097163,0.9725349724828072,4.994983410631499,7.481572292524374,4.845656370776464,0.03166285447988533,7,0.40363709594153263,175516
fedavg_sgd,0.1,30,102,22,45,Unauth,0,own_client_rows,1.0,0.9888888888888889,0.994413407821229,1.0,1.0,1.0,1.0,0.9809523809523809,0.9903846153846154,0.6561628553602431,29.09578373015873,0.6097126794239831,0.0002930066293912625,3,0.09417093541668799,2847
fedavg_sgd,0.1,30,102,22,45,Unauth,0,validation,0.2579295921924015,0.9906291834002677,0.4092920353982301,0.037721557339797,1.0,0.0727007299270073,0.2567615033368458,0.9785809906291834,0.4067890929326656,0.7898525202290281,30.305221537190427,0.7345222360797357,0.0002930066293912625,3,0.09417093541668799,2847
fedavg_sgd,0.1,30,102,22,45,MITM,1,own_client_rows,1.0,0.24068971922112498,0.38799341284495237,0.9999690354544047,0.9997213881063678,0.9998451964457103,1.0,0.18840355384948768,0.3170699940087004,-0.8400656101382805,10.103628266917934,-0.8749758073819576,0.08114330256608694,3,0.1078124869193469,4661
fedavg_sgd,0.1,30,102,22,45,MITM,1,validation,0.533026113671275,0.23138475216714827,0.3226906385616863,0.06968337008671042,0.9997036378454471,0.13028532805484477,0.5972967174426089,0.20626805956879307,0.3066417006278224,-0.8633410053941385,10.086240084602133,-0.8758313117614099,0.08114330256608694,3,0.1078124869193469,4661
fedavg_sgd,0.1,30,102,22,45,Password Cracking,1,own_client_rows,1.0,1.0,1.0,1.0,0.9999929659198818,0.9999964829475713,1.0,1.0,1.0,10.4062326311801,15.6871201528044,10.438782246174119,0.08114330256608694,1,0.08114330256608694,0
fedavg_sgd,0.1,30,102,22,45,Password Cracking,1,validation,0.0,0.0,0.0,0.0,0.0,0.0,0.0,0.0,0.0,nan,nan,nan,0.08114330256608694,1,0.08114330256608694,0
fedavg_sgd,0.1,30,102,22,45,MITM,2,own_client_rows,1.0,0.2678532549531896,0.4225303739320826,1.0,1.0,1.0,1.0,0.18377603599680672,0.3104912253812553,-0.7058569378461449,29.642998828606938,-0.7330454887192467,0.02563389426274416,3,0.1078124869193469,4661
fedavg_sgd,0.1,30,102,22,45,MITM,2,validation,0.533026113671275,0.23138475216714827,0.3226906385616863,0.06841333989138647,0.999629547306809,0.12806226567320014,0.5972967174426089,0.20626805956879307,0.3066417006278224,-0.8633410053941385,27.922087431466252,-0.8758313117614099,0.02563389426274416,3,0.1078124869193469,4661
fedavg_sgd,0.1,30,102,22,45,DoS,3,own_client_rows,0.999813491989481,0.9999813460677511,0.9998974119841455,1.0,0.9997948067452619,0.999897392845483,0.9999440402909905,0.9999813460677511,0.9999626928314276,17.30315148348311,15.688134179046271,17.174588709940682,0.02562505755487363,9,0.4659382118782097,45975
fedavg_sgd,0.1,30,102,22,45,DoS,3,validation,0.9990002173440556,0.9999347357887179,0.9994672581188776,0.9999564222682209,0.9983901494550438,0.9991726720515556,0.9997172376291463,0.99989122631453,0.9998042244023406,15.562950093613352,13.872553059463854,15.40466198917158,0.02562505755487363,9,0.4659382118782097,45975
fedavg_sgd,0.1,30,102,22,45,Injection,3,own_client_rows,0.0,0.0,0.0,0.9933554817275747,0.985172981878089,0.989247311827957,0.0,0.0,0.0,-0.7111233706529294,9.819123571355025,-0.6694413865417782,0.02562505755487363,3,0.0761626549563234,1
fedavg_sgd,0.1,30,102,22,45,Injection,3,validation,0.0,0.0,0.0,0.05377720870678617,0.9917355371900827,0.10202222627072327,0.0,0.0,0.0,-0.9500958691521547,11.28594949085006,-0.9113061177547594,0.02562505755487363,3,0.0761626549563234,1
fedavg_sgd,0.1,30,102,22,45,Ip Spoofing,3,own_client_rows,0.9977142857142857,0.9897959183673469,0.993739328400683,0.9821826280623608,1.0,0.9910112359550561,0.9988649262202043,0.9977324263038548,0.998298355076574,1.6497675404797336,5.904214941184807,1.6370647542871315,0.02562505755487363,7,0.24285412641701262,2354
fedavg_sgd,0.1,30,102,22,45,Ip Spoofing,3,validation,0.3413934426229508,0.9719953325554259,0.505307855626327,0.2681704260651629,0.9988331388564761,0.4228204494937021,0.3598130841121495,0.9883313885647608,0.5275615073185923,1.0451648048926123,6.716462997739207,1.0290843558561844,0.02562505755487363,7,0.24285412641701262,2354
fedavg_sgd,0.1,30,102,22,45,DoS,4,own_client_rows,1.0,0.997134670487106,0.9985652797704447,1.0,1.0,1.0,1.0,0.997134670487106,0.9985652797704447,29.859990598137536,38.31602569842407,29.603823424068768,0.00016231637088500096,9,0.4659382118782097,45975
fedavg_sgd,0.1,30,102,22,45,DoS,4,validation,0.9990002173440556,0.9999347357887179,0.9994672581188776,0.9664031620553359,0.999978245262906,0.9829040638932547,0.9997172376291463,0.99989122631453,0.9998042244023406,15.562950093613352,16.47361260863772,15.40466198917158,0.00016231637088500096,9,0.4659382118782097,45975
fedavg_sgd,0.1,30,102,22,45,Regular,5,own_client_rows,1.0,0.9895218194482299,0.9947333170969314,1.0,0.998955210320705,0.9994773321213498,1.0,0.9891079414110213,0.9945241490608839,4.754568517457798,9.559677853360993,4.6448799223332,0.09284263869678093,7,0.40363709594153263,175353
fedavg_sgd,0.1,30,102,22,45,Regular,5,validation,0.9532702848541649,0.9898962492848338,0.9712380930334842,0.8945116701614649,0.9989147167941678,0.9438348148354557,0.9566474482900207,0.9894420818563061,0.972768444797532,4.765319775618434,9.568869460871559,4.6567535194289285,0.09284263869678093,7,0.40363709594153263,175353
fedavg_sgd,0.1,30,102,22,45,Unauth,5,own_client_rows,0.9986550100874243,0.9919839679358717,0.9953083109919572,0.9797120418848168,1.0,0.9897520661157024,0.9986504723346828,0.9886439545758183,0.9936220208123532,0.7094866816967268,19.66639659527388,0.6592856937834002,0.09284263869678093,3,0.09417093541668799,2847
fedavg_sgd,0.1,30,102,22,45,Unauth,5,validation,0.2579295921924015,0.9906291834002677,0.4092920353982301,0.13183903988704554,1.0,0.23296429128333074,0.2567615033368458,0.9785809906291834,0.4067890929326656,0.7898525202290281,20.676239299646504,0.7345222360797357,0.09284263869678093,3,0.09417093541668799,2847
fedavg_sgd,0.1,30,102,22,45,Replay,6,own_client_rows,0.0,0.0,0.0,1.0,0.0011261261261261261,0.0022497187851518562,0.0,0.0,0.0,-8.31712327561937,-4.865739152238175,-8.41231887404983,0.00041299982047530325,4,0.0017222278549775315,0
fedavg_sgd,0.1,30,102,22,45,Replay,6,validation,0.0,0.0,0.0,0.0003290556103981573,0.0009216589861751152,0.00048496605237633366,0.0,0.0,0.0,-8.35763428859447,-4.747168418778802,-8.461566640264977,0.00041299982047530325,4,0.0017222278549775315,0
fedavg_sgd,0.1,30,102,22,45,Injection,7,own_client_rows,0.0,0.0,0.0,0.9527272727272728,1.0,0.9757914338919925,0.0,0.0,0.0,-0.6483429188036737,14.504893994513358,-0.603435137799678,0.04986135670441026,3,0.0761626549563234,1
fedavg_sgd,0.1,30,102,22,45,Injection,7,validation,0.0,0.0,0.0,0.1528329123060267,1.0,0.26514321490061044,0.0,0.0,0.0,-0.9500958691521547,17.216635459710744,-0.9113061177547594,0.04986135670441026,3,0.0761626549563234,1
fedavg_sgd,0.1,30,102,22,45,Regular,7,own_client_rows,1.0,0.9871395898166548,0.9935281797769769,1.0,0.998453376326347,0.9992260896891695,1.0,0.9865678077312436,0.9932384929341543,4.777524569310709,9.221172741680453,4.6668021709228595,0.04986135670441026,7,0.40363709594153263,175353
fedavg_sgd,0.1,30,102,22,45,Regular,7,validation,0.9532702848541649,0.9898962492848338,0.9712380930334842,0.895625317312574,0.998885225402705,0.9444411913147013,0.9566474482900207,0.9894420818563061,0.972768444797532,4.765319775618434,9.195706613278647,4.6567535194289285,0.04986135670441026,7,0.40363709594153263,175353
fedavg_sgd,0.1,30,102,22,45,Ip Spoofing,8,own_client_rows,0.9768339768339769,0.9844357976653697,0.9806201550387597,0.948339483394834,1.0,0.9734848484848485,0.9770992366412213,0.9961089494163424,0.9865125240847784,1.8855130088004621,10.43952722215467,1.9000485193868555,0.023477272452446886,7,0.24285412641701262,2354
fedavg_sgd,0.1,30,102,22,45,Ip Spoofing,8,validation,0.3413934426229508,0.9719953325554259,0.505307855626327,0.03690624865423539,1.0,0.07118531439488329,0.3598130841121495,0.9883313885647608,0.5275615073185923,1.0451648048926123,10.552019900452159,1.0290843558561844,0.023477272452446886,7,0.24285412641701262,2354
fedavg_sgd,0.1,30,102,22,45,Regular,8,own_client_rows,1.0,0.9879915941158811,0.9939595288432498,1.0,0.9974181927349144,0.9987074277812847,1.0,0.9874312018412889,0.993675857485247,4.702938404539427,8.4013218237141,4.59438043153645,0.023477272452446886,7,0.40363709594153263,175353
fedavg_sgd,0.1,30,102,22,45,Regular,8,validation,0.9532702848541649,0.9898962492848338,0.9712380930334842,0.9058611902263529,0.9980122802154051,0.9497065913804378,0.9566474482900207,0.9894420818563061,0.972768444797532,4.765319775618434,8.48716434418887,4.6567535194289285,0.023477272452446886,7,0.40363709594153263,175353
fedavg_sgd,0.1,30,102,22,45,MITM,9,own_client_rows,0.9578947368421052,0.06372549019607843,0.11950098489822718,0.0,0.0,0.0,0.9360730593607306,0.14355742296918766,0.24893746205221615,-2.974363524706758,-21.18634836747199,-2.9502240349264706,0.001035290090515794,3,0.1078124869193469,4661
fedavg_sgd,0.1,30,102,22,45,MITM,9,validation,0.533026113671275,0.23138475216714827,0.3226906385616863,0.5515036059327799,0.30028895310068904,0.3888515782404298,0.5972967174426089,0.20626805956879307,0.3066417006278224,-0.8633410053941385,-2.4042396203424254,-0.8758313117614099,0.001035290090515794,3,0.1078124869193469,4661
fedavg_sgd,0.1,30,102,22,45,Unauth,9,own_client_rows,0.3785202863961814,0.993734335839599,0.5482198409955064,0.3584905660377358,1.0,0.5277777777777778,0.39656044511886696,0.9824561403508771,0.565045045045045,0.8299933794447055,22.065295073621552,0.7775975277549342,0.001035290090515794,3,0.09417093541668799,2847
fedavg_sgd,0.1,30,102,22,45,Unauth,9,validation,0.2579295921924015,0.9906291834002677,0.4092920353982301,0.07338638373121131,1.0,0.13673805601317957,0.2567615033368458,0.9785809906291834,0.4067890929326656,0.7898525202290281,21.51471576409806,0.7345222360797357,0.001035290090515794,3,0.09417093541668799,2847
fedavg_sgd,0.1,30,102,22,45,Ip Spoofing,10,own_client_rows,1.0,0.773984696880518,0.8725945587259456,1.0,1.0,1.0,1.0,0.7545615067686875,0.8601140556860114,1.0761875379359183,28.744518834608595,1.019803483321991,0.0007901877195805634,7,0.24285412641701262,2354
fedavg_sgd,0.1,30,102,22,45,Ip Spoofing,10,validation,0.3413934426229508,0.9719953325554259,0.505307855626327,0.03140689705720673,1.0,0.06090108015918135,0.3598130841121495,0.9883313885647608,0.5275615073185923,1.0451648048926123,24.906778733955658,1.0290843558561844,0.0007901877195805634,7,0.24285412641701262,2354
fedavg_sgd,0.1,30,102,22,45,Ip Spoofing,11,own_client_rows,0.902127659574468,0.9079229122055674,0.9050160085378869,0.8969270166453265,1.0,0.9456631792102599,0.8947750362844702,0.880085653104925,0.8873695573947463,1.3164288168886062,9.777172276498929,1.281599046161224,0.17256416147548836,7,0.24285412641701262,2354
fedavg_sgd,0.1,30,102,22,45,Ip Spoofing,11,validation,0.3413934426229508,0.9719953325554259,0.505307855626327,0.05898141775636614,1.0,0.11139273412621044,0.3598130841121495,0.9883313885647608,0.5275615073185923,1.0451648048926123,9.930045307030339,1.0290843558561844,0.17256416147548836,7,0.24285412641701262,2354
fedavg_sgd,0.1,30,102,22,45,Regular,11,own_client_rows,0.9954307930619248,0.9909031515070981,0.9931618121405928,0.999007384715436,0.9695950435187031,0.9840814933135529,0.9958137334038467,0.9904269926693686,0.9931130585403903,4.740804563637279,4.179837024169905,4.630154928754388,0.17256416147548836,7,0.40363709594153263,175353
fedavg_sgd,0.1,30,102,22,45,Regular,11,validation,0.9532702848541649,0.9898962492848338,0.9712380930334842,0.9868842990620469,0.9675122831645443,0.9771022832192617,0.9566474482900207,0.9894420818563061,0.972768444797532,4.765319775618434,4.2065447342014615,4.6567535194289285,0.17256416147548836,7,0.40363709594153263,175353
fedavg_sgd,0.1,30,102,22,45,Video,11,own_client_rows,0.7963928420459349,0.6721369960756333,0.7290081258867536,0.4269520076279267,0.9584968486145796,0.5907575035731301,0.7273491949050709,0.7198239980972767,0.723567031259339,1.0430730084117463,4.26092062587332,1.2716678361261,0.17256416147548836,4,0.19767482961431956,13735
fedavg_sgd,0.1,30,102,22,45,Video,11,validation,0.6692073170731707,0.6578421578421578,0.6634760705289673,0.42036316000145557,0.9617049617049617,0.5850150659610563,0.6261376046596286,0.7159507159507159,0.6680389948343496,1.018635132770875,4.078569705034549,1.2372270876909548,0.17256416147548836,4,0.19767482961431956,13735
fedavg_sgd,0.1,30,102,22,45,Video,12,own_client_rows,1.0,0.6961956789212067,0.8208907587407515,1.0,1.0,1.0,1.0,0.7629804616368916,0.8655574786444085,1.0376552820405163,12.642286968170186,1.2442594571660146,0.009450161432700098,4,0.19767482961431956,13735
fedavg_sgd,0.1,30,102,22,45,Video,12,validation,0.6692073170731707,0.6578421578421578,0.6634760705289673,0.061613902624181864,1.0,0.11607591511731283,0.6261376046596286,0.7159507159507159,0.6680389948343496,1.018635132770875,13.007026827339327,1.2372270876909548,0.009450161432700098,4,0.19767482961431956,13735
fedavg_sgd,0.1,30,102,22,45,Injection,13,own_client_rows,0.0,0.0,0.0,1.0,1.0,1.0,0.0,0.0,0.0,-0.6628624497614339,21.877931030777166,-0.6180299446704135,0.0006762406970395169,3,0.0761626549563234,1
fedavg_sgd,0.1,30,102,22,45,Injection,13,validation,0.0,0.0,0.0,0.027491074326517366,1.0,0.05351107180086553,0.0,0.0,0.0,-0.9500958691521547,25.425059493063756,-0.9113061177547594,0.0006762406970395169,3,0.0761626549563234,1
fedavg_sgd,0.1,30,102,22,45,Replay,14,own_client_rows,0.0,0.0,0.0,0.0,0.0,0.0,0.0,0.0,0.0,-8.219611672794118,-4.852749332339068,-8.316109812881521,0.00041904598901829754,4,0.0017222278549775315,0
fedavg_sgd,0.1,30,102,22,45,Replay,14,validation,0.0,0.0,0.0,0.0,0.0,0.0,0.0,0.0,0.0,-8.35763428859447,-4.8701171875,-8.461566640264977,0.00041904598901829754,4,0.0017222278549775315,0
fedavg_sgd,0.1,30,102,22,45,Regular,15,own_client_rows,1.0,0.9901406627545737,0.9950459093520656,1.0,0.9987487055574732,0.9993739610992379,1.0,0.9898386261649983,0.9948933678835125,4.924890372684835,9.640203358100782,4.813646489684237,0.021557846484990154,7,0.40363709594153263,175353
fedavg_sgd,0.1,30,102,22,45,Regular,15,validation,0.9532702848541649,0.9898962492848338,0.9712380930334842,0.8957498122428256,0.9989501064639231,0.9445394085579243,0.9566474482900207,0.9894420818563061,0.972768444797532,4.765319775618434,9.43920009807731,4.6567535194289285,0.021557846484990154,7,0.40363709594153263,175353
fedavg_sgd,0.1,30,102,22,45,DoS,16,own_client_rows,1.0,0.9999878696423242,0.9999939347843755,1.0,1.0,1.0,1.0,0.999983017499254,0.9999915086775251,15.615471044912043,18.381307463778754,15.5234118272352,0.19170493581294457,9,0.4659382118782097,45975
fedavg_sgd,0.1,30,102,22,45,DoS,16,validation,0.9990002173440556,0.9999347357887179,0.9994672581188776,0.9902839415743893,1.0,0.995118255127997,0.9997172376291463,0.99989122631453,0.9998042244023406,15.562950093613352,18.493857346030847,15.40466198917158,0.19170493581294457,9,0.4659382118782097,45975
fedavg_sgd,0.1,30,102,22,45,Ip Spoofing,17,own_client_rows,0.9946236559139785,0.9585492227979274,0.9762532981530343,0.9414634146341463,1.0,0.9698492462311558,0.9897435897435898,1.0,0.9948453608247423,2.065436961119657,12.623692013439118,2.1414503977088732,0.011670965647530698,7,0.24285412641701262,2354
fedavg_sgd,0.1,30,102,22,45,Ip Spoofing,17,validation,0.3413934426229508,0.9719953325554259,0.505307855626327,0.029275124684019948,1.0,0.05688493578042548,0.3598130841121495,0.9883313885647608,0.5275615073185923,1.0451648048926123,13.005474219661611,1.0290843558561844,0.011670965647530698,7,0.24285412641701262,2354
fedavg_sgd,0.1,30,102,22,45,Regular,17,own_client_rows,1.0,0.992168989197221,0.996069103150765,1.0,0.9971085498574355,0.9985521817816208,1.0,0.9918075579294005,0.9958869309246341,4.810355747039527,8.031770067278925,4.7012944600461575,0.011670965647530698,7,0.40363709594153263,175353
fedavg_sgd,0.1,30,102,22,45,Regular,17,validation,0.9532702848541649,0.9898962492848338,0.9712380930334842,0.9131623451353732,0.9968621159483547,0.9531783138101979,0.9566474482900207,0.9894420818563061,0.972768444797532,4.765319775618434,7.97005472911051,4.6567535194289285,0.011670965647530698,7,0.40363709594153263,175353
fedavg_sgd,0.1,30,102,22,45,Replay,18,own_client_rows,0.0,0.0,0.0,0.0,0.0,0.0,0.0,0.0,0.0,-8.24562076049541,-4.762895687095033,-8.341653448974082,0.00043067323621636354,4,0.0017222278549775315,0
fedavg_sgd,0.1,30,102,22,45,Replay,18,validation,0.0,0.0,0.0,0.0,0.0,0.0,0.0,0.0,0.0,-8.35763428859447,-4.66819826468894,-8.461566640264977,0.00043067323621636354,4,0.0017222278549775315,0
fedavg_sgd,0.1,30,102,22,45,DoS,19,own_client_rows,1.0,0.9999718087505638,0.9999859041765925,1.0,1.0,1.0,1.0,0.9999746278755074,0.9999873137768155,15.262006724714212,18.720489058711802,15.147243242689656,0.16497668504391844,9,0.4659382118782097,45975
fedavg_sgd,0.1,30,102,22,45,DoS,19,validation,0.9990002173440556,0.9999347357887179,0.9994672581188776,0.988006448146158,1.0,0.9939670457985555,0.9997172376291463,0.99989122631453,0.9998042244023406,15.562950093613352,18.7203821151587,15.40466198917158,0.16497668504391844,9,0.4659382118782097,45975
fedavg_sgd,0.1,30,102,22,45,Replay,20,own_client_rows,0.0,0.0,0.0,1.0,0.0010121457489878543,0.0020222446916076846,0.0,0.0,0.0,-8.240245247659413,-4.561287204263664,-8.343574060602228,0.00045950880926756715,4,0.0017222278549775315,0
fedavg_sgd,0.1,30,102,22,45,Replay,20,validation,0.0,0.0,0.0,0.0003403675970047651,0.0009216589861751152,0.0004971414367387521,0.0,0.0,0.0,-8.35763428859447,-4.663131840437788,-8.461566640264977,0.00045950880926756715,4,0.0017222278549775315,0
fedavg_sgd,0.1,30,102,22,45,Ip Spoofing,21,own_client_rows,1.0,0.9278096800656276,0.9625531914893617,1.0,1.0,1.0,1.0,0.9007383100902379,0.9477772982304704,1.3964602413287017,23.88152109823626,1.351414493501333,0.0005669445733776967,7,0.24285412641701262,2354
fedavg_sgd,0.1,30,102,22,45,Ip Spoofing,21,validation,0.3413934426229508,0.9719953325554259,0.505307855626327,0.03226413673669151,1.0,0.0625113972063168,0.3598130841121495,0.9883313885647608,0.5275615073185923,1.0451648048926123,21.27293155630105,1.0290843558561844,0.0005669445733776967,7,0.24285412641701262,2354
fedavg_sgd,0.1,30,102,22,45,Ip Spoofing,22,own_client_rows,1.0,0.7998745294855709,0.8888114325548971,1.0,1.0,1.0,1.0,0.7797992471769134,0.8762777581952766,1.1030705355042347,13.364504097396487,1.0533911347239648,0.008159536993714776,7,0.24285412641701262,2354
fedavg_sgd,0.1,30,102,22,45,Ip Spoofing,22,validation,0.3413934426229508,0.9719953325554259,0.505307855626327,0.05140971805638872,1.0,0.09779197809094539,0.3598130841121495,0.9883313885647608,0.5275615073185923,1.0451648048926123,12.834991704346558,1.0290843558561844,0.008159536993714776,7,0.24285412641701262,2354
fedavg_sgd,0.1,30,102,22,45,Video,22,own_client_rows,1.0,0.6788714733542319,0.8087235790574352,1.0,1.0,1.0,1.0,0.7240752351097178,0.839957816647878,1.0485350108370886,8.831563173491379,1.2767009790115595,0.008159536993714776,4,0.19767482961431956,13735
fedavg_sgd,0.1,30,102,22,45,Video,22,validation,0.6692073170731707,0.6578421578421578,0.6634760705289673,0.06949900773561217,1.0,0.12996553944029993,0.6261376046596286,0.7159507159507159,0.6680389948343496,1.018635132770875,8.496844951923077,1.2372270876909548,0.008159536993714776,4,0.19767482961431956,13735
fedavg_sgd,0.1,30,102,22,45,DoS,23,own_client_rows,1.0,1.0,1.0,1.0,1.0,1.0,1.0,1.0,1.0,17.127675293921346,20.12094213664134,16.99047823987319,0.0045295104184785795,9,0.4659382118782097,45975
fedavg_sgd,0.1,30,102,22,45,DoS,23,validation,0.9990002173440556,0.9999347357887179,0.9994672581188776,0.9979808068088063,0.999956490525812,0.9989676718283075,0.9997172376291463,0.99989122631453,0.9998042244023406,15.562950093613352,16.148837838150193,15.40466198917158,0.0045295104184785795,9,0.4659382118782097,45975
fedavg_sgd,0.1,30,102,22,45,DoS,24,own_client_rows,0.9998429648241206,1.0,0.9999214762465646,0.9998429154885329,0.9996858803204021,0.9997643917380036,0.9998429648241206,1.0,0.9999214762465646,20.223748920213602,18.602723270378515,20.040514076488144,0.007500969712416318,9,0.4659382118782097,45975
fedavg_sgd,0.1,30,102,22,45,DoS,24,validation,0.9990002173440556,0.9999347357887179,0.9994672581188776,0.9998020847077451,0.9890791219788109,0.9944116971599173,0.9997172376291463,0.99989122631453,0.9998042244023406,15.562950093613352,13.948118478677639,15.40466198917158,0.007500969712416318,9,0.4659382118782097,45975
fedavg_sgd,0.1,30,102,22,45,Video,24,own_client_rows,1.0,0.6787214424751562,0.8086171121689247,0.9997950819672131,0.9996926544411433,0.9997438655806568,1.0,0.7288187685687941,0.8431407407407407,1.1040385726680155,12.389849632786088,1.3161972760299279,0.007500969712416318,4,0.19767482961431956,13735
fedavg_sgd,0.1,30,102,22,45,Video,24,validation,0.6692073170731707,0.6578421578421578,0.6634760705289673,0.06168350998274587,1.0,0.11619943119159556,0.6261376046596286,0.7159507159507159,0.6680389948343496,1.018635132770875,12.522605974754413,1.2372270876909548,0.007500969712416318,4,0.19767482961431956,13735
fedavg_sgd,0.1,30,102,22,45,DoS,25,own_client_rows,1.0,0.9997317308724112,0.9998658474417107,1.0,1.0,1.0,1.0,0.9992488464427514,0.9996242821104611,18.608983075571413,20.339306373403797,18.43906706895858,0.008668345331102141,9,0.4659382118782097,45975
fedavg_sgd,0.1,30,102,22,45,DoS,25,validation,0.9990002173440556,0.9999347357887179,0.9994672581188776,0.9959482590514159,0.999978245262906,0.9979591836734694,0.9997172376291463,0.99989122631453,0.9998042244023406,15.562950093613352,16.32567257828986,15.40466198917158,0.008668345331102141,9,0.4659382118782097,45975
fedavg_sgd,0.1,30,102,22,45,Manipulation,26,own_client_rows,1.0,0.2525597269624573,0.4032697547683924,1.0,1.0,1.0,1.0,0.302779132130668,0.4648203592814371,-0.6833253262509141,48.77608864578254,-0.593028767407667,0.0009538993601293322,2,0.03261675384001466,600
fedavg_sgd,0.1,30,102,22,45,Manipulation,26,validation,0.3752577319587629,0.18705035971223022,0.2496570644718793,0.019768386834620073,1.0,0.038770346462654155,0.4,0.24665981500513876,0.30514939605848695,-0.7601343450908916,47.46276817831449,-0.6740735672483219,0.0009538993601293322,2,0.03261675384001466,600
fedavg_sgd,0.1,30,102,22,45,DoS,27,own_client_rows,1.0,0.9999911501292081,0.9999955750450239,1.0,1.0,1.0,1.0,0.9999911501292081,0.9999955750450239,16.266759304532904,17.694818774005274,16.203574476640767,0.052553296975706494,9,0.4659382118782097,45975
fedavg_sgd,0.1,30,102,22,45,DoS,27,validation,0.9990002173440556,0.9999347357887179,0.9994672581188776,0.9945692154571811,1.0,0.9972772142973368,0.9997172376291463,0.99989122631453,0.9998042244023406,15.562950093613352,17.056902319190943,15.40466198917158,0.052553296975706494,9,0.4659382118782097,45975
fedavg_sgd,0.1,30,102,22,45,DoS,28,own_client_rows,1.0,0.999772396212673,0.9998861851539915,1.0,1.0,1.0,1.0,0.999544792425346,0.9997723443973956,16.502692659493356,18.971657460567645,16.35804156187409,0.01021709465788453,9,0.4659382118782097,45975
fedavg_sgd,0.1,30,102,22,45,DoS,28,validation,0.9990002173440556,0.9999347357887179,0.9994672581188776,0.9955168605028913,0.999978245262906,0.9977425656609508,0.9997172376291463,0.99989122631453,0.9998042244023406,15.562950093613352,16.52492871924424,15.40466198917158,0.01021709465788453,9,0.4659382118782097,45975
fedavg_sgd,0.1,30,102,22,45,Manipulation,29,own_client_rows,1.0,0.26501937984496127,0.4189965530448104,0.9564411492122336,1.0,0.9777356702984368,1.0,0.32025193798449614,0.4851376146788991,-0.6521012653676115,38.521234556686046,-0.5595118796178536,0.03166285447988533,2,0.03261675384001466,600
fedavg_sgd,0.1,30,102,22,45,Manipulation,29,validation,0.3752577319587629,0.18705035971223022,0.2496570644718793,0.026972334645451016,1.0,0.0525278700029692,0.4,0.24665981500513876,0.30514939605848695,-0.7601343450908916,37.31960090409815,-0.6740735672483219,0.03166285447988533,2,0.03261675384001466,600
fedavg_sgd,0.1,30,102,22,45,Regular,29,own_client_rows,1.0,0.9880481708702568,0.9939881591880586,1.0,0.9960160569567522,0.9980040526080126,1.0,0.9874876921911687,0.993704460229871,4.781383270492502,7.568980061349693,4.66914254809513,0.03166285447988533,7,0.40363709594153263,175353
fedavg_sgd,0.1,30,102,22,45,Regular,29,validation,0.9532702848541649,0.9898962492848338,0.9712380930334842,0.9092835628227195,0.9971275384715201,0.9511817048846427,0.9566474482900207,0.9894420818563061,0.972768444797532,4.765319775618434,7.596800285402941,4.6567535194289285,0.03166285447988533,7,0.40363709594153263,175353
fedavg_sgd,0.1,30,102,33,45,Unauth,0,own_client_rows,1.0,0.9714285714285714,0.9855072463768116,1.0,1.0,1.0,1.0,0.9746031746031746,0.9871382636655949,0.277613515702505,27.51814236111111,0.33843587239583334,0.0002930066293912625,3,0.09417093541668799,2520
fedavg_sgd,0.1,30,102,33,45,Unauth,0,validation,0.29843363561417974,0.9692101740294511,0.4563504569807753,0.03377950619517048,1.0,0.06535147193911027,0.2876984126984127,0.9705488621151271,0.4438322620140802,0.3070855708805273,28.61472125481091,0.3774377702868767,0.0002930066293912625,3,0.09417093541668799,2520
fedavg_sgd,0.1,30,102,33,45,MITM,1,own_client_rows,1.0,0.10649165712162957,0.1924852418655401,1.0,0.9996904312292976,0.9998451916527339,1.0,0.0923753211775996,0.16912744070054128,-0.9666206943941933,9.719115919960995,-1.0443804546380173,0.08114330256608694,3,0.1078124869193469,1783
fedavg_sgd,0.1,30,102,33,45,MITM,1,validation,0.7392078326657766,0.12306438467807661,0.2110010162601626,0.06956553121503807,0.9997036378454471,0.13007934136066096,0.7879977565900168,0.10409720678669333,0.18390052356020942,-0.9357198102037722,9.74332700380177,-1.030240462145523,0.08114330256608694,3,0.1078124869193469,1783
fedavg_sgd,0.1,30,102,33,45,Password Cracking,1,own_client_rows,1.0,0.9999929659198818,0.9999964829475713,1.0,1.0,1.0,1.0,0.9999929659198818,0.9999964829475713,9.777941059491832,14.993094879162197,10.16375609849251,0.08114330256608694,1,0.08114330256608694,0
fedavg_sgd,0.1,30,102,33,45,Password Cracking,1,validation,0.0,0.0,0.0,0.0,0.0,0.0,0.0,0.0,0.0,nan,nan,nan,0.08114330256608694,1,0.08114330256608694,0
fedavg_sgd,0.1,30,102,33,45,MITM,2,own_client_rows,1.0,0.11132883373249147,0.20035264154639848,1.0,1.0,1.0,1.0,0.09294941577763263,0.17008914490612395,-0.8727475063956021,24.695528450790153,-0.9519538284169978,0.02563389426274416,3,0.1078124869193469,1783
fedavg_sgd,0.1,30,102,33,45,MITM,2,validation,0.7392078326657766,0.12306438467807661,0.2110010162601626,0.06861732703234766,0.9994072756908943,0.12841774562071592,0.7879977565900168,0.10409720678669333,0.18390052356020942,-0.9357198102037722,23.24645580962436,-1.030240462145523,0.02563389426274416,3,0.1078124869193469,1783
fedavg_sgd,0.1,30,102,33,45,DoS,3,own_client_rows,0.9999440350713553,0.9998880764065065,0.9999160549560221,1.0,0.9997388449485152,0.9998694054215407,0.9997575576732997,1.0,0.9998787641402979,18.87801638092146,18.412452505339687,19.248565833224518,0.02562505755487363,9,0.4659382118782097,46028
fedavg_sgd,0.1,30,102,33,45,DoS,3,validation,0.9995432498858124,0.999760697891966,0.999651962063865,0.9997168496253702,0.9985206778776079,0.9991184057292744,0.9986095420179022,0.9999347357887179,0.9992716995488885,16.587323939592533,15.730969873768139,17.009835180673093,0.02562505755487363,9,0.4659382118782097,46028
fedavg_sgd,0.1,30,102,33,45,Injection,3,own_client_rows,1.0,0.008237232289950576,0.016339869281045753,0.9833333333333333,0.9719934102141681,0.9776304888152444,1.0,0.0016474464579901153,0.003289473684210526,-0.2793369198945248,7.160037196252059,-0.34677800236659545,0.02562505755487363,3,0.0761626549563234,303
fedavg_sgd,0.1,30,102,33,45,Injection,3,validation,0.025252525252525252,0.011806375442739079,0.016090104585679808,0.07360925678682688,0.9763872491145218,0.13689786459195497,0.019801980198019802,0.0070838252656434475,0.010434782608695653,-0.43329931121790144,7.727867657910272,-0.5091294758153778,0.02562505755487363,3,0.0761626549563234,303
fedavg_sgd,0.1,30,102,33,45,Ip Spoofing,3,own_client_rows,0.9977298524404086,0.9965986394557823,0.9971639251276234,0.9767441860465116,1.0,0.9882352941176471,0.9988518943742825,0.9863945578231292,0.9925841414717627,1.7277342089179422,9.498515226403061,1.3886810095131803,0.02562505755487363,7,0.24285412641701262,2374
fedavg_sgd,0.1,30,102,33,45,Ip Spoofing,3,validation,0.2954070981210856,0.9906651108518086,0.4551058697400161,0.2266348954196452,0.9988331388564761,0.3694432455761761,0.34709351305812974,0.9614935822637106,0.5100588053234293,1.4776487406104142,8.597518368946908,1.0199716717109102,0.02562505755487363,7,0.24285412641701262,2374
fedavg_sgd,0.1,30,102,33,45,DoS,4,own_client_rows,1.0,0.997134670487106,0.9985652797704447,1.0,1.0,1.0,1.0,0.997134670487106,0.9985652797704447,32.74486815007163,72.51414756446991,32.844821700393986,0.00016231637088500096,9,0.4659382118782097,46028
fedavg_sgd,0.1,30,102,33,45,DoS,4,validation,0.9995432498858124,0.999760697891966,0.999651962063865,0.9434547021879233,1.0,0.9709047513438731,0.9986095420179022,0.9999347357887179,0.9992716995488885,16.587323939592533,21.898000875628167,17.009835180673093,0.00016231637088500096,9,0.4659382118782097,46028
fedavg_sgd,0.1,30,102,33,45,Regular,5,own_client_rows,1.0,0.9869073216034241,0.9934105238557326,1.0,0.9995861219627914,0.9997930181487745,1.0,0.9880530571454529,0.9939906317833885,4.685001005811169,9.893844226653746,4.927581132476934,0.09284263869678093,7,0.40363709594153263,173904
fedavg_sgd,0.1,30,102,33,45,Regular,5,validation,0.9658749170250224,0.9869766015300134,0.9763117513550729,0.8923456816123665,0.9996696964156163,0.9429637274565823,0.9634798509522495,0.988274222754378,0.9757195475258047,4.695628219169699,9.896728761866598,4.937534226142201,0.09284263869678093,7,0.40363709594153263,173904
fedavg_sgd,0.1,30,102,33,45,Unauth,5,own_client_rows,0.9972489683631361,0.9686038744154977,0.9827177228058286,0.987467018469657,1.0,0.9936939926983074,0.9972881355932204,0.9826319305277221,0.9899057873485868,0.27423536036917584,15.531523985470942,0.3410010939848447,0.09284263869678093,3,0.09417093541668799,2520
fedavg_sgd,0.1,30,102,33,45,Unauth,5,validation,0.29843363561417974,0.9692101740294511,0.4563504569807753,0.13983526769000373,1.0,0.245360486122516,0.2876984126984127,0.9705488621151271,0.4438322620140802,0.3070855708805273,16.098773920552,0.3774377702868767,0.09284263869678093,3,0.09417093541668799,2520
fedavg_sgd,0.1,30,102,33,45,Replay,6,own_client_rows,0.0,0.0,0.0,1.0,1.0,1.0,0.0,0.0,0.0,-7.4118850295608105,2.9373861776815877,-7.213551564259572,0.00041299982047530325,4,0.0017222278549775315,0
fedavg_sgd,0.1,30,102,33,45,Replay,6,validation,0.0,0.0,0.0,0.01889486791007088,1.0,0.03708894510152458,0.0,0.0,0.0,-7.381680227534562,2.9312522501440093,-7.245095586117512,0.00041299982047530325,4,0.0017222278549775315,0
fedavg_sgd,0.1,30,102,33,45,Injection,7,own_client_rows,0.46153846153846156,0.011450381679389313,0.0223463687150838,0.9527272727272728,1.0,0.9757914338919925,0.25,0.003816793893129771,0.007518796992481203,-0.23107064225291477,12.73447004711355,-0.2967456497308862,0.04986135670441026,3,0.0761626549563234,303
fedavg_sgd,0.1,30,102,33,45,Injection,7,validation,0.025252525252525252,0.011806375442739079,0.016090104585679808,0.15870339141839984,1.0,0.2739327296248383,0.019801980198019802,0.0070838252656434475,0.010434782608695653,-0.43329931121790144,14.694746393521251,-0.5091294758153778,0.04986135670441026,3,0.0761626549563234,303
fedavg_sgd,0.1,30,102,33,45,Regular,7,own_client_rows,1.0,0.9835120542911777,0.9916874991139318,1.0,0.9980128229162761,0.9990054232580833,1.0,0.9849930636271605,0.9924398041243442,4.699497299706376,9.753569811751294,4.944747658772783,0.04986135670441026,7,0.40363709594153263,173904
fedavg_sgd,0.1,30,102,33,45,Regular,7,validation,0.9658749170250224,0.9869766015300134,0.9763117513550729,0.8993560658385489,0.9984310579741773,0.9463074304210376,0.9634798509522495,0.988274222754378,0.9757195475258047,4.695628219169699,9.725623659984901,4.937534226142201,0.04986135670441026,7,0.40363709594153263,173904
fedavg_sgd,0.1,30,102,33,45,Ip Spoofing,8,own_client_rows,0.9751434034416826,0.9922178988326849,0.9836065573770492,0.9413919413919414,1.0,0.969811320754717,0.9805825242718447,0.9824902723735408,0.9815354713313897,1.9770263196893239,10.511023376702335,1.6192427460785506,0.023477272452446886,7,0.24285412641701262,2374
fedavg_sgd,0.1,30,102,33,45,Ip Spoofing,8,validation,0.2954070981210856,0.9906651108518086,0.4551058697400161,0.0389616293871613,1.0,0.07500109394827813,0.34709351305812974,0.9614935822637106,0.5100588053234293,1.4776487406104142,10.768512525525088,1.0199716717109102,0.023477272452446886,7,0.24285412641701262,2374
fedavg_sgd,0.1,30,102,33,45,Regular,8,own_client_rows,1.0,0.9849094366056239,0.9923973541985964,1.0,0.9972180526368458,0.9986070888156247,1.0,0.986230361252877,0.9930674512807077,4.642872803931502,8.55808980348744,4.884220125963174,0.023477272452446886,7,0.40363709594153263,173904
fedavg_sgd,0.1,30,102,33,45,Regular,8,validation,0.9658749170250224,0.9869766015300134,0.9763117513550729,0.9072963813037602,0.9979238060410166,0.9504546131224071,0.9634798509522495,0.988274222754378,0.9757195475258047,4.695628219169699,8.619633672680944,4.937534226142201,0.023477272452446886,7,0.40363709594153263,173904
fedavg_sgd,0.1,30,102,33,45,MITM,9,own_client_rows,0.946875,0.21218487394957983,0.34668192219679633,0.0,0.0,0.0,0.9440993788819876,0.21288515406162464,0.3474285714285714,-2.271347259606968,-20.71425835959384,-2.427784468279499,0.001035290090515794,3,0.1078124869193469,1783
fedavg_sgd,0.1,30,102,33,45,MITM,9,validation,0.7392078326657766,0.12306438467807661,0.2110010162601626,0.8198757763975155,0.019559902200488997,0.03820826398436935,0.7879977565900168,0.10409720678669333,0.18390052356020942,-0.9357198102037722,-3.0914385416087833,-1.030240462145523,0.001035290090515794,3,0.1078124869193469,1783
fedavg_sgd,0.1,30,102,33,45,Unauth,9,own_client_rows,0.4288888888888889,0.9674185463659147,0.5943033102386451,0.3584905660377358,1.0,0.5277777777777778,0.42613948380010985,0.9724310776942355,0.5925925925925926,0.3388545674488957,22.444357965225564,0.4109027451441103,0.001035290090515794,3,0.09417093541668799,2520
fedavg_sgd,0.1,30,102,33,45,Unauth,9,validation,0.29843363561417974,0.9692101740294511,0.4563504569807753,0.0431492606284658,1.0,0.08272883326873028,0.2876984126984127,0.9705488621151271,0.4438322620140802,0.3070855708805273,21.945465782400436,0.3774377702868767,0.001035290090515794,3,0.09417093541668799,2520
fedavg_sgd,0.1,30,102,33,45,Ip Spoofing,10,own_client_rows,1.0,0.9299587992937022,0.9637084476974688,1.0,1.0,1.0,1.0,0.7987051206592113,0.8880890052356021,1.2233974373712477,24.709907482342555,0.8890982229896263,0.0007901877195805634,7,0.24285412641701262,2374
fedavg_sgd,0.1,30,102,33,45,Ip Spoofing,10,validation,0.2954070981210856,0.9906651108518086,0.4551058697400161,0.03279880592445176,1.0,0.06351441488179056,0.34709351305812974,0.9614935822637106,0.5100588053234293,1.4776487406104142,21.988459014002334,1.0199716717109102,0.0007901877195805634,7,0.24285412641701262,2374
fedavg_sgd,0.1,30,102,33,45,Ip Spoofing,11,own_client_rows,0.9036845507433743,0.9978586723768736,0.9484396200814111,0.9038709677419355,1.0,0.9495086411385971,0.9036476256022024,0.9371877230549608,0.9201121233356693,1.449922592958155,9.6249400539793,1.103044857049652,0.17256416147548836,7,0.24285412641701262,2374
fedavg_sgd,0.1,30,102,33,45,Ip Spoofing,11,validation,0.2954070981210856,0.9906651108518086,0.4551058697400161,0.11833747583540459,1.0,0.21163106556364983,0.34709351305812974,0.9614935822637106,0.5100588053234293,1.4776487406104142,8.998969880396732,1.0199716717109102,0.17256416147548836,7,0.24285412641701262,2374
fedavg_sgd,0.1,30,102,33,45,Regular,11,own_client_rows,0.9966724266440362,0.9883811706863331,0.9925094830306223,0.999268015746307,0.9599251434013244,0.9792015543061113,0.9965538296822329,0.9894774433592453,0.9930030296589862,4.673198716594482,3.8879726248463555,4.915862407873992,0.17256416147548836,7,0.40363709594153263,173904
fedavg_sgd,0.1,30,102,33,45,Regular,11,validation,0.9658749170250224,0.9869766015300134,0.9763117513550729,0.9895309015124739,0.9577860222601022,0.9733997116678605,0.9634798509522495,0.988274222754378,0.9757195475258047,4.695628219169699,3.911939949260061,4.937534226142201,0.17256416147548836,7,0.40363709594153263,173904
fedavg_sgd,0.1,30,102,33,45,Video,11,own_client_rows,0.68238237275089,0.8433820906171958,0.7543878310817999,0.3627385559855866,0.9696753478415983,0.527972027972028,0.6862058909303004,0.839457723867285,0.7551347881899871,1.3477006708771853,4.2869531760985256,1.4027478638493727,0.17256416147548836,4,0.19767482961431956,18069
fedavg_sgd,0.1,30,102,33,45,Video,11,validation,0.563489021518918,0.8567266067266067,0.6798348472336911,0.3945369213627309,0.9727772227772228,0.5613874942948426,0.5666057889202502,0.8523143523143523,0.6806954556032047,1.3242426518793706,4.1488394418081915,1.3786808487736222,0.17256416147548836,4,0.19767482961431956,18069
fedavg_sgd,0.1,30,102,33,45,Video,12,own_client_rows,1.0,0.8755844283675378,0.9336657045394909,1.0,0.9999015699591516,0.9999507825573383,1.0,0.8724838820808111,0.9319000183982968,1.308078818624194,11.84326400167331,1.3605899958167234,0.009450161432700098,4,0.19767482961431956,18069
fedavg_sgd,0.1,30,102,33,45,Video,12,validation,0.563489021518918,0.8567266067266067,0.6798348472336911,0.06187765614938828,1.0,0.11654385190431606,0.5666057889202502,0.8523143523143523,0.6806954556032047,1.3242426518793706,12.086752115072427,1.3786808487736222,0.009450161432700098,4,0.19767482961431956,18069
fedavg_sgd,0.1,30,102,33,45,Injection,13,own_client_rows,1.0,0.013067400275103164,0.025797691785471828,1.0,1.0,1.0,1.0,0.005502063273727648,0.01094391244870041,-0.24365410680128094,18.637555611674692,-0.30977831057374056,0.0006762406970395169,3,0.0761626549563234,303
fedavg_sgd,0.1,30,102,33,45,Injection,13,validation,0.025252525252525252,0.011806375442739079,0.016090104585679808,0.026651143765142694,1.0,0.05191859752359936,0.019801980198019802,0.0070838252656434475,0.010434782608695653,-0.43329931121790144,21.04670436097993,-0.5091294758153778,0.0006762406970395169,3,0.0761626549563234,303
fedavg_sgd,0.1,30,102,33,45,Replay,14,own_client_rows,0.0,0.0,0.0,1.0,1.0,1.0,0.0,0.0,0.0,-7.303197185418979,2.8029963993999725,-7.117989018278302,0.00041904598901829754,4,0.0017222278549775315,0
fedavg_sgd,0.1,30,102,33,45,Replay,14,validation,0.0,0.0,0.0,0.024839743589743588,1.0,0.04847537138389367,0.0,0.0,0.0,-7.381680227534562,2.866856503816244,-7.245095586117512,0.00041904598901829754,4,0.0017222278549775315,0
fedavg_sgd,0.1,30,102,33,45,Regular,15,own_client_rows,1.0,0.9878106662064204,0.9938679603642323,1.0,0.9988781498101484,0.9994387600915253,1.0,0.9888677942699344,0.9944027422224151,4.836293840391866,10.290634055198534,5.083789808321377,0.021557846484990154,7,0.40363709594153263,173904
fedavg_sgd,0.1,30,102,33,45,Regular,15,validation,0.9658749170250224,0.9869766015300134,0.9763117513550729,0.8967571144937128,0.999020885803434,0.9451307977322441,0.9634798509522495,0.988274222754378,0.9757195475258047,4.695628219169699,10.09061066441893,4.937534226142201,0.021557846484990154,7,0.40363709594153263,173904
fedavg_sgd,0.1,30,102,33,45,DoS,16,own_client_rows,1.0,0.9999150874962699,0.9999575419455251,1.0,1.0,1.0,1.0,0.9999854435707891,0.9999927217324218,16.822287445428554,20.06900284782891,17.202285323374106,0.19170493581294457,9,0.4659382118782097,46028
fedavg_sgd,0.1,30,102,33,45,DoS,16,validation,0.9995432498858124,0.999760697891966,0.999651962063865,0.9885163759919141,1.0,0.9942250291992906,0.9986095420179022,0.9999347357887179,0.9992716995488885,16.587323939592533,20.116696573764873,17.009835180673093,0.19170493581294457,9,0.4659382118782097,46028
fedavg_sgd,0.1,30,102,33,45,Ip Spoofing,17,own_client_rows,0.9896373056994818,0.9896373056994818,0.9896373056994818,0.9414634146341463,1.0,0.9698492462311558,0.9891891891891892,0.9481865284974094,0.9682539682539683,2.0968994773113665,11.039249716645077,1.7130909657848932,0.011670965647530698,7,0.24285412641701262,2374
fedavg_sgd,0.1,30,102,33,45,Ip Spoofing,17,validation,0.2954070981210856,0.9906651108518086,0.4551058697400161,0.038541104515200576,1.0,0.07422162560083143,0.34709351305812974,0.9614935822637106,0.5100588053234293,1.4776487406104142,11.414267612310384,1.0199716717109102,0.011670965647530698,7,0.24285412641701262,2374
fedavg_sgd,0.1,30,102,33,45,Regular,17,own_client_rows,1.0,0.9900004015902976,0.9949750771900793,1.0,0.9969479137384041,0.9984716245022724,1.0,0.9912051724830329,0.995583163584293,4.734724371793552,7.896633794827517,4.977089940225794,0.011670965647530698,7,0.40363709594153263,173904
fedavg_sgd,0.1,30,102,33,45,Regular,17,validation,0.9658749170250224,0.9869766015300134,0.9763117513550729,0.9169710752997497,0.9964551347461676,0.9550622141569006,0.9634798509522495,0.988274222754378,0.9757195475258047,4.695628219169699,7.84195528754844,4.937534226142201,0.011670965647530698,7,0.40363709594153263,173904
fedavg_sgd,0.1,30,102,33,45,Replay,18,own_client_rows,0.0,0.0,0.0,1.0,1.0,1.0,0.0,0.0,0.0,-7.377870629724622,2.972647813174946,-7.18372293888364,0.00043067323621636354,4,0.0017222278549775315,0
fedavg_sgd,0.1,30,102,33,45,Replay,18,validation,0.0,0.0,0.0,0.019611387257117037,1.0,0.03846835667434852,0.0,0.0,0.0,-7.381680227534562,3.038623496903802,-7.245095586117512,0.00043067323621636354,4,0.0017222278549775315,0
fedavg_sgd,0.1,30,102,33,45,DoS,19,own_client_rows,1.0,0.9998731393775372,0.999936565665109,1.0,1.0,1.0,1.0,0.9999436175011277,0.9999718079557949,16.752832669957996,20.539203368149526,17.185068251455373,0.16497668504391844,9,0.4659382118782097,46028
fedavg_sgd,0.1,30,102,33,45,DoS,19,validation,0.9995432498858124,0.999760697891966,0.999651962063865,0.9837563669049352,1.0,0.9918116794148425,0.9986095420179022,0.9999347357887179,0.9992716995488885,16.587323939592533,20.189178216505862,17.009835180673093,0.16497668504391844,9,0.4659382118782097,46028
fedavg_sgd,0.1,30,102,33,45,Replay,20,own_client_rows,0.0,0.0,0.0,1.0,1.0,1.0,0.0,0.0,0.0,-7.282521112727733,2.819341868041498,-7.1260264778909415,0.00045950880926756715,4,0.0017222278549775315,0
fedavg_sgd,0.1,30,102,33,45,Replay,20,validation,0.0,0.0,0.0,0.023967307267506073,1.0,0.046812641570488624,0.0,0.0,0.0,-7.381680227534562,2.877662820420507,-7.245095586117512,0.00045950880926756715,4,0.0017222278549775315,0
fedavg_sgd,0.1,30,102,33,45,Ip Spoofing,21,own_client_rows,1.0,0.9967186218211649,0.9983566146261298,1.0,1.0,1.0,1.0,0.9614438063986874,0.9803429527394396,1.4889165363515175,20.574156262817883,1.1516015144329368,0.0005669445733776967,7,0.24285412641701262,2374
fedavg_sgd,0.1,30,102,33,45,Ip Spoofing,21,validation,0.2954070981210856,0.9906651108518086,0.4551058697400161,0.03303523244160049,1.0,0.06395761035859547,0.34709351305812974,0.9614935822637106,0.5100588053234293,1.4776487406104142,19.577575754813303,1.0199716717109102,0.0005669445733776967,7,0.24285412641701262,2374
fedavg_sgd,0.1,30,102,33,45,Ip Spoofing,22,own_client_rows,1.0,0.9730238393977415,0.9863275039745628,1.0,1.0,1.0,1.0,0.8262233375156838,0.9048436963242872,1.2517167190685774,13.871373117942284,0.916711900584222,0.008159536993714776,7,0.24285412641701262,2374
fedavg_sgd,0.1,30,102,33,45,Ip Spoofing,22,validation,0.2954070981210856,0.9906651108518086,0.4551058697400161,0.04753452770536358,1.0,0.09075505665572382,0.34709351305812974,0.9614935822637106,0.5100588053234293,1.4776487406104142,12.922045926925321,1.0199716717109102,0.008159536993714776,7,0.24285412641701262,2374
fedavg_sgd,0.1,30,102,33,45,Video,22,own_client_rows,1.0,0.8534796238244514,0.9209484829009235,1.0,1.0,1.0,1.0,0.849717868338558,0.9187540250144053,1.3591672738293494,8.314308140673981,1.4142480315683776,0.008159536993714776,4,0.19767482961431956,18069
fedavg_sgd,0.1,30,102,33,45,Video,22,validation,0.563489021518918,0.8567266067266067,0.6798348472336911,0.06717219165212723,1.0,0.1258881971954977,0.5666057889202502,0.8523143523143523,0.6806954556032047,1.3242426518793706,8.065819759667416,1.3786808487736222,0.008159536993714776,4,0.19767482961431956,18069
fedavg_sgd,0.1,30,102,33,45,DoS,23,own_client_rows,1.0,0.9995892802135743,0.999794597925439,1.0,1.0,1.0,1.0,0.9996919601601807,0.9998459563543004,19.693008017057707,24.182517214934798,19.916255077844234,0.0045295104184785795,9,0.4659382118782097,46028
fedavg_sgd,0.1,30,102,33,45,DoS,23,validation,0.9995432498858124,0.999760697891966,0.999651962063865,0.9976989536751617,0.999847716840342,0.9987721795442939,0.9986095420179022,0.9999347357887179,0.9992716995488885,16.587323939592533,17.71189827756869,17.009835180673093,0.0045295104184785795,9,0.4659382118782097,46028
fedavg_sgd,0.1,30,102,33,45,DoS,24,own_client_rows,0.999842940160201,0.999842940160201,0.999842940160201,0.9998429154885329,0.9996858803204021,0.9997643917380036,0.999842940160201,0.999842940160201,0.999842940160201,23.320370170409927,21.129431418839328,23.55854650934506,0.007500969712416318,9,0.4659382118782097,46028
fedavg_sgd,0.1,30,102,33,45,DoS,24,validation,0.9995432498858124,0.999760697891966,0.999651962063865,0.9999564791644,0.9996954336806839,0.9998259393833903,0.9986095420179022,0.9999347357887179,0.9992716995488885,16.587323939592533,14.500482300821785,17.009835180673093,0.007500969712416318,9,0.4659382118782097,46028
fedavg_sgd,0.1,30,102,33,45,Video,24,own_client_rows,1.0,0.8484786394836594,0.9180291525799479,1.0,0.9994877574019055,0.9997438130860276,1.0,0.8415121401495749,0.9139360222531293,1.3883517733998822,11.94650226347198,1.4319452192558395,0.007500969712416318,4,0.19767482961431956,18069
fedavg_sgd,0.1,30,102,33,45,Video,24,validation,0.563489021518918,0.8567266067266067,0.6798348472336911,0.06223382759799807,1.0,0.11717538263439758,0.5666057889202502,0.8523143523143523,0.6806954556032047,1.3242426518793706,11.85778154137529,1.3786808487736222,0.007500969712416318,4,0.19767482961431956,18069
fedavg_sgd,0.1,30,102,33,45,DoS,25,own_client_rows,1.0,0.9989805773151625,0.9994900287194353,1.0,1.0,1.0,1.0,0.9992488464427514,0.9996242821104611,21.68930431946829,23.097576607602747,21.969744272454125,0.008668345331102141,9,0.4659382118782097,46028
fedavg_sgd,0.1,30,102,33,45,DoS,25,validation,0.9995432498858124,0.999760697891966,0.999651962063865,0.993815815079897,0.999869471577436,0.996833452621077,0.9986095420179022,0.9999347357887179,0.9992716995488885,16.587323939592533,17.192877244137097,17.009835180673093,0.008668345331102141,9,0.4659382118782097,46028
fedavg_sgd,0.1,30,102,33,45,Manipulation,26,own_client_rows,1.0,0.029741589468551925,0.05776515151515151,1.0,1.0,1.0,1.0,0.25792296440760604,0.41007751937984493,-1.084405996693686,65.69769319843978,-0.6713611262417724,0.0009538993601293322,2,0.03261675384001466,545
fedavg_sgd,0.1,30,102,33,45,Manipulation,26,validation,0.0,0.0,0.0,0.016049749274214833,1.0,0.03159244768414046,0.3651376146788991,0.20452209660842754,0.2621870882740448,-1.1105499738044387,64.06862434159815,-0.7056352825105987,0.0009538993601293322,2,0.03261675384001466,545
fedavg_sgd,0.1,30,102,33,45,DoS,27,own_client_rows,1.0,0.9999115012920812,0.9999557486879486,1.0,1.0,1.0,1.0,0.9999911501292081,0.9999955750450239,17.2172900478778,18.996921178349233,17.51362558602738,0.052553296975706494,9,0.4659382118782097,46028
fedavg_sgd,0.1,30,102,33,45,DoS,27,validation,0.9995432498858124,0.999760697891966,0.999651962063865,0.9926575389798298,0.999978245262906,0.9963044444203614,0.9986095420179022,0.9999347357887179,0.9992716995488885,16.587323939592533,18.53689178513934,17.009835180673093,0.052553296975706494,9,0.4659382118782097,46028
fedavg_sgd,0.1,30,102,33,45,DoS,28,own_client_rows,1.0,0.9993627093954843,0.9996812531305496,1.0,1.0,1.0,1.0,0.9996358339402768,0.9998178838098707,19.05611535813456,21.17282853539808,19.316703646354924,0.01021709465788453,9,0.4659382118782097,46028
fedavg_sgd,0.1,30,102,33,45,DoS,28,validation,0.9995432498858124,0.999760697891966,0.999651962063865,0.990880476026216,0.999869471577436,0.9953546794295677,0.9986095420179022,0.9999347357887179,0.9992716995488885,16.587323939592533,17.507817471297344,17.009835180673093,0.01021709465788453,9,0.4659382118782097,46028
fedavg_sgd,0.1,30,102,33,45,Manipulation,29,own_client_rows,1.0,0.04505813953488372,0.08623087621696801,0.9546716003700277,1.0,0.9768102224325603,1.0,0.2747093023255814,0.43101482326111745,-1.0360710676326308,48.6283687621124,-0.6270384086194889,0.03166285447988533,2,0.03261675384001466,545
fedavg_sgd,0.1,30,102,33,45,Manipulation,29,validation,0.0,0.0,0.0,0.02551662645547047,1.0,0.04976345735839407,0.3651376146788991,0.20452209660842754,0.2621870882740448,-1.1105499738044387,47.29068040210689,-0.7056352825105987,0.03166285447988533,2,0.03261675384001466,545
fedavg_sgd,0.1,30,102,33,45,Regular,29,own_client_rows,1.0,0.9848670756646217,0.9923758499896971,1.0,0.9961978338256456,0.9980952959120952,1.0,0.9860940695296524,0.992998352553542,4.7035228735893355,8.30184534291449,4.9496890503105355,0.03166285447988533,7,0.40363709594153263,173904
fedavg_sgd,0.1,30,102,33,45,Regular,29,validation,0.9658749170250224,0.9869766015300134,0.9763117513550729,0.9064982007540208,0.9969977763490837,0.9495966382777915,0.9634798509522495,0.988274222754378,0.9757195475258047,4.695628219169699,8.34489549863676,4.937534226142201,0.03166285447988533,7,0.40363709594153263,173904
fedavg_sgd,0.1,30,102,44,45,Unauth,0,own_client_rows,1.0,0.9777777777777777,0.9887640449438202,1.0,1.0,1.0,1.0,0.9825396825396825,0.9911929543634908,0.12666346232096354,26.31969246031746,0.4836931985522073,0.0002930066293912625,3,0.09417093541668799,2750
fedavg_sgd,0.1,30,102,44,45,Unauth,0,validation,0.29671665991082286,0.9799196787148594,0.4555071561916615,0.04517689749017236,1.0,0.08644832773984493,0.26690909090909093,0.9825970548862115,0.41978839004861307,0.16987236819592824,27.587503170233017,0.5508165167996204,0.0002930066293912625,3,0.09417093541668799,2750
fedavg_sgd,0.1,30,102,44,45,MITM,1,own_client_rows,1.0,0.1324644769835619,0.23394018916406975,1.0,0.9996594743522274,0.9998297081817478,1.0,0.16973655697613224,0.2902133065156407,-1.03821711122032,9.579831618773799,-0.9552751123154196,0.08114330256608694,3,0.1078124869193469,4124
fedavg_sgd,0.1,30,102,44,45,MITM,1,validation,0.6712574850299401,0.16611098762688004,0.2663182277127754,0.069809436588382,0.999629547306809,0.13050501533134073,0.6517943743937924,0.19915536785952434,0.3050905169967652,-1.0193967076595725,9.635809549112766,-0.9454342899405886,0.08114330256608694,3,0.1078124869193469,4124
fedavg_sgd,0.1,30,102,44,45,Password Cracking,1,own_client_rows,1.0,1.0,1.0,1.0,1.0,1.0,1.0,1.0,1.0,10.193431584228714,15.378316510387357,10.22399625600095,0.08114330256608694,1,0.08114330256608694,0
fedavg_sgd,0.1,30,102,44,45,Password Cracking,1,validation,0.0,0.0,0.0,0.0,0.0,0.0,0.0,0.0,0.0,nan,nan,nan,0.08114330256608694,1,0.08114330256608694,0
fedavg_sgd,0.1,30,102,44,45,MITM,2,own_client_rows,1.0,0.1411024022062559,0.24730892150159794,1.0,1.0,1.0,1.0,0.16949706074461138,0.2898631667132086,-0.9044856171068463,30.887617281052687,-0.8081244716399276,0.02563389426274416,3,0.1078124869193469,4124
fedavg_sgd,0.1,30,102,44,45,MITM,2,validation,0.6712574850299401,0.16611098762688004,0.2663182277127754,0.06832367365135979,0.9991850040749797,0.12790151791768817,0.6517943743937924,0.19915536785952434,0.3050905169967652,-1.0193967076595725,28.8763863034378,-0.9454342899405886,0.02563389426274416,3,0.1078124869193469,4124
fedavg_sgd,0.1,30,102,44,45,DoS,3,own_client_rows,0.9999440413348007,1.0,0.9999720198845354,1.0,0.9997201910162662,0.9998600759321274,0.9999440413348007,1.0,0.9999720198845354,19.165840015715936,18.01885867008539,19.429017962279417,0.02562505755487363,9,0.4659382118782097,45979
fedavg_sgd,0.1,30,102,44,45,DoS,3,validation,0.99973899993475,0.999956490525812,0.999847733402941,1.0,0.9984119041921379,0.9992053210829406,0.9997172622284086,0.999978245262906,0.9998477367150284,17.69254612174223,15.640628569136554,17.916946787233233,0.02562505755487363,9,0.4659382118782097,45979
fedavg_sgd,0.1,30,102,44,45,Injection,3,own_client_rows,1.0,0.014827018121911038,0.02922077922077922,0.9866666666666667,0.9752883031301482,0.9809444904722452,1.0,0.008237232289950576,0.016339869281045753,-0.15986912333002987,9.158872400123558,-0.516082813947951,0.02562505755487363,3,0.0761626549563234,129
fedavg_sgd,0.1,30,102,44,45,Injection,3,validation,0.023255813953488372,0.011806375442739079,0.015661707126076743,0.23002754820936638,0.9858323494687131,0.37301764574491847,0.031007751937984496,0.004722550177095631,0.00819672131147541,-0.21853075624215984,10.419435323199528,-0.6449597211204988,0.02562505755487363,3,0.0761626549563234,129
fedavg_sgd,0.1,30,102,44,45,Ip Spoofing,3,own_client_rows,0.9977324263038548,0.9977324263038548,0.9977324263038548,0.9756637168141593,1.0,0.9876819708846585,0.9988649262202043,0.9977324263038548,0.998298355076574,1.4627565137383078,5.181099751098356,1.2956606633538832,0.02562505755487363,7,0.24285412641701262,2521
fedavg_sgd,0.1,30,102,44,45,Ip Spoofing,3,validation,0.3134438305709024,0.9929988331388565,0.4764837625979843,0.24017957351290684,0.9988331388564761,0.38724270527030086,0.33716779055930185,0.9918319719953326,0.5032563647128478,1.099877160516336,7.392172458430572,0.9509624895164819,0.02562505755487363,7,0.24285412641701262,2521
fedavg_sgd,0.1,30,102,44,45,DoS,4,own_client_rows,1.0,1.0,1.0,1.0,1.0,1.0,1.0,0.997134670487106,0.9985652797704447,32.088864389326645,35.69545800501432,32.630288547636106,0.00016231637088500096,9,0.4659382118782097,45979
fedavg_sgd,0.1,30,102,44,45,DoS,4,validation,0.99973899993475,0.999956490525812,0.999847733402941,0.9758204899588163,1.0,0.9877622941132229,0.9997172622284086,0.999978245262906,0.9998477367150284,17.69254612174223,18.911881757565208,17.916946787233233,0.00016231637088500096,9,0.4659382118782097,45979
fedavg_sgd,0.1,30,102,44,45,Regular,5,own_client_rows,1.0,0.9897590422256544,0.9948531668624103,1.0,0.9992630952020432,0.9996314117938128,1.0,0.9895722923795969,0.9947588194405687,5.283391508808631,10.333728205157325,5.339230762656245,0.09284263869678093,7,0.40363709594153263,175769
fedavg_sgd,0.1,30,102,44,45,Regular,5,validation,0.9528838019972863,0.9899670286243446,0.9710715112242536,0.8890334835835463,0.9993099014397697,0.9409517039143378,0.9547246670345738,0.9897959785538601,0.9719440502736671,5.29749389873799,10.348077723456273,5.353573087133054,0.09284263869678093,7,0.40363709594153263,175769
fedavg_sgd,0.1,30,102,44,45,Unauth,5,own_client_rows,0.9986495611073599,0.9879759519038076,0.9932840832773674,0.9829284307288247,1.0,0.9913907284768212,0.9986550100874243,0.9919839679358717,0.9953083109919572,0.16278480830476055,16.553899465597862,0.5251694795841684,0.09284263869678093,3,0.09417093541668799,2750
fedavg_sgd,0.1,30,102,44,45,Unauth,5,validation,0.29671665991082286,0.9799196787148594,0.4555071561916615,0.13036649214659685,1.0,0.23066234367762853,0.26690909090909093,0.9825970548862115,0.41978839004861307,0.16987236819592824,17.438025539658636,0.5508165167996204,0.09284263869678093,3,0.09417093541668799,2750
fedavg_sgd,0.1,30,102,44,45,Replay,6,own_client_rows,0.0,0.0,0.0,1.0,0.3918918918918919,0.5631067961165048,0.0,0.0,0.0,-7.630468969946509,-0.06756272187104097,-7.584000870988175,0.00041299982047530325,4,0.0017222278549775315,0
fedavg_sgd,0.1,30,102,44,45,Replay,6,validation,0.0,0.0,0.0,0.1235705209656925,0.3585253456221198,0.18379399952752185,0.0,0.0,0.0,-7.564380220334101,-0.1712350309169787,-7.540747407834101,0.00041299982047530325,4,0.0017222278549775315,0
fedavg_sgd,0.1,30,102,44,45,Injection,7,own_client_rows,0.8421052631578947,0.030534351145038167,0.058931860036832415,0.966789667896679,1.0,0.9831144465290806,1.0,0.011450381679389313,0.022641509433962263,-0.15723407541522544,14.916067807729007,-0.490479156261182,0.04986135670441026,3,0.0761626549563234,129
fedavg_sgd,0.1,30,102,44,45,Injection,7,validation,0.023255813953488372,0.011806375442739079,0.015661707126076743,0.1501240694789082,1.0,0.26105717367853293,0.031007751937984496,0.004722550177095631,0.00819672131147541,-0.21853075624215984,18.089419458382526,-0.6449597211204988,0.04986135670441026,3,0.0761626549563234,129
fedavg_sgd,0.1,30,102,44,45,Regular,7,own_client_rows,1.0,0.987730118855686,0.9938271896028935,1.0,0.9985096171872071,0.9992542528692504,1.0,0.9873458063064752,0.9936326160986332,5.322963843753808,9.83204019324887,5.380015565280701,0.04986135670441026,7,0.40363709594153263,175769
fedavg_sgd,0.1,30,102,44,45,Regular,7,validation,0.9528838019972863,0.9899670286243446,0.9710715112242536,0.8952543053778901,0.9989678012988009,0.944271764007326,0.9547246670345738,0.9897959785538601,0.9719440502736671,5.29749389873799,9.801740641828525,5.353573087133054,0.04986135670441026,7,0.40363709594153263,175769
fedavg_sgd,0.1,30,102,44,45,Ip Spoofing,8,own_client_rows,0.9751434034416826,0.9922178988326849,0.9836065573770492,0.9194991055456172,1.0,0.9580615097856477,0.9769673704414588,0.9902723735408561,0.9835748792270531,1.6164018801678015,13.49652028362111,1.4520198361882903,0.023477272452446886,7,0.24285412641701262,2521
fedavg_sgd,0.1,30,102,44,45,Ip Spoofing,8,validation,0.3134438305709024,0.9929988331388565,0.4764837625979843,0.03864363980700726,1.0,0.07441173916818616,0.33716779055930185,0.9918319719953326,0.5032563647128478,1.099877160516336,14.217466908547259,0.9509624895164819,0.023477272452446886,7,0.24285412641701262,2521
fedavg_sgd,0.1,30,102,44,45,Regular,8,own_client_rows,1.0,0.9882317622335635,0.9940810533309175,1.0,0.9972180526368458,0.9986070888156247,1.0,0.9881116781747223,0.9940202947571877,5.225412583730487,8.56249057934304,5.281360428862704,0.023477272452446886,7,0.40363709594153263,175769
fedavg_sgd,0.1,30,102,44,45,Regular,8,validation,0.9528838019972863,0.9899670286243446,0.9710715112242536,0.9057162438559481,0.9977350611356545,0.9495014131072361,0.9547246670345738,0.9897959785538601,0.9719440502736671,5.29749389873799,8.659400463973316,5.353573087133054,0.023477272452446886,7,0.40363709594153263,175769
fedavg_sgd,0.1,30,102,44,45,MITM,9,own_client_rows,1.0,0.0014005602240896359,0.002797202797202797,1.0,0.0035014005602240898,0.006978367062107467,0.9856115107913669,0.09593837535014006,0.1748564135290364,-2.847080091802346,-22.01835089504552,-3.0349186061143207,0.001035290090515794,3,0.1078124869193469,4124
fedavg_sgd,0.1,30,102,44,45,MITM,9,validation,0.6712574850299401,0.16611098762688004,0.2663182277127754,0.5416178194607268,0.3080684596577017,0.392745820345707,0.6517943743937924,0.19915536785952434,0.3050905169967652,-1.0193967076595725,-2.524255525750514,-0.9454342899405886,0.001035290090515794,3,0.1078124869193469,4124
fedavg_sgd,0.1,30,102,44,45,Unauth,9,own_client_rows,0.4033915724563207,0.9837092731829574,0.5721574344023324,0.35929761368752816,1.0,0.5286518714806228,0.4025445292620865,0.9912280701754386,0.572566051393413,0.18229883715024867,23.653545484805765,0.576602448198132,0.001035290090515794,3,0.09417093541668799,2750
fedavg_sgd,0.1,30,102,44,45,Unauth,9,validation,0.29671665991082286,0.9799196787148594,0.4555071561916615,0.05608529168856521,1.0,0.10621356462391583,0.26690909090909093,0.9825970548862115,0.41978839004861307,0.16987236819592824,23.054797641085173,0.5508165167996204,0.001035290090515794,3,0.09417093541668799,2750
fedavg_sgd,0.1,30,102,44,45,Ip Spoofing,10,own_client_rows,1.0,0.849911712772219,0.9188673242125358,1.0,1.0,1.0,1.0,0.7969393761035903,0.8869963969865706,1.0187242495585638,36.25053570114773,0.8419688799017805,0.0007901877195805634,7,0.24285412641701262,2521
fedavg_sgd,0.1,30,102,44,45,Ip Spoofing,10,validation,0.3134438305709024,0.9929988331388565,0.4764837625979843,0.03250398240157779,1.0,0.06296146640708225,0.33716779055930185,0.9918319719953326,0.5032563647128478,1.099877160516336,30.40829884407818,0.9509624895164819,0.0007901877195805634,7,0.24285412641701262,2521
fedavg_sgd,0.1,30,102,44,45,Ip Spoofing,11,own_client_rows,0.9004614370468029,0.9750178443968593,0.9362577107607951,0.8974358974358975,0.9992862241256245,0.9456264775413712,0.9004804392587509,0.9364739471805853,0.9181245626312107,1.2258793070518825,8.787927010840471,1.0584419680696824,0.17256416147548836,7,0.24285412641701262,2521
fedavg_sgd,0.1,30,102,44,45,Ip Spoofing,11,validation,0.3134438305709024,0.9929988331388565,0.4764837625979843,0.16522074416811258,1.0,0.28358702845797484,0.33716779055930185,0.9918319719953326,0.5032563647128478,1.099877160516336,9.197914007803384,0.9509624895164819,0.17256416147548836,7,0.24285412641701262,2521
fedavg_sgd,0.1,30,102,44,45,Regular,11,own_client_rows,0.9952098571853533,0.991002812659181,0.9931018794014879,0.9966448568416473,0.9892781210550794,0.9929478255795537,0.9954914111521517,0.9908394791043784,0.993159997780121,5.263949741560119,5.829811859080169,5.319675608356934,0.17256416147548836,7,0.40363709594153263,175769
fedavg_sgd,0.1,30,102,44,45,Regular,11,validation,0.9528838019972863,0.9899670286243446,0.9710715112242536,0.9637632787413537,0.9878259536041429,0.9756462723737676,0.9547246670345738,0.9897959785538601,0.9719440502736671,5.29749389873799,5.8587630709072585,5.353573087133054,0.17256416147548836,7,0.40363709594153263,175769
fedavg_sgd,0.1,30,102,44,45,Video,11,own_client_rows,0.7118990794408455,0.7449161612557974,0.7280334728033473,0.6601319164529131,0.8569389939350696,0.7457697283311773,0.7127855988922225,0.7345701034605779,0.7235139092240117,1.1655874716170918,3.0346598394391426,1.13835671903801,0.17256416147548836,4,0.19767482961431956,13829
fedavg_sgd,0.1,30,102,44,45,Video,11,validation,0.6254310041517135,0.73992673992674,0.6778781985280098,0.5101283740908868,0.87004662004662,0.6431582510231084,0.6309205293224384,0.7263569763569764,0.675283464262219,1.1354457716762405,2.9333907466231683,1.103726026577589,0.17256416147548836,4,0.19767482961431956,13829
fedavg_sgd,0.1,30,102,44,45,Video,12,own_client_rows,1.0,0.7739554111914957,0.8725759467332501,1.0,0.9997539248978788,0.9998769473088377,1.0,0.7593385501254983,0.8632091305807318,1.1310935909162914,12.000331240156996,1.0992426774393733,0.009450161432700098,4,0.19767482961431956,13829
fedavg_sgd,0.1,30,102,44,45,Video,12,validation,0.6254310041517135,0.73992673992674,0.6778781985280098,0.06182224303779227,1.0,0.11644556034336512,0.6309205293224384,0.7263569763569764,0.675283464262219,1.1354457716762405,12.191986724213287,1.103726026577589,0.009450161432700098,4,0.19767482961431956,13829
fedavg_sgd,0.1,30,102,44,45,Injection,13,own_client_rows,1.0,0.015130674002751032,0.02981029810298103,1.0,1.0,1.0,1.0,0.008253094910591471,0.01637107776261937,-0.1623214763657099,22.704973349381017,-0.5024306600326685,0.0006762406970395169,3,0.0761626549563234,129
fedavg_sgd,0.1,30,102,44,45,Injection,13,validation,0.023255813953488372,0.011806375442739079,0.015661707126076743,0.049287169042769856,1.0,0.09394409937888198,0.031007751937984496,0.004722550177095631,0.00819672131147541,-0.21853075624215984,27.414387636511215,-0.6449597211204988,0.0006762406970395169,3,0.0761626549563234,129
fedavg_sgd,0.1,30,102,44,45,Replay,14,own_client_rows,0.0,0.0,0.0,1.0,0.2153163152053274,0.354337899543379,0.0,0.0,0.0,-7.493276242543008,-0.7273716053343507,-7.452256824014984,0.00041904598901829754,4,0.0017222278549775315,0
fedavg_sgd,0.1,30,102,44,45,Replay,14,validation,0.0,0.0,0.0,0.0849102377486657,0.16129032258064516,0.11125238397965671,0.0,0.0,0.0,-7.564380220334101,-0.8616248064876152,-7.540747407834101,0.00041904598901829754,4,0.0017222278549775315,0
fedavg_sgd,0.1,30,102,44,45,Regular,15,own_client_rows,1.0,0.9906584397652745,0.995307301318941,1.0,0.999223334483949,0.9996115163810593,1.0,0.9905505695547118,0.9952528558732361,5.487106697206296,10.33167386672231,5.5465316482770435,0.021557846484990154,7,0.40363709594153263,175769
fedavg_sgd,0.1,30,102,44,45,Regular,15,validation,0.9528838019972863,0.9899670286243446,0.9710715112242536,0.8880719039882605,0.9994809515102542,0.9404885791908445,0.9547246670345738,0.9897959785538601,0.9719440502736671,5.29749389873799,10.108878634537517,5.353573087133054,0.021557846484990154,7,0.40363709594153263,175769
fedavg_sgd,0.1,30,102,44,45,DoS,16,own_client_rows,1.0,0.9999902957138594,0.9999951478333863,1.0,1.0,1.0,1.0,0.9999951478569297,0.999997573922579,17.86180618902979,21.129713790654893,18.079556533835206,0.19170493581294457,9,0.4659382118782097,45979
fedavg_sgd,0.1,30,102,44,45,DoS,16,validation,0.99973899993475,0.999956490525812,0.999847733402941,0.9917795805644256,1.0,0.9958728267345501,0.9997172622284086,0.999978245262906,0.9998477367150284,17.69254612174223,21.217149412214198,17.916946787233233,0.19170493581294457,9,0.4659382118782097,45979
fedavg_sgd,0.1,30,102,44,45,Ip Spoofing,17,own_client_rows,0.9897435897435898,1.0,0.9948453608247423,0.8654708520179372,1.0,0.9278846153846154,0.9897435897435898,1.0,0.9948453608247423,1.7733198571081605,14.389304363665802,1.6272190864839702,0.011670965647530698,7,0.24285412641701262,2521
fedavg_sgd,0.1,30,102,44,45,Ip Spoofing,17,validation,0.3134438305709024,0.9929988331388565,0.4764837625979843,0.038178821223326054,1.0,0.07354960521798833,0.33716779055930185,0.9918319719953326,0.5032563647128478,1.099877160516336,14.292886705075846,0.9509624895164819,0.011670965647530698,7,0.24285412641701262,2521
fedavg_sgd,0.1,30,102,44,45,Regular,17,own_client_rows,1.0,0.9919681940484318,0.9959679045199791,1.0,0.9963455282920365,0.9981694192432259,1.0,0.9920485121079474,0.99600838642045,5.345363008607837,7.809673259231557,5.401599807895516,0.011670965647530698,7,0.40363709594153263,175769
fedavg_sgd,0.1,30,102,44,45,Regular,17,validation,0.9528838019972863,0.9899670286243446,0.9710715112242536,0.9139686027068125,0.9961897122230021,0.9533095892575931,0.9547246670345738,0.9897959785538601,0.9719440502736671,5.29749389873799,7.743584977232646,5.353573087133054,0.011670965647530698,7,0.40363709594153263,175769
fedavg_sgd,0.1,30,102,44,45,Replay,18,own_client_rows,0.0,0.0,0.0,1.0,0.39200863930885527,0.5632273079906904,0.0,0.0,0.0,-7.566522256344492,-0.07244313612869954,-7.521598272138229,0.00043067323621636354,4,0.0017222278549775315,0
fedavg_sgd,0.1,30,102,44,45,Replay,18,validation,0.0,0.0,0.0,0.12171763978992894,0.3631336405529954,0.18232299861175383,0.0,0.0,0.0,-7.564380220334101,-0.19353505499351958,-7.540747407834101,0.00043067323621636354,4,0.0017222278549775315,0
fedavg_sgd,0.1,30,102,44,45,DoS,19,own_client_rows,1.0,0.9999802661253947,0.9999901329653399,1.0,1.0,1.0,1.0,0.9999859043752819,0.9999929521379689,17.454113483213874,21.027327925458813,17.649138564616106,0.16497668504391844,9,0.4659382118782097,45979
fedavg_sgd,0.1,30,102,44,45,DoS,19,validation,0.99973899993475,0.999956490525812,0.999847733402941,0.9891119574806877,1.0,0.994526179143228,0.9997172622284086,0.999978245262906,0.9998477367150284,17.69254612174223,21.077042786809017,17.916946787233233,0.16497668504391844,9,0.4659382118782097,45979
fedavg_sgd,0.1,30,102,44,45,Replay,20,own_client_rows,0.0,0.0,0.0,1.0,0.17813765182186234,0.3024054982817869,0.0,0.0,0.0,-7.462604970584514,-0.7709405566999304,-7.435795463531123,0.00045950880926756715,4,0.0017222278549775315,0
fedavg_sgd,0.1,30,102,44,45,Replay,20,validation,0.0,0.0,0.0,0.061410788381742736,0.13640552995391705,0.08469241773962805,0.0,0.0,0.0,-7.564380220334101,-0.8517403738839285,-7.540747407834101,0.00045950880926756715,4,0.0017222278549775315,0
fedavg_sgd,0.1,30,102,44,45,Ip Spoofing,21,own_client_rows,1.0,0.9844134536505332,0.9921455146754857,1.0,1.0,1.0,1.0,0.9433962264150944,0.970873786407767,1.2775095813679245,29.705797528712058,1.1038928513061423,0.0005669445733776967,7,0.24285412641701262,2521
fedavg_sgd,0.1,30,102,44,45,Ip Spoofing,21,validation,0.3134438305709024,0.9929988331388565,0.4764837625979843,0.03300596957442711,1.0,0.0639027663858027,0.33716779055930185,0.9918319719953326,0.5032563647128478,1.099877160516336,27.114835545507585,0.9509624895164819,0.0005669445733776967,7,0.24285412641701262,2521
fedavg_sgd,0.1,30,102,44,45,Ip Spoofing,22,own_client_rows,1.0,0.8789209535759097,0.935559265442404,1.0,1.0,1.0,1.0,0.821831869510665,0.9022038567493113,1.046185540135861,16.430878489648684,0.8705964321773055,0.008159536993714776,7,0.24285412641701262,2521
fedavg_sgd,0.1,30,102,44,45,Ip Spoofing,22,validation,0.3134438305709024,0.9929988331388565,0.4764837625979843,0.07897889595428993,1.0,0.1463956269217629,0.33716779055930185,0.9918319719953326,0.5032563647128478,1.099877160516336,14.366305517065344,0.9509624895164819,0.008159536993714776,7,0.24285412641701262,2521
fedavg_sgd,0.1,30,102,44,45,Video,22,own_client_rows,1.0,0.7516614420062696,0.8582268513547371,1.0,1.0,1.0,1.0,0.7398746081504702,0.8504918741666967,1.1806305563038793,8.200985256661442,1.1519491146649687,0.008159536993714776,4,0.19767482961431956,13829
fedavg_sgd,0.1,30,102,44,45,Video,22,validation,0.6254310041517135,0.73992673992674,0.6778781985280098,0.065944201060641,1.0,0.12372918018602638,0.6309205293224384,0.7263569763569764,0.675283464262219,1.1354457716762405,7.9708119029408095,1.103726026577589,0.008159536993714776,4,0.19767482961431956,13829
fedavg_sgd,0.1,30,102,44,45,DoS,23,own_client_rows,1.0,0.9982544409076908,0.9991264580442937,1.0,1.0,1.0,1.0,0.9983571208542972,0.999177885109444,19.612427923490603,30.081472125603245,19.863850602282064,0.0045295104184785795,9,0.4659382118782097,45979
fedavg_sgd,0.1,30,102,44,45,DoS,23,validation,0.99973899993475,0.999956490525812,0.999847733402941,0.985993135993136,1.0,0.9929471740093102,0.9997172622284086,0.999978245262906,0.9998477367150284,17.69254612174223,19.34112795932408,17.916946787233233,0.0045295104184785795,9,0.4659382118782097,45979
fedavg_sgd,0.1,30,102,44,45,DoS,24,own_client_rows,0.9998429648241206,1.0,0.9999214762465646,0.9998429648241206,1.0,0.9999214762465646,0.9998429648241206,1.0,0.9999214762465646,22.551520535574053,22.730409239045077,22.852941068203236,0.007500969712416318,9,0.4659382118782097,45979
fedavg_sgd,0.1,30,102,44,45,DoS,24,validation,0.99973899993475,0.999956490525812,0.999847733402941,0.9998691869971875,0.9976939978680358,0.9987804081277087,0.9997172622284086,0.999978245262906,0.9998477367150284,17.69254612174223,16.776662427325583,17.916946787233233,0.007500969712416318,9,0.4659382118782097,45979
fedavg_sgd,0.1,30,102,44,45,Video,24,own_client_rows,1.0,0.723388997028993,0.8394958982285102,1.0,0.9993853088822866,0.9996925599508096,1.0,0.7163200491752895,0.8347161702381662,1.117184548602218,12.32939760270464,1.0967407789329027,0.007500969712416318,4,0.19767482961431956,13829
fedavg_sgd,0.1,30,102,44,45,Video,24,validation,0.6254310041517135,0.73992673992674,0.6778781985280098,0.06242367235367178,1.0,0.11751182504316691,0.6309205293224384,0.7263569763569764,0.675283464262219,1.1354457716762405,12.214924398518148,1.103726026577589,0.007500969712416318,4,0.19767482961431956,13829
fedavg_sgd,0.1,30,102,44,45,DoS,25,own_client_rows,1.0,0.9986050005365382,0.9993020134228188,1.0,1.0,1.0,1.0,0.9989805773151625,0.9994900287194353,21.22201491911686,23.52419787530851,21.391711909137246,0.008668345331102141,9,0.4659382118782097,45979
fedavg_sgd,0.1,30,102,44,45,DoS,25,validation,0.99973899993475,0.999956490525812,0.999847733402941,0.989537812412546,1.0,0.9947413979658083,0.9997172622284086,0.999978245262906,0.9998477367150284,17.69254612174223,18.52839078170209,17.916946787233233,0.008668345331102141,9,0.4659382118782097,45979
fedavg_sgd,0.1,30,102,44,45,Manipulation,26,own_client_rows,1.0,0.14041930765480254,0.24625908507909364,1.0,1.0,1.0,1.0,0.2242808386153096,0.3663878932696137,-0.7536528841685458,47.805620733788395,-0.5863838809574597,0.0009538993601293322,2,0.03261675384001466,425
fedavg_sgd,0.1,30,102,44,45,Manipulation,26,validation,0.26720647773279355,0.06783144912641316,0.10819672131147541,0.009032593459028416,1.0,0.01790347213277642,0.37411764705882355,0.16341212744090441,0.22746781115879827,-0.792580207597315,46.61055630941675,-0.6302117625096352,0.0009538993601293322,2,0.03261675384001466,425
fedavg_sgd,0.1,30,102,44,45,DoS,27,own_client_rows,1.0,1.0,1.0,1.0,1.0,1.0,1.0,1.0,1.0,18.11976533599641,20.06536663217061,18.361426787231405,0.052553296975706494,9,0.4659382118782097,45979
fedavg_sgd,0.1,30,102,44,45,DoS,27,validation,0.99973899993475,0.999956490525812,0.999847733402941,0.9965097121054457,1.0,0.998251805201151,0.9997172622284086,0.999978245262906,0.9998477367150284,17.69254612174223,19.713986392411947,17.916946787233233,0.052553296975706494,9,0.4659382118782097,45979
fedavg_sgd,0.1,30,102,44,45,DoS,28,own_client_rows,1.0,0.9990440640932265,0.9995218034840032,1.0,1.0,1.0,1.0,0.9989985433357611,0.999499020813408,19.004231652289693,21.687848340483885,19.166992898761837,0.01021709465788453,9,0.4659382118782097,45979
fedavg_sgd,0.1,30,102,44,45,DoS,28,validation,0.99973899993475,0.999956490525812,0.999847733402941,0.9891119574806877,1.0,0.994526179143228,0.9997172622284086,0.999978245262906,0.9998477367150284,17.69254612174223,18.768184580786215,17.916946787233233,0.01021709465788453,9,0.4659382118782097,45979
fedavg_sgd,0.1,30,102,44,45,Manipulation,29,own_client_rows,1.0,0.15406976744186046,0.26700251889168763,0.9520295202952029,1.0,0.9754253308128544,1.0,0.23449612403100775,0.37990580847723704,-0.716438234314438,35.79352894864341,-0.549201255620912,0.03166285447988533,2,0.03261675384001466,425
fedavg_sgd,0.1,30,102,44,45,Manipulation,29,validation,0.26720647773279355,0.06783144912641316,0.10819672131147541,0.034359771170280384,1.0,0.06643678945751255,0.37411764705882355,0.16341212744090441,0.22746781115879827,-0.792580207597315,34.82850338033145,-0.6302117625096352,0.03166285447988533,2,0.03261675384001466,425
fedavg_sgd,0.1,30,102,44,45,Regular,29,own_client_rows,1.0,0.988457168825267,0.9941950818173507,1.0,0.9951526168295084,0.9975704198618176,1.0,0.9881996515943346,0.994064807125279,5.317015811984019,7.587417099806862,5.3746037092658865,0.03166285447988533,7,0.40363709594153263,175769
fedavg_sgd,0.1,30,102,44,45,Regular,29,validation,0.9528838019972863,0.9899670286243446,0.9710715112242536,0.9138635564094931,0.9959242896998366,0.9531309094398627,0.9547246670345738,0.9897959785538601,0.9719440502736671,5.29749389873799,7.609951234141004,5.353573087133054,0.03166285447988533,7,0.40363709594153263,175769
fedavg_sgd,0.1,30,102,55,45,Unauth,0,own_client_rows,1.0,0.973015873015873,0.9863234111021721,1.0,1.0,1.0,1.0,0.9698412698412698,0.984689766317486,0.3648870558965774,26.911619543650794,0.25437331426711307,0.0002930066293912625,3,0.09417093541668799,2402
fedavg_sgd,0.1,30,102,55,45,Unauth,0,validation,0.2836519703472493,0.9732262382864793,0.43927492447129907,0.10962723803933079,1.0,0.19759291099060972,0.30183180682764366,0.9705488621151271,0.4604636392505557,0.44368562608997186,27.93572303537065,0.333073977326134,0.0002930066293912625,3,0.09417093541668799,2402
fedavg_sgd,0.1,30,102,55,45,MITM,1,own_client_rows,1.0,0.08135467294059376,0.1504680656150697,0.9999690373718921,0.9997833018605083,0.9998761609907121,1.0,0.16013992508435748,0.2760700181449461,-1.0259317959535492,10.492484855315295,-0.778214472630251,0.08114330256608694,3,0.1078124869193469,3753
fedavg_sgd,0.1,30,102,55,45,MITM,1,validation,0.6989768443726441,0.09616951915240424,0.1690764621596978,0.06940394081068987,0.9997777283840854,0.12979742598257055,0.689048760991207,0.1915981329184263,0.29982608695652174,-1.0317735357567885,10.554771647750426,-0.7560866571332981,0.08114330256608694,3,0.1078124869193469,3753
fedavg_sgd,0.1,30,102,55,45,Password Cracking,1,own_client_rows,1.0,0.9999929659198818,0.9999964829475713,1.0,0.9999929659198818,0.9999964829475713,1.0,0.9999929659198818,0.9999964829475713,9.977973853142695,13.497186031361007,10.113392411134289,0.08114330256608694,1,0.08114330256608694,0
fedavg_sgd,0.1,30,102,55,45,Password Cracking,1,validation,0.0,0.0,0.0,0.0,0.0,0.0,0.0,0.0,0.0,nan,nan,nan,0.08114330256608694,1,0.08114330256608694,0
fedavg_sgd,0.1,30,102,55,45,MITM,2,own_client_rows,1.0,0.05337832934175194,0.10134692893313584,1.0,1.0,1.0,1.0,0.13123231003701286,0.23201655198960688,-0.9791085262396865,31.577945619806407,-0.7207668976354983,0.02563389426274416,3,0.1078124869193469,3753
fedavg_sgd,0.1,30,102,55,45,MITM,2,validation,0.6989768443726441,0.09616951915240424,0.1690764621596978,0.06837931646018595,0.9998518189227236,0.12800447707396656,0.689048760991207,0.1915981329184263,0.29982608695652174,-1.0317735357567885,29.63524996295473,-0.7560866571332981,0.02563389426274416,3,0.1078124869193469,3753
fedavg_sgd,0.1,30,102,55,45,DoS,3,own_client_rows,0.9996643356643357,0.9999813460677511,0.9998228157376927,1.0,0.9991978809132965,0.9995987795433552,0.9999626928314276,0.9999813460677511,0.999972019362601,19.702889712706124,18.946778035985766,19.271499330935914,0.02562505755487363,9,0.4659382118782097,45981
fedavg_sgd,0.1,30,102,55,45,DoS,3,validation,0.9983059682043263,0.999978245262906,0.9991414070056841,0.9999346234309623,0.9982161115582918,0.9990746284905557,0.9996302820730302,0.9999347357887179,0.9997824857528168,16.975761058884636,15.916871835365589,16.420295912012964,0.02562505755487363,9,0.4659382118782097,45981
fedavg_sgd,0.1,30,102,55,45,Injection,3,own_client_rows,1.0,0.004942339373970346,0.009836065573770493,0.6369359916054564,1.0,0.7782051282051282,1.0,0.0032948929159802307,0.006568144499178982,-0.4065146281259653,10.031969953408154,-0.32734526833749483,0.02562505755487363,3,0.0761626549563234,201
fedavg_sgd,0.1,30,102,55,45,Injection,3,validation,0.028070175438596492,0.009445100354191263,0.014134275618374558,0.26891290527654166,0.9988193624557261,0.4237415477084899,0.024875621890547265,0.0059031877213695395,0.009541984732824428,-0.5505240664431449,11.330398649645808,-0.45788397670777375,0.02562505755487363,3,0.0761626549563234,201
fedavg_sgd,0.1,30,102,55,45,Ip Spoofing,3,own_client_rows,0.9988439306358381,0.9795918367346939,0.9891242129364625,0.9930555555555556,0.6485260770975056,0.7846364883401921,0.9988662131519275,0.9988662131519275,0.9988662131519275,0.9924070051197562,3.1580655536954363,1.6004523798451673,0.02562505755487363,7,0.24285412641701262,2847
fedavg_sgd,0.1,30,102,55,45,Ip Spoofing,3,validation,0.365205223880597,0.9136522753792299,0.5218260579806732,0.28984029901461095,0.9953325554259043,0.44894736842105265,0.2996136283807517,0.9953325554259043,0.4605831533477322,0.6362783995086421,7.153820558634773,1.3825405837496354,0.02562505755487363,7,0.24285412641701262,2847
fedavg_sgd,0.1,30,102,55,45,DoS,4,own_client_rows,1.0,1.0,1.0,1.0,1.0,1.0,1.0,0.997134670487106,0.9985652797704447,44.477373970272204,47.96073603151862,44.18806243284384,0.00016231637088500096,9,0.4659382118782097,45981
fedavg_sgd,0.1,30,102,55,45,DoS,4,validation,0.9983059682043263,0.999978245262906,0.9991414070056841,0.9865218697686398,0.999978245262906,0.9932044813690432,0.9996302820730302,0.9999347357887179,0.9997824857528168,16.975761058884636,17.829783671234257,16.420295912012964,0.00016231637088500096,9,0.4659382118782097,45981
fedavg_sgd,0.1,30,102,55,45,Regular,5,own_client_rows,1.0,0.9915255948234961,0.9957447671280093,1.0,0.9988037915266043,0.9994015378205371,1.0,0.9900013122962156,0.9949755371305523,4.7917749715222255,9.561835364159045,4.590983109884146,0.09284263869678093,7,0.40363709594153263,175632
fedavg_sgd,0.1,30,102,55,45,Regular,5,validation,0.945939257592801,0.9920196294701576,0.968431598918642,0.8959773976625204,0.9988498357329495,0.9446210828117854,0.955987519358659,0.9903327218784836,0.9728570890538947,4.800016754796775,9.57049532358692,4.600384526272406,0.09284263869678093,7,0.40363709594153263,175632
fedavg_sgd,0.1,30,102,55,45,Unauth,5,own_client_rows,0.9979757085020243,0.9879759519038076,0.9929506545820745,0.9822834645669292,1.0,0.9910625620655412,0.9979647218453188,0.9826319305277221,0.9902389767754964,0.4020723739144957,18.372969898129593,0.3025102532539036,0.09284263869678093,3,0.09417093541668799,2402
fedavg_sgd,0.1,30,102,55,45,Unauth,5,validation,0.2836519703472493,0.9732262382864793,0.43927492447129907,0.12897099447513813,1.0,0.22847530203395014,0.30183180682764366,0.9705488621151271,0.4604636392505557,0.44368562608997186,19.188526403792252,0.333073977326134,0.09284263869678093,3,0.09417093541668799,2402
fedavg_sgd,0.1,30,102,55,45,Replay,6,own_client_rows,0.0,0.0,0.0,1.0,0.3704954954954955,0.5406737880032868,0.0,0.0,0.0,-7.489416723852759,-0.2523628956562764,-8.207209406672296,0.00041299982047530325,4,0.0017222278549775315,0
fedavg_sgd,0.1,30,102,55,45,Replay,6,validation,0.0,0.0,0.0,0.11147836538461539,0.3419354838709677,0.16813958758214367,0.0,0.0,0.0,-7.445379104262673,-0.4291929183467742,-8.097604046658986,0.00041299982047530325,4,0.0017222278549775315,0
fedavg_sgd,0.1,30,102,55,45,Injection,7,own_client_rows,0.36363636363636365,0.007633587786259542,0.014953271028037384,0.9562043795620438,1.0,0.9776119402985075,0.36363636363636365,0.007633587786259542,0.014953271028037384,-0.3701276415176974,14.768284455510496,-0.2968127418110389,0.04986135670441026,3,0.0761626549563234,201
fedavg_sgd,0.1,30,102,55,45,Injection,7,validation,0.028070175438596492,0.009445100354191263,0.014134275618374558,0.15247524752475247,1.0,0.2646048109965636,0.024875621890547265,0.0059031877213695395,0.009541984732824428,-0.5505240664431449,16.727194325560802,-0.45788397670777375,0.04986135670441026,3,0.0761626549563234,201
fedavg_sgd,0.1,30,102,55,45,Regular,7,own_client_rows,1.0,0.9899703798132803,0.9949599148366918,1.0,0.9982096659292865,0.9991040309226605,1.0,0.9878238536237861,0.9938746351423358,4.816485148769526,9.121002683560503,4.615082298577165,0.04986135670441026,7,0.40363709594153263,175632
fedavg_sgd,0.1,30,102,55,45,Regular,7,validation,0.945939257592801,0.9920196294701576,0.968431598918642,0.8985230354460879,0.9986139046012469,0.9459281276538685,0.955987519358659,0.9903327218784836,0.9728570890538947,4.800016754796775,9.097253554265635,4.600384526272406,0.04986135670441026,7,0.40363709594153263,175632
fedavg_sgd,0.1,30,102,55,45,Ip Spoofing,8,own_client_rows,0.9861111111111112,0.9669260700389105,0.9764243614931237,0.9431192660550459,1.0,0.9707271010387157,0.9771428571428571,0.9980544747081712,0.987487969201155,1.1699047756566148,15.09716796875,1.813241921510214,0.023477272452446886,7,0.24285412641701262,2847
fedavg_sgd,0.1,30,102,55,45,Ip Spoofing,8,validation,0.365205223880597,0.9136522753792299,0.5218260579806732,0.03454530796517252,1.0,0.06678355737385544,0.2996136283807517,0.9953325554259043,0.4605831533477322,0.6362783995086421,16.54181328398483,1.3825405837496354,0.023477272452446886,7,0.24285412641701262,2847
fedavg_sgd,0.1,30,102,55,45,Regular,8,own_client_rows,1.0,0.9899729810867607,0.9949612286153939,1.0,0.9971179825878115,0.9985569117912333,1.0,0.9882317622335635,0.9940810533309175,4.7415344745227905,8.365001360327229,4.541243655715251,0.023477272452446886,7,0.40363709594153263,175632
fedavg_sgd,0.1,30,102,55,45,Regular,8,validation,0.945939257592801,0.9920196294701576,0.968431598918642,0.9065346937900581,0.9977704508054099,0.9499670078198487,0.955987519358659,0.9903327218784836,0.9728570890538947,4.800016754796775,8.433956448034694,4.600384526272406,0.023477272452446886,7,0.40363709594153263,175632
fedavg_sgd,0.1,30,102,55,45,MITM,9,own_client_rows,0.9715302491103203,0.19117647058823528,0.3194850789935635,1.0,0.0014005602240896359,0.002797202797202797,0.9502923976608187,0.22759103641456582,0.3672316384180791,-2.5320795310311626,-19.347322522759104,-2.2245734719669117,0.001035290090515794,3,0.1078124869193469,3753
fedavg_sgd,0.1,30,102,55,45,MITM,9,validation,0.6989768443726441,0.09616951915240424,0.1690764621596978,0.5906002265005662,0.23182929539897756,0.3329608938547486,0.689048760991207,0.1915981329184263,0.29982608695652174,-1.0317735357567885,-2.304869515635998,-0.7560866571332981,0.001035290090515794,3,0.1078124869193469,3753
fedavg_sgd,0.1,30,102,55,45,Unauth,9,own_client_rows,0.42301458670988656,0.981203007518797,0.5911664779161948,0.35881294964028776,1.0,0.528127068166777,0.42786343612334804,0.9736842105263158,0.5944912012241775,0.4727582429584704,21.294677122493734,0.36513456186853854,0.001035290090515794,3,0.09417093541668799,2402
fedavg_sgd,0.1,30,102,55,45,Unauth,9,validation,0.2836519703472493,0.9732262382864793,0.43927492447129907,0.11896798853320592,1.0,0.2126387702818104,0.30183180682764366,0.9705488621151271,0.4604636392505557,0.44368562608997186,20.775313003315343,0.333073977326134,0.001035290090515794,3,0.09417093541668799,2402
fedavg_sgd,0.1,30,102,55,45,Ip Spoofing,10,own_client_rows,1.0,0.7168922895821072,0.8351045594789167,1.0,1.0,1.0,1.0,0.8975868157739847,0.9460297766749379,0.5376905561405606,40.97506805473808,1.121866406939744,0.0007901877195805634,7,0.24285412641701262,2847
fedavg_sgd,0.1,30,102,55,45,Ip Spoofing,10,validation,0.365205223880597,0.9136522753792299,0.5218260579806732,0.02789895175467153,1.0,0.05428345209817894,0.2996136283807517,0.9953325554259043,0.4605831533477322,0.6362783995086421,34.92346348089265,1.3825405837496354,0.0007901877195805634,7,0.24285412641701262,2847
fedavg_sgd,0.1,30,102,55,45,Ip Spoofing,11,own_client_rows,0.907176287051482,0.8301213418986438,0.8669399925456579,0.8750780762023735,1.0,0.9333777481678881,0.9062095730918499,1.0,0.9507974211062097,0.7528832467601267,11.532638517130621,1.3555353179648466,0.17256416147548836,7,0.24285412641701262,2847
fedavg_sgd,0.1,30,102,55,45,Ip Spoofing,11,validation,0.365205223880597,0.9136522753792299,0.5218260579806732,0.0470898888766641,0.9988331388564761,0.08993958497504596,0.2996136283807517,0.9953325554259043,0.4605831533477322,0.6362783995086421,12.376100769399066,1.3825405837496354,0.17256416147548836,7,0.24285412641701262,2847
fedavg_sgd,0.1,30,102,55,45,Regular,11,own_client_rows,0.9947978370099909,0.9926029278231789,0.9936991703745993,0.9989205969469127,0.9709792261865214,0.9847517491549027,0.9957782789951303,0.991215976790025,0.9934918901820634,4.775684466433916,4.067580415389759,4.573799823871407,0.17256416147548836,7,0.40363709594153263,175632
fedavg_sgd,0.1,30,102,55,45,Regular,11,validation,0.945939257592801,0.9920196294701576,0.968431598918642,0.987086190215791,0.9688629888935419,0.9778896985283612,0.955987519358659,0.9903327218784836,0.9728570890538947,4.800016754796775,4.102497705431503,4.600384526272406,0.17256416147548836,7,0.40363709594153263,175632
fedavg_sgd,0.1,30,102,55,45,Video,11,own_client_rows,0.7325802615933412,0.7326673801878939,0.7326238183007313,0.4385514529167577,0.9548103222737543,0.6010405359883221,0.7306753458096013,0.7475324057557379,0.7390077592287797,0.9629563127350532,4.004562982184267,1.0272946692856983,0.17256416147548836,4,0.19767482961431956,14599
fedavg_sgd,0.1,30,102,55,45,Video,11,validation,0.6267565649396736,0.7351814851814852,0.6766531300283504,0.4217976456782427,0.9575424575424576,0.5856266388330236,0.6210699362970067,0.7548285048285048,0.681447521701552,0.9584640823044144,3.8543995067432566,1.0226241857101233,0.17256416147548836,4,0.19767482961431956,14599
fedavg_sgd,0.1,30,102,55,45,Video,12,own_client_rows,1.0,0.7638663320045278,0.8661272321428571,1.0,1.0,1.0,1.0,0.7895073576455535,0.8823739721129782,0.9539988549817905,12.772638909395148,1.0312289971055415,0.009450161432700098,4,0.19767482961431956,14599
fedavg_sgd,0.1,30,102,55,45,Video,12,validation,0.6267565649396736,0.7351814851814852,0.6766531300283504,0.06151482562605623,1.0,0.11590007815439836,0.6210699362970067,0.7548285048285048,0.681447521701552,0.9584640823044144,13.16863344988345,1.0226241857101233,0.009450161432700098,4,0.19767482961431956,14599
fedavg_sgd,0.1,30,102,55,45,Injection,13,own_client_rows,1.0,0.002751031636863824,0.0054869684499314125,1.0,1.0,1.0,1.0,0.0020632737276478678,0.004118050789293068,-0.3815932660844008,19.408975509370702,-0.30114645347962515,0.0006762406970395169,3,0.0761626549563234,201
fedavg_sgd,0.1,30,102,55,45,Injection,13,validation,0.028070175438596492,0.009445100354191263,0.014134275618374558,0.06854969245710586,1.0,0.12830417329394833,0.024875621890547265,0.0059031877213695395,0.009541984732824428,-0.5505240664431449,21.99248957718418,-0.45788397670777375,0.0006762406970395169,3,0.0761626549563234,201
fedavg_sgd,0.1,30,102,55,45,Replay,14,own_client_rows,0.0,0.0,0.0,1.0,0.033296337402885685,0.0644468313641246,0.0,0.0,0.0,-7.346863402642897,-1.497764257162181,-8.05202010786626,0.00041904598901829754,4,0.0017222278549775315,0
fedavg_sgd,0.1,30,102,55,45,Replay,14,validation,0.0,0.0,0.0,0.38162544169611307,0.09953917050691244,0.15789473684210525,0.0,0.0,0.0,-7.445379104262673,-1.5992513770881336,-8.097604046658986,0.00041904598901829754,4,0.0017222278549775315,0
fedavg_sgd,0.1,30,102,55,45,Regular,15,own_client_rows,1.0,0.9922549188816017,0.9961124045698196,1.0,0.9985545391784605,0.9992767468722001,1.0,0.990723161891612,0.9953399657541669,4.960469339072478,9.490666635373069,4.764588445229575,0.021557846484990154,7,0.40363709594153263,175632
fedavg_sgd,0.1,30,102,55,45,Regular,15,validation,0.945939257592801,0.9920196294701576,0.968431598918642,0.8983081420333067,0.9987141753322205,0.9458540018769273,0.955987519358659,0.9903327218784836,0.9728570890538947,4.800016754796775,9.308979902906966,4.600384526272406,0.021557846484990154,7,0.40363709594153263,175632
fedavg_sgd,0.1,30,102,55,45,DoS,16,own_client_rows,1.0,0.9999902957138594,0.9999951478333863,1.0,1.0,1.0,1.0,0.9999878696423242,0.9999939347843755,16.882516035953774,19.984812289917368,16.440548965401796,0.19170493581294457,9,0.4659382118782097,45981
fedavg_sgd,0.1,30,102,55,45,DoS,16,validation,0.9983059682043263,0.999978245262906,0.9991414070056841,0.9852323388203018,1.0,0.9925612428878356,0.9996302820730302,0.9999347357887179,0.9997824857528168,16.975761058884636,20.243889255811233,16.420295912012964,0.19170493581294457,9,0.4659382118782097,45981
fedavg_sgd,0.1,30,102,55,45,Ip Spoofing,17,own_client_rows,0.989010989010989,0.9326424870466321,0.96,0.9601990049751243,1.0,0.9796954314720813,0.9897435897435898,1.0,0.9948453608247423,1.265507198985994,16.85496275906736,1.9740195793191386,0.011670965647530698,7,0.24285412641701262,2847
fedavg_sgd,0.1,30,102,55,45,Ip Spoofing,17,validation,0.365205223880597,0.9136522753792299,0.5218260579806732,0.0259304084720121,1.0,0.05055003391630047,0.2996136283807517,0.9953325554259043,0.4605831533477322,0.6362783995086421,17.523036391481913,1.3825405837496354,0.011670965647530698,7,0.24285412641701262,2847
fedavg_sgd,0.1,30,102,55,45,Regular,17,own_client_rows,1.0,0.993454078149472,0.9967162916255363,1.0,0.9973896630657403,0.9986931258419286,1.0,0.9924501024055259,0.996210746966582,4.841220549783392,7.79811815531693,4.642250136713259,0.011670965647530698,7,0.40363709594153263,175632
fedavg_sgd,0.1,30,102,55,45,Regular,17,validation,0.945939257592801,0.9920196294701576,0.968431598918642,0.91426562457744,0.9970095729056688,0.9538465011031922,0.955987519358659,0.9903327218784836,0.9728570890538947,4.800016754796775,7.745372190115518,4.600384526272406,0.011670965647530698,7,0.40363709594153263,175632
fedavg_sgd,0.1,30,102,55,45,Replay,18,own_client_rows,0.0,0.0,0.0,1.0,0.4146868250539957,0.5862595419847328,0.0,0.0,0.0,-7.403005513465173,0.005061444144527032,-8.114477169951403,0.00043067323621636354,4,0.0017222278549775315,0
fedavg_sgd,0.1,30,102,55,45,Replay,18,validation,0.0,0.0,0.0,0.03015003910972054,0.39078341013824885,0.05598098758912068,0.0,0.0,0.0,-7.445379104262673,-0.11800147553193405,-8.097604046658986,0.00043067323621636354,4,0.0017222278549775315,0
fedavg_sgd,0.1,30,102,55,45,DoS,19,own_client_rows,1.0,0.9999887235002255,0.9999943617183227,1.0,1.0,1.0,1.0,0.9999774470004511,0.9999887233730647,17.094756840562628,20.453690300624437,16.58447396670261,0.16497668504391844,9,0.4659382118782097,45981
fedavg_sgd,0.1,30,102,55,45,DoS,19,validation,0.9983059682043263,0.999978245262906,0.9991414070056841,0.9861623616236163,1.0,0.993032977241059,0.9996302820730302,0.9999347357887179,0.9997824857528168,16.975761058884636,20.119004402954836,16.420295912012964,0.16497668504391844,9,0.4659382118782097,45981
fedavg_sgd,0.1,30,102,55,45,Replay,20,own_client_rows,0.0,0.0,0.0,1.0,0.06174089068825911,0.11630123927550047,0.0,0.0,0.0,-7.326012738803137,-1.5427982469319332,-7.997711799405365,0.00045950880926756715,4,0.0017222278549775315,0
fedavg_sgd,0.1,30,102,55,45,Replay,20,validation,0.0,0.0,0.0,0.3553299492385787,0.12903225806451613,0.18931710615280595,0.0,0.0,0.0,-7.445379104262673,-1.5619867421514977,-8.097604046658986,0.00045950880926756715,4,0.0017222278549775315,0
fedavg_sgd,0.1,30,102,55,45,Ip Spoofing,21,own_client_rows,1.0,0.8515176374077112,0.9198050509525919,1.0,1.0,1.0,1.0,0.9975389663658737,0.9987679671457905,0.8012053416927297,32.53850171759639,1.3850624391150532,0.0005669445733776967,7,0.24285412641701262,2847
fedavg_sgd,0.1,30,102,55,45,Ip Spoofing,21,validation,0.365205223880597,0.9136522753792299,0.5218260579806732,0.028344633702662478,1.0,0.05512672069985849,0.2996136283807517,0.9953325554259043,0.4605831533477322,0.6362783995086421,30.26309072345391,1.3825405837496354,0.0005669445733776967,7,0.24285412641701262,2847
fedavg_sgd,0.1,30,102,55,45,Ip Spoofing,22,own_client_rows,1.0,0.732120451693852,0.8453458891705904,1.0,1.0,1.0,1.0,0.9335006273525721,0.9656067488643738,0.5676993222876804,17.199851003764117,1.1573242800148997,0.008159536993714776,7,0.24285412641701262,2847
fedavg_sgd,0.1,30,102,55,45,Ip Spoofing,22,validation,0.365205223880597,0.9136522753792299,0.5218260579806732,0.03674326873606586,1.0,0.07088209751457757,0.2996136283807517,0.9953325554259043,0.4605831533477322,0.6362783995086421,15.790636167225788,1.3825405837496354,0.008159536993714776,7,0.24285412641701262,2847
fedavg_sgd,0.1,30,102,55,45,Video,22,own_client_rows,1.0,0.7391222570532915,0.8499945924510617,1.0,0.9997492163009405,0.9998745924253825,1.0,0.7545454545454545,0.8601036269430051,0.969460632898217,8.78670803536442,1.0321076147384405,0.008159536993714776,4,0.19767482961431956,14599
fedavg_sgd,0.1,30,102,55,45,Video,22,validation,0.6267565649396736,0.7351814851814852,0.6766531300283504,0.06467787627777719,0.9997502497502497,0.1214957053104418,0.6210699362970067,0.7548285048285048,0.681447521701552,0.9584640823044144,8.469011457292707,1.0226241857101233,0.008159536993714776,4,0.19767482961431956,14599
fedavg_sgd,0.1,30,102,55,45,DoS,23,own_client_rows,1.0,0.9994866002669679,0.9997432342217429,1.0,1.0,1.0,1.0,0.9994866002669679,0.9997432342217429,21.639778492080808,25.523689386744017,21.260081887257417,0.0045295104184785795,9,0.4659382118782097,45981
fedavg_sgd,0.1,30,102,55,45,DoS,23,validation,0.9983059682043263,0.999978245262906,0.9991414070056841,0.9966176661896708,0.999978245262906,0.9982951275396628,0.9996302820730302,0.9999347357887179,0.9997824857528168,16.975761058884636,17.59881766403072,16.420295912012964,0.0045295104184785795,9,0.4659382118782097,45981
fedavg_sgd,0.1,30,102,55,45,DoS,24,own_client_rows,0.999842940160201,0.999842940160201,0.999842940160201,0.9998429648241206,1.0,0.9999214762465646,0.9998428908091124,0.9995288204806031,0.9996858309770656,26.992963596474006,26.853795694597142,26.593362872035495,0.007500969712416318,9,0.4659382118782097,45981
fedavg_sgd,0.1,30,102,55,45,DoS,24,validation,0.9983059682043263,0.999978245262906,0.9991414070056841,0.9998901654108912,0.990232123044793,0.9950377090392393,0.9996302820730302,0.9999347357887179,0.9997824857528168,16.975761058884636,15.19222715140753,16.420295912012964,0.007500969712416318,9,0.4659382118782097,45981
fedavg_sgd,0.1,30,102,55,45,Video,24,own_client_rows,1.0,0.7210326810777584,0.8379070182748973,1.0,0.9994877574019055,0.9997438130860276,1.0,0.7483864358160025,0.8560881284425172,0.9658151225420359,13.073263097402931,1.0734159948151445,0.007500969712416318,4,0.19767482961431956,14599
fedavg_sgd,0.1,30,102,55,45,Video,24,validation,0.6267565649396736,0.7351814851814852,0.6766531300283504,0.06191720661233705,1.0,0.11661400008737313,0.6210699362970067,0.7548285048285048,0.681447521701552,0.9584640823044144,13.11610362293956,1.0226241857101233,0.007500969712416318,4,0.19767482961431956,14599
fedavg_sgd,0.1,30,102,55,45,DoS,25,own_client_rows,1.0,0.9997317308724112,0.9998658474417107,1.0,1.0,1.0,1.0,0.9994634617448224,0.9997316588847743,22.089054451926174,23.2325916390573,21.832392994151732,0.008668345331102141,9,0.4659382118782097,45981
fedavg_sgd,0.1,30,102,55,45,DoS,25,validation,0.9983059682043263,0.999978245262906,0.9991414070056841,0.9953228530596336,0.999978245262906,0.997645118232428,0.9996302820730302,0.9999347357887179,0.9997824857528168,16.975761058884636,17.412754581411665,16.420295912012964,0.008668345331102141,9,0.4659382118782097,45981
fedavg_sgd,0.1,30,102,55,45,Manipulation,26,own_client_rows,1.0,0.3539736713798147,0.522866402592726,1.0,1.0,1.0,1.0,0.056557776694295465,0.1070604522381172,-0.3305800952660288,44.09172735860556,-0.9760549350926377,0.0009538993601293322,2,0.03261675384001466,111
fedavg_sgd,0.1,30,102,55,45,Manipulation,26,validation,0.40511440107671604,0.30935251798561153,0.3508158508158508,0.022524190934765497,1.0,0.04405605487763465,0.16216216216216217,0.018499486125385406,0.033210332103321034,-0.3802943685439483,42.900095548561154,-1.0169840202057103,0.0009538993601293322,2,0.03261675384001466,111
fedavg_sgd,0.1,30,102,55,45,DoS,27,own_client_rows,1.0,0.9999911501292081,0.9999955750450239,1.0,1.0,1.0,1.0,0.9999911501292081,0.9999955750450239,16.87892121872677,18.59625147129102,16.567780710987556,0.052553296975706494,9,0.4659382118782097,45981
fedavg_sgd,0.1,30,102,55,45,DoS,27,validation,0.9983059682043263,0.999978245262906,0.9991414070056841,0.990027999138488,1.0,0.9949890147948527,0.9996302820730302,0.9999347357887179,0.9997824857528168,16.975761058884636,18.73904551260959,16.420295912012964,0.052553296975706494,9,0.4659382118782097,45981
fedavg_sgd,0.1,30,102,55,45,DoS,28,own_client_rows,1.0,0.9999089584850692,0.999954477170301,1.0,1.0,1.0,1.0,0.9996813546977422,0.999840651961119,19.92912631441187,21.721887198140475,19.682318101898215,0.01021709465788453,9,0.4659382118782097,45981
fedavg_sgd,0.1,30,102,55,45,DoS,28,validation,0.9983059682043263,0.999978245262906,0.9991414070056841,0.9933869294605809,0.999978245262906,0.9966716898491961,0.9996302820730302,0.9999347357887179,0.9997824857528168,16.975761058884636,17.662030896485522,16.420295912012964,0.01021709465788453,9,0.4659382118782097,45981
fedavg_sgd,0.1,30,102,55,45,Manipulation,29,own_client_rows,1.0,0.3682170542635659,0.5382436260623229,0.9631357909472702,1.0,0.9812217732350844,1.0,0.07315891472868218,0.1363431151241535,-0.2934499932814014,34.94839359253876,-0.9348872576573098,0.03166285447988533,2,0.03261675384001466,111
fedavg_sgd,0.1,30,102,55,45,Manipulation,29,validation,0.40511440107671604,0.30935251798561153,0.3508158508158508,0.029102111622898847,1.0,0.05655825849391112,0.16216216216216217,0.018499486125385406,0.033210332103321034,-0.3802943685439483,33.97322532598921,-1.0169840202057103,0.03166285447988533,2,0.03261675384001466,111
fedavg_sgd,0.1,30,102,55,45,Regular,29,own_client_rows,1.0,0.9903052336590169,0.9951290052515412,1.0,0.9969703855184427,0.9984828946370325,1.0,0.9885480572597137,0.9942410530645824,4.8155953843349995,7.281902018007271,4.613041972586723,0.03166285447988533,7,0.40363709594153263,175632
fedavg_sgd,0.1,30,102,55,45,Regular,29,validation,0.945939257592801,0.9920196294701576,0.968431598918642,0.9031025131851472,0.9978707215363836,0.9481244027987548,0.955987519358659,0.9903327218784836,0.9728570890538947,4.800016754796775,7.278863570426918,4.600384526272406,0.03166285447988533,7,0.40363709594153263,175632
fednova_sgd,0.1,30,102,11,45,Unauth,0,own_client_rows,0.0,0.0,0.0,1.0,1.0,1.0,1.0,0.9920634920634921,0.9960159362549801,-1.5795180547805059,3.730993458581349,1.6061343238467263,0.0002930066293912625,3,0.09417093541668799,2891
fednova_sgd,0.1,30,102,11,45,Unauth,0,validation,0.0,0.0,0.0,0.03087748344370861,0.998661311914324,0.05990283855944112,0.25735039778623314,0.9959839357429718,0.4090159428257284,-1.5341532348469398,3.4625382276583547,1.681283789944936,0.0002930066293912625,3,0.09417093541668799,2891
fednova_sgd,0.1,30,102,11,45,MITM,1,own_client_rows,1.0,0.11296164442930998,0.20299287939474855,1.0,0.9996594743522274,0.9998297081817478,1.0,0.1368293966504659,0.24072107398633008,-0.9801370518992044,8.187711558814197,-1.8235858118586121,0.08114330256608694,3,0.1078124869193469,3186
fednova_sgd,0.1,30,102,11,45,MITM,1,validation,0.1160333642261353,0.13914203156256946,0.12654133818475843,0.0702898701731719,0.999629547306809,0.13134415537005037,0.4817953546767106,0.1137289768096614,0.18401966073248216,-0.932519174906345,8.196309538693784,-1.9289416383617657,0.08114330256608694,3,0.1078124869193469,3186
fednova_sgd,0.1,30,102,11,45,Password Cracking,1,own_client_rows,1.0,1.0,1.0,1.0,1.0,1.0,1.0,1.0,1.0,12.231226280587258,16.273331844544632,13.309718742581243,0.08114330256608694,1,0.08114330256608694,0
fednova_sgd,0.1,30,102,11,45,Password Cracking,1,validation,0.0,0.0,0.0,0.0,0.0,0.0,0.0,0.0,0.0,nan,nan,nan,0.08114330256608694,1,0.08114330256608694,0
fednova_sgd,0.1,30,102,11,45,MITM,2,own_client_rows,1.0,0.14988388126859714,0.26069394259747225,1.0,1.0,1.0,1.0,0.1574678859133464,0.27209028920761813,-0.6569115353371185,12.591355334657813,-1.7626410014432627,0.02563389426274416,3,0.1078124869193469,3186
fednova_sgd,0.1,30,102,11,45,MITM,2,validation,0.1160333642261353,0.13914203156256946,0.12654133818475843,0.0687635408966941,0.9994072756908943,0.12867377016340587,0.4817953546767106,0.1137289768096614,0.18401966073248216,-0.932519174906345,11.958939370786101,-1.9289416383617657,0.02563389426274416,3,0.1078124869193469,3186
fednova_sgd,0.1,30,102,11,45,DoS,3,own_client_rows,0.9999813464157138,1.0,0.999990673120867,1.0,0.9999067303387554,0.9999533629944688,0.9999440413348007,1.0,0.9999720198845354,20.676244355728155,20.178332594219846,20.36889493595289,0.02562505755487363,9,0.4659382118782097,45970
fednova_sgd,0.1,30,102,11,45,DoS,3,validation,0.9999347301090007,0.999847716840342,0.9998912215816382,1.0,0.999477886309744,0.9997388749863997,0.9999347400478573,1.0,0.9999673689591786,17.264132718512737,16.230837518287576,17.377393700915874,0.02562505755487363,9,0.4659382118782097,45970
fednova_sgd,0.1,30,102,11,45,Injection,3,own_client_rows,1.0,0.9950576606260296,0.9975227085053675,0.9983079526226735,0.9719934102141681,0.9849749582637729,0.0,0.0,0.0,1.5923867139234966,6.5115039706033775,-1.6453925797338345,0.02562505755487363,3,0.0761626549563234,0
fednova_sgd,0.1,30,102,11,45,Injection,3,validation,0.29313929313929316,0.9988193624557261,0.4532547548888294,0.3432712215320911,0.9787485242030697,0.5082771305947271,0.0,0.0,0.0,1.4678307975760034,6.804315668351535,-1.832431617565673,0.02562505755487363,3,0.0761626549563234,0
fednova_sgd,0.1,30,102,11,45,Ip Spoofing,3,own_client_rows,0.997737556561086,1.0,0.9988674971687429,0.9767441860465116,1.0,0.9882352941176471,0.9934924078091106,0.5192743764172335,0.6820551005212211,3.734680037379535,7.043137046485261,0.5601369637210353,0.02562505755487363,7,0.24285412641701262,350
fednova_sgd,0.1,30,102,11,45,Ip Spoofing,3,validation,0.28580968280467445,0.9988331388564761,0.4444444444444444,0.22863247863247863,0.9988331388564761,0.37209302325581395,0.3057142857142857,0.12485414235705951,0.17729908864954433,2.5438148382803383,6.161585768852101,-0.6507346866567605,0.02562505755487363,7,0.24285412641701262,350
fednova_sgd,0.1,30,102,11,45,DoS,4,own_client_rows,1.0,0.997134670487106,0.9985652797704447,1.0,1.0,1.0,1.0,1.0,1.0,45.9987352256447,46.98453169770774,44.54344164129656,0.00016231637088500096,9,0.4659382118782097,45970
fednova_sgd,0.1,30,102,11,45,DoS,4,validation,0.9999347301090007,0.999847716840342,0.9998912215816382,0.9919293929781403,1.0,0.9959483468388439,0.9999347400478573,1.0,0.9999673689591786,17.264132718512737,17.50630369001131,17.377393700915874,0.00016231637088500096,9,0.4659382118782097,45970
fednova_sgd,0.1,30,102,11,45,Regular,5,own_client_rows,1.0,0.6991157142424518,0.8229171308137203,1.0,0.9988138861128777,0.9994065911311888,1.0,0.9946246328094243,0.9973050732944151,0.8444128447665958,8.431268549788077,5.616082123087076,0.09284263869678093,7,0.40363709594153263,182872
fednova_sgd,0.1,30,102,11,45,Regular,5,validation,0.9981389787119375,0.699128824296188,0.8222953731099958,0.8923832509511714,0.9988380391763644,0.9426145329759787,0.9219891508814909,0.9944851097964504,0.9568659498940164,0.8567000947940874,8.440625718852667,5.622983117146074,0.09284263869678093,7,0.40363709594153263,182872
fednova_sgd,0.1,30,102,11,45,Unauth,5,own_client_rows,0.0,0.0,0.0,0.9887714663143989,1.0,0.994354035204251,0.9979879275653923,0.9939879759519038,0.9959839357429718,-1.587542598217268,12.975807082915832,1.6185920017117568,0.09284263869678093,3,0.09417093541668799,2891
fednova_sgd,0.1,30,102,11,45,Unauth,5,validation,0.0,0.0,0.0,0.20499451152579584,1.0,0.3402414028695058,0.25735039778623314,0.9959839357429718,0.4090159428257284,-1.5341532348469398,13.164358361179092,1.681283789944936,0.09284263869678093,3,0.09417093541668799,2891
fednova_sgd,0.1,30,102,11,45,Replay,6,own_client_rows,0.0,0.0,0.0,1.0,1.0,1.0,0.0,0.0,0.0,-2.003625268334741,7.993197054476352,-0.5822271398595862,0.00041299982047530325,4,0.0017222278549775315,0
fednova_sgd,0.1,30,102,11,45,Replay,6,validation,0.0,0.0,0.0,0.36070478723404253,1.0,0.5301734668946982,0.0,0.0,0.0,-1.9217928697436637,8.25961441532258,-0.5854711576540899,0.00041299982047530325,4,0.0017222278549775315,0
fednova_sgd,0.1,30,102,11,45,Injection,7,own_client_rows,0.981203007518797,0.9961832061068703,0.9886363636363636,0.9703703703703703,1.0,0.9849624060150376,0.0,0.0,0.0,1.5896614598863907,8.409530057251908,-1.5754481890729366,0.04986135670441026,3,0.0761626549563234,0
fednova_sgd,0.1,30,102,11,45,Injection,7,validation,0.29313929313929316,0.9988193624557261,0.4532547548888294,0.27898550724637683,1.0,0.43626062322946174,0.0,0.0,0.0,1.4678307975760034,8.865679420011807,-1.832431617565673,0.04986135670441026,3,0.0761626549563234,0
fednova_sgd,0.1,30,102,11,45,Regular,7,own_client_rows,1.0,0.7075568970042369,0.8287359539768018,1.0,0.9985939784784973,0.9992964946674295,1.0,0.9934291927561771,0.9967037669219955,0.8867810941476405,7.952734298108198,5.65854498686688,0.04986135670441026,7,0.40363709594153263,182872
fednova_sgd,0.1,30,102,11,45,Regular,7,validation,0.9981389787119375,0.699128824296188,0.8222953731099958,0.8922602739726028,0.9988793271244124,0.9425643052142673,0.9219891508814909,0.9944851097964504,0.9568659498940164,0.8567000947940874,7.9309296866244745,5.622983117146074,0.04986135670441026,7,0.40363709594153263,182872
fednova_sgd,0.1,30,102,11,45,Ip Spoofing,8,own_client_rows,0.9661654135338346,1.0,0.982791586998088,0.9500924214417745,1.0,0.9744075829383886,0.9783950617283951,0.6167315175097277,0.7565632458233891,3.90927468385214,7.379452004043045,0.7288148635092413,0.023477272452446886,7,0.24285412641701262,350
fednova_sgd,0.1,30,102,11,45,Ip Spoofing,8,validation,0.28580968280467445,0.9988331388564761,0.4444444444444444,0.2555986861749776,0.9988331388564761,0.4070375653827865,0.3057142857142857,0.12485414235705951,0.17729908864954433,2.5438148382803383,5.946886736982205,-0.6507346866567605,0.023477272452446886,7,0.24285412641701262,350
fednova_sgd,0.1,30,102,11,45,Regular,8,own_client_rows,1.0,0.6986090263184229,0.822566011947544,1.0,0.9981587110977684,0.9990785071816343,1.0,0.9932552786950866,0.996616228048156,0.8175248198641393,7.324833047195537,5.569600517237066,0.023477272452446886,7,0.40363709594153263,182872
fednova_sgd,0.1,30,102,11,45,Regular,8,validation,0.9981389787119375,0.699128824296188,0.8222953731099958,0.8977363713008574,0.9986080063229543,0.9454893726335541,0.9219891508814909,0.9944851097964504,0.9568659498940164,0.8567000947940874,7.3874019710755805,5.622983117146074,0.023477272452446886,7,0.40363709594153263,182872
fednova_sgd,0.1,30,102,11,45,MITM,9,own_client_rows,1.0,0.0035014005602240898,0.006978367062107467,1.0,0.00980392156862745,0.019417475728155338,0.0,0.0,0.0,-3.259879488904937,-6.120626668636205,-2.8896463858981094,0.001035290090515794,3,0.1078124869193469,3186
fednova_sgd,0.1,30,102,11,45,MITM,9,validation,0.1160333642261353,0.13914203156256946,0.12654133818475843,0.0804013240965089,0.17455730903163666,0.11009345794392524,0.4817953546767106,0.1137289768096614,0.18401966073248216,-0.932519174906345,-1.2852224358595892,-1.9289416383617657,0.001035290090515794,3,0.1078124869193469,3186
fednova_sgd,0.1,30,102,11,45,Unauth,9,own_client_rows,0.0,0.0,0.0,0.36639118457300274,1.0,0.5362903225806451,0.36662043458159965,0.993734335839599,0.535629854778791,-1.520766638275376,2.37511396288573,1.7122189323406172,0.001035290090515794,3,0.09417093541668799,2891
fednova_sgd,0.1,30,102,11,45,Unauth,9,validation,0.0,0.0,0.0,0.04621770646180534,0.998661311914324,0.08834675509237329,0.25735039778623314,0.9959839357429718,0.4090159428257284,-1.5341532348469398,2.505662558069191,1.681283789944936,0.001035290090515794,3,0.09417093541668799,2891
fednova_sgd,0.1,30,102,11,45,Ip Spoofing,10,own_client_rows,1.0,1.0,1.0,1.0,1.0,1.0,1.0,0.44025897586815776,0.6113608500204332,3.222969508718364,7.548079178009123,0.07307404893647228,0.0007901877195805634,7,0.24285412641701262,350
fednova_sgd,0.1,30,102,11,45,Ip Spoofing,10,validation,0.28580968280467445,0.9988331388564761,0.4444444444444444,0.23241922345913657,0.9988331388564761,0.37709251101321584,0.3057142857142857,0.12485414235705951,0.17729908864954433,2.5438148382803383,6.412538971338973,-0.6507346866567605,0.0007901877195805634,7,0.24285412641701262,350
fednova_sgd,0.1,30,102,11,45,Ip Spoofing,11,own_client_rows,0.8917886696371737,1.0,0.9427994616419919,0.7412698412698413,1.0,0.8514129443938013,0.88,0.43968593861527483,0.5863874345549738,3.3754307748929335,10.27606397216274,0.22127102205874152,0.17256416147548836,7,0.24285412641701262,350
fednova_sgd,0.1,30,102,11,45,Ip Spoofing,11,validation,0.28580968280467445,0.9988331388564761,0.4444444444444444,0.190815871600535,0.9988331388564761,0.3204192401272693,0.3057142857142857,0.12485414235705951,0.17729908864954433,2.5438148382803383,7.883896176706535,-0.6507346866567605,0.17256416147548836,7,0.24285412641701262,350
fednova_sgd,0.1,30,102,11,45,Regular,11,own_client_rows,0.9998018679886035,0.698477952738467,0.8224081254145744,0.9992898183922424,0.9465677806568777,0.972214560912154,0.9908844006341766,0.9948646823023941,0.9928705523836889,0.8282692800911363,3.305688470885188,5.604692169453719,0.17256416147548836,7,0.40363709594153263,182872
fednova_sgd,0.1,30,102,11,45,Regular,11,validation,0.9981389787119375,0.699128824296188,0.8222953731099958,0.9893561818159354,0.9446387599459718,0.966480497497126,0.9219891508814909,0.9944851097964504,0.9568659498940164,0.8567000947940874,3.3287478616437176,5.622983117146074,0.17256416147548836,7,0.40363709594153263,182872
fednova_sgd,0.1,30,102,11,45,Video,11,own_client_rows,0.09181602784296387,0.963134736591747,0.16764992030470513,0.3021876158694846,0.9691996670234273,0.46072528901325643,0.8757588021044111,0.5146866452610298,0.6483409482435772,2.3251078062752706,4.86415503478416,0.3219092998851677,0.17256416147548836,4,0.19767482961431956,7635
fednova_sgd,0.1,30,102,11,45,Video,11,validation,0.19950634096518852,0.9756909756909757,0.3312746442048137,0.37723818111554813,0.9751914751914752,0.5440274939624744,0.7795677799607073,0.4955044955044955,0.6058940296228432,2.310491754339411,4.741233701194639,0.3225737478667166,0.17256416147548836,4,0.19767482961431956,7635
fednova_sgd,0.1,30,102,11,45,Video,12,own_client_rows,1.0,0.9825286677493971,0.9911873495022714,1.0,0.9968010236724248,0.9983979493752002,1.0,0.5015502731433633,0.6680432645034415,2.3901007446847777,9.267835446503273,0.307752069217658,0.009450161432700098,4,0.19767482961431956,7635
fednova_sgd,0.1,30,102,11,45,Video,12,validation,0.19950634096518852,0.9756909756909757,0.3312746442048137,0.06371433572553825,1.0,0.11979595194997532,0.7795677799607073,0.4955044955044955,0.6058940296228432,2.310491754339411,9.599127435064934,0.3225737478667166,0.009450161432700098,4,0.19767482961431956,7635
fednova_sgd,0.1,30,102,11,45,Injection,13,own_client_rows,1.0,0.9986244841815681,0.9993117687543015,1.0,1.0,1.0,0.0,0.0,0.0,1.606849471017452,9.106794564563273,-1.5822752227153543,0.0006762406970395169,3,0.0761626549563234,0
fednova_sgd,0.1,30,102,11,45,Injection,13,validation,0.29313929313929316,0.9988193624557261,0.4532547548888294,0.2565889124507725,1.0,0.40838958534233366,0.0,0.0,0.0,1.4678307975760034,9.673174393078513,-1.832431617565673,0.0006762406970395169,3,0.0761626549563234,0
fednova_sgd,0.1,30,102,11,45,Replay,14,own_client_rows,0.0,0.0,0.0,1.0,1.0,1.0,0.0,0.0,0.0,-2.1062109266613485,7.36803291481687,-0.6518027658070893,0.00041904598901829754,4,0.0017222278549775315,0
fednova_sgd,0.1,30,102,11,45,Replay,14,validation,0.0,0.0,0.0,0.3602257636122178,1.0,0.529655845740786,0.0,0.0,0.0,-1.9217928697436637,7.732087053571429,-0.5854711576540899,0.00041904598901829754,4,0.0017222278549775315,0
fednova_sgd,0.1,30,102,11,45,Regular,15,own_client_rows,1.0,0.7310148429409734,0.8446084052046463,1.0,0.9991586123576113,0.9995791291210273,1.0,0.9946496375560925,0.9973176429869344,0.979010091142322,10.341476782791196,5.782268277932991,0.021557846484990154,7,0.40363709594153263,182872
fednova_sgd,0.1,30,102,11,45,Regular,15,validation,0.9981389787119375,0.699128824296188,0.8222953731099958,0.8795541619511384,0.9993157997180623,0.9356180988328588,0.9219891508814909,0.9944851097964504,0.9568659498940164,0.8567000947940874,10.170329674127498,5.622983117146074,0.021557846484990154,7,0.40363709594153263,182872
fednova_sgd,0.1,30,102,11,45,DoS,16,own_client_rows,1.0,0.9999708871415782,0.9999854433588964,1.0,1.0,1.0,1.0,0.9999927217853946,0.9999963608794541,17.416729700301318,20.934821048414683,17.329803614058115,0.19170493581294457,9,0.4659382118782097,45970
fednova_sgd,0.1,30,102,11,45,DoS,16,validation,0.9999347301090007,0.999847716840342,0.9998912215816382,0.9945044245872909,0.999956490525812,0.997223005662465,0.9999347400478573,1.0,0.9999673689591786,17.264132718512737,21.055452824852612,17.377393700915874,0.19170493581294457,9,0.4659382118782097,45970
fednova_sgd,0.1,30,102,11,45,Ip Spoofing,17,own_client_rows,0.9846938775510204,1.0,0.9922879177377892,0.9698492462311558,1.0,0.9846938775510204,0.9927007299270073,0.7046632124352331,0.8242424242424242,4.23675979851441,6.839140422603627,1.0835233698237128,0.011670965647530698,7,0.24285412641701262,350
fednova_sgd,0.1,30,102,11,45,Ip Spoofing,17,validation,0.28580968280467445,0.9988331388564761,0.4444444444444444,0.2681704260651629,0.9988331388564761,0.4228204494937021,0.3057142857142857,0.12485414235705951,0.17729908864954433,2.5438148382803383,4.902724347287048,-0.6507346866567605,0.011670965647530698,7,0.24285412641701262,350
fednova_sgd,0.1,30,102,11,45,Regular,17,own_client_rows,1.0,0.7005341150957792,0.8238989254929744,1.0,0.9985542749287177,0.9992766145561226,1.0,0.9960242560539737,0.9980081685210148,0.8799447128990177,7.363662447040279,5.660328994615552,0.011670965647530698,7,0.40363709594153263,182872
fednova_sgd,0.1,30,102,11,45,Regular,17,validation,0.9981389787119375,0.699128824296188,0.8222953731099958,0.8977559547797315,0.9986139046012469,0.9455028774547719,0.9219891508814909,0.9944851097964504,0.9568659498940164,0.8567000947940874,7.318926727163341,5.622983117146074,0.011670965647530698,7,0.40363709594153263,182872
fednova_sgd,0.1,30,102,11,45,Replay,18,own_client_rows,0.0,0.0,0.0,1.0,1.0,1.0,0.0,0.0,0.0,-2.0969731308214095,7.705157747536447,-0.5820232086511204,0.00043067323621636354,4,0.0017222278549775315,0
fednova_sgd,0.1,30,102,11,45,Replay,18,validation,0.0,0.0,0.0,0.35903375248180014,1.0,0.5283662040418797,0.0,0.0,0.0,-1.9217928697436637,8.092029089861752,-0.5854711576540899,0.00043067323621636354,4,0.0017222278549775315,0
fednova_sgd,0.1,30,102,11,45,DoS,19,own_client_rows,1.0,0.9999323410013532,0.9999661693562029,1.0,1.0,1.0,1.0,0.9999915426251691,0.9999957712947027,17.543154823258487,21.692718310392703,17.567260296193123,0.16497668504391844,9,0.4659382118782097,45970
fednova_sgd,0.1,30,102,11,45,DoS,19,validation,0.9999347301090007,0.999847716840342,0.9998912215816382,0.9937091962471356,1.0,0.9968446733532123,0.9999347400478573,1.0,0.9999673689591786,17.264132718512737,21.017276830389193,17.377393700915874,0.16497668504391844,9,0.4659382118782097,45970
fednova_sgd,0.1,30,102,11,45,Replay,20,own_client_rows,0.0,0.0,0.0,1.0,1.0,1.0,0.0,0.0,0.0,-2.0419414072384234,7.748942386766195,-0.6465067380835653,0.00045950880926756715,4,0.0017222278549775315,0
fednova_sgd,0.1,30,102,11,45,Replay,20,validation,0.0,0.0,0.0,0.35784960422163586,1.0,0.5270828273014331,0.0,0.0,0.0,-1.9217928697436637,7.922774157546083,-0.5854711576540899,0.00045950880926756715,4,0.0017222278549775315,0
fednova_sgd,0.1,30,102,11,45,Ip Spoofing,21,own_client_rows,1.0,1.0,1.0,1.0,1.0,1.0,1.0,0.47333880229696473,0.6425389755011136,3.4963813512612796,6.996966968314192,0.3556608680430937,0.0005669445733776967,7,0.24285412641701262,350
fednova_sgd,0.1,30,102,11,45,Ip Spoofing,21,validation,0.28580968280467445,0.9988331388564761,0.4444444444444444,0.23078997034241036,0.9988331388564761,0.37494524748138414,0.3057142857142857,0.12485414235705951,0.17729908864954433,2.5438148382803383,5.785019508459743,-0.6507346866567605,0.0005669445733776967,7,0.24285412641701262,350
fednova_sgd,0.1,30,102,11,45,Ip Spoofing,22,own_client_rows,1.0,0.998745294855709,0.9993722536095417,1.0,1.0,1.0,1.0,0.42910915934755334,0.6005267778753293,3.2503835182716436,6.340996755410916,0.08773293489195322,0.008159536993714776,7,0.24285412641701262,350
fednova_sgd,0.1,30,102,11,45,Ip Spoofing,22,validation,0.28580968280467445,0.9988331388564761,0.4444444444444444,0.23764575235980012,0.9988331388564761,0.38394258802422065,0.3057142857142857,0.12485414235705951,0.17729908864954433,2.5438148382803383,5.375230181592766,-0.6507346866567605,0.008159536993714776,7,0.24285412641701262,350
fednova_sgd,0.1,30,102,11,45,Video,22,own_client_rows,1.0,0.9636363636363636,0.9814814814814815,1.0,1.0,1.0,1.0,0.5215047021943574,0.6855117850667546,2.323378385824843,8.077574696316615,0.33576719852076803,0.008159536993714776,4,0.19767482961431956,7635
fednova_sgd,0.1,30,102,11,45,Video,22,validation,0.19950634096518852,0.9756909756909757,0.3312746442048137,0.0684756584197925,1.0,0.12817448461308634,0.7795677799607073,0.4955044955044955,0.6058940296228432,2.310491754339411,7.871948364135864,0.3225737478667166,0.008159536993714776,4,0.19767482961431956,7635
fednova_sgd,0.1,30,102,11,45,DoS,23,own_client_rows,1.0,1.0,1.0,1.0,1.0,1.0,1.0,1.0,1.0,26.67613701997125,27.150377990553444,25.841380339357222,0.0045295104184785795,9,0.4659382118782097,45970
fednova_sgd,0.1,30,102,11,45,DoS,23,validation,0.9999347301090007,0.999847716840342,0.9998912215816382,0.9999347315290227,0.999869471577436,0.9999021004884098,0.9999347400478573,1.0,0.9999673689591786,17.264132718512737,17.3274866344334,17.377393700915874,0.0045295104184785795,9,0.4659382118782097,45970
fednova_sgd,0.1,30,102,11,45,DoS,24,own_client_rows,0.9998429648241206,1.0,0.9999214762465646,0.9998429648241206,1.0,0.9999214762465646,0.9998429648241206,1.0,0.9999214762465646,29.737168947306422,29.916137407727344,28.80963120386367,0.007500969712416318,9,0.4659382118782097,45970
fednova_sgd,0.1,30,102,11,45,DoS,24,validation,0.9999347301090007,0.999847716840342,0.9998912215816382,0.9999129772653106,0.999869471577436,0.9998912239481356,0.9999347400478573,1.0,0.9999673689591786,17.264132718512737,17.00674600800574,17.377393700915874,0.007500969712416318,9,0.4659382118782097,45970
fednova_sgd,0.1,30,102,11,45,Video,24,own_client_rows,1.0,0.9882184202438274,0.9940743030865151,1.0,0.9993853088822866,0.9996925599508096,1.0,0.5049687532015162,0.671068754254595,2.615884382843715,8.758227296447597,0.2132985087987671,0.007500969712416318,4,0.19767482961431956,7635
fednova_sgd,0.1,30,102,11,45,Video,24,validation,0.19950634096518852,0.9756909756909757,0.3312746442048137,0.06401688357368976,1.0,0.12033057851239669,0.7795677799607073,0.4955044955044955,0.6058940296228432,2.310491754339411,8.959680618860306,0.3225737478667166,0.007500969712416318,4,0.19767482961431956,7635
fednova_sgd,0.1,30,102,11,45,DoS,25,own_client_rows,1.0,0.9989269234896448,0.9994631737169852,1.0,1.0,1.0,1.0,1.0,1.0,25.63886029214508,26.154309659700612,25.59175055665844,0.008668345331102141,9,0.4659382118782097,45970
fednova_sgd,0.1,30,102,11,45,DoS,25,validation,0.9999347301090007,0.999847716840342,0.9998912215816382,0.9971582281226952,1.0,0.9985770922717645,0.9999347400478573,1.0,0.9999673689591786,17.264132718512737,17.540507872835402,17.377393700915874,0.008668345331102141,9,0.4659382118782097,45970
fednova_sgd,0.1,30,102,11,45,Manipulation,26,own_client_rows,0.0,0.0,0.0,1.0,1.0,1.0,1.0,0.908824963432472,0.952234993614304,-2.11829690547294,7.431310660196246,0.4165630070887677,0.0009538993601293322,2,0.03261675384001466,2622
fednova_sgd,0.1,30,102,11,45,Manipulation,26,validation,0.0,0.0,0.0,0.2714086471408647,1.0,0.42694164107064503,0.30358504958047294,0.8180883864337102,0.44283727399165507,-2.2308613697769464,7.187746900693731,0.3243794612747302,0.0009538993601293322,2,0.03261675384001466,2622
fednova_sgd,0.1,30,102,11,45,DoS,27,own_client_rows,1.0,0.9999823002584163,0.9999911500508872,1.0,1.0,1.0,1.0,1.0,1.0,17.713295783147192,19.206872747431326,17.49121885398598,0.052553296975706494,9,0.4659382118782097,45970
fednova_sgd,0.1,30,102,11,45,DoS,27,validation,0.9999347301090007,0.999847716840342,0.9998912215816382,0.999869471577436,0.999869471577436,0.999869471577436,0.9999347400478573,1.0,0.9999673689591786,17.264132718512737,19.005121286058476,17.377393700915874,0.052553296975706494,9,0.4659382118782097,45970
fednova_sgd,0.1,30,102,11,45,DoS,28,own_client_rows,1.0,0.9989530225782957,0.9994762371051853,1.0,1.0,1.0,1.0,1.0,1.0,22.96323523135925,23.653712306679033,22.932096188205573,0.01021709465788453,9,0.4659382118782097,45970
fednova_sgd,0.1,30,102,11,45,DoS,28,validation,0.9999347301090007,0.999847716840342,0.9998912215816382,0.9984794838933901,1.0,0.9992391635146298,0.9999347400478573,1.0,0.9999673689591786,17.264132718512737,17.619441579693042,17.377393700915874,0.01021709465788453,9,0.4659382118782097,45970
fednova_sgd,0.1,30,102,11,45,Manipulation,29,own_client_rows,0.0,0.0,0.0,0.9875598086124402,1.0,0.993740972556572,0.9951060358890701,0.8866279069767442,0.9377401998462721,-2.1052037911821704,9.765149966690892,0.39680312400640444,0.03166285447988533,2,0.03261675384001466,2622
fednova_sgd,0.1,30,102,11,45,Manipulation,29,validation,0.0,0.0,0.0,0.11629018764192661,1.0,0.2083511777301927,0.30358504958047294,0.8180883864337102,0.44283727399165507,-2.2308613697769464,9.443899846640544,0.3243794612747302,0.03166285447988533,2,0.03261675384001466,2622
fednova_sgd,0.1,30,102,11,45,Regular,29,own_client_rows,1.0,0.7071726122850868,0.8284723023274386,1.0,0.9953495417708097,0.997669351593875,1.0,0.9934863288646519,0.9967325227963526,0.8776753618673313,5.841803383937362,5.653349099754791,0.03166285447988533,7,0.40363709594153263,182872
fednova_sgd,0.1,30,102,11,45,Regular,29,validation,0.9981389787119375,0.699128824296188,0.8222953731099958,0.9175002852687232,0.9959478828130068,0.9551159857230936,0.9219891508814909,0.9944851097964504,0.9568659498940164,0.8567000947940874,5.8133113531074345,5.622983117146074,0.03166285447988533,7,0.40363709594153263,182872
fednova_sgd,0.1,30,102,22,45,Unauth,0,own_client_rows,0.0,0.0,0.0,1.0,1.0,1.0,1.0,0.9984126984126984,0.9992057188244639,-1.5306497240823413,6.338492838541667,1.3404327876984128,0.0002930066293912625,3,0.09417093541668799,2728
fednova_sgd,0.1,30,102,22,45,Unauth,0,validation,0.0,0.0,0.0,0.021693674856246733,1.0,0.04246610386288053,0.2716275659824047,0.9919678714859438,0.4264748201438849,-1.4873288063958308,6.142654664066422,1.3806419832160675,0.0002930066293912625,3,0.09417093541668799,2728
fednova_sgd,0.1,30,102,22,45,MITM,1,own_client_rows,1.0,0.12763520416060428,0.22637676384999725,1.0,0.9996285174751571,0.9998142242313528,1.0,0.031730798996997184,0.06150984157465195,-0.9287790562336509,8.610402744133673,-2.0659144165692815,0.08114330256608694,3,0.1078124869193469,683
fednova_sgd,0.1,30,102,22,45,MITM,1,validation,0.10562810585923957,0.13543750463065868,0.11868973801253124,0.06998226196280198,0.9997036378454471,0.13080759853225596,0.5329428989751098,0.026968956064310587,0.051339915373765865,-0.9345395348995379,8.55161831390772,-2.170652035811199,0.08114330256608694,3,0.1078124869193469,683
fednova_sgd,0.1,30,102,22,45,Password Cracking,1,own_client_rows,1.0,0.9999929659198818,0.9999964829475713,1.0,1.0,1.0,1.0,0.9999929659198818,0.9999964829475713,12.401047150593062,15.380550950507553,13.375879651560247,0.08114330256608694,1,0.08114330256608694,0
fednova_sgd,0.1,30,102,22,45,Password Cracking,1,validation,0.0,0.0,0.0,0.0,0.0,0.0,0.0,0.0,0.0,nan,nan,nan,0.08114330256608694,1,0.08114330256608694,0
fednova_sgd,0.1,30,102,22,45,MITM,2,own_client_rows,1.0,0.17976631105305174,0.3047490157480315,1.0,1.0,1.0,1.0,0.03345670948544887,0.06474719101123595,-0.6157640240796116,12.2769822255561,-2.0200929647952726,0.02563389426274416,3,0.1078124869193469,683
fednova_sgd,0.1,30,102,22,45,MITM,2,validation,0.10562810585923957,0.13543750463065868,0.11868973801253124,0.06873270727071688,0.9994072756908943,0.12861978545887962,0.5329428989751098,0.026968956064310587,0.051339915373765865,-0.9345395348995379,11.760254014781063,-2.170652035811199,0.02563389426274416,3,0.1078124869193469,683
fednova_sgd,0.1,30,102,22,45,DoS,3,own_client_rows,0.9999813450237851,0.9999253842710043,0.9999533638644568,1.0,0.9998507685420086,0.9999253787030818,0.9999813464157138,1.0,0.999990673120867,19.44498598331872,19.085983642978892,19.509112008702058,0.02562505755487363,9,0.4659382118782097,45965
fednova_sgd,0.1,30,102,22,45,DoS,3,validation,0.9999564838990427,0.9998042073661539,0.999880339834869,1.0,0.9984771684034198,0.9992380040059218,0.9999564886326553,0.999912981051624,0.9999347343688814,17.197765176648467,16.707257762702046,17.316844064084016,0.02562505755487363,9,0.4659382118782097,45965
fednova_sgd,0.1,30,102,22,45,Injection,3,own_client_rows,1.0,0.9950576606260296,0.9975227085053675,0.9983136593591906,0.9752883031301482,0.9866666666666667,0.0,0.0,0.0,1.5414627804198415,7.07680816901771,-1.3552825274145388,0.02562505755487363,3,0.0761626549563234,0
fednova_sgd,0.1,30,102,22,45,Injection,3,validation,0.2913793103448276,0.9976387249114522,0.45102748865759273,0.27970380343318746,0.9811097992916175,0.43530644316396017,0.0,0.0,0.0,1.432353158205431,7.373148336038961,-1.5094851659349173,0.02562505755487363,3,0.0761626549563234,0
fednova_sgd,0.1,30,102,22,45,Ip Spoofing,3,own_client_rows,0.9932432432432432,1.0,0.9966101694915255,0.9767441860465116,1.0,0.9882352941176471,1.0,0.518140589569161,0.6825989544436146,3.5194066884566326,5.43373436614229,0.743458373746634,0.02562505755487363,7,0.24285412641701262,353
fednova_sgd,0.1,30,102,22,45,Ip Spoofing,3,validation,0.28744123572867697,0.9988331388564761,0.44641460234680574,0.25319085782131195,0.9953325554259043,0.403691433980123,0.3314447592067989,0.13652275379229872,0.1933884297520661,2.1125864320485706,5.280249507730455,-0.5558699938352356,0.02562505755487363,7,0.24285412641701262,353
fednova_sgd,0.1,30,102,22,45,DoS,4,own_client_rows,1.0,0.997134670487106,0.9985652797704447,1.0,1.0,1.0,1.0,0.997134670487106,0.9985652797704447,30.30266721883954,33.22432396131805,30.048097801755013,0.00016231637088500096,9,0.4659382118782097,45965
fednova_sgd,0.1,30,102,22,45,DoS,4,validation,0.9999564838990427,0.9998042073661539,0.999880339834869,0.9903902092176423,0.999956490525812,0.9951503604754379,0.9999564886326553,0.999912981051624,0.9999347343688814,17.197765176648467,17.6553368109187,17.316844064084016,0.00016231637088500096,9,0.4659382118782097,45965
fednova_sgd,0.1,30,102,22,45,Regular,5,own_client_rows,1.0,0.7204556696243805,0.8375172721325326,1.0,0.9986422781462302,0.99932067790789,1.0,0.9953161119691509,0.997652558407787,0.8595533175640911,8.249657355830381,5.386094453072161,0.09284263869678093,7,0.40363709594153263,183390
fednova_sgd,0.1,30,102,22,45,Regular,5,validation,0.9982847901726645,0.7209111660306357,0.8372223649285041,0.8968090854194697,0.9986080063229543,0.9449748414158018,0.9201374120726321,0.9952990722008246,0.9562435716896504,0.8702737496364265,8.262299338729274,5.393643547596894,0.09284263869678093,7,0.40363709594153263,183390
fednova_sgd,0.1,30,102,22,45,Unauth,5,own_client_rows,0.0,0.0,0.0,0.9842209072978304,1.0,0.9920477137176938,0.998,1.0,0.998998998998999,-1.5187469665894289,11.666911948897795,1.361818689462258,0.09284263869678093,3,0.09417093541668799,2728
fednova_sgd,0.1,30,102,22,45,Unauth,5,validation,0.0,0.0,0.0,0.24809033543673198,1.0,0.39755188930282065,0.2716275659824047,0.9919678714859438,0.4264748201438849,-1.4873288063958308,11.698873374356802,1.3806419832160675,0.09284263869678093,3,0.09417093541668799,2728
fednova_sgd,0.1,30,102,22,45,Replay,6,own_client_rows,0.0,0.0,0.0,1.0,1.0,1.0,0.0,0.0,0.0,-1.752066947318412,7.545212754258165,-0.5212992075327281,0.00041299982047530325,4,0.0017222278549775315,0
fednova_sgd,0.1,30,102,22,45,Replay,6,validation,0.0,0.0,0.0,0.3287878787878788,1.0,0.49486887115165334,0.0,0.0,0.0,-1.6813251548099077,7.69250972062212,-0.5256497290826613,0.00041299982047530325,4,0.0017222278549775315,0
fednova_sgd,0.1,30,102,22,45,Injection,7,own_client_rows,0.9775280898876404,0.9961832061068703,0.9867674858223062,0.9357142857142857,1.0,0.966789667896679,0.0,0.0,0.0,1.540873403767593,8.652187201812977,-1.305308800617247,0.04986135670441026,3,0.0761626549563234,0
fednova_sgd,0.1,30,102,22,45,Injection,7,validation,0.2913793103448276,0.9976387249114522,0.45102748865759273,0.26931637519872814,1.0,0.4243486973947896,0.0,0.0,0.0,1.432353158205431,8.867302220152007,-1.5094851659349173,0.04986135670441026,3,0.0761626549563234,0
fednova_sgd,0.1,30,102,22,45,Regular,7,own_client_rows,1.0,0.7279254621124067,0.8425426652634777,1.0,0.9980409433467061,0.9990195112568552,1.0,0.9943571669603689,0.9971706005658799,0.9048079923714362,7.618392522689672,5.417594879632109,0.04986135670441026,7,0.40363709594153263,183390
fednova_sgd,0.1,30,102,22,45,Regular,7,validation,0.9982847901726645,0.7209111660306357,0.8372223649285041,0.8977520403455462,0.9985195321485658,0.9454584040747029,0.9201374120726321,0.9952990722008246,0.9562435716896504,0.8702737496364265,7.618425596997924,5.393643547596894,0.04986135670441026,7,0.40363709594153263,183390
fednova_sgd,0.1,30,102,22,45,Ip Spoofing,8,own_client_rows,0.9716446124763705,1.0,0.9856184084372004,0.9500924214417745,1.0,0.9744075829383886,0.9642857142857143,0.6303501945525292,0.7623529411764706,3.7087867825875485,7.583948276386187,0.9745329029365273,0.023477272452446886,7,0.24285412641701262,353
fednova_sgd,0.1,30,102,22,45,Ip Spoofing,8,validation,0.28744123572867697,0.9988331388564761,0.44641460234680574,0.08663967611336032,0.9988331388564761,0.159448635559281,0.3314447592067989,0.13652275379229872,0.1933884297520661,2.1125864320485706,5.918129421309802,-0.5558699938352356,0.023477272452446886,7,0.24285412641701262,353
fednova_sgd,0.1,30,102,22,45,Regular,8,own_client_rows,1.0,0.721985389772841,0.838549959901905,1.0,0.997938556989893,0.9989682150119708,1.0,0.9941559091363955,0.99706939119613,0.8356322973444692,7.095268562994096,5.339596096173572,0.023477272452446886,7,0.40363709594153263,183390
fednova_sgd,0.1,30,102,22,45,Regular,8,validation,0.9982847901726645,0.7209111660306357,0.8372223649285041,0.902189672082214,0.9983307872432037,0.9478284973498455,0.9201374120726321,0.9952990722008246,0.9562435716896504,0.8702737496364265,7.162840865188952,5.393643547596894,0.023477272452446886,7,0.40363709594153263,183390
fednova_sgd,0.1,30,102,22,45,MITM,9,own_client_rows,1.0,0.0007002801120448179,0.0013995801259622112,0.0,0.0,0.0,0.9705882352941176,0.11554621848739496,0.2065081351689612,-2.890016358105742,-7.005134475665266,-2.749455983565301,0.001035290090515794,3,0.1078124869193469,683
fednova_sgd,0.1,30,102,22,45,MITM,9,validation,0.10562810585923957,0.13543750463065868,0.11868973801253124,0.03335922862496001,0.054086093205897606,0.041266252119841716,0.5329428989751098,0.026968956064310587,0.051339915373765865,-0.9345395348995379,-1.4446545304338465,-2.170652035811199,0.001035290090515794,3,0.1078124869193469,683
fednova_sgd,0.1,30,102,22,45,Unauth,9,own_client_rows,0.0,0.0,0.0,0.3617407071622847,1.0,0.5312916111850865,0.391025641025641,0.993734335839599,0.5612172682236376,-1.4736777857730263,5.083946132420896,1.4160944047129542,0.001035290090515794,3,0.09417093541668799,2728
fednova_sgd,0.1,30,102,22,45,Unauth,9,validation,0.0,0.0,0.0,0.028801665638494758,1.0,0.05599070569276318,0.2716275659824047,0.9919678714859438,0.4264748201438849,-1.4873288063958308,5.152862630535162,1.3806419832160675,0.001035290090515794,3,0.09417093541668799,2728
fednova_sgd,0.1,30,102,22,45,Ip Spoofing,10,own_client_rows,1.0,1.0,1.0,1.0,1.0,1.0,1.0,0.44025897586815776,0.6113608500204332,2.9153115113669807,8.232962174440848,0.20782265935384786,0.0007901877195805634,7,0.24285412641701262,353
fednova_sgd,0.1,30,102,22,45,Ip Spoofing,10,validation,0.28744123572867697,0.9988331388564761,0.44641460234680574,0.24862199013635045,1.0,0.3982342007434944,0.3314447592067989,0.13652275379229872,0.1933884297520661,2.1125864320485706,7.066353832409568,-0.5558699938352356,0.0007901877195805634,7,0.24285412641701262,353
fednova_sgd,0.1,30,102,22,45,Ip Spoofing,11,own_client_rows,0.8963531669865643,1.0,0.9453441295546559,0.9020618556701031,0.9992862241256245,0.9481882831019303,0.8721590909090909,0.4382583868665239,0.5833729216152019,3.100645186473947,8.571599248304782,0.36524770601913814,0.17256416147548836,7,0.24285412641701262,353
fednova_sgd,0.1,30,102,22,45,Ip Spoofing,11,validation,0.28744123572867697,0.9988331388564761,0.44641460234680574,0.2763624637213802,1.0,0.43304699343102576,0.3314447592067989,0.13652275379229872,0.1933884297520661,2.1125864320485706,7.733429204346558,-0.5558699938352356,0.17256416147548836,7,0.24285412641701262,353
fednova_sgd,0.1,30,102,22,45,Regular,11,own_client_rows,0.9998464302716649,0.720959847629172,0.8378039286334712,0.9979710177691369,0.9776592917414125,0.9877107409354828,0.9906970465808822,0.9955761521936527,0.9931306068401206,0.8450285451313407,3.7531933161733613,5.374284920960575,0.17256416147548836,7,0.40363709594153263,183390
fednova_sgd,0.1,30,102,22,45,Regular,11,validation,0.9982847901726645,0.7209111660306357,0.8372223649285041,0.9765220522689839,0.9756696020431636,0.9760956410392584,0.9201374120726321,0.9952990722008246,0.9562435716896504,0.8702737496364265,3.7778469929471337,5.393643547596894,0.17256416147548836,7,0.40363709594153263,183390
fednova_sgd,0.1,30,102,22,45,Video,11,own_client_rows,0.10386899777110685,0.9587346890236651,0.18743170669332526,0.49285485421339315,0.9146152931383043,0.6405430165736654,0.8265036351619299,0.5948388631228446,0.6917917156489869,2.122577726663768,3.90534909815748,0.5682834675598689,0.17256416147548836,4,0.19767482961431956,9808
fednova_sgd,0.1,30,102,22,45,Video,11,validation,0.21565210943871876,0.9685314685314685,0.3527592480291086,0.4561662969353381,0.9244089244089244,0.6108818836991803,0.6982055464926591,0.5700965700965701,0.6276810265811182,2.08793367277254,3.7560196151504743,0.5369410456080378,0.17256416147548836,4,0.19767482961431956,9808
fednova_sgd,0.1,30,102,22,45,Video,12,own_client_rows,1.0,0.9703233426841872,0.9849381790932934,1.0,0.9968010236724248,0.9983979493752002,1.0,0.5655297996948668,0.7224772084250236,2.168662830778766,9.272388989369556,0.4826131509311251,0.009450161432700098,4,0.19767482961431956,9808
fednova_sgd,0.1,30,102,22,45,Video,12,validation,0.21565210943871876,0.9685314685314685,0.3527592480291086,0.06335376209111718,1.0,0.11915839177834872,0.6982055464926591,0.5700965700965701,0.6276810265811182,2.08793367277254,9.641345633533133,0.5369410456080378,0.009450161432700098,4,0.19767482961431956,9808
fednova_sgd,0.1,30,102,22,45,Injection,13,own_client_rows,1.0,0.9986244841815681,0.9993117687543015,1.0,1.0,1.0,0.0,0.0,0.0,1.54381803698848,9.006513550980054,-1.3235879134607118,0.0006762406970395169,3,0.0761626549563234,0
fednova_sgd,0.1,30,102,22,45,Injection,13,validation,0.2913793103448276,0.9976387249114522,0.45102748865759273,0.24897119341563786,1.0,0.3986820428336079,0.0,0.0,0.0,1.432353158205431,9.354018894812574,-1.5094851659349173,0.0006762406970395169,3,0.0761626549563234,0
fednova_sgd,0.1,30,102,22,45,Replay,14,own_client_rows,0.0,0.0,0.0,1.0,1.0,1.0,0.0,0.0,0.0,-1.8952829104814095,6.843444350027747,-0.6199487142107728,0.00041904598901829754,4,0.0017222278549775315,0
fednova_sgd,0.1,30,102,22,45,Replay,14,validation,0.0,0.0,0.0,0.32186294867991694,1.0,0.486983842010772,0.0,0.0,0.0,-1.6813251548099077,7.047223322292627,-0.5256497290826613,0.00041904598901829754,4,0.0017222278549775315,0
fednova_sgd,0.1,30,102,22,45,Regular,15,own_client_rows,1.0,0.7509061097687263,0.8577342960644668,1.0,0.9991370383154988,0.9995683329016662,1.0,0.995318432861581,0.9976537243071999,1.0006798351473507,9.941011723132227,5.544426704383036,0.021557846484990154,7,0.40363709594153263,183390
fednova_sgd,0.1,30,102,22,45,Regular,15,validation,0.9982847901726645,0.7209111660306357,0.8372223649285041,0.8825303558312888,0.9992981048831846,0.9372915018505508,0.9201374120726321,0.9952990722008246,0.9562435716896504,0.8702737496364265,9.778120387362055,5.393643547596894,0.021557846484990154,7,0.40363709594153263,183390
fednova_sgd,0.1,30,102,22,45,DoS,16,own_client_rows,1.0,0.9998956789239888,0.9999478367411307,1.0,0.9999975739284649,0.999998786962761,1.0,0.9999805914277189,0.9999902956196853,17.560068853616,20.606661183113207,17.648075925311264,0.19170493581294457,9,0.4659382118782097,45965
fednova_sgd,0.1,30,102,22,45,DoS,16,validation,0.9999564838990427,0.9998042073661539,0.999880339834869,0.9943540711257247,1.0,0.9971690438743966,0.9999564886326553,0.999912981051624,0.9999347343688814,17.197765176648467,20.342405752700305,17.316844064084016,0.19170493581294457,9,0.4659382118782097,45965
fednova_sgd,0.1,30,102,22,45,Ip Spoofing,17,own_client_rows,0.9897435897435898,1.0,0.9948453608247423,0.9698492462311558,1.0,0.9846938775510204,0.993103448275862,0.7461139896373057,0.8520710059171598,4.025446284002591,7.072361763277202,1.382380035874757,0.011670965647530698,7,0.24285412641701262,353
fednova_sgd,0.1,30,102,22,45,Ip Spoofing,17,validation,0.28744123572867697,0.9988331388564761,0.44641460234680574,0.12332516928396485,0.9988331388564761,0.21954347268530391,0.3314447592067989,0.13652275379229872,0.1933884297520661,2.1125864320485706,4.906603248978996,-0.5558699938352356,0.011670965647530698,7,0.24285412641701262,353
fednova_sgd,0.1,30,102,22,45,Regular,17,own_client_rows,1.0,0.7236255572065379,0.8396551724137931,1.0,0.9980723665716237,0.9990352534469591,1.0,0.9959037789647002,0.9979476861167002,0.8925763577477749,6.784686283463767,5.433097703625106,0.011670965647530698,7,0.40363709594153263,183390
fednova_sgd,0.1,30,102,22,45,Regular,17,validation,0.9982847901726645,0.7209111660306357,0.8372223649285041,0.9063797416818004,0.9979473991541868,0.9499621010078324,0.9201374120726321,0.9952990722008246,0.9562435716896504,0.8702737496364265,6.735962178304216,5.393643547596894,0.011670965647530698,7,0.40363709594153263,183390
fednova_sgd,0.1,30,102,22,45,Replay,18,own_client_rows,0.0,0.0,0.0,1.0,1.0,1.0,0.0,0.0,0.0,-1.8263514211831804,7.289286075863931,-0.5339891998093278,0.00043067323621636354,4,0.0017222278549775315,0
fednova_sgd,0.1,30,102,22,45,Replay,18,validation,0.0,0.0,0.0,0.31142365097588975,1.0,0.4749398117750055,0.0,0.0,0.0,-1.6813251548099077,7.594734663018433,-0.5256497290826613,0.00043067323621636354,4,0.0017222278549775315,0
fednova_sgd,0.1,30,102,22,45,DoS,19,own_client_rows,1.0,0.9998590437528191,0.9999295169088935,1.0,1.0,1.0,1.0,0.9999379792512404,0.999968988663947,17.503724091581034,21.325926467971218,17.56314336615852,0.16497668504391844,9,0.4659382118782097,45965
fednova_sgd,0.1,30,102,22,45,DoS,19,validation,0.9999564838990427,0.9998042073661539,0.999880339834869,0.9895804180749607,1.0,0.9947629249713259,0.9999564886326553,0.999912981051624,0.9999347343688814,17.197765176648467,20.65308502567059,17.316844064084016,0.16497668504391844,9,0.4659382118782097,45965
fednova_sgd,0.1,30,102,22,45,Replay,20,own_client_rows,0.0,0.0,0.0,1.0,1.0,1.0,0.0,0.0,0.0,-1.8283420825294154,7.153434969635628,-0.6139976717682503,0.00045950880926756715,4,0.0017222278549775315,0
fednova_sgd,0.1,30,102,22,45,Replay,20,validation,0.0,0.0,0.0,0.32224532224532226,1.0,0.48742138364779874,0.0,0.0,0.0,-1.6813251548099077,7.219733762960829,-0.5256497290826613,0.00045950880926756715,4,0.0017222278549775315,0
fednova_sgd,0.1,30,102,22,45,Ip Spoofing,21,own_client_rows,1.0,1.0,1.0,1.0,1.0,1.0,1.0,0.46841673502871206,0.6379888268156425,3.2330946136049015,7.811924797477441,0.4776879702561013,0.0005669445733776967,7,0.24285412641701262,353
fednova_sgd,0.1,30,102,22,45,Ip Spoofing,21,validation,0.28744123572867697,0.9988331388564761,0.44641460234680574,0.22481636935991606,1.0,0.3671021632041122,0.3314447592067989,0.13652275379229872,0.1933884297520661,2.1125864320485706,6.462962414308635,-0.5558699938352356,0.0005669445733776967,7,0.24285412641701262,353
fednova_sgd,0.1,30,102,22,45,Ip Spoofing,22,own_client_rows,1.0,0.9993726474278545,0.9996862252902416,1.0,1.0,1.0,1.0,0.42910915934755334,0.6005267778753293,2.944769999313833,6.61177903466123,0.23282319838309676,0.008159536993714776,7,0.24285412641701262,353
fednova_sgd,0.1,30,102,22,45,Ip Spoofing,22,validation,0.28744123572867697,0.9988331388564761,0.44641460234680574,0.25355029585798816,1.0,0.4045315081425537,0.3314447592067989,0.13652275379229872,0.1933884297520661,2.1125864320485706,5.578321565964119,-0.5558699938352356,0.008159536993714776,7,0.24285412641701262,353
fednova_sgd,0.1,30,102,22,45,Video,22,own_client_rows,1.0,0.9603761755485893,0.9797876423180248,1.0,1.0,1.0,1.0,0.5987460815047022,0.7490196078431373,2.125739784360306,7.887765478056426,0.5872059444798198,0.008159536993714776,4,0.19767482961431956,9808
fednova_sgd,0.1,30,102,22,45,Video,22,validation,0.21565210943871876,0.9685314685314685,0.3527592480291086,0.06998531776550374,1.0,0.13081547307893363,0.6982055464926591,0.5700965700965701,0.6276810265811182,2.08793367277254,7.681497864115052,0.5369410456080378,0.008159536993714776,4,0.19767482961431956,9808
fednova_sgd,0.1,30,102,22,45,DoS,23,own_client_rows,1.0,1.0,1.0,1.0,1.0,1.0,1.0,1.0,1.0,23.07404788415135,23.482106414929664,22.974265838381765,0.0045295104184785795,9,0.4659382118782097,45965
fednova_sgd,0.1,30,102,22,45,DoS,23,validation,0.9999564838990427,0.9998042073661539,0.999880339834869,0.9999564838990427,0.9998042073661539,0.999880339834869,0.9999564886326553,0.999912981051624,0.9999347343688814,17.197765176648467,17.288127981078816,17.316844064084016,0.0045295104184785795,9,0.4659382118782097,45965
fednova_sgd,0.1,30,102,22,45,DoS,24,own_client_rows,0.9998429648241206,1.0,0.9999214762465646,0.9998429648241206,1.0,0.9999214762465646,0.9998429648241206,1.0,0.9999214762465646,24.70669320323543,23.941112989830376,24.640892492539656,0.007500969712416318,9,0.4659382118782097,45965
fednova_sgd,0.1,30,102,22,45,DoS,24,validation,0.9999564838990427,0.9998042073661539,0.999880339834869,0.9999564829521965,0.99978245262906,0.9998694602180014,0.9999564886326553,0.999912981051624,0.9999347343688814,17.197765176648467,16.683111491667937,17.316844064084016,0.007500969712416318,9,0.4659382118782097,45965
fednova_sgd,0.1,30,102,22,45,Video,24,own_client_rows,1.0,0.9847351705767852,0.9923088834976513,1.0,0.9993853088822866,0.9996925599508096,1.0,0.5529146603831575,0.7120992215331838,2.422414005272897,8.735233406541338,0.41430108174231317,0.007500969712416318,4,0.19767482961431956,9808
fednova_sgd,0.1,30,102,22,45,Video,24,validation,0.21565210943871876,0.9685314685314685,0.3527592480291086,0.06368731078580556,1.0,0.11974818189521536,0.6982055464926591,0.5700965700965701,0.6276810265811182,2.08793367277254,8.985443918061106,0.5369410456080378,0.007500969712416318,4,0.19767482961431956,9808
fednova_sgd,0.1,30,102,22,45,DoS,25,own_client_rows,1.0,0.9995171155703402,0.9997584994767489,1.0,1.0,1.0,1.0,0.9995171155703402,0.9997584994767489,23.614000337013092,23.951472420257,23.777924091573666,0.008668345331102141,9,0.4659382118782097,45965
fednova_sgd,0.1,30,102,22,45,DoS,25,validation,0.9999564838990427,0.9998042073661539,0.999880339834869,0.99720118895229,0.99989122631453,0.9985443959243085,0.9999564886326553,0.999912981051624,0.9999347343688814,17.197765176648467,17.35389701273468,17.316844064084016,0.008668345331102141,9,0.4659382118782097,45965
fednova_sgd,0.1,30,102,22,45,Manipulation,26,own_client_rows,0.0,0.0,0.0,1.0,1.0,1.0,1.0,0.908824963432472,0.952234993614304,-1.7320611991863726,7.475289302474403,0.3911178343357661,0.0009538993601293322,2,0.03261675384001466,2599
fednova_sgd,0.1,30,102,22,45,Manipulation,26,validation,0.0,0.0,0.0,0.29628501827040193,1.0,0.45712943387361993,0.305886879569065,0.817060637204522,0.44512877939529677,-1.8802971991826183,7.384441693297148,0.2941127122367396,0.0009538993601293322,2,0.03261675384001466,2599
fednova_sgd,0.1,30,102,22,45,DoS,27,own_client_rows,1.0,0.9999026514212892,0.9999513233413428,1.0,1.0,1.0,1.0,1.0,1.0,18.21363885391961,19.441967283410474,18.182946741477576,0.052553296975706494,9,0.4659382118782097,45965
fednova_sgd,0.1,30,102,22,45,DoS,27,validation,0.9999564838990427,0.9998042073661539,0.999880339834869,0.9991739848708808,0.999978245262906,0.9995759532896239,0.9999564886326553,0.999912981051624,0.9999347343688814,17.197765176648467,18.570713857903495,17.316844064084016,0.052553296975706494,9,0.4659382118782097,45965
fednova_sgd,0.1,30,102,22,45,DoS,28,own_client_rows,1.0,0.9994992716678806,0.9997495731360273,1.0,1.0,1.0,1.0,0.9995903131828113,0.9997951146219864,21.45532671101147,22.110515863983977,21.586217559347688,0.01021709465788453,9,0.4659382118782097,45965
fednova_sgd,0.1,30,102,22,45,DoS,28,validation,0.9999564838990427,0.9998042073661539,0.999880339834869,0.9982407749277848,0.99989122631453,0.9990653189870666,0.9999564886326553,0.999912981051624,0.9999347343688814,17.197765176648467,17.466007415985924,17.316844064084016,0.01021709465788453,9,0.4659382118782097,45965
fednova_sgd,0.1,30,102,22,45,Manipulation,29,own_client_rows,0.0,0.0,0.0,0.9875598086124402,1.0,0.993740972556572,0.9956403269754769,0.8851744186046512,0.9371633752244165,-1.7346962625666182,9.217350449672965,0.36786571768827214,0.03166285447988533,2,0.03261675384001466,2599
fednova_sgd,0.1,30,102,22,45,Manipulation,29,validation,0.0,0.0,0.0,0.22414190278737617,1.0,0.3662024840045164,0.305886879569065,0.817060637204522,0.44512877939529677,-1.8802971991826183,9.06609360948741,0.2941127122367396,0.03166285447988533,2,0.03261675384001466,2599
fednova_sgd,0.1,30,102,22,45,Regular,29,own_client_rows,1.0,0.7292585018556389,0.8434349185770474,1.0,0.9955919109293342,0.9977910869218682,1.0,0.994198288267818,0.9970907046875356,0.8998956425031243,5.5110881375208285,5.412086283065402,0.03166285447988533,7,0.40363709594153263,183390
fednova_sgd,0.1,30,102,22,45,Regular,29,validation,0.9982847901726645,0.7209111660306357,0.8372223649285041,0.9168575180992282,0.9964669313027528,0.9550060344315905,0.9201374120726321,0.9952990722008246,0.9562435716896504,0.8702737496364265,5.5020146882796785,5.393643547596894,0.03166285447988533,7,0.40363709594153263,183390
fednova_sgd,0.1,30,102,33,45,Unauth,0,own_client_rows,1.0,1.0,1.0,1.0,1.0,1.0,1.0,0.0031746031746031746,0.006329113924050633,1.0982989598834325,11.065572296626984,-1.1126538473462302,0.0002930066293912625,3,0.09417093541668799,7
fednova_sgd,0.1,30,102,33,45,Unauth,0,validation,0.2560054907343857,0.998661311914324,0.40753892379131385,0.20304430551780375,1.0,0.3375508359692725,0.0,0.0,0.0,1.1629203173370566,11.36226710226322,-1.0646124996813426,0.0002930066293912625,3,0.09417093541668799,7
fednova_sgd,0.1,30,102,33,45,MITM,1,own_client_rows,1.0,0.06934340463734019,0.12969342558550212,1.0,0.9996594743522274,0.9998297081817478,1.0,0.07342971241061201,0.13681326604181687,-0.9358633289550312,8.295493670286042,-1.9122157741492662,0.08114330256608694,3,0.1078124869193469,1475
fednova_sgd,0.1,30,102,33,45,MITM,1,validation,0.09827444535743632,0.08861228421130622,0.09319359488837807,0.06979715782993538,0.999629547306809,0.13048355899419728,0.4135593220338983,0.0451952285693117,0.08148543948704248,-0.9221728182796408,8.288806294338556,-2.036221753705685,0.08114330256608694,3,0.1078124869193469,1475
fednova_sgd,0.1,30,102,33,45,Password Cracking,1,own_client_rows,1.0,1.0,1.0,1.0,1.0,1.0,1.0,1.0,1.0,13.306316044104781,15.847208394103022,13.062814294239967,0.08114330256608694,1,0.08114330256608694,1
fednova_sgd,0.1,30,102,33,45,Password Cracking,1,validation,0.0,0.0,0.0,0.0,0.0,0.0,0.0,0.0,0.0,nan,nan,nan,0.08114330256608694,1,0.08114330256608694,1
fednova_sgd,0.1,30,102,33,45,MITM,2,own_client_rows,1.0,0.1049967341606793,0.1900398995123393,1.0,1.0,1.0,1.0,0.09115320415124464,0.16707682075157965,-0.6696045267382089,10.222467656284019,-1.8986339163508554,0.02563389426274416,3,0.1078124869193469,1475
fednova_sgd,0.1,30,102,33,45,MITM,2,validation,0.09827444535743632,0.08861228421130622,0.09319359488837807,0.0687495221834306,0.9994072756908943,0.12864922604457754,0.4135593220338983,0.0451952285693117,0.08148543948704248,-0.9221728182796408,9.832285646810403,-2.036221753705685,0.02563389426274416,3,0.1078124869193469,1475
fednova_sgd,0.1,30,102,33,45,DoS,3,own_client_rows,0.9999813450237851,0.9999253842710043,0.9999533638644568,1.0,0.9999067303387554,0.9999533629944688,0.9999813450237851,0.9999253842710043,0.9999533638644568,18.290715577228447,17.96808518041267,18.726470942711444,0.02562505755487363,9,0.4659382118782097,45963
fednova_sgd,0.1,30,102,33,45,DoS,3,validation,0.9999347315290227,0.999869471577436,0.9999021004884098,0.9995647916439996,0.9993038484129919,0.9994343029960183,0.9999564867393338,0.999869471577436,0.9999129772653106,16.05585086855788,15.126285399036265,16.210260128869624,0.02562505755487363,9,0.4659382118782097,45963
fednova_sgd,0.1,30,102,33,45,Injection,3,own_client_rows,0.0,0.0,0.0,0.9983079526226735,0.9719934102141681,0.9849749582637729,1.0,0.9934102141680395,0.996694214876033,-1.0948318406031199,7.0832587906713345,1.1214050594625207,0.02562505755487363,3,0.0761626549563234,2865
fednova_sgd,0.1,30,102,33,45,Injection,3,validation,0.0,0.0,0.0,0.3234375,0.9775678866587958,0.4860581156442618,0.29354275741710295,0.9929161747343566,0.453125,-1.275207591591647,6.882565765200709,0.9818881956998967,0.02562505755487363,3,0.0761626549563234,2865
fednova_sgd,0.1,30,102,33,45,Ip Spoofing,3,own_client_rows,1.0,0.6077097505668935,0.7559943582510579,0.9767441860465116,1.0,0.9882352941176471,0.996606334841629,0.9988662131519275,0.9977349943374858,0.77987442535608,7.986332553854876,3.388664678110828,0.02562505755487363,7,0.24285412641701262,3008
fednova_sgd,0.1,30,102,33,45,Ip Spoofing,3,validation,0.41952506596306066,0.3710618436406068,0.3938080495356037,0.20583273077850084,0.9964994165694282,0.3411905713144227,0.28424202127659576,0.9976662777129521,0.4424320827943079,-0.3222007795977064,5.939214397060969,2.2019172588335034,0.02562505755487363,7,0.24285412641701262,3008
fednova_sgd,0.1,30,102,33,45,DoS,4,own_client_rows,1.0,0.997134670487106,0.9985652797704447,1.0,1.0,1.0,1.0,1.0,1.0,35.137653339899714,40.157044681232094,36.24228823424069,0.00016231637088500096,9,0.4659382118782097,45963
fednova_sgd,0.1,30,102,33,45,DoS,4,validation,0.9999347315290227,0.999869471577436,0.9999021004884098,0.9998042244023406,0.99989122631453,0.999847723465814,0.9999564867393338,0.999869471577436,0.9999129772653106,16.05585086855788,16.45149534924511,16.210260128869624,0.00016231637088500096,9,0.4659382118782097,45963
fednova_sgd,0.1,30,102,33,45,Regular,5,own_client_rows,1.0,0.5713586303665344,0.7272160782713996,1.0,0.9989753994932518,0.9994874371605533,1.0,0.9956643751955826,0.9978274779776071,0.3329980851240183,8.350422684183613,5.5617087530078715,0.09284263869678093,7,0.40363709594153263,184514
fednova_sgd,0.1,30,102,33,45,Regular,5,validation,0.999557308020961,0.5726638394252718,0.7281549757381672,0.8884616393442623,0.9989501064639231,0.9404718935157678,0.9148682484797902,0.9956647654549637,0.9535580630128088,0.34675543271175,8.360750439329573,5.569363660559983,0.09284263869678093,7,0.40363709594153263,184514
fednova_sgd,0.1,30,102,33,45,Unauth,5,own_client_rows,0.9966711051930759,1.0,0.9983327775925308,0.98681608437706,1.0,0.993364299933643,0.3333333333333333,0.0006680026720106881,0.0013333333333333333,1.0903933518077822,9.799042094605879,-1.127828736900885,0.09284263869678093,3,0.09417093541668799,7
fednova_sgd,0.1,30,102,33,45,Unauth,5,validation,0.2560054907343857,0.998661311914324,0.40753892379131385,0.22858017135862913,1.0,0.3721046077210461,0.0,0.0,0.0,1.1629203173370566,10.111341688368055,-1.0646124996813426,0.09284263869678093,3,0.09417093541668799,7
fednova_sgd,0.1,30,102,33,45,Replay,6,own_client_rows,0.0,0.0,0.0,1.0,1.0,1.0,0.0,0.0,0.0,-0.5154495926590653,13.2832251196509,-1.639408558338612,0.00041299982047530325,4,0.0017222278549775315,0
fednova_sgd,0.1,30,102,33,45,Replay,6,validation,0.0,0.0,0.0,0.07927809440303961,1.0,0.14690948480129984,0.0,0.0,0.0,-0.5218733686455933,13.396657186059908,-1.5684362174179147,0.00041299982047530325,4,0.0017222278549775315,0
fednova_sgd,0.1,30,102,33,45,Injection,7,own_client_rows,0.0,0.0,0.0,0.9632352941176471,1.0,0.9812734082397003,0.9865900383141762,0.982824427480916,0.9847036328871893,-1.0048960911408635,10.471588367724237,1.162038672061367,0.04986135670441026,3,0.0761626549563234,2865
fednova_sgd,0.1,30,102,33,45,Injection,7,validation,0.0,0.0,0.0,0.28489741002354524,1.0,0.44345549738219897,0.29354275741710295,0.9929161747343566,0.453125,-1.275207591591647,10.12737511068477,0.9818881956998967,0.04986135670441026,3,0.0761626549563234,2865
fednova_sgd,0.1,30,102,33,45,Regular,7,own_client_rows,1.0,0.5851205429117768,0.7382663047656217,1.0,0.9985471110944472,0.9992730274420415,1.0,0.9947508529863898,0.9973685199804518,0.36243509265641777,7.911024170791484,5.602978112400729,0.04986135670441026,7,0.40363709594153263,184514
fednova_sgd,0.1,30,102,33,45,Regular,7,validation,0.999557308020961,0.5726638394252718,0.7281549757381672,0.8920139071801085,0.9987613615585611,0.9423743151228118,0.9148682484797902,0.9956647654549637,0.9535580630128088,0.34675543271175,7.888343080545414,5.569363660559983,0.04986135670441026,7,0.40363709594153263,184514
fednova_sgd,0.1,30,102,33,45,Ip Spoofing,8,own_client_rows,0.9595238095238096,0.7840466926070039,0.8629550321199143,0.9518518518518518,1.0,0.9753320683111955,0.9553072625698324,0.9980544747081712,0.9762131303520457,1.120570201354268,8.026754772616732,3.7007006930933852,0.023477272452446886,7,0.24285412641701262,3008
fednova_sgd,0.1,30,102,33,45,Ip Spoofing,8,validation,0.41952506596306066,0.3710618436406068,0.3938080495356037,0.2812089356110381,0.9988331388564761,0.4388618302999231,0.28424202127659576,0.9976662777129521,0.4424320827943079,-0.3222007795977064,6.119112137179113,2.2019172588335034,0.023477272452446886,7,0.24285412641701262,3008
fednova_sgd,0.1,30,102,33,45,Regular,8,own_client_rows,1.0,0.5740018012608826,0.7293534236124356,1.0,0.998218753127189,0.9991085826464078,1.0,0.9945361753227259,0.9972606038712785,0.30746579856876377,7.003822069980236,5.514937946797133,0.023477272452446886,7,0.40363709594153263,184514
fednova_sgd,0.1,30,102,33,45,Regular,8,validation,0.999557308020961,0.5726638394252718,0.7281549757381672,0.8968964037694471,0.9986787856624652,0.9450550063908998,0.9148682484797902,0.9956647654549637,0.9535580630128088,0.34675543271175,7.064118558987944,5.569363660559983,0.023477272452446886,7,0.40363709594153263,184514
fednova_sgd,0.1,30,102,33,45,MITM,9,own_client_rows,1.0,0.01330532212885154,0.02626123013130615,1.0,0.01330532212885154,0.02626123013130615,1.0,0.0007002801120448179,0.0013995801259622112,-2.37804731267507,-6.580894662552521,-2.621243345971201,0.001035290090515794,3,0.1078124869193469,1475
fednova_sgd,0.1,30,102,33,45,MITM,9,validation,0.09827444535743632,0.08861228421130622,0.09319359488837807,0.12234326604720709,0.16974142402015263,0.14219656766905625,0.4135593220338983,0.0451952285693117,0.08148543948704248,-0.9221728182796408,-1.090901150053021,-2.036221753705685,0.001035290090515794,3,0.1078124869193469,1475
fednova_sgd,0.1,30,102,33,45,Unauth,9,own_client_rows,0.3630573248407643,1.0,0.5327102803738317,0.3622333182024512,1.0,0.5318227257580806,0.0,0.0,0.0,1.1946154907532502,8.063071497102131,-1.0476788590127664,0.001035290090515794,3,0.09417093541668799,7
fednova_sgd,0.1,30,102,33,45,Unauth,9,validation,0.2560054907343857,0.998661311914324,0.40753892379131385,0.24491803278688526,1.0,0.3934685277850935,0.0,0.0,0.0,1.1629203173370566,7.967941508874038,-1.0646124996813426,0.001035290090515794,3,0.09417093541668799,7
fednova_sgd,0.1,30,102,33,45,Ip Spoofing,10,own_client_rows,1.0,0.4785167745732784,0.6472929936305732,1.0,1.0,1.0,1.0,1.0,1.0,0.17130741615587294,8.34436042341083,2.7229424937463214,0.0007901877195805634,7,0.24285412641701262,3008
fednova_sgd,0.1,30,102,33,45,Ip Spoofing,10,validation,0.41952506596306066,0.3710618436406068,0.3938080495356037,0.23311546840958605,0.9988331388564761,0.3780083903731508,0.28424202127659576,0.9976662777129521,0.4424320827943079,-0.3222007795977064,8.275214000510502,2.2019172588335034,0.0007901877195805634,7,0.24285412641701262,3008
fednova_sgd,0.1,30,102,33,45,Ip Spoofing,11,own_client_rows,0.8161849710982659,0.5039257673090649,0.6231244483671668,0.8889593908629442,1.0,0.9412159892509238,0.885028427037271,1.0,0.9390080428954424,0.3711682468716542,8.974184176481085,2.9386633710296217,0.17256416147548836,7,0.24285412641701262,3008
fednova_sgd,0.1,30,102,33,45,Ip Spoofing,11,validation,0.41952506596306066,0.3710618436406068,0.3938080495356037,0.14037389307969828,0.9988331388564761,0.24615384615384617,0.28424202127659576,0.9976662777129521,0.4424320827943079,-0.3222007795977064,8.100967674299884,2.2019172588335034,0.17256416147548836,7,0.24285412641701262,3008
fednova_sgd,0.1,30,102,33,45,Regular,11,own_client_rows,0.9999416402021194,0.5692008282949084,0.725450519983417,0.9977638818555797,0.9709100170531305,0.9841537982338234,0.9897640785194235,0.9957976214205037,0.9927716828813911,0.32122454682217666,3.4471200790035232,5.551731932068987,0.17256416147548836,7,0.40363709594153263,184514
fednova_sgd,0.1,30,102,33,45,Regular,11,validation,0.999557308020961,0.5726638394252718,0.7281549757381672,0.9738304344989949,0.9686034646486691,0.9712099168470483,0.9148682484797902,0.9956647654549637,0.9535580630128088,0.34675543271175,3.4612101600101526,5.569363660559983,0.17256416147548836,7,0.40363709594153263,184514
fednova_sgd,0.1,30,102,33,45,Video,11,own_client_rows,0.0588889282300039,0.9889404209775241,0.11115863765171363,0.42454459361595454,0.9062908788203116,0.5782245827010623,0.8819987959060807,0.5226542989653942,0.6563620071684588,2.1101454844697645,3.5600299088959746,-0.017520110209357627,0.17256416147548836,4,0.19767482961431956,7693
fednova_sgd,0.1,30,102,33,45,Video,11,validation,0.14104235299694262,0.9908424908424909,0.2469345837050561,0.437507479953724,0.913003663003663,0.5915477763693735,0.7625113739763422,0.48834498834498835,0.5953818827708703,2.1099979935429154,3.4340493490884114,-0.05608240382257716,0.17256416147548836,4,0.19767482961431956,7693
fednova_sgd,0.1,30,102,33,45,Video,12,own_client_rows,1.0,0.9901569959151533,0.9950541569810574,1.0,0.9968010236724248,0.9983979493752002,1.0,0.4687730695408239,0.6383192601527945,2.2427011337141347,8.872509643068064,-0.19069109273253712,0.009450161432700098,4,0.19767482961431956,7693
fednova_sgd,0.1,30,102,33,45,Video,12,validation,0.14104235299694262,0.9908424908424909,0.2469345837050561,0.06294376876601497,1.0,0.11843292301169836,0.7625113739763422,0.48834498834498835,0.5953818827708703,2.1099979935429154,9.193752211330336,-0.05608240382257716,0.009450161432700098,4,0.19767482961431956,7693
fednova_sgd,0.1,30,102,33,45,Injection,13,own_client_rows,0.0,0.0,0.0,1.0,0.9993122420907841,0.999656002751978,1.0,0.9931224209078404,0.9965493443754313,-1.0159382354442485,7.893159092374484,1.1715434624043586,0.0006762406970395169,3,0.0761626549563234,2865
fednova_sgd,0.1,30,102,33,45,Injection,13,validation,0.0,0.0,0.0,0.09584700690279506,1.0,0.17492771581990912,0.29354275741710295,0.9929161747343566,0.453125,-1.275207591591647,6.109326575413223,0.9818881956998967,0.0006762406970395169,3,0.0761626549563234,2865
fednova_sgd,0.1,30,102,33,45,Replay,14,own_client_rows,0.0,0.0,0.0,1.0,1.0,1.0,0.0,0.0,0.0,-0.5605841667353114,13.121182626942286,-1.7290117642723364,0.00041904598901829754,4,0.0017222278549775315,0
fednova_sgd,0.1,30,102,33,45,Replay,14,validation,0.0,0.0,0.0,0.1315151515151515,1.0,0.23245848955543652,0.0,0.0,0.0,-0.5218733686455933,13.311695348502305,-1.5684362174179147,0.00041904598901829754,4,0.0017222278549775315,0
fednova_sgd,0.1,30,102,33,45,Regular,15,own_client_rows,1.0,0.6084958577839144,0.7566023311023781,1.0,0.9994390749050742,0.9997194587712294,1.0,0.9960303762512944,0.9980112408127972,0.4587319069251053,10.246525652210261,5.728906043529675,0.021557846484990154,7,0.40363709594153263,184514
fednova_sgd,0.1,30,102,33,45,Regular,15,validation,0.999557308020961,0.5726638394252718,0.7281549757381672,0.8754578186908839,0.9995930187978129,0.9334163173809353,0.9148682484797902,0.9956647654549637,0.9535580630128088,0.34675543271175,10.051309652790476,5.569363660559983,0.021557846484990154,7,0.40363709594153263,184514
fednova_sgd,0.1,30,102,33,45,DoS,16,own_client_rows,1.0,0.9999078092816645,0.9999539025159522,1.0,1.0,1.0,1.0,0.9998932528524536,0.9999466235773363,16.25612914752092,19.11239419864128,16.580886902382765,0.19170493581294457,9,0.4659382118782097,45963
fednova_sgd,0.1,30,102,33,45,DoS,16,validation,0.9999347315290227,0.999869471577436,0.9999021004884098,0.9938166173004994,1.0,0.9968987204510952,0.9999564867393338,0.999869471577436,0.9999129772653106,16.05585086855788,19.10918243658494,16.210260128869624,0.19170493581294457,9,0.4659382118782097,45963
fednova_sgd,0.1,30,102,33,45,Ip Spoofing,17,own_client_rows,0.9846938775510204,1.0,0.9922879177377892,0.9747474747474747,1.0,0.9872122762148338,0.9747474747474747,1.0,0.9872122762148338,1.6358402232431994,7.720452659488342,4.152583146960007,0.011670965647530698,7,0.24285412641701262,3008
fednova_sgd,0.1,30,102,33,45,Ip Spoofing,17,validation,0.41952506596306066,0.3710618436406068,0.3938080495356037,0.2854284761587196,0.9988331388564761,0.44398340248962653,0.28424202127659576,0.9976662777129521,0.4424320827943079,-0.3222007795977064,4.994950248869603,2.2019172588335034,0.011670965647530698,7,0.24285412641701262,3008
fednova_sgd,0.1,30,102,33,45,Regular,17,own_client_rows,1.0,0.5653186619011284,0.7223048899379136,1.0,0.998233002690655,0.9991157200852124,1.0,0.9966668005300992,0.9983306180735735,0.3758537848883042,6.54025666247716,5.610135021403508,0.011670965647530698,7,0.40363709594153263,184514
fednova_sgd,0.1,30,102,33,45,Regular,17,validation,0.999557308020961,0.5726638394252718,0.7281549757381672,0.9028074873441693,0.9982423130688152,0.9481294327234429,0.9148682484797902,0.9956647654549637,0.9535580630128088,0.34675543271175,6.492998467184929,5.569363660559983,0.011670965647530698,7,0.40363709594153263,184514
fednova_sgd,0.1,30,102,33,45,Replay,18,own_client_rows,0.0,0.0,0.0,1.0,1.0,1.0,0.0,0.0,0.0,-0.5278724357324851,13.560523673731101,-1.7286440229312905,0.00043067323621636354,4,0.0017222278549775315,0
fednova_sgd,0.1,30,102,33,45,Replay,18,validation,0.0,0.0,0.0,0.0788116510496114,1.0,0.14610826824670078,0.0,0.0,0.0,-0.5218733686455933,13.775156610023041,-1.5684362174179147,0.00043067323621636354,4,0.0017222278549775315,0
fednova_sgd,0.1,30,102,33,45,DoS,19,own_client_rows,1.0,0.9998703202525936,0.9999351559218149,1.0,1.0,1.0,1.0,0.9998618628777628,0.9999309266680857,16.63316309562824,19.883409923231703,17.05524890780933,0.16497668504391844,9,0.4659382118782097,45963
fednova_sgd,0.1,30,102,33,45,DoS,19,validation,0.9999347315290227,0.999869471577436,0.9999021004884098,0.9927434507483316,1.0,0.9963585130594993,0.9999564867393338,0.999869471577436,0.9999129772653106,16.05585086855788,19.125426681777146,16.210260128869624,0.16497668504391844,9,0.4659382118782097,45963
fednova_sgd,0.1,30,102,33,45,Replay,20,own_client_rows,0.0,0.0,0.0,1.0,1.0,1.0,0.0,0.0,0.0,-0.5532249419795356,12.964858576353745,-1.6655521778925229,0.00045950880926756715,4,0.0017222278549775315,0
fednova_sgd,0.1,30,102,33,45,Replay,20,validation,0.0,0.0,0.0,0.13980157196237597,1.0,0.24530861406285326,0.0,0.0,0.0,-0.5218733686455933,13.080408446140552,-1.5684362174179147,0.00045950880926756715,4,0.0017222278549775315,0
fednova_sgd,0.1,30,102,33,45,Ip Spoofing,21,own_client_rows,1.0,0.5258408531583265,0.689247311827957,1.0,1.0,1.0,1.0,1.0,1.0,0.4667382932667658,10.250552771226415,3.063101439127871,0.0005669445733776967,7,0.24285412641701262,3008
fednova_sgd,0.1,30,102,33,45,Ip Spoofing,21,validation,0.41952506596306066,0.3710618436406068,0.3938080495356037,0.17247632480354624,0.9988331388564761,0.2941580756013746,0.28424202127659576,0.9976662777129521,0.4424320827943079,-0.3222007795977064,9.034681073147608,2.2019172588335034,0.0005669445733776967,7,0.24285412641701262,3008
fednova_sgd,0.1,30,102,33,45,Ip Spoofing,22,own_client_rows,1.0,0.4711417816813049,0.6405117270788913,1.0,1.0,1.0,1.0,0.998745294855709,0.9993722536095417,0.18654085970583045,6.758154358139899,2.7386748769800815,0.008159536993714776,7,0.24285412641701262,3008
fednova_sgd,0.1,30,102,33,45,Ip Spoofing,22,validation,0.41952506596306066,0.3710618436406068,0.3938080495356037,0.24978114969360957,0.9988331388564761,0.3996265172735761,0.28424202127659576,0.9976662777129521,0.4424320827943079,-0.3222007795977064,5.945142712587515,2.2019172588335034,0.008159536993714776,7,0.24285412641701262,3008
fednova_sgd,0.1,30,102,33,45,Video,22,own_client_rows,1.0,0.991974921630094,0.9959712954802972,1.0,0.9996238244514106,0.9998118768420392,1.0,0.5247021943573668,0.6882684320901353,2.107534225607367,7.867018147531348,0.004183813591362167,0.008159536993714776,4,0.19767482961431956,7693
fednova_sgd,0.1,30,102,33,45,Video,22,validation,0.14104235299694262,0.9908424908424909,0.2469345837050561,0.06451543578006297,0.9996669996669997,0.12120845067579163,0.7625113739763422,0.48834498834498835,0.5953818827708703,2.1099979935429154,7.662267257482101,-0.05608240382257716,0.008159536993714776,4,0.19767482961431956,7693
fednova_sgd,0.1,30,102,33,45,DoS,23,own_client_rows,1.0,1.0,1.0,1.0,1.0,1.0,1.0,1.0,1.0,22.473895629043025,23.048802254466576,23.789719090127324,0.0045295104184785795,9,0.4659382118782097,45963
fednova_sgd,0.1,30,102,33,45,DoS,23,validation,0.9999347315290227,0.999869471577436,0.9999021004884098,0.9999347315290227,0.999869471577436,0.9999021004884098,0.9999564867393338,0.999869471577436,0.9999129772653106,16.05585086855788,16.142176002281527,16.210260128869624,0.0045295104184785795,9,0.4659382118782097,45963
fednova_sgd,0.1,30,102,33,45,DoS,24,own_client_rows,0.9998429648241206,1.0,0.9999214762465646,0.9998429648241206,1.0,0.9999214762465646,0.999842940160201,0.999842940160201,0.999842940160201,25.682935448405843,24.438907403408198,26.89620307837286,0.007500969712416318,9,0.4659382118782097,45963
fednova_sgd,0.1,30,102,33,45,DoS,24,validation,0.9999347315290227,0.999869471577436,0.9999021004884098,0.9999347329489829,0.99989122631453,0.9999129791585084,0.9999564867393338,0.999869471577436,0.9999129772653106,16.05585086855788,14.846519522497118,16.210260128869624,0.007500969712416318,9,0.4659382118782097,45963
fednova_sgd,0.1,30,102,33,45,Video,24,own_client_rows,1.0,0.9951849195779121,0.9975866495507061,1.0,0.9993853088822866,0.9996925599508096,1.0,0.48437660075811906,0.6526330319552764,2.5235766659089744,8.385462755160844,-0.27978627553009106,0.007500969712416318,4,0.19767482961431956,7693
fednova_sgd,0.1,30,102,33,45,Video,24,validation,0.14104235299694262,0.9908424908424909,0.2469345837050561,0.06308492201039861,1.0,0.11868275187479622,0.7625113739763422,0.48834498834498835,0.5953818827708703,2.1099979935429154,8.560597930715119,-0.05608240382257716,0.007500969712416318,4,0.19767482961431956,7693
fednova_sgd,0.1,30,102,33,45,DoS,25,own_client_rows,1.0,0.999785384697929,0.9998926808327967,1.0,1.0,1.0,1.0,0.9998390385234467,0.9999195127840528,23.091546001448652,23.37975674696856,24.148593641015665,0.008668345331102141,9,0.4659382118782097,45963
fednova_sgd,0.1,30,102,33,45,DoS,25,validation,0.9999347315290227,0.999869471577436,0.9999021004884098,0.9996520074818391,0.99989122631453,0.999771602588504,0.9999564867393338,0.999869471577436,0.9999129772653106,16.05585086855788,16.165886371269064,16.210260128869624,0.008668345331102141,9,0.4659382118782097,45963
fednova_sgd,0.1,30,102,33,45,Manipulation,26,own_client_rows,1.0,0.7869332033154559,0.8807639836289223,1.0,1.0,1.0,0.0,0.0,0.0,0.2506482046676926,14.641702980253536,-1.6475514040407118,0.0009538993601293322,2,0.03261675384001466,0
fednova_sgd,0.1,30,102,33,45,Manipulation,26,validation,0.34863636363636363,0.7882836587872559,0.4834541443428932,0.06578324656885944,1.0,0.12344582593250444,0.0,0.0,0.0,0.21902712815099482,14.406438186504367,-1.7419336364056077,0.0009538993601293322,2,0.03261675384001466,0
fednova_sgd,0.1,30,102,33,45,DoS,27,own_client_rows,1.0,0.999920351162873,0.9999601739953891,1.0,1.0,1.0,1.0,0.999920351162873,0.9999601739953891,16.19618697785762,17.437203598468088,16.312412849514583,0.052553296975706494,9,0.4659382118782097,45963
fednova_sgd,0.1,30,102,33,45,DoS,27,validation,0.9999347315290227,0.999869471577436,0.9999021004884098,0.99900026080153,0.999978245262906,0.9994890137966275,0.9999564867393338,0.999869471577436,0.9999129772653106,16.05585086855788,17.443499633568646,16.210260128869624,0.052553296975706494,9,0.4659382118782097,45963
fednova_sgd,0.1,30,102,33,45,DoS,28,own_client_rows,1.0,0.9999089584850692,0.999954477170301,1.0,1.0,1.0,1.0,0.9999544792425346,0.9999772391032207,21.108161053862435,21.420762053043063,22.100903515909504,0.01021709465788453,9,0.4659382118782097,45963
fednova_sgd,0.1,30,102,33,45,DoS,28,validation,0.9999347315290227,0.999869471577436,0.9999021004884098,0.999847723465814,0.99989122631453,0.9998694744169857,0.9999564867393338,0.999869471577436,0.9999129772653106,16.05585086855788,16.1911609143516,16.210260128869624,0.01021709465788453,9,0.4659382118782097,45963
fednova_sgd,0.1,30,102,33,45,Manipulation,29,own_client_rows,1.0,0.8091085271317829,0.8944831280128549,0.9777356702984368,1.0,0.9887425149700598,0.0,0.0,0.0,0.257368102554203,12.12332508175872,-1.6237541021302688,0.03166285447988533,2,0.03261675384001466,0
fednova_sgd,0.1,30,102,33,45,Manipulation,29,validation,0.34863636363636363,0.7882836587872559,0.4834541443428932,0.09561713836477988,1.0,0.17454480222441474,0.0,0.0,0.0,0.21902712815099482,11.940710210849177,-1.7419336364056077,0.03166285447988533,2,0.03261675384001466,0
fednova_sgd,0.1,30,102,33,45,Regular,29,own_client_rows,1.0,0.5841248201166401,0.7374732252141983,1.0,0.9950162841778384,0.9975019172215852,1.0,0.9946981746572748,0.9973420413122722,0.35622969146823286,5.608974019872377,5.602185789924638,0.03166285447988533,7,0.40363709594153263,184514
fednova_sgd,0.1,30,102,33,45,Regular,29,validation,0.999557308020961,0.5726638394252718,0.7281549757381672,0.9159442774842412,0.9959065948649589,0.9542532418906814,0.9148682484797902,0.9956647654549637,0.9535580630128088,0.34675543271175,5.612760980382326,5.569363660559983,0.03166285447988533,7,0.40363709594153263,184514
fednova_sgd,0.1,30,102,44,45,Unauth,0,own_client_rows,1.0,0.9952380952380953,0.9976133651551312,1.0,1.0,1.0,0.0,0.0,0.0,0.7588942270430308,12.99478546626984,-1.0647516159784227,0.0002930066293912625,3,0.09417093541668799,1
fednova_sgd,0.1,30,102,44,45,Unauth,0,validation,0.2563573883161512,0.998661311914324,0.4079846869018321,0.21348956844812803,1.0,0.3518605746585021,0.0,0.0,0.0,0.8170824676472819,13.52714324093248,-1.0503329949844953,0.0002930066293912625,3,0.09417093541668799,1
fednova_sgd,0.1,30,102,44,45,MITM,1,own_client_rows,1.0,0.03851035507538,0.07416460488270188,1.0,0.9996594743522274,0.9998297081817478,1.0,0.21366436553880444,0.3520979466904732,-1.1883495229134098,8.08912091901294,-1.569535660750356,0.08114330256608694,3,0.1078124869193469,5030
fednova_sgd,0.1,30,102,44,45,MITM,1,validation,0.6080206985769728,0.06964510631992295,0.12497507146180947,0.07042819633451827,0.999629547306809,0.1315856203795814,0.5095427435387674,0.18989405052974734,0.27667728180493334,-1.1449257242350153,8.094375934814218,-1.71398903170612,0.08114330256608694,3,0.1078124869193469,5030
fednova_sgd,0.1,30,102,44,45,Password Cracking,1,own_client_rows,1.0,1.0,1.0,1.0,1.0,1.0,1.0,1.0,1.0,13.818355181341882,16.386163088582148,12.508925931685893,0.08114330256608694,1,0.08114330256608694,0
fednova_sgd,0.1,30,102,44,45,Password Cracking,1,validation,0.0,0.0,0.0,0.0,0.0,0.0,0.0,0.0,0.0,nan,nan,nan,0.08114330256608694,1,0.08114330256608694,0
fednova_sgd,0.1,30,102,44,45,MITM,2,own_client_rows,1.0,0.05649902024820379,0.10695517774343122,1.0,1.0,1.0,1.0,0.2409463676609333,0.38832680273700215,-0.923408661674922,13.498247906971207,-1.4714331814803097,0.02563389426274416,3,0.1078124869193469,5030
fednova_sgd,0.1,30,102,44,45,MITM,2,validation,0.6080206985769728,0.06964510631992295,0.12497507146180947,0.06886516458100388,0.9993331851522561,0.1288510589516522,0.5095427435387674,0.18989405052974734,0.27667728180493334,-1.1449257242350153,12.924226216937097,-1.71398903170612,0.02563389426274416,3,0.1078124869193469,5030
fednova_sgd,0.1,30,102,44,45,DoS,3,own_client_rows,0.999962693527327,1.0,0.9999813464157138,1.0,0.9999253842710043,0.9999626907435735,0.9999813464157138,1.0,0.999990673120867,21.433509461186997,21.004156948648056,20.984592143430085,0.02562505755487363,9,0.4659382118782097,45968
fednova_sgd,0.1,30,102,44,45,DoS,3,validation,0.9999347400478573,1.0,0.9999673689591786,1.0,0.9995431505210259,0.9997715230707299,0.9999347372084929,0.999956490525812,0.9999456137488443,18.139722433348926,17.259802293629125,17.635211129723498,0.02562505755487363,9,0.4659382118782097,45968
fednova_sgd,0.1,30,102,44,45,Injection,3,own_client_rows,0.0,0.0,0.0,0.9983552631578947,1.0,0.9991769547325103,1.0,0.9983525535420099,0.9991755976916735,-0.7913437266719008,9.287557435389209,1.052861070711491,0.02562505755487363,3,0.0761626549563234,2907
fednova_sgd,0.1,30,102,44,45,Injection,3,validation,0.0,0.0,0.0,0.26863304789089754,1.0,0.4235,0.2906776745786034,0.9976387249114522,0.4501864677677144,-0.9051422875774794,9.683069150309917,1.0442552442674513,0.02562505755487363,3,0.0761626549563234,2907
fednova_sgd,0.1,30,102,44,45,Ip Spoofing,3,own_client_rows,1.0,0.5374149659863946,0.6991150442477876,0.9954802259887006,0.9988662131519275,0.9971703452178834,1.0,1.0,1.0,0.5488140080250851,6.368725419855442,3.664995881164966,0.02562505755487363,7,0.24285412641701262,2972
fednova_sgd,0.1,30,102,44,45,Ip Spoofing,3,validation,0.3894736842105263,0.2590431738623104,0.31114225648213034,0.28647925033467203,0.9988331388564761,0.44525357607282184,0.288021534320323,0.9988331388564761,0.4471141290154087,-0.570852949571999,5.650068142867561,2.564215251695595,0.02562505755487363,7,0.24285412641701262,2972
fednova_sgd,0.1,30,102,44,45,DoS,4,own_client_rows,1.0,0.997134670487106,0.9985652797704447,1.0,1.0,1.0,1.0,0.997134670487106,0.9985652797704447,43.10664678098138,44.93727614613181,41.98757611031519,0.00016231637088500096,9,0.4659382118782097,45968
fednova_sgd,0.1,30,102,44,45,DoS,4,validation,0.9999347400478573,1.0,0.9999673689591786,0.9903052760841933,1.0,0.9951290266712851,0.9999347372084929,0.999956490525812,0.9999456137488443,18.139722433348926,18.402029028637394,17.635211129723498,0.00016231637088500096,9,0.4659382118782097,45968
fednova_sgd,0.1,30,102,44,45,Regular,5,own_client_rows,1.0,0.6770338067694296,0.8074181975778297,1.0,0.998904737389338,0.9994520686302978,1.0,0.9937615456830502,0.9968710128197339,0.8208852691910703,8.656631031199842,5.879841014603712,0.09284263869678093,7,0.40363709594153263,182505
fednova_sgd,0.1,30,102,44,45,Regular,5,validation,0.9992169282706296,0.6773700756749105,0.8074017569329954,0.8906459535216379,0.9989265133507529,0.9416837645331866,0.923185666146133,0.9937773164013425,0.9571817319327588,0.8343732495246357,8.672073940171552,5.888911008712494,0.09284263869678093,7,0.40363709594153263,182505
fednova_sgd,0.1,30,102,44,45,Unauth,5,own_client_rows,0.9979986657771848,0.9993319973279893,0.9986648865153538,0.9881188118811881,1.0,0.9940239043824701,0.0,0.0,0.0,0.7669318128444389,9.949418367985972,-1.0592251397325902,0.09284263869678093,3,0.09417093541668799,1
fednova_sgd,0.1,30,102,44,45,Unauth,5,validation,0.2563573883161512,0.998661311914324,0.4079846869018321,0.21155480033984708,1.0,0.3492286115007013,0.0,0.0,0.0,0.8170824676472819,10.309331401125334,-1.0503329949844953,0.09284263869678093,3,0.09417093541668799,1
fednova_sgd,0.1,30,102,44,45,Replay,6,own_client_rows,0.0,0.0,0.0,1.0,1.0,1.0,0.0,0.0,0.0,-0.5573219093116554,14.281115832629505,-1.9783033766188063,0.00041299982047530325,4,0.0017222278549775315,0
fednova_sgd,0.1,30,102,44,45,Replay,6,validation,0.0,0.0,0.0,0.30554773303294847,1.0,0.46807592752372734,0.0,0.0,0.0,-0.5644485122047811,14.431251800115207,-1.888057135656682,0.00041299982047530325,4,0.0017222278549775315,0
fednova_sgd,0.1,30,102,44,45,Injection,7,own_client_rows,0.0,0.0,0.0,0.9794392523364486,1.0,0.9896128423040604,0.9886792452830189,1.0,0.9943074003795066,-0.7165749819224118,9.884148750596374,1.0756587836578602,0.04986135670441026,3,0.0761626549563234,2907
fednova_sgd,0.1,30,102,44,45,Injection,7,validation,0.0,0.0,0.0,0.28809523809523807,1.0,0.44731977818853974,0.2906776745786034,0.9976387249114522,0.4501864677677144,-0.9051422875774794,10.388007766381346,1.0442552442674513,0.04986135670441026,3,0.0761626549563234,2907
fednova_sgd,0.1,30,102,44,45,Regular,7,own_client_rows,1.0,0.6873664279554572,0.8147209954725995,1.0,0.9985189906640171,0.9992589465784907,1.0,0.9926605676577556,0.9963167674106828,0.8759258545306334,8.277373115345318,5.92690995757623,0.04986135670441026,7,0.40363709594153263,182505
fednova_sgd,0.1,30,102,44,45,Regular,7,validation,0.9992169282706296,0.6773700756749105,0.8074017569329954,0.8943096300599404,0.9988262426197793,0.9436828496277473,0.923185666146133,0.9937773164013425,0.9571817319327588,0.8343732495246357,8.260919268329637,5.888911008712494,0.04986135670441026,7,0.40363709594153263,182505
fednova_sgd,0.1,30,102,44,45,Ip Spoofing,8,own_client_rows,0.9548022598870056,0.6575875486381323,0.7788018433179723,0.9465930018416207,1.0,0.9725638599810785,0.957169459962756,1.0,0.978116079923882,0.8505259710527115,8.44574568336576,3.9920839539761674,0.023477272452446886,7,0.24285412641701262,2972
fednova_sgd,0.1,30,102,44,45,Ip Spoofing,8,validation,0.3894736842105263,0.2590431738623104,0.31114225648213034,0.276307295029051,0.9988331388564761,0.43286978508217444,0.288021534320323,0.9988331388564761,0.4471141290154087,-0.570852949571999,6.828781359393232,2.564215251695595,0.023477272452446886,7,0.24285412641701262,2972
fednova_sgd,0.1,30,102,44,45,Regular,8,own_client_rows,1.0,0.6785349744821375,0.8084847617684934,1.0,0.9980186130291204,0.9990083240676744,1.0,0.992314620234164,0.9961424868904828,0.7929019820710435,7.3414046082257585,5.819433153989042,0.023477272452446886,7,0.40363709594153263,182505
fednova_sgd,0.1,30,102,44,45,Regular,8,validation,0.9992169282706296,0.6773700756749105,0.8074017569329954,0.8994739359158297,0.9984133631392996,0.9463647265682873,0.923185666146133,0.9937773164013425,0.9571817319327588,0.8343732495246357,7.422656637074513,5.888911008712494,0.023477272452446886,7,0.40363709594153263,182505
fednova_sgd,0.1,30,102,44,45,MITM,9,own_client_rows,1.0,0.0021008403361344537,0.0041928721174004195,1.0,0.014705882352941176,0.028985507246376812,1.0,0.0021008403361344537,0.0041928721174004195,-2.7411972601540615,-7.135155429359243,-3.154463738620448,0.001035290090515794,3,0.1078124869193469,5030
fednova_sgd,0.1,30,102,44,45,MITM,9,validation,0.6080206985769728,0.06964510631992295,0.12497507146180947,0.11974544605324615,0.15195969474698082,0.13394285714285714,0.5095427435387674,0.18989405052974734,0.27667728180493334,-1.1449257242350153,-1.044147320462128,-1.71398903170612,0.001035290090515794,3,0.1078124869193469,5030
fednova_sgd,0.1,30,102,44,45,Unauth,9,own_client_rows,0.3637192342752963,1.0,0.5334224598930482,0.3630573248407643,1.0,0.5327102803738317,0.0,0.0,0.0,0.8366403986039317,8.820585399044486,-1.0501445875430764,0.001035290090515794,3,0.09417093541668799,1
fednova_sgd,0.1,30,102,44,45,Unauth,9,validation,0.2563573883161512,0.998661311914324,0.4079846869018321,0.2506711409395973,1.0,0.4008585994097129,0.0,0.0,0.0,0.8170824676472819,8.692060723362198,-1.0503329949844953,0.001035290090515794,3,0.09417093541668799,1
fednova_sgd,0.1,30,102,44,45,Ip Spoofing,10,own_client_rows,1.0,0.442613301942319,0.6136270909832722,1.0,1.0,1.0,1.0,0.9994114184814596,0.9997056226081837,-0.00041145742325448794,7.49675475463508,2.9989412430105946,0.0007901877195805634,7,0.24285412641701262,2972
fednova_sgd,0.1,30,102,44,45,Ip Spoofing,10,validation,0.3894736842105263,0.2590431738623104,0.31114225648213034,0.227538543328017,0.9988331388564761,0.37064299631954967,0.288021534320323,0.9988331388564761,0.4471141290154087,-0.570852949571999,7.05958284714119,2.564215251695595,0.0007901877195805634,7,0.24285412641701262,2972
fednova_sgd,0.1,30,102,44,45,Ip Spoofing,11,own_client_rows,0.8040201005025126,0.4568165596002855,0.5826126536185707,0.8888888888888888,0.9992862241256245,0.9408602150537635,0.876720901126408,1.0,0.9343114371457152,0.16881774205296998,8.227129896056388,3.226654510171306,0.17256416147548836,7,0.24285412641701262,2972
fednova_sgd,0.1,30,102,44,45,Ip Spoofing,11,validation,0.3894736842105263,0.2590431738623104,0.31114225648213034,0.2877310924369748,0.9988331388564761,0.44676409185803756,0.288021534320323,0.9988331388564761,0.4471141290154087,-0.570852949571999,7.790736444355309,2.564215251695595,0.17256416147548836,7,0.24285412641701262,2972
fednova_sgd,0.1,30,102,44,45,Regular,11,own_client_rows,0.9998935948172492,0.6763753238987442,0.8069151035465584,0.9967940924095177,0.9872821296480854,0.9920153101316966,0.9907836770949136,0.9943082408699311,0.9925428300215687,0.8039743884194347,4.700671855232141,5.864674016222448,0.17256416147548836,7,0.40363709594153263,182505
fednova_sgd,0.1,30,102,44,45,Regular,11,validation,0.9992169282706296,0.6773700756749105,0.8074017569329954,0.9666446881362206,0.9857733527583299,0.9761153146418173,0.923185666146133,0.9937773164013425,0.9571817319327588,0.8343732495246357,4.72807450981621,5.888911008712494,0.17256416147548836,7,0.40363709594153263,182505
fednova_sgd,0.1,30,102,44,45,Video,11,own_client_rows,0.06758415713639594,0.9951242716137472,0.12657213083758745,0.6218530570303135,0.8635985253894637,0.7230547120027879,0.8758636573007831,0.45225353787608513,0.5965022351188142,2.2466396912905817,3.2244031808367524,-0.14323161861561667,0.17256416147548836,4,0.19767482961431956,6143
fednova_sgd,0.1,30,102,44,45,Video,11,validation,0.15502771589908304,0.9965034965034965,0.2683134582623509,0.4922137262215591,0.8788711288711288,0.6310221159593544,0.8580498127950513,0.4388111888111888,0.5806664830625172,2.221021816724942,3.1462410473640943,-0.12465279776375968,0.17256416147548836,4,0.19767482961431956,6143
fednova_sgd,0.1,30,102,44,45,Video,12,own_client_rows,1.0,0.9925685319159407,0.996270407785215,1.0,0.9968010236724248,0.9983979493752002,1.0,0.4499729317387667,0.6206639060484692,2.305658679607141,8.537973040934594,-0.10346704979887206,0.009450161432700098,4,0.19767482961431956,6143
fednova_sgd,0.1,30,102,44,45,Video,12,validation,0.15502771589908304,0.9965034965034965,0.2683134582623509,0.0640206366887495,1.0,0.12033720866163425,0.8580498127950513,0.4388111888111888,0.5806664830625172,2.221021816724942,8.769140690039128,-0.12465279776375968,0.009450161432700098,4,0.19767482961431956,6143
fednova_sgd,0.1,30,102,44,45,Injection,13,own_client_rows,0.0,0.0,0.0,1.0,1.0,1.0,1.0,0.9993122420907841,0.999656002751978,-0.7274727381899071,7.842718363136176,1.072267388051281,0.0006762406970395169,3,0.0761626549563234,2907
fednova_sgd,0.1,30,102,44,45,Injection,13,validation,0.0,0.0,0.0,0.22236807561039643,1.0,0.3638316151202749,0.2906776745786034,0.9976387249114522,0.4501864677677144,-0.9051422875774794,7.300782979449528,1.0442552442674513,0.0006762406970395169,3,0.0761626549563234,2907
fednova_sgd,0.1,30,102,44,45,Replay,14,own_client_rows,0.0,0.0,0.0,1.0,1.0,1.0,0.0,0.0,0.0,-0.6045606064875833,13.94706836154273,-2.036521107189928,0.00041904598901829754,4,0.0017222278549775315,0
fednova_sgd,0.1,30,102,44,45,Replay,14,validation,0.0,0.0,0.0,0.3072783913905409,1.0,0.47010398613518195,0.0,0.0,0.0,-0.5644485122047811,14.227996291762674,-1.888057135656682,0.00041904598901829754,4,0.0017222278549775315,0
fednova_sgd,0.1,30,102,44,45,Regular,15,own_client_rows,1.0,0.7102174663444943,0.8305580785144818,1.0,0.9993096306523991,0.9996546961325967,1.0,0.9939808422506041,0.9969813362185556,0.9694938462151714,10.868782377917888,6.07740688356894,0.021557846484990154,7,0.40363709594153263,182505
fednova_sgd,0.1,30,102,44,45,Regular,15,validation,0.9992169282706296,0.6773700756749105,0.8074017569329954,0.8776473147462359,0.9994632566753765,0.9346026353091718,0.923185666146133,0.9937773164013425,0.9571817319327588,0.8343732495246357,10.660866531731262,5.888911008712494,0.021557846484990154,7,0.40363709594153263,182505
fednova_sgd,0.1,30,102,44,45,DoS,16,own_client_rows,1.0,0.9999927217853946,0.9999963608794541,1.0,1.0,1.0,1.0,0.999983017499254,0.9999915086775251,17.980205407516333,20.578717710125087,17.753216425937193,0.19170493581294457,9,0.4659382118782097,45968
fednova_sgd,0.1,30,102,44,45,DoS,16,validation,0.9999347400478573,1.0,0.9999673689591786,0.9960994214141764,1.0,0.9980458996460907,0.9999347372084929,0.999956490525812,0.9999456137488443,18.139722433348926,20.79998907164379,17.635211129723498,0.19170493581294457,9,0.4659382118782097,45968
fednova_sgd,0.1,30,102,44,45,Ip Spoofing,17,own_client_rows,0.9896907216494846,0.9948186528497409,0.9922480620155039,0.946078431372549,1.0,0.9722921914357683,0.9846938775510204,1.0,0.9922879177377892,1.3265776164791128,7.119837627509715,4.463292255302785,0.011670965647530698,7,0.24285412641701262,2972
fednova_sgd,0.1,30,102,44,45,Ip Spoofing,17,validation,0.3894736842105263,0.2590431738623104,0.31114225648213034,0.28157894736842104,0.9988331388564761,0.43931229150628687,0.288021534320323,0.9988331388564761,0.4471141290154087,-0.570852949571999,4.583341689760793,2.564215251695595,0.011670965647530698,7,0.24285412641701262,2972
fednova_sgd,0.1,30,102,44,45,Regular,17,own_client_rows,1.0,0.6746315409019719,0.8057074340527578,1.0,0.9981928436608971,0.9990956046385433,1.0,0.9958636199349423,0.9979275236926296,0.8595768233905484,7.01045675052897,5.93829711164022,0.011670965647530698,7,0.40363709594153263,182505
fednova_sgd,0.1,30,102,44,45,Regular,17,validation,0.9992169282706296,0.6773700756749105,0.8074017569329954,0.9031880994699845,0.9980771612766234,0.9482647508784121,0.923185666146133,0.9937773164013425,0.9571817319327588,0.8343732495246357,6.953323122246242,5.888911008712494,0.011670965647530698,7,0.40363709594153263,182505
fednova_sgd,0.1,30,102,44,45,Replay,18,own_client_rows,0.0,0.0,0.0,1.0,1.0,1.0,0.0,0.0,0.0,-0.5689051321206804,14.467201842602591,-2.03866306906385,0.00043067323621636354,4,0.0017222278549775315,0
fednova_sgd,0.1,30,102,44,45,Replay,18,validation,0.0,0.0,0.0,0.2303120356612184,1.0,0.3743961352657005,0.0,0.0,0.0,-0.5644485122047811,14.776967525921659,-1.888057135656682,0.00043067323621636354,4,0.0017222278549775315,0
fednova_sgd,0.1,30,102,44,45,DoS,19,own_client_rows,1.0,0.9999661705006766,0.9999830849642247,1.0,1.0,1.0,1.0,0.9999464366260713,0.9999732175957576,18.292712281209475,21.22683392887348,17.955660968069886,0.16497668504391844,9,0.4659382118782097,45968
fednova_sgd,0.1,30,102,44,45,DoS,19,validation,0.9999347400478573,1.0,0.9999673689591786,0.994289545975644,1.0,0.9971365973231523,0.9999347372084929,0.999956490525812,0.9999456137488443,18.139722433348926,20.67695668563861,17.635211129723498,0.16497668504391844,9,0.4659382118782097,45968
fednova_sgd,0.1,30,102,44,45,Replay,20,own_client_rows,0.0,0.0,0.0,1.0,1.0,1.0,0.0,0.0,0.0,-0.6032018622888727,14.112571561867409,-1.963151568825911,0.00045950880926756715,4,0.0017222278549775315,0
fednova_sgd,0.1,30,102,44,45,Replay,20,validation,0.0,0.0,0.0,0.29284750337381915,1.0,0.453027139874739,0.0,0.0,0.0,-0.5644485122047811,14.25276857718894,-1.888057135656682,0.00045950880926756715,4,0.0017222278549775315,0
fednova_sgd,0.1,30,102,44,45,Ip Spoofing,21,own_client_rows,1.0,0.4774405250205086,0.6463076068850638,1.0,1.0,1.0,1.0,0.9991796554552912,0.9995896594173164,0.27691933285319675,9.366511356644791,3.325155056334598,0.0005669445733776967,7,0.24285412641701262,2972
fednova_sgd,0.1,30,102,44,45,Ip Spoofing,21,validation,0.3894736842105263,0.2590431738623104,0.31114225648213034,0.22084623323013416,0.9988331388564761,0.361715613775618,0.288021534320323,0.9988331388564761,0.4471141290154087,-0.570852949571999,8.070240710691365,2.564215251695595,0.0005669445733776967,7,0.24285412641701262,2972
fednova_sgd,0.1,30,102,44,45,Ip Spoofing,22,own_client_rows,1.0,0.4328732747804266,0.6042031523642732,0.9993730407523511,1.0,0.9996864220758859,1.0,0.998745294855709,0.9993722536095417,0.009692569000359013,6.32269692989335,3.01858562627431,0.008159536993714776,7,0.24285412641701262,2972
fednova_sgd,0.1,30,102,44,45,Ip Spoofing,22,validation,0.3894736842105263,0.2590431738623104,0.31114225648213034,0.2370534477983938,0.9988331388564761,0.38316920322291853,0.288021534320323,0.9988331388564761,0.4471141290154087,-0.570852949571999,5.638882684874562,2.564215251695595,0.008159536993714776,7,0.24285412641701262,2972
fednova_sgd,0.1,30,102,44,45,Video,22,own_client_rows,1.0,0.9957993730407524,0.9978952659190149,1.0,0.9996865203761756,0.9998432356168678,1.0,0.45015673981191223,0.6208387375702551,2.2506579092378525,7.410122452978056,-0.12749876112026107,0.008159536993714776,4,0.19767482961431956,6143
fednova_sgd,0.1,30,102,44,45,Video,22,validation,0.15502771589908304,0.9965034965034965,0.2683134582623509,0.06800971891053052,0.9996669996669997,0.12735516372795969,0.8580498127950513,0.4388111888111888,0.5806664830625172,2.221021816724942,7.284911702880453,-0.12465279776375968,0.008159536993714776,4,0.19767482961431956,6143
fednova_sgd,0.1,30,102,44,45,DoS,23,own_client_rows,1.0,1.0,1.0,1.0,1.0,1.0,1.0,1.0,1.0,27.761277948197968,27.979186453948046,27.565766505801417,0.0045295104184785795,9,0.4659382118782097,45968
fednova_sgd,0.1,30,102,44,45,DoS,23,validation,0.9999347400478573,1.0,0.9999673689591786,0.9999347400478573,1.0,0.9999673689591786,0.9999347372084929,0.999956490525812,0.9999456137488443,18.139722433348926,18.167956852878152,17.635211129723498,0.0045295104184785795,9,0.4659382118782097,45968
fednova_sgd,0.1,30,102,44,45,DoS,24,own_client_rows,0.9998429648241206,1.0,0.9999214762465646,0.9998429648241206,1.0,0.9999214762465646,0.9998429648241206,1.0,0.9999214762465646,30.869447689257107,30.66019612847495,30.39325820637663,0.007500969712416318,9,0.4659382118782097,45968
fednova_sgd,0.1,30,102,44,45,DoS,24,validation,0.9999347400478573,1.0,0.9999673689591786,0.9999347400478573,1.0,0.9999673689591786,0.9999347372084929,0.999956490525812,0.9999456137488443,18.139722433348926,17.673183513444428,17.635211129723498,0.007500969712416318,9,0.4659382118782097,45968
fednova_sgd,0.1,30,102,44,45,Video,24,own_client_rows,1.0,0.9947751254994366,0.9973807200451954,1.0,0.9993853088822866,0.9996925599508096,1.0,0.470238705050712,0.6396766775834437,2.4913978260103984,8.13320158427031,-0.1666175475705294,0.007500969712416318,4,0.19767482961431956,6143
fednova_sgd,0.1,30,102,44,45,Video,24,validation,0.15502771589908304,0.9965034965034965,0.2683134582623509,0.06416323914320816,1.0,0.12058909156619249,0.8580498127950513,0.4388111888111888,0.5806664830625172,2.221021816724942,8.214909602116633,-0.12465279776375968,0.007500969712416318,4,0.19767482961431956,6143
fednova_sgd,0.1,30,102,44,45,DoS,25,own_client_rows,1.0,1.0,1.0,1.0,1.0,1.0,1.0,0.999785384697929,0.9998926808327967,25.948649097274387,26.103727934864256,25.91272555565243,0.008668345331102141,9,0.4659382118782097,45968
fednova_sgd,0.1,30,102,44,45,DoS,25,validation,0.9999347400478573,1.0,0.9999673689591786,0.9988700319433278,1.0,0.9994346965842629,0.9999347372084929,0.999956490525812,0.9999456137488443,18.139722433348926,18.210089490150544,17.635211129723498,0.008668345331102141,9,0.4659382118782097,45968
fednova_sgd,0.1,30,102,44,45,Manipulation,26,own_client_rows,1.0,0.8542174549000487,0.9213778595845385,1.0,1.0,1.0,0.0,0.0,0.0,0.39060553779025475,13.96754536658947,-1.999212226886275,0.0009538993601293322,2,0.03261675384001466,0
fednova_sgd,0.1,30,102,44,45,Manipulation,26,validation,0.3315171835708298,0.8129496402877698,0.4709735040190533,0.15071251548946715,1.0,0.26194642616772107,0.0,0.0,0.0,0.3508997620193466,13.746668847957348,-2.092832778977711,0.0009538993601293322,2,0.03261675384001466,0
fednova_sgd,0.1,30,102,44,45,DoS,27,own_client_rows,1.0,1.0,1.0,1.0,1.0,1.0,1.0,1.0,1.0,18.206278285016726,19.265028636245972,17.863757794800257,0.052553296975706494,9,0.4659382118782097,45968
fednova_sgd,0.1,30,102,44,45,DoS,27,validation,0.9999347400478573,1.0,0.9999673689591786,0.999825992387167,1.0,0.9999129886232625,0.9999347372084929,0.999956490525812,0.9999456137488443,18.139722433348926,19.276838419749495,17.635211129723498,0.052553296975706494,9,0.4659382118782097,45968
fednova_sgd,0.1,30,102,44,45,DoS,28,own_client_rows,1.0,1.0,1.0,1.0,1.0,1.0,1.0,0.9998634377276038,0.99993171420117,23.459237406397943,23.858533666156454,23.366946560053258,0.01021709465788453,9,0.4659382118782097,45968
fednova_sgd,0.1,30,102,44,45,DoS,28,validation,0.9999347400478573,1.0,0.9999673689591786,0.9994129669087273,1.0,0.9997063972771066,0.9999347372084929,0.999956490525812,0.9999456137488443,18.139722433348926,18.311270177518654,17.635211129723498,0.01021709465788453,9,0.4659382118782097,45968
fednova_sgd,0.1,30,102,44,45,Manipulation,29,own_client_rows,1.0,0.8672480620155039,0.9289050337311884,0.9791271347248577,1.0,0.9894534995206136,0.0,0.0,0.0,0.39306049199067344,11.664255541424419,-1.9664327931958576,0.03166285447988533,2,0.03261675384001466,0
fednova_sgd,0.1,30,102,44,45,Manipulation,29,validation,0.3315171835708298,0.8129496402877698,0.4709735040190533,0.3215465961665565,1.0,0.48662165541385344,0.0,0.0,0.0,0.3508997620193466,11.451597929245889,-2.092832778977711,0.03166285447988533,2,0.03261675384001466,0
fednova_sgd,0.1,30,102,44,45,Regular,29,own_client_rows,1.0,0.6892827387714914,0.8160655678903854,1.0,0.9945921381504204,0.9972887380100705,1.0,0.9928652578959327,0.9964198572503592,0.8659027892423834,5.991079338620957,5.924099133482921,0.03166285447988533,7,0.40363709594153263,182505
fednova_sgd,0.1,30,102,44,45,Regular,29,validation,0.9992169282706296,0.6773700756749105,0.8074017569329954,0.9184278687097336,0.9955409016108198,0.9554309586009164,0.923185666146133,0.9937773164013425,0.9571817319327588,0.8343732495246357,5.986854696098584,5.888911008712494,0.03166285447988533,7,0.40363709594153263,182505
fednova_sgd,0.1,30,102,55,45,Unauth,0,own_client_rows,1.0,0.9904761904761905,0.9952153110047847,1.0,1.0,1.0,0.0,0.0,0.0,1.2775152297247023,9.57738017733135,-1.6370551215277778,0.0002930066293912625,3,0.09417093541668799,0
fednova_sgd,0.1,30,102,55,45,Unauth,0,validation,0.25718241606092074,0.9946452476572959,0.4086908690869087,0.19060984945139067,1.0,0.3201885983711959,0.0,0.0,0.0,1.3711993563446494,9.856337949454065,-1.5707903227493307,0.0002930066293912625,3,0.09417093541668799,0
fednova_sgd,0.1,30,102,55,45,MITM,1,own_client_rows,1.0,0.19577129059220505,0.32743935589095713,0.9999690325777282,0.9996285174751571,0.9997987460329747,1.0,0.027211094944741974,0.05298053161352541,-0.7054546637139932,8.424847222974646,-2.272854715627225,0.08114330256608694,3,0.1078124869193469,544
fednova_sgd,0.1,30,102,55,45,MITM,1,validation,0.09110967785736108,0.19885900570497148,0.12496508054753701,0.07003882970991923,0.999629547306809,0.1309057744271902,0.34191176470588236,0.013780840186708157,0.02649383947012321,-0.6832651722084074,8.419736069821072,-2.41986844154025,0.08114330256608694,3,0.1078124869193469,544
fednova_sgd,0.1,30,102,55,45,Password Cracking,1,own_client_rows,1.0,0.9999929659198818,0.9999964829475713,1.0,0.9999929659198818,0.9999964829475713,1.0,0.9999929659198818,0.9999964829475713,12.180022635450005,14.68434158125022,11.17179048456569,0.08114330256608694,1,0.08114330256608694,0
fednova_sgd,0.1,30,102,55,45,Password Cracking,1,validation,0.0,0.0,0.0,0.0,0.0,0.0,0.0,0.0,0.0,nan,nan,nan,0.08114330256608694,1,0.08114330256608694,0
fednova_sgd,0.1,30,102,55,45,MITM,2,own_client_rows,1.0,0.2574932868858408,0.4095342529000981,1.0,1.0,1.0,1.0,0.03617824225270339,0.06983015233759411,-0.42011974868204105,14.402701730781443,-2.193492510398523,0.02563389426274416,3,0.1078124869193469,544
fednova_sgd,0.1,30,102,55,45,MITM,2,validation,0.09110967785736108,0.19885900570497148,0.12496508054753701,0.06874181432728421,0.9994072756908943,0.12863573076996435,0.34191176470588236,0.013780840186708157,0.02649383947012321,-0.6832651722084074,13.634827415351559,-2.41986844154025,0.02563389426274416,3,0.1078124869193469,544
fednova_sgd,0.1,30,102,55,45,DoS,3,own_client_rows,0.9999813464157138,1.0,0.999990673120867,1.0,0.9999067303387554,0.9999533629944688,0.9999813453717867,0.9999440382032533,0.9999626914395509,22.762594282511472,21.841921349920955,22.4118649975575,0.02562505755487363,9,0.4659382118782097,45964
fednova_sgd,0.1,30,102,55,45,DoS,3,validation,0.9999347386282059,0.999978245262906,0.9999564914723286,1.0,0.9986729610372659,0.999336039968217,0.9999564876860152,0.99989122631453,0.9999238559354299,18.95871035879,17.808426213030543,18.459445430961342,0.02562505755487363,9,0.4659382118782097,45964
fednova_sgd,0.1,30,102,55,45,Injection,3,own_client_rows,0.0,0.0,0.0,0.9967159277504105,1.0,0.9983552631578947,1.0,0.9967051070840197,0.9983498349834984,-1.2946771310620881,8.910859310646623,1.6017728551019357,0.02562505755487363,3,0.0761626549563234,2894
fednova_sgd,0.1,30,102,55,45,Injection,3,validation,0.0,0.0,0.0,0.25389688249400477,1.0,0.4049725077695434,0.29198341395991706,0.9976387249114522,0.4517508687516707,-1.5466833193440082,9.1391123081464,1.50716193873598,0.02562505755487363,3,0.0761626549563234,2894
fednova_sgd,0.1,30,102,55,45,Ip Spoofing,3,own_client_rows,1.0,0.5827664399092971,0.7363896848137536,0.9954802259887006,0.9988662131519275,0.9971703452178834,0.9954853273137697,1.0,0.997737556561086,0.7000036261249292,6.058073913159014,3.5605125513747167,0.02562505755487363,7,0.24285412641701262,3023
fednova_sgd,0.1,30,102,55,45,Ip Spoofing,3,validation,0.4015503875968992,0.30221703617269546,0.3448735019973369,0.28705882352941176,0.9964994165694282,0.44572025052192066,0.28316242143565995,0.9988331388564761,0.44123711340206184,-0.47038235213681445,5.67328685640315,2.3538271393213974,0.02562505755487363,7,0.24285412641701262,3023
fednova_sgd,0.1,30,102,55,45,DoS,4,own_client_rows,1.0,0.997134670487106,0.9985652797704447,1.0,1.0,1.0,1.0,0.997134670487106,0.9985652797704447,53.12905175501432,54.65082714004298,52.61932530444126,0.00016231637088500096,9,0.4659382118782097,45964
fednova_sgd,0.1,30,102,55,45,DoS,4,validation,0.9999347386282059,0.999978245262906,0.9999564914723286,0.9609490958503188,1.0,0.9800857124581566,0.9999564876860152,0.99989122631453,0.9999238559354299,18.95871035879,19.262953883696458,18.459445430961342,0.00016231637088500096,9,0.4659382118782097,45964
fednova_sgd,0.1,30,102,55,45,Regular,5,own_client_rows,1.0,0.6858009549478614,0.8136203185020404,1.0,0.998692751077597,0.999345948034435,1.0,0.9959621654906473,0.9979769984726339,0.7200271244318049,8.254896022212506,5.681568356042998,0.09284263869678093,7,0.40363709594153263,184024
fednova_sgd,0.1,30,102,55,45,Regular,5,validation,0.9992691315563199,0.6854684117706041,0.8131443704716959,0.8959284637159713,0.9987318701670982,0.9445411339447085,0.917467286875625,0.9958417138037406,0.9550492837243505,0.7286903830945575,8.262355925336644,5.686486314058989,0.09284263869678093,7,0.40363709594153263,184024
fednova_sgd,0.1,30,102,55,45,Unauth,5,own_client_rows,0.9973262032085561,0.9966599866399466,0.9969929836284664,0.9900793650793651,1.0,0.9950149551345963,0.0,0.0,0.0,1.2919934921927188,9.553043587174349,-1.6068347632765532,0.09284263869678093,3,0.09417093541668799,0
fednova_sgd,0.1,30,102,55,45,Unauth,5,validation,0.25718241606092074,0.9946452476572959,0.4086908690869087,0.2369172216936251,1.0,0.3830769230769231,0.0,0.0,0.0,1.3711993563446494,9.892677072221176,-1.5707903227493307,0.09284263869678093,3,0.09417093541668799,0
fednova_sgd,0.1,30,102,55,45,Replay,6,own_client_rows,0.0,0.0,0.0,1.0,1.0,1.0,0.0,0.0,0.0,-0.47430186228709176,13.854988166877815,-1.7683449135170326,0.00041299982047530325,4,0.0017222278549775315,0
fednova_sgd,0.1,30,102,55,45,Replay,6,validation,0.0,0.0,0.0,0.1896853146853147,1.0,0.3188831741366642,0.0,0.0,0.0,-0.5034145935339862,13.992689732142857,-1.6984625891057028,0.00041299982047530325,4,0.0017222278549775315,0
fednova_sgd,0.1,30,102,55,45,Injection,7,own_client_rows,0.0,0.0,0.0,0.9685767097966729,1.0,0.984037558685446,0.981203007518797,0.9961832061068703,0.9886363636363636,-1.1942669817509541,10.212245795562977,1.609719778745229,0.04986135670441026,3,0.0761626549563234,2894
fednova_sgd,0.1,30,102,55,45,Injection,7,validation,0.0,0.0,0.0,0.28643895840378764,1.0,0.44532071503680337,0.29198341395991706,0.9976387249114522,0.4517508687516707,-1.5466833193440082,10.328651905622786,1.50716193873598,0.04986135670441026,3,0.0761626549563234,2894
fednova_sgd,0.1,30,102,55,45,Regular,7,own_client_rows,1.0,0.692381238048817,0.8182331764054278,1.0,0.9982752802669567,0.999136895827079,1.0,0.9948914551385399,0.9974391865540848,0.767462755830925,7.855025368070072,5.724175661756478,0.04986135670441026,7,0.40363709594153263,184024
fednova_sgd,0.1,30,102,55,45,Regular,7,validation,0.9992691315563199,0.6854684117706041,0.8131443704716959,0.8965763762014457,0.9986080063229543,0.9448456369846195,0.917467286875625,0.9958417138037406,0.9550492837243505,0.7286903830945575,7.829077214821931,5.686486314058989,0.04986135670441026,7,0.40363709594153263,184024
fednova_sgd,0.1,30,102,55,45,Ip Spoofing,8,own_client_rows,0.9645569620253165,0.7412451361867705,0.8382838283828383,0.9518518518518518,1.0,0.9753320683111955,0.9448529411764706,1.0,0.9716446124763705,1.041609114709995,8.174861685311283,3.891227751854329,0.023477272452446886,7,0.24285412641701262,3023
fednova_sgd,0.1,30,102,55,45,Ip Spoofing,8,validation,0.4015503875968992,0.30221703617269546,0.3448735019973369,0.28125,0.9976662777129521,0.4387990762124711,0.28316242143565995,0.9988331388564761,0.44123711340206184,-0.47038235213681445,6.673221334415111,2.3538271393213974,0.023477272452446886,7,0.24285412641701262,3023
fednova_sgd,0.1,30,102,55,45,Regular,8,own_client_rows,1.0,0.6852196537576304,0.8132110876226218,1.0,0.9979185429800861,0.9989581872458078,1.0,0.9946562593815671,0.9973209716745433,0.6959704898897978,7.026299542492245,5.640217634766211,0.023477272452446886,7,0.40363709594153263,184024
fednova_sgd,0.1,30,102,55,45,Regular,8,validation,0.9992691315563199,0.6854684117706041,0.8131443704716959,0.9020918272177365,0.9983661769129591,0.9477904450466996,0.917467286875625,0.9958417138037406,0.9550492837243505,0.7286903830945575,7.076159611880386,5.686486314058989,0.023477272452446886,7,0.40363709594153263,184024
fednova_sgd,0.1,30,102,55,45,MITM,9,own_client_rows,0.9827586206896551,0.07983193277310924,0.14766839378238342,1.0,0.01330532212885154,0.02626123013130615,1.0,0.0007002801120448179,0.0013995801259622112,-2.4381094967283787,-6.277037377450981,-3.7286216244310224,0.001035290090515794,3,0.1078124869193469,544
fednova_sgd,0.1,30,102,55,45,MITM,9,validation,0.09110967785736108,0.19885900570497148,0.12496508054753701,0.11027243778747493,0.27709861450692747,0.1577626389386877,0.34191176470588236,0.013780840186708157,0.02649383947012321,-0.6832651722084074,-0.8324146495445168,-2.41986844154025,0.001035290090515794,3,0.1078124869193469,544
fednova_sgd,0.1,30,102,55,45,Unauth,9,own_client_rows,0.379047619047619,0.9974937343358395,0.549344375431332,0.36256247160381644,1.0,0.5321773924641547,0.0,0.0,0.0,1.4194020818648183,7.4309834645206765,-1.5563541115973527,0.001035290090515794,3,0.09417093541668799,0
fednova_sgd,0.1,30,102,55,45,Unauth,9,validation,0.25718241606092074,0.9946452476572959,0.4086908690869087,0.2508394895903291,1.0,0.4010738255033557,0.0,0.0,0.0,1.3711993563446494,7.316620976091867,-1.5707903227493307,0.001035290090515794,3,0.09417093541668799,0
fednova_sgd,0.1,30,102,55,45,Ip Spoofing,10,own_client_rows,1.0,0.4655679811653914,0.6353413654618474,1.0,1.0,1.0,1.0,1.0,1.0,0.06338346951705277,8.09044037853149,2.9137187775897586,0.0007901877195805634,7,0.24285412641701262,3023
fednova_sgd,0.1,30,102,55,45,Ip Spoofing,10,validation,0.4015503875968992,0.30221703617269546,0.3448735019973369,0.22338204592901878,0.9988331388564761,0.3651098315205801,0.28316242143565995,0.9988331388564761,0.44123711340206184,-0.47038235213681445,7.476608650269837,2.3538271393213974,0.0007901877195805634,7,0.24285412641701262,3023
fednova_sgd,0.1,30,102,55,45,Ip Spoofing,11,own_client_rows,0.8194945848375451,0.4860813704496788,0.6102150537634409,0.8772698810269255,1.0,0.9346230820547031,0.8496058217101273,1.0,0.9186885245901639,0.2779447349967657,8.523483505085654,3.1211055997947894,0.17256416147548836,7,0.24285412641701262,3023
fednova_sgd,0.1,30,102,55,45,Ip Spoofing,11,validation,0.4015503875968992,0.30221703617269546,0.3448735019973369,0.2094445803768045,0.9988331388564761,0.34627831715210355,0.28316242143565995,0.9988331388564761,0.44123711340206184,-0.47038235213681445,8.13879494238623,2.3538271393213974,0.17256416147548836,7,0.24285412641701262,3023
fednova_sgd,0.1,30,102,55,45,Regular,11,own_client_rows,0.9998950126994254,0.6855109295063451,0.8133814440778291,0.9982009394779041,0.9753698536088411,0.9866533368058181,0.9902725288397224,0.9959664917059775,0.9931113488147407,0.7059621659053446,3.904245357451332,5.6716553772512,0.17256416147548836,7,0.40363709594153263,184024
fednova_sgd,0.1,30,102,55,45,Regular,11,validation,0.9992691315563199,0.6854684117706041,0.8131443704716959,0.9763881497250311,0.9739060168336863,0.975145503778226,0.917467286875625,0.9958417138037406,0.9550492837243505,0.7286903830945575,3.925857092412381,5.686486314058989,0.17256416147548836,7,0.40363709594153263,184024
fednova_sgd,0.1,30,102,55,45,Video,11,own_client_rows,0.11528977482465855,0.9285289570698062,0.2051120392991305,0.4719489981785064,0.9243667499108098,0.6248643434221632,0.8576772354827218,0.57260078487335,0.6867289453041432,1.877331660553425,3.8458070640459625,0.3233272730772554,0.17256416147548836,4,0.19767482961431956,9077
fednova_sgd,0.1,30,102,55,45,Video,11,validation,0.23424043373996456,0.9351481851481851,0.37463938499508065,0.45579615760338654,0.9322344322344323,0.612247129579005,0.7240277624765892,0.5471195471195471,0.6232633126274361,1.8812177405927406,3.740987202901265,0.3029770217575393,0.17256416147548836,4,0.19767482961431956,9077
fednova_sgd,0.1,30,102,55,45,Video,12,own_client_rows,1.0,0.9596928982725528,0.9794319294809011,1.0,0.996850238692849,0.9984226351850939,1.0,0.5385107534819626,0.7000415853619526,2.0563219769673706,9.377494778593928,0.27602583414293,0.009450161432700098,4,0.19767482961431956,9077
fednova_sgd,0.1,30,102,55,45,Video,12,validation,0.23424043373996456,0.9351481851481851,0.37463938499508065,0.06314627414903404,1.0,0.11879131909591222,0.7240277624765892,0.5471195471195471,0.6232633126274361,1.8812177405927406,9.689468734390609,0.3029770217575393,0.009450161432700098,4,0.19767482961431956,9077
fednova_sgd,0.1,30,102,55,45,Injection,13,own_client_rows,0.0,0.0,0.0,1.0,0.9993122420907841,0.999656002751978,1.0,0.9993122420907841,0.999656002751978,-1.2175575896503181,7.972398340784044,1.6196292420692917,0.0006762406970395169,3,0.0761626549563234,2894
fednova_sgd,0.1,30,102,55,45,Injection,13,validation,0.0,0.0,0.0,0.1878330373001776,0.9988193624557261,0.31620257895720427,0.29198341395991706,0.9976387249114522,0.4517508687516707,-1.5466833193440082,7.12268138466647,1.50716193873598,0.0006762406970395169,3,0.0761626549563234,2894
fednova_sgd,0.1,30,102,55,45,Replay,14,own_client_rows,0.0,0.0,0.0,1.0,1.0,1.0,0.0,0.0,0.0,-0.5627855984669812,13.499432054661487,-1.8636923058580743,0.00041904598901829754,4,0.0017222278549775315,0
fednova_sgd,0.1,30,102,55,45,Replay,14,validation,0.0,0.0,0.0,0.27254458678723936,1.0,0.4283458349782866,0.0,0.0,0.0,-0.5034145935339862,13.775258316532257,-1.6984625891057028,0.00041904598901829754,4,0.0017222278549775315,0
fednova_sgd,0.1,30,102,55,45,Regular,15,own_client_rows,1.0,0.7147695892302381,0.8336625441918397,1.0,0.9991586123576113,0.9995791291210273,1.0,0.9958577839143942,0.9979245935662401,0.8508246753970466,10.528317510402733,5.831519793509449,0.021557846484990154,7,0.40363709594153263,184024
fednova_sgd,0.1,30,102,55,45,Regular,15,validation,0.9992691315563199,0.6854684117706041,0.8131443704716959,0.8827743965984409,0.9992568169351367,0.9374109496947044,0.917467286875625,0.9958417138037406,0.9550492837243505,0.7286903830945575,10.35748144530674,5.686486314058989,0.021557846484990154,7,0.40363709594153263,184024
fednova_sgd,0.1,30,102,55,45,DoS,16,own_client_rows,1.0,0.9999878696423242,0.9999939347843755,1.0,1.0,1.0,1.0,0.9999150874962699,0.9999575419455251,18.618913010210424,21.290477477792347,18.157720725315027,0.19170493581294457,9,0.4659382118782097,45964
fednova_sgd,0.1,30,102,55,45,DoS,16,validation,0.9999347386282059,0.999978245262906,0.9999564914723286,0.9942465338610948,1.0,0.9971149674620391,0.9999564876860152,0.99989122631453,0.9999238559354299,18.95871035879,21.780307705459894,18.459445430961342,0.19170493581294457,9,0.4659382118782097,45964
fednova_sgd,0.1,30,102,55,45,Ip Spoofing,17,own_client_rows,0.9896907216494846,0.9948186528497409,0.9922480620155039,0.9747474747474747,1.0,0.9872122762148338,0.9698492462311558,1.0,0.9846938775510204,1.5220839742551813,7.029905329096502,4.32199966351603,0.011670965647530698,7,0.24285412641701262,3023
fednova_sgd,0.1,30,102,55,45,Ip Spoofing,17,validation,0.4015503875968992,0.30221703617269546,0.3448735019973369,0.2847615871957319,0.9964994165694282,0.4429460580912863,0.28316242143565995,0.9988331388564761,0.44123711340206184,-0.47038235213681445,4.439970463827304,2.3538271393213974,0.011670965647530698,7,0.24285412641701262,3023
fednova_sgd,0.1,30,102,55,45,Regular,17,own_client_rows,1.0,0.6855146379663467,0.8134187891639465,1.0,0.9982731617204128,0.9991358347233666,1.0,0.99646600538131,0.9982298748843385,0.7459340330482147,6.91795210204284,5.719785918644081,0.011670965647530698,7,0.40363709594153263,184024
fednova_sgd,0.1,30,102,55,45,Regular,17,validation,0.9992691315563199,0.6854684117706041,0.8131443704716959,0.9028221526448014,0.998354380356374,0.9481880668418192,0.917467286875625,0.9958417138037406,0.9550492837243505,0.7286903830945575,6.879412401766018,5.686486314058989,0.011670965647530698,7,0.40363709594153263,184024
fednova_sgd,0.1,30,102,55,45,Replay,18,own_client_rows,0.0,0.0,0.0,1.0,1.0,1.0,0.0,0.0,0.0,-0.4869001812862783,13.89554999662527,-1.8432132070059395,0.00043067323621636354,4,0.0017222278549775315,0
fednova_sgd,0.1,30,102,55,45,Replay,18,validation,0.0,0.0,0.0,0.07700496806245564,1.0,0.142998352553542,0.0,0.0,0.0,-0.5034145935339862,14.20969722062212,-1.6984625891057028,0.00043067323621636354,4,0.0017222278549775315,0
fednova_sgd,0.1,30,102,55,45,DoS,19,own_client_rows,1.0,0.9999464366260713,0.9999732175957576,1.0,1.0,1.0,1.0,0.9998787776274245,0.9999393851397737,19.130446367689657,22.22726515587999,18.598958983053535,0.16497668504391844,9,0.4659382118782097,45964
fednova_sgd,0.1,30,102,55,45,DoS,19,validation,0.9999347386282059,0.999978245262906,0.9999564914723286,0.9926362615530794,1.0,0.9963045245191006,0.9999564876860152,0.99989122631453,0.9999238559354299,18.95871035879,21.80612836892499,18.459445430961342,0.16497668504391844,9,0.4659382118782097,45964
fednova_sgd,0.1,30,102,55,45,Replay,20,own_client_rows,0.0,0.0,0.0,1.0,1.0,1.0,0.0,0.0,0.0,-0.5687534471272457,13.577929292130566,-1.7974524864783654,0.00045950880926756715,4,0.0017222278549775315,0
fednova_sgd,0.1,30,102,55,45,Replay,20,validation,0.0,0.0,0.0,0.2685643564356436,1.0,0.42341463414634145,0.0,0.0,0.0,-0.5034145935339862,13.72872803859447,-1.6984625891057028,0.00045950880926756715,4,0.0017222278549775315,0
fednova_sgd,0.1,30,102,55,45,Ip Spoofing,21,own_client_rows,1.0,0.5102543068088597,0.6757197175448126,1.0,1.0,1.0,1.0,1.0,1.0,0.38691912956957547,9.594235477337982,3.2439691858080395,0.0005669445733776967,7,0.24285412641701262,3023
fednova_sgd,0.1,30,102,55,45,Ip Spoofing,21,validation,0.4015503875968992,0.30221703617269546,0.3448735019973369,0.22256890275611024,0.9988331388564761,0.3640229640654901,0.28316242143565995,0.9988331388564761,0.44123711340206184,-0.47038235213681445,8.39737775306301,2.3538271393213974,0.0005669445733776967,7,0.24285412641701262,3023
fednova_sgd,0.1,30,102,55,45,Ip Spoofing,22,own_client_rows,1.0,0.45671267252195735,0.6270456503014643,0.9993730407523511,1.0,0.9996864220758859,0.9993726474278545,0.9993726474278545,0.9993726474278545,0.08603982195501196,6.806349616726788,2.9376203855277603,0.008159536993714776,7,0.24285412641701262,3023
fednova_sgd,0.1,30,102,55,45,Ip Spoofing,22,validation,0.4015503875968992,0.30221703617269546,0.3448735019973369,0.24024698287959584,0.9988331388564761,0.38733031674208146,0.28316242143565995,0.9988331388564761,0.44123711340206184,-0.47038235213681445,6.057849078362018,2.3538271393213974,0.008159536993714776,7,0.24285412641701262,3023
fednova_sgd,0.1,30,102,55,45,Video,22,own_client_rows,1.0,0.9275862068965517,0.962432915921288,1.0,0.9998119122257053,0.9999059472677682,1.0,0.5792476489028213,0.7335741792052086,1.8730047664821707,8.094018049568966,0.34338626777864173,0.008159536993714776,4,0.19767482961431956,9077
fednova_sgd,0.1,30,102,55,45,Video,22,validation,0.23424043373996456,0.9351481851481851,0.37463938499508065,0.06503303368352648,0.9997502497502497,0.12212211194272697,0.7240277624765892,0.5471195471195471,0.6232633126274361,1.8812177405927406,7.9008434599254915,0.3029770217575393,0.008159536993714776,4,0.19767482961431956,9077
fednova_sgd,0.1,30,102,55,45,DoS,23,own_client_rows,1.0,1.0,1.0,1.0,1.0,1.0,1.0,1.0,1.0,29.764940734418317,30.144384850857378,29.638013078858197,0.0045295104184785795,9,0.4659382118782097,45964
fednova_sgd,0.1,30,102,55,45,DoS,23,validation,0.9999347386282059,0.999978245262906,0.9999564914723286,0.9999347386282059,0.999978245262906,0.9999564914723286,0.9999564876860152,0.99989122631453,0.9999238559354299,18.95871035879,19.001086717101398,18.459445430961342,0.0045295104184785795,9,0.4659382118782097,45964
fednova_sgd,0.1,30,102,55,45,DoS,24,own_client_rows,0.9998429648241206,1.0,0.9999214762465646,0.9998429648241206,1.0,0.9999214762465646,0.9998429648241206,1.0,0.9999214762465646,34.54926034631695,34.32425985550495,34.30514150109942,0.007500969712416318,9,0.4659382118782097,45964
fednova_sgd,0.1,30,102,55,45,DoS,24,validation,0.9999347386282059,0.999978245262906,0.9999564914723286,0.9999347400478573,1.0,0.9999673689591786,0.9999564876860152,0.99989122631453,0.9999238559354299,18.95871035879,18.160752848170972,18.459445430961342,0.007500969712416318,9,0.4659382118782097,45964
fednova_sgd,0.1,30,102,55,45,Video,24,own_client_rows,1.0,0.9816617149882184,0.9907460063071912,1.0,0.9993853088822866,0.9996925599508096,1.0,0.5371375883618482,0.6988802985870435,2.281067513574429,8.967895495306577,0.1935573945633152,0.007500969712416318,4,0.19767482961431956,9077
fednova_sgd,0.1,30,102,55,45,Video,24,validation,0.23424043373996456,0.9351481851481851,0.37463938499508065,0.06320541760722348,1.0,0.11889596602972399,0.7240277624765892,0.5471195471195471,0.6232633126274361,1.8812177405927406,9.149119760447885,0.3029770217575393,0.007500969712416318,4,0.19767482961431956,9077
fednova_sgd,0.1,30,102,55,45,DoS,25,own_client_rows,1.0,0.9999463461744822,0.9999731723675386,1.0,1.0,1.0,1.0,0.999785384697929,0.9998926808327967,28.11752618977358,28.331545640962013,28.0510675434596,0.008668345331102141,9,0.4659382118782097,45964
fednova_sgd,0.1,30,102,55,45,DoS,25,validation,0.9999347386282059,0.999978245262906,0.9999564914723286,0.998631327395177,1.0,0.9993151950607085,0.9999564876860152,0.99989122631453,0.9999238559354299,18.95871035879,19.04592475988209,18.459445430961342,0.008668345331102141,9,0.4659382118782097,45964
fednova_sgd,0.1,30,102,55,45,Manipulation,26,own_client_rows,1.0,0.8220380302291566,0.9023280706449023,1.0,1.0,1.0,0.0,0.0,0.0,0.32045810946832337,13.779284495368113,-1.801780191065334,0.0009538993601293322,2,0.03261675384001466,0
fednova_sgd,0.1,30,102,55,45,Manipulation,26,validation,0.33434387180597663,0.7934224049331963,0.4704448507007922,0.076850169812811,1.0,0.14273140677717472,0.0,0.0,0.0,0.24994091727873283,13.47368650838258,-1.908165550427961,0.0009538993601293322,2,0.03261675384001466,0
fednova_sgd,0.1,30,102,55,45,DoS,27,own_client_rows,1.0,1.0,1.0,1.0,1.0,1.0,1.0,0.9999380509044568,0.999969024492776,18.783052746336153,19.955329309223334,18.416175544930795,0.052553296975706494,9,0.4659382118782097,45964
fednova_sgd,0.1,30,102,55,45,DoS,27,validation,0.9999347386282059,0.999978245262906,0.9999564914723286,0.9991522844846324,1.0,0.9995759625107369,0.9999564876860152,0.99989122631453,0.9999238559354299,18.95871035879,20.200171964398372,18.459445430961342,0.052553296975706494,9,0.4659382118782097,45964
fednova_sgd,0.1,30,102,55,45,DoS,28,own_client_rows,1.0,0.9999544792425346,0.9999772391032207,1.0,1.0,1.0,1.0,0.9998634377276038,0.99993171420117,25.451560579593046,25.827904508831026,25.34362517354789,0.01021709465788453,9,0.4659382118782097,45964
fednova_sgd,0.1,30,102,55,45,DoS,28,validation,0.9999347386282059,0.999978245262906,0.9999564914723286,0.9991740028257798,1.0,0.9995868307745835,0.9999564876860152,0.99989122631453,0.9999238559354299,18.95871035879,19.107707703352403,18.459445430961342,0.01021709465788453,9,0.4659382118782097,45964
fednova_sgd,0.1,30,102,55,45,Manipulation,29,own_client_rows,1.0,0.8459302325581395,0.9165354330708662,0.9805225653206651,1.0,0.9901655073159031,0.0,0.0,0.0,0.31865961237471235,11.73281742066376,-1.775577279024346,0.03166285447988533,2,0.03261675384001466,0
fednova_sgd,0.1,30,102,55,45,Manipulation,29,validation,0.33434387180597663,0.7934224049331963,0.4704448507007922,0.21665553328879983,1.0,0.3561493411420205,0.0,0.0,0.0,0.24994091727873283,11.472029965313464,-1.908165550427961,0.03166285447988533,2,0.03261675384001466,0
fednova_sgd,0.1,30,102,55,45,Regular,29,own_client_rows,1.0,0.6920093918048928,0.8179734641622948,1.0,0.9951071726122851,0.9975475866886346,1.0,0.9950920245398773,0.997539975399754,0.7640113918977931,5.69563263616697,5.728951280012119,0.03166285447988533,7,0.40363709594153263,184024
fednova_sgd,0.1,30,102,55,45,Regular,29,validation,0.9992691315563199,0.6854684117706041,0.8131443704716959,0.9177127145077326,0.9961189328834913,0.9553097432735521,0.917467286875625,0.9958417138037406,0.9550492837243505,0.7286903830945575,5.673865035319627,5.686486314058989,0.03166285447988533,7,0.40363709594153263,184024
fedavg_sgd,0.3,15,103,11,45,Ip Spoofing,0,own_client_rows,0.9626436781609196,0.3798185941043084,0.5447154471544715,0.9293361884368309,0.49206349206349204,0.6434395848776872,0.9572649572649573,0.38095238095238093,0.5450121654501217,-0.14810043992369082,0.759006906799178,-0.07592965469879358,0.09995339799323015,3,0.24641950549782757,106
fedavg_sgd,0.3,15,103,11,45,Ip Spoofing,0,validation,0.5348837209302325,0.05367561260210035,0.0975609756097561,0.2735294117647059,0.10851808634772463,0.15538847117794485,0.4339622641509434,0.05367561260210035,0.09553478712357218,-1.1457963941255835,-1.5334424226954493,-1.1621134345144764,0.09995339799323015,3,0.24641950549782757,106
fedavg_sgd,0.3,15,103,11,45,Manipulation,0,own_client_rows,0.6606136505948653,0.9915413533834586,0.79293498684705,0.699536730641959,0.993421052631579,0.8209708737864078,0.6701639344262295,0.9605263157894737,0.7894940131324836,1.1945634426030898,4.655946659862547,0.8182714935532189,0.09995339799323015,4,0.49856473260587075,2641
fedavg_sgd,0.3,15,103,11,45,Manipulation,0,validation,0.3423008849557522,0.9938335046248715,0.5092153765139548,0.332986832986833,0.987667009249743,0.49805649131899454,0.36046951912154485,0.9784172661870504,0.5268400664084117,1.132120914596448,3.7976417972764644,0.7902177142214799,0.09995339799323015,4,0.49856473260587075,2641
fedavg_sgd,0.3,15,103,11,45,Password Cracking,0,own_client_rows,1.0,0.9999718636795273,0.9999859316418478,1.0,0.9999718636795273,0.9999859316418478,1.0,0.9999718636795273,0.9999859316418478,13.75645420813843,14.519742993671526,13.59734148865315,0.09995339799323015,1,0.09995339799323015,0
fedavg_sgd,0.3,15,103,11,45,Password Cracking,0,validation,0.0,0.0,0.0,0.0,0.0,0.0,0.0,0.0,0.0,nan,nan,nan,0.09995339799323015,1,0.09995339799323015,0
fedavg_sgd,0.3,15,103,11,45,Regular,0,own_client_rows,1.0,0.9951130633748111,0.9975505465254573,1.0,0.997570655781698,0.9987838506681751,1.0,0.9941949972458016,0.9970890495853135,6.876636850115111,8.265551951949831,7.362198522310773,0.09995339799323015,10,0.7143478370064582,179956
fedavg_sgd,0.3,15,103,11,45,Regular,0,validation,0.9296829303285473,0.9937360284532945,0.9606429412452283,0.9093021504566627,0.997115741914935,0.9511865074341337,0.9351008024183689,0.992544576238196,0.9629667779694818,6.8821330805491,8.263143045966757,7.3610136845586025,0.09995339799323015,10,0.7143478370064582,179956
fedavg_sgd,0.3,15,103,11,45,Injection,1,own_client_rows,0.0,0.0,0.0,0.85580204778157,1.0,0.9222988505747126,0.0,0.0,0.0,-1.457892679383724,13.916667964855433,-1.0218319650423728,0.011585389108152933,3,0.042880822576579374,0
fedavg_sgd,0.3,15,103,11,45,Injection,1,validation,0.0,0.0,0.0,0.0559297411516112,1.0,0.10593458820586579,0.0,0.0,0.0,-1.886168208567001,14.614826224911452,-1.4241558556855076,0.011585389108152933,3,0.042880822576579374,0
fedavg_sgd,0.3,15,103,11,45,Regular,1,own_client_rows,1.0,0.9922198519262141,0.9960947341899723,1.0,0.9927217969632325,0.9963476070528967,1.0,0.9897101267411218,0.9948284561049445,6.858021611086711,7.009549169372464,7.335525523545667,0.011585389108152933,10,0.7143478370064582,179956
fedavg_sgd,0.3,15,103,11,45,Regular,1,validation,0.9296829303285473,0.9937360284532945,0.9606429412452283,0.9280363536215919,0.9937714181230499,0.959779658265236,0.9351008024183689,0.992544576238196,0.9629667779694818,6.8821330805491,7.031340415306991,7.3610136845586025,0.011585389108152933,10,0.7143478370064582,179956
fedavg_sgd,0.3,15,103,11,45,DoS,2,own_client_rows,1.0,0.999843387834367,0.9999216877848607,1.0,1.0,1.0,1.0,0.9998291503647639,0.9999145678843591,17.936833842144903,20.287912735345373,17.996150032497024,0.16333305737999984,7,0.7186122461888209,45982
fedavg_sgd,0.3,15,103,11,45,DoS,2,validation,0.9992173402613214,0.999869471577436,0.9995432995519986,0.9962289503911922,1.0,0.9981109132757198,0.9994345613500936,0.999760697891966,0.9995976030190649,19.545860345465226,21.983136552105314,19.565790743903236,0.16333305737999984,7,0.7186122461888209,45982
fedavg_sgd,0.3,15,103,11,45,DoS,3,own_client_rows,0.999993304273882,0.9999866086374288,0.9999899564444474,0.9999933043635463,1.0,0.9999966521705652,0.999993304229049,0.9999799129561433,0.999986608547764,22.31373467316706,24.546834093572144,22.75488109934717,0.09132365512282559,7,0.7186122461888209,45982
fedavg_sgd,0.3,15,103,11,45,DoS,3,validation,0.9992173402613214,0.999869471577436,0.9995432995519986,0.9987396784006953,0.99989122631453,0.9993151206148695,0.9994345613500936,0.999760697891966,0.9995976030190649,19.545860345465226,19.22762202368003,19.565790743903236,0.09132365512282559,7,0.7186122461888209,45982
fedavg_sgd,0.3,15,103,11,45,Regular,3,own_client_rows,1.0,0.9931712298168358,0.9965739169415004,1.0,0.9991916097602485,0.9995956414403677,1.0,0.9917884570383134,0.995877301661896,6.858338668310039,9.917936756759632,7.334937274967026,0.09132365512282559,10,0.7143478370064582,179956
fedavg_sgd,0.3,15,103,11,45,Regular,3,validation,0.9296829303285473,0.9937360284532945,0.9606429412452283,0.8831447786872426,0.9991447496475778,0.9375703955433913,0.9351008024183689,0.992544576238196,0.9629667779694818,6.8821330805491,9.943977933895784,7.3610136845586025,0.09132365512282559,10,0.7143478370064582,179956
fedavg_sgd,0.3,15,103,11,45,DoS,4,own_client_rows,0.9998674040474914,0.999900549738943,0.9998839766185261,1.0,0.999762424376364,0.9998811980759614,0.9998839753364716,0.9998894997099368,0.9998867375155736,18.307977764838117,17.674735970132115,18.39736906794732,0.14436762193029046,7,0.7186122461888209,45982
fedavg_sgd,0.3,15,103,11,45,DoS,4,validation,0.9992173402613214,0.999869471577436,0.9995432995519986,0.9999782101845598,0.9983683947179498,0.9991726540387547,0.9994345613500936,0.999760697891966,0.9995976030190649,19.545860345465226,18.71253851268301,19.565790743903236,0.14436762193029046,7,0.7186122461888209,45982
fedavg_sgd,0.3,15,103,11,45,Ip Spoofing,4,own_client_rows,0.9832689832689833,0.36242884250474383,0.5296360485268631,0.6823529411764706,0.7979127134724858,0.7356221298928494,0.9649561952440551,0.36574952561669827,0.5304437564499485,-0.2556895304902455,1.7526348193637333,-0.20624368511974472,0.14436762193029046,3,0.24641950549782757,106
fedavg_sgd,0.3,15,103,11,45,Ip Spoofing,4,validation,0.5348837209302325,0.05367561260210035,0.0975609756097561,0.34492547906316534,0.5670945157526255,0.4289496910856134,0.4339622641509434,0.05367561260210035,0.09553478712357218,-1.1457963941255835,0.3647194576374708,-1.1621134345144764,0.14436762193029046,3,0.24641950549782757,106
fedavg_sgd,0.3,15,103,11,45,MITM,4,own_client_rows,0.9790593318929699,0.20289655409943344,0.336133974294966,0.8348606587043069,0.993094422152956,0.9071289246838231,0.9805902837243821,0.295803268525375,0.454502156484005,-1.0791040850916582,5.488099480453749,-1.0014293382724109,0.14436762193029046,3,0.20971182100364538,7927
fedavg_sgd,0.3,15,103,11,45,MITM,4,validation,0.4661512745507731,0.16529599170185968,0.2440518514466991,0.22984331223409774,0.9846632585018893,0.3726917090817314,0.49135864765989656,0.2885826479958509,0.36361090365944737,-1.1854376746626565,5.4185364398106985,-1.0789262577013643,0.14436762193029046,3,0.20971182100364538,7927
fedavg_sgd,0.3,15,103,11,45,Manipulation,4,own_client_rows,0.42722198368398456,0.995,0.5977771102433163,0.6315338474721508,0.737,0.6802030456852792,0.46752626552053483,0.979,0.6328377504848093,1.2053841552734375,0.25246004486083984,0.8554325561523437,0.14436762193029046,4,0.49856473260587075,2641
fedavg_sgd,0.3,15,103,11,45,Manipulation,4,validation,0.3423008849557522,0.9938335046248715,0.5092153765139548,0.33789731051344746,0.710174717368962,0.4579191517561299,0.36046951912154485,0.9784172661870504,0.5268400664084117,1.132120914596448,0.13235581840052513,0.7902177142214799,0.14436762193029046,4,0.49856473260587075,2641
fedavg_sgd,0.3,15,103,11,45,Regular,4,own_client_rows,0.6262079914344524,0.9942552318424293,0.7684353001806578,0.9999823785441153,0.8316431209332317,0.9080769692363083,0.6448183643752439,0.9929216249487074,0.7818751478572954,6.918166678650199,4.011319901586956,7.398808197606469,0.14436762193029046,10,0.7143478370064582,179956
fedavg_sgd,0.3,15,103,11,45,Regular,4,validation,0.9296829303285473,0.9937360284532945,0.9606429412452283,1.0,0.8160680897246094,0.8987197058766215,0.9351008024183689,0.992544576238196,0.9629667779694818,6.8821330805491,3.874381838546797,7.3610136845586025,0.14436762193029046,10,0.7143478370064582,179956
fedavg_sgd,0.3,15,103,11,45,DoS,5,own_client_rows,0.9996306965063889,0.9999014923902871,0.9997660761114463,0.9998521657714483,0.9993597005368665,0.9996058724997536,0.9996304417453005,0.9992119391222972,0.999421146622329,25.64459974357238,25.59223756187509,25.628977629537506,0.15679854445468674,7,0.7186122461888209,45982
fedavg_sgd,0.3,15,103,11,45,DoS,5,validation,0.9992173402613214,0.999869471577436,0.9995432995519986,0.9999129640106184,0.999717188417778,0.9998150666304052,0.9994345613500936,0.999760697891966,0.9995976030190649,19.545860345465226,17.488987939037788,19.565790743903236,0.15679854445468674,7,0.7186122461888209,45982
fedavg_sgd,0.3,15,103,11,45,Manipulation,5,own_client_rows,0.9771598808341608,0.9899396378269618,0.9835082458770614,0.8859180035650623,1.0,0.9395085066162571,0.9536031589338598,0.971830985915493,0.9626307922272048,1.1701284366354376,8.701781244105257,0.7955089546065455,0.15679854445468674,4,0.49856473260587075,2641
fedavg_sgd,0.3,15,103,11,45,Manipulation,5,validation,0.3423008849557522,0.9938335046248715,0.5092153765139548,0.3242252582472509,1.0,0.48968293910417715,0.36046951912154485,0.9784172661870504,0.5268400664084117,1.132120914596448,8.28915759691354,0.7902177142214799,0.15679854445468674,4,0.49856473260587075,2641
fedavg_sgd,0.3,15,103,11,45,Regular,5,own_client_rows,0.9566080565773406,0.9935070240072827,0.9747084496640325,0.9982141262612734,0.9567822227063533,0.9770591448577246,0.9620725810709895,0.9923554836275078,0.9769794230014267,6.909380750407513,5.533316697068046,7.38866559878884,0.15679854445468674,10,0.7143478370064582,179956
fedavg_sgd,0.3,15,103,11,45,Regular,5,validation,0.9296829303285473,0.9937360284532945,0.9606429412452283,0.9921270422965338,0.9580927327313157,0.974812912208266,0.9351008024183689,0.992544576238196,0.9629667779694818,6.8821330805491,5.507819607886145,7.3610136845586025,0.15679854445468674,10,0.7143478370064582,179956
fedavg_sgd,0.3,15,103,11,45,Video,5,own_client_rows,0.9789232234051761,0.5876744004780586,0.7344427307411315,0.7755963302752293,0.9884122736366234,0.8691668856166965,0.9781418185251629,0.5383096469121048,0.6944411858356656,0.484962740692501,7.412322320125149,0.2537925822002214,0.15679854445468674,2,0.1773597033098587,6390
fedavg_sgd,0.3,15,103,11,45,Video,5,validation,0.7978505629477994,0.5191475191475191,0.6290094815412548,0.3585043541806224,0.9801864801864801,0.5249921969055157,0.8666666666666667,0.461038961038961,0.6018910987936094,0.29268251686464575,7.199571912462537,0.04003733013456677,0.15679854445468674,2,0.1773597033098587,6390
fedavg_sgd,0.3,15,103,11,45,Regular,6,own_client_rows,1.0,0.9934975544974574,0.9967381723203659,1.0,0.9984290480355003,0.9992139065602333,1.0,0.9924772454895864,0.9962244213692061,6.943623902193563,9.224648353043618,7.425582121147017,0.05804135765319363,10,0.7143478370064582,179956
fedavg_sgd,0.3,15,103,11,45,Regular,6,validation,0.9296829303285473,0.9937360284532945,0.9606429412452283,0.8898819845098102,0.9989147167941678,0.9412513373442081,0.9351008024183689,0.992544576238196,0.9629667779694818,6.8821330805491,9.175070691786942,7.3610136845586025,0.05804135765319363,10,0.7143478370064582,179956
fedavg_sgd,0.3,15,103,11,45,Unauth,6,own_client_rows,0.9992169146436961,0.9785276073619632,0.9887640449438202,0.9637841832963784,1.0,0.9815581482875423,0.9992163009404389,0.977760736196319,0.9883720930232558,1.4975340673528565,15.117163535276074,1.0629898726574483,0.05804135765319363,3,0.08081680946476526,2283
fedavg_sgd,0.3,15,103,11,45,Unauth,6,validation,0.2610412926391382,0.9732262382864793,0.4116647791619479,0.19432882414151925,1.0,0.32541929862774993,0.3180026281208936,0.9718875502008032,0.4792079207920792,1.5230502086470883,15.37898027657505,1.0872687527453564,0.05804135765319363,3,0.08081680946476526,2283
fedavg_sgd,0.3,15,103,11,45,DoS,7,own_client_rows,1.0,0.999947232589153,0.9999736155984582,1.0,0.9999904059253005,0.9999952029396386,1.0,0.999947232589153,0.9999736155984582,21.244469371965874,24.196774640731885,21.48438341355379,0.09744516822766336,7,0.7186122461888209,45982
fedavg_sgd,0.3,15,103,11,45,DoS,7,validation,0.9992173402613214,0.999869471577436,0.9995432995519986,0.9995216039315459,0.999956490525812,0.99973899993475,0.9994345613500936,0.999760697891966,0.9995976030190649,19.545860345465226,21.600523456365437,19.565790743903236,0.09744516822766336,7,0.7186122461888209,45982
fedavg_sgd,0.3,15,103,11,45,Manipulation,7,own_client_rows,1.0,0.9914853358561968,0.9957244655581948,0.999054820415879,1.0,0.9995271867612293,1.0,0.9583727530747398,0.978743961352657,1.1449970689266498,9.968795964034413,0.783087348757539,0.09744516822766336,4,0.49856473260587075,2641
fedavg_sgd,0.3,15,103,11,45,Manipulation,7,validation,0.3423008849557522,0.9938335046248715,0.5092153765139548,0.20893278934936654,1.0,0.3456483126110124,0.36046951912154485,0.9784172661870504,0.5268400664084117,1.132120914596448,9.54202179551002,0.7902177142214799,0.09744516822766336,4,0.49856473260587075,2641
fedavg_sgd,0.3,15,103,11,45,Ip Spoofing,8,own_client_rows,1.0,0.3603723404255319,0.5298142717497556,1.0,1.0,1.0,1.0,0.3641400709219858,0.5338748984565393,-0.6931036888284886,20.659757573553858,-0.667825719143482,0.0020984855743069464,3,0.24641950549782757,106
fedavg_sgd,0.3,15,103,11,45,Ip Spoofing,8,validation,0.5348837209302325,0.05367561260210035,0.0975609756097561,0.07437299314414648,1.0,0.13844911147011307,0.4339622641509434,0.05367561260210035,0.09553478712357218,-1.1457963941255835,13.450670489352392,-1.1621134345144764,0.0020984855743069464,3,0.24641950549782757,106
fedavg_sgd,0.3,15,103,11,45,Injection,9,own_client_rows,0.0,0.0,0.0,0.8741958541815582,1.0,0.9328756674294432,0.0,0.0,0.0,-1.473987644847455,13.409865596892887,-1.038728328776574,0.010734274613254503,3,0.042880822576579374,0
fedavg_sgd,0.3,15,103,11,45,Injection,9,validation,0.0,0.0,0.0,0.053170119271814184,1.0,0.10097156821839423,0.0,0.0,0.0,-1.886168208567001,14.127150282246163,-1.4241558556855076,0.010734274613254503,3,0.042880822576579374,0
fedavg_sgd,0.3,15,103,11,45,Regular,9,own_client_rows,1.0,0.9922679233197602,0.9961189574003904,1.0,0.991673148190511,0.9958191675089589,1.0,0.9912613807933385,0.9956115157502929,6.830159978067667,6.7558110316489,7.307923555668665,0.010734274613254503,10,0.7143478370064582,179956
fedavg_sgd,0.3,15,103,11,45,Regular,9,validation,0.9296829303285473,0.9937360284532945,0.9606429412452283,0.9313896879840673,0.9930223367798939,0.9612190658890497,0.9351008024183689,0.992544576238196,0.9629667779694818,6.8821330805491,6.806561436005892,7.3610136845586025,0.010734274613254503,10,0.7143478370064582,179956
fedavg_sgd,0.3,15,103,11,45,DoS,10,own_client_rows,0.9997842657845535,1.0,0.9998921212557086,0.999712375062918,1.0,0.9998561668464581,0.9997842657845535,1.0,0.9998921212557086,33.55739993166942,32.65734379495433,33.714361333884774,0.04302965134071462,7,0.7186122461888209,45982
fedavg_sgd,0.3,15,103,11,45,DoS,10,validation,0.9992173402613214,0.999869471577436,0.9995432995519986,0.9972220413655403,0.999608414732308,0.9984138020946504,0.9994345613500936,0.999760697891966,0.9995976030190649,19.545860345465226,19.339162087407814,19.565790743903236,0.04302965134071462,7,0.7186122461888209,45982
fedavg_sgd,0.3,15,103,11,45,MITM,10,own_client_rows,0.9805352798053528,0.2868716314701197,0.4438791566138676,0.7751921659471412,0.9982034507304837,0.8726755471261983,0.983061996382174,0.4052743974780516,0.5739385065885798,-0.8413864885207811,4.431264611527999,-0.6776133763871351,0.04302965134071462,3,0.20971182100364538,7927
fedavg_sgd,0.3,15,103,11,45,MITM,10,validation,0.4661512745507731,0.16529599170185968,0.2440518514466991,0.23455839907639023,0.993480032599837,0.37951432129514323,0.49135864765989656,0.2885826479958509,0.36361090365944737,-1.1854376746626565,4.244892238784545,-1.0789262577013643,0.04302965134071462,3,0.20971182100364538,7927
fedavg_sgd,0.3,15,103,11,45,Regular,10,own_client_rows,0.7395393212484667,0.9942787335844446,0.8481953659638031,0.9988182288204447,0.826000203603787,0.9042259171755895,0.7635746252308078,0.993525399572432,0.863503242760195,6.867863727030948,3.894190452254912,7.348074631922529,0.04302965134071462,10,0.7143478370064582,179956
fedavg_sgd,0.3,15,103,11,45,Regular,10,validation,0.9296829303285473,0.9937360284532945,0.9606429412452283,0.999146843320285,0.8220017576869312,0.9019587538791611,0.9351008024183689,0.992544576238196,0.9629667779694818,6.8821330805491,3.9035029604057794,7.3610136845586025,0.04302965134071462,10,0.7143478370064582,179956
fedavg_sgd,0.3,15,103,11,45,Unauth,11,own_client_rows,1.0,0.992936427850656,0.9964556962025316,1.0,1.0,1.0,1.0,0.992936427850656,0.9964556962025316,1.5391983663518543,18.239420408678104,1.09598766831168,0.00046090407893133504,3,0.08081680946476526,2283
fedavg_sgd,0.3,15,103,11,45,Unauth,11,validation,0.2610412926391382,0.9732262382864793,0.4116647791619479,0.10796357855181385,1.0,0.19488651187059744,0.3180026281208936,0.9718875502008032,0.4792079207920792,1.5230502086470883,18.465776844356594,1.0872687527453564,0.00046090407893133504,3,0.08081680946476526,2283
fedavg_sgd,0.3,15,103,11,45,Injection,12,own_client_rows,0.0,0.0,0.0,0.9972222222222222,1.0,0.9986091794158554,0.0,0.0,0.0,-1.2971560337417305,6.134601731154248,-0.8829184189480327,0.02056115885517194,3,0.042880822576579374,0
fedavg_sgd,0.3,15,103,11,45,Injection,12,validation,0.0,0.0,0.0,0.2899794097460535,0.9976387249114522,0.44934857750598245,0.0,0.0,0.0,-1.886168208567001,6.875221369539552,-1.4241558556855076,0.02056115885517194,3,0.042880822576579374,0
fedavg_sgd,0.3,15,103,11,45,Regular,12,own_client_rows,0.8275369539943531,0.9931433127366952,0.9028084797970647,0.9997590825864894,0.8271476978273868,0.9052989812168677,0.8428702103872344,0.9917879210683676,0.9112853009047288,6.874443415823699,3.2775955987922316,7.3569227127765595,0.02056115885517194,10,0.7143478370064582,179956
fedavg_sgd,0.3,15,103,11,45,Regular,12,validation,0.9296829303285473,0.9937360284532945,0.9606429412452283,0.9999282176441031,0.8216301661544995,0.9020530935629154,0.9351008024183689,0.992544576238196,0.9629667779694818,6.8821330805491,3.2725800089930313,7.3610136845586025,0.02056115885517194,10,0.7143478370064582,179956
fedavg_sgd,0.3,15,103,11,45,Replay,12,own_client_rows,1.0,0.00035523978685612787,0.0007102272727272727,0.9957552175451008,1.0,0.9978730946472882,1.0,0.023090586145648313,0.04513888888888889,-1.2691988197990676,12.270245892539965,-0.815315813027309,0.02056115885517194,2,0.09851394479010958,241
fedavg_sgd,0.3,15,103,11,45,Replay,12,validation,0.2,0.0009216589861751152,0.001834862385321101,0.3502259522272434,1.0,0.5187664355725555,0.1078838174273859,0.023963133640552997,0.0392156862745098,-1.0750577161938364,12.957113155241936,-0.6268587314588133,0.02056115885517194,2,0.09851394479010958,241
fedavg_sgd,0.3,15,103,11,45,Video,12,own_client_rows,0.9941701368233195,0.5238871473354232,0.686183535208376,0.7867081113084665,0.9996865203761756,0.8805014081395991,0.9934047815333883,0.45329153605015676,0.6225245393490615,0.19885725828547463,6.916734286221591,-0.06926401311700994,0.02056115885517194,2,0.1773597033098587,6390
fedavg_sgd,0.3,15,103,11,45,Video,12,validation,0.7978505629477994,0.5191475191475191,0.6290094815412548,0.22104042839004104,1.0,0.36205259588576594,0.8666666666666667,0.461038961038961,0.6018910987936094,0.29268251686464575,6.832892855842075,0.04003733013456677,0.02056115885517194,2,0.1773597033098587,6390
fedavg_sgd,0.3,15,103,11,45,DoS,13,own_client_rows,1.0,0.9998914742142733,0.9999457341625153,1.0,0.9998914742142733,0.9999457341625153,1.0,0.9998914742142733,0.9999457341625153,20.5611488539677,20.151646047897856,20.603959181756274,0.022314547732640286,7,0.7186122461888209,45982
fedavg_sgd,0.3,15,103,11,45,DoS,13,validation,0.9992173402613214,0.999869471577436,0.9995432995519986,0.9984574271623178,0.999760697891966,0.9991086375198382,0.9994345613500936,0.999760697891966,0.9995976030190649,19.545860345465226,19.172135292030152,19.565790743903236,0.022314547732640286,7,0.7186122461888209,45982
fedavg_sgd,0.3,15,103,11,45,MITM,13,own_client_rows,1.0,0.056382145653876274,0.1067457375833951,0.9712230215827338,0.211433046202036,0.34726688102893893,1.0,0.13782302270947533,0.24225739848589126,-2.9638683345976897,-3.9676751694645653,-2.191676965054816,0.022314547732640286,3,0.20971182100364538,7927
fedavg_sgd,0.3,15,103,11,45,MITM,13,validation,0.4661512745507731,0.16529599170185968,0.2440518514466991,0.336864406779661,0.3180706823738609,0.3271978964216303,0.49135864765989656,0.2885826479958509,0.36361090365944737,-1.1854376746626565,-0.6372437735367698,-1.0789262577013643,0.022314547732640286,3,0.20971182100364538,7927
fedavg_sgd,0.3,15,103,11,45,Unauth,13,own_client_rows,0.38619402985074625,0.9857142857142858,0.5549597855227882,0.38595400870105656,0.9857142857142858,0.5547119249665029,0.40129449838187703,0.9841269841269841,0.5701149425287356,1.4617937360491071,5.571290612599206,1.0215643988715277,0.022314547732640286,3,0.08081680946476526,2283
fedavg_sgd,0.3,15,103,11,45,Unauth,13,validation,0.2610412926391382,0.9732262382864793,0.4116647791619479,0.13021672935697653,0.9732262382864793,0.2296998420221169,0.3180026281208936,0.9718875502008032,0.4792079207920792,1.5230502086470883,5.340880775706995,1.0872687527453564,0.022314547732640286,3,0.08081680946476526,2283
fedavg_sgd,0.3,15,103,11,45,Regular,14,own_client_rows,1.0,0.9938879558541267,0.9969346100276457,1.0,0.9990762955854127,0.9995379343866829,1.0,0.992952255278311,0.9964636660496893,6.841178088636636,11.020116765759957,7.322526190056682,0.07795278593493765,10,0.7143478370064582,179956
fedavg_sgd,0.3,15,103,11,45,Regular,14,validation,0.9296829303285473,0.9937360284532945,0.9606429412452283,0.8753254535686242,0.9994160704490359,0.9332639342140412,0.9351008024183689,0.992544576238196,0.9629667779694818,6.8821330805491,11.07099773708867,7.3610136845586025,0.07795278593493765,10,0.7143478370064582,179956
fedavg_sgd,0.3,15,103,11,45,Replay,14,own_client_rows,0.0,0.0,0.0,0.9006085192697769,1.0,0.9477054429028815,0.875,0.02364864864864865,0.046052631578947366,-1.089060809161212,20.435203758445947,-0.6191056397584107,0.07795278593493765,2,0.09851394479010958,241
fedavg_sgd,0.3,15,103,11,45,Replay,14,validation,0.2,0.0009216589861751152,0.001834862385321101,0.11113387278500461,1.0,0.2000368731563422,0.1078838174273859,0.023963133640552997,0.0392156862745098,-1.0750577161938364,21.43128420218894,-0.6268587314588133,0.07795278593493765,2,0.09851394479010958,241
fedavg_sgd,0.3,15,103,22,45,Ip Spoofing,0,own_client_rows,0.9792284866468842,0.3741496598639456,0.5414273995077933,0.8413948256467941,0.8480725623582767,0.84472049689441,0.9726443768996961,0.36281179138321995,0.5284888521882741,-0.308374936888818,2.3673131687570863,-0.14808083878082484,0.09995339799323015,3,0.24641950549782757,43
fedavg_sgd,0.3,15,103,22,45,Ip Spoofing,0,validation,0.4927536231884058,0.039673278879813305,0.0734341252699784,0.6064718162839249,0.6779463243873979,0.6402203856749311,0.37209302325581395,0.01866977829638273,0.035555555555555556,-1.7873086473071034,0.03482101066527039,-1.6331317060330368,0.09995339799323015,3,0.24641950549782757,43
fedavg_sgd,0.3,15,103,22,45,Manipulation,0,own_client_rows,0.655534941249227,0.9962406015037594,0.7907497202536367,0.8648897058823529,0.8843984962406015,0.8745353159851301,0.6565847511027095,0.9793233082706767,0.7861184458694832,1.7600748162520559,2.7615491824042526,0.7344534737723214,0.09995339799323015,4,0.49856473260587075,2814
fedavg_sgd,0.3,15,103,22,45,Manipulation,0,validation,0.3363415480735856,0.9958890030832477,0.502854177477945,0.35429095915557596,0.7934224049331963,0.48984771573604063,0.3411513859275053,0.986639260020555,0.5069976234486401,1.653147933661999,1.8841544069954694,0.7448207937556205,0.09995339799323015,4,0.49856473260587075,2814
fedavg_sgd,0.3,15,103,22,45,Password Cracking,0,own_client_rows,1.0,0.9999718636795273,0.9999859316418478,1.0,0.9999718636795273,0.9999859316418478,1.0,0.9999718636795273,0.9999859316418478,13.42966322418053,16.321001578821264,13.546748963572258,0.09995339799323015,1,0.09995339799323015,0
fedavg_sgd,0.3,15,103,22,45,Password Cracking,0,validation,0.0,0.0,0.0,0.0,0.0,0.0,0.0,0.0,0.0,nan,nan,nan,0.09995339799323015,1,0.09995339799323015,0
fedavg_sgd,0.3,15,103,22,45,Regular,0,own_client_rows,1.0,0.992711967345094,0.996342656252215,1.0,0.9962853632010847,0.998139225549919,1.0,0.9932910552110846,0.996634237247302,5.7520163248047345,7.695771326168592,6.60779219109723,0.09995339799323015,10,0.7143478370064582,178069
fedavg_sgd,0.3,15,103,22,45,Regular,0,validation,0.9463456684395565,0.9907043134109154,0.9680170821458726,0.9146521258374347,0.9953108687574097,0.9532783667059286,0.9440666258585155,0.9915536654850449,0.9672276401714566,5.770853627865089,7.715573189615639,6.621350014063707,0.09995339799323015,10,0.7143478370064582,178069
fedavg_sgd,0.3,15,103,22,45,Injection,1,own_client_rows,0.0,0.0,0.0,0.7745173745173746,1.0,0.8729329852045257,0.0,0.0,0.0,-0.7678411299305209,26.780073840977067,-0.8019391532433948,0.011585389108152933,3,0.042880822576579374,0
fedavg_sgd,0.3,15,103,22,45,Injection,1,validation,0.0,0.0,0.0,0.042331748811608706,0.9988193624557261,0.08122119815668202,0.0,0.0,0.0,-1.4303213432519186,30.140800250885476,-1.4851165014850207,0.011585389108152933,3,0.042880822576579374,0
fedavg_sgd,0.3,15,103,22,45,Regular,1,own_client_rows,1.0,0.9858618814573138,0.9928806133625411,1.0,0.9875768603337934,0.9937496054043816,1.0,0.9874932028276238,0.9937072503419973,5.723158904777824,6.3021457496758275,6.573711586580944,0.011585389108152933,10,0.7143478370064582,178069
fedavg_sgd,0.3,15,103,22,45,Regular,1,validation,0.9463456684395565,0.9907043134109154,0.9680170821458726,0.9395251521661296,0.9905686530101864,0.9643719512020053,0.9440666258585155,0.9915536654850449,0.9672276401714566,5.770853627865089,6.334599921396226,6.621350014063707,0.011585389108152933,10,0.7143478370064582,178069
fedavg_sgd,0.3,15,103,22,45,DoS,2,own_client_rows,1.0,0.9999658300729528,0.9999829147445755,1.0,1.0,1.0,1.0,0.9998376928465258,0.9999188398368254,18.126366596867474,20.27487782026476,18.08147409777155,0.16333305737999984,7,0.7186122461888209,45965
fedavg_sgd,0.3,15,103,22,45,DoS,2,validation,0.9999129867304763,0.999978245262906,0.9999456149319643,0.9977642717603646,1.0,0.998880884861523,0.9999129772653106,0.999869471577436,0.9998912239481356,19.42166841497705,21.61039658035928,19.35014695494866,0.16333305737999984,7,0.7186122461888209,45965
fedavg_sgd,0.3,15,103,22,45,DoS,3,own_client_rows,0.999993304273882,0.9999866086374288,0.9999899564444474,0.9999665227143383,1.0,0.9999832610769823,0.999993304273882,0.9999866086374288,0.9999899564444474,23.52483485729829,25.33260713090057,23.422217630565786,0.09132365512282559,7,0.7186122461888209,45965
fedavg_sgd,0.3,15,103,22,45,DoS,3,validation,0.9999129867304763,0.999978245262906,0.9999456149319643,0.9995868307745835,1.0,0.9997933727012713,0.9999129772653106,0.999869471577436,0.9998912239481356,19.42166841497705,19.104781946151586,19.35014695494866,0.09132365512282559,7,0.7186122461888209,45965
fedavg_sgd,0.3,15,103,22,45,Regular,3,own_client_rows,1.0,0.9898313017210203,0.9948896681491618,1.0,0.9992341566149723,0.9996169316222946,1.0,0.9908736996617525,0.9954159320403911,5.747519609778863,9.288439088859105,6.596705676814092,0.09132365512282559,10,0.7143478370064582,178069
fedavg_sgd,0.3,15,103,22,45,Regular,3,validation,0.9463456684395565,0.9907043134109154,0.9680170821458726,0.8804877161433835,0.9992391221002589,0.9361123697326688,0.9440666258585155,0.9915536654850449,0.9672276401714566,5.770853627865089,9.316655959141151,6.621350014063707,0.09132365512282559,10,0.7143478370064582,178069
fedavg_sgd,0.3,15,103,22,45,DoS,4,own_client_rows,0.9999723755379863,0.9999944749854969,0.9999834251396432,1.0,0.9998231995358988,0.9999115919526574,0.9999834234911232,0.9998950247244399,0.9999392221540774,18.534175662440607,16.597730400658513,18.49485698845272,0.14436762193029046,7,0.7186122461888209,45965
fedavg_sgd,0.3,15,103,22,45,DoS,4,validation,0.9999129867304763,0.999978245262906,0.9999456149319643,0.9999782329509589,0.9994126220984619,0.9996953475214345,0.9999129772653106,0.999869471577436,0.9998912239481356,19.42166841497705,17.320300262960384,19.35014695494866,0.14436762193029046,7,0.7186122461888209,45965
fedavg_sgd,0.3,15,103,22,45,Ip Spoofing,4,own_client_rows,0.9845360824742269,0.36242884250474383,0.5298196948682385,0.7964214711729622,0.9501897533206831,0.8665368808133247,0.95822454308094,0.34819734345351044,0.510786360473208,-0.5248740266803547,1.9137270961812145,-0.3599822534781932,0.14436762193029046,3,0.24641950549782757,43
fedavg_sgd,0.3,15,103,22,45,Ip Spoofing,4,validation,0.4927536231884058,0.039673278879813305,0.0734341252699784,0.4532951289398281,0.9229871645274212,0.6079938508839354,0.37209302325581395,0.01866977829638273,0.035555555555555556,-1.7873086473071034,0.6291419154982861,-1.6331317060330368,0.14436762193029046,3,0.24641950549782757,43
fedavg_sgd,0.3,15,103,22,45,MITM,4,own_client_rows,0.9802810992238306,0.40236615061392483,0.570546005079117,0.8333309411376326,0.9998277910761336,0.9090183184593706,0.9815488451593111,0.3856791058912673,0.5537670301411863,-0.4083839254506223,6.064006559007388,-0.5428687481601898,0.14436762193029046,3,0.20971182100364538,10207
fedavg_sgd,0.3,15,103,22,45,MITM,4,validation,0.48605921241736133,0.37586130251166927,0.42391576836299827,0.23048390680819786,0.9990368229977032,0.37455555555555553,0.46722837268541195,0.35333777876565164,0.40237934525818425,-0.4312303368847591,6.148365001250278,-0.5795785203424835,0.14436762193029046,3,0.20971182100364538,10207
fedavg_sgd,0.3,15,103,22,45,Manipulation,4,own_client_rows,0.42335456475583866,0.997,0.5943368107302534,0.8356164383561644,0.549,0.6626433313216656,0.4287559190701679,0.996,0.5994583207944628,1.7125860595703124,0.22676255798339845,0.7647379760742188,0.14436762193029046,4,0.49856473260587075,2814
fedavg_sgd,0.3,15,103,22,45,Manipulation,4,validation,0.3363415480735856,0.9958890030832477,0.502854177477945,0.3745980707395498,0.4789311408016444,0.42038791159224176,0.3411513859275053,0.986639260020555,0.5069976234486401,1.653147933661999,0.03630922166563624,0.7448207937556205,0.14436762193029046,4,0.49856473260587075,2814
fedavg_sgd,0.3,15,103,22,45,Regular,4,own_client_rows,0.6846602413541751,0.9910897473474413,0.8098579742772974,1.0,0.8295034878949528,0.9068072221599193,0.6761060002197516,0.9919543935752388,0.804127140642356,5.790380535934111,3.8628888560931913,6.647200295665045,0.14436762193029046,10,0.7143478370064582,178069
fedavg_sgd,0.3,15,103,22,45,Regular,4,validation,0.9463456684395565,0.9907043134109154,0.9680170821458726,1.0,0.8145109442553718,0.8977746282920613,0.9440666258585155,0.9915536654850449,0.9672276401714566,5.770853627865089,3.744742514347562,6.621350014063707,0.14436762193029046,10,0.7143478370064582,178069
fedavg_sgd,0.3,15,103,22,45,DoS,5,own_client_rows,0.9997045281067638,0.9998768654878589,0.9997906893707138,0.99995072556604,0.9995320888538639,0.9997413633844449,0.9996552997660962,0.9998768654878589,0.9997660703512639,27.785748065248978,27.884480395446484,27.78391355341575,0.15679854445468674,7,0.7186122461888209,45965
fedavg_sgd,0.3,15,103,22,45,DoS,5,validation,0.9999129867304763,0.999978245262906,0.9999456149319643,0.9999564867393338,0.999869471577436,0.9999129772653106,0.9999129772653106,0.999869471577436,0.9998912239481356,19.42166841497705,18.145507876234582,19.35014695494866,0.15679854445468674,7,0.7186122461888209,45965
fedavg_sgd,0.3,15,103,22,45,Manipulation,5,own_client_rows,0.9564375605033882,0.993963782696177,0.9748396645288604,0.9110907424381302,1.0,0.9534772182254196,0.9606299212598425,0.9818913480885312,0.9711442786069652,1.686814551861953,8.971244458941147,0.6889024577150402,0.15679854445468674,4,0.49856473260587075,2814
fedavg_sgd,0.3,15,103,22,45,Manipulation,5,validation,0.3363415480735856,0.9958890030832477,0.502854177477945,0.32849426063470627,1.0,0.4945362134688691,0.3411513859275053,0.986639260020555,0.5069976234486401,1.653147933661999,8.600370024850655,0.7448207937556205,0.15679854445468674,4,0.49856473260587075,2814
fedavg_sgd,0.3,15,103,22,45,Regular,5,own_client_rows,0.972329192072006,0.9901418806677378,0.9811546964840219,0.9982719388192808,0.9506432675736344,0.9738756152481917,0.9710614486809556,0.9910911234132279,0.9809740544786637,5.789992556991037,4.8145658612530005,6.6434240002193174,0.15679854445468674,10,0.7143478370064582,178069
fedavg_sgd,0.3,15,103,22,45,Regular,5,validation,0.9463456684395565,0.9907043134109154,0.9680170821458726,0.9929458794587945,0.9522947251697229,0.9721955434589526,0.9440666258585155,0.9915536654850449,0.9672276401714566,5.770853627865089,4.79024689616929,6.621350014063707,0.15679854445468674,10,0.7143478370064582,178069
fedavg_sgd,0.3,15,103,22,45,Video,5,own_client_rows,0.9767259655267767,0.550624853854348,0.7042384568096101,0.7512087304876364,0.989009846969264,0.8538615105089612,0.9765678842177808,0.5154199901270493,0.6747274798904818,0.5689092686308304,7.138073997197251,0.4156054569091654,0.15679854445468674,2,0.1773597033098587,5821
fedavg_sgd,0.3,15,103,22,45,Video,5,validation,0.8620305537873966,0.450965700965701,0.5921512898994316,0.3468427399194141,0.9817682317682318,0.5125942668376329,0.877684246693008,0.4253246753246753,0.5729826725733191,0.26736817056641277,6.963853691881035,0.101934170667386,0.15679854445468674,2,0.1773597033098587,5821
fedavg_sgd,0.3,15,103,22,45,Regular,6,own_client_rows,1.0,0.9902989667346873,0.9951258411789118,1.0,0.9981861173193405,0.9990922353704004,1.0,0.9912382988371716,0.995599873120186,5.8137098693007445,8.683295214878544,6.671605696434283,0.05804135765319363,10,0.7143478370064582,178069
fedavg_sgd,0.3,15,103,22,45,Regular,6,validation,0.9463456684395565,0.9907043134109154,0.9680170821458726,0.8946431307490318,0.9987554632802685,0.9438368839392216,0.9440666258585155,0.9915536654850449,0.9672276401714566,5.770853627865089,8.659197007932447,6.621350014063707,0.05804135765319363,10,0.7143478370064582,178069
fedavg_sgd,0.3,15,103,22,45,Unauth,6,own_client_rows,0.9992242048099301,0.9877300613496932,0.9934438873891246,0.9112508735150244,1.0,0.953564899451554,0.999227202472952,0.9915644171779141,0.9953810623556582,0.9048023808953221,20.176664949194784,0.9482971378630656,0.05804135765319363,3,0.08081680946476526,2509
fedavg_sgd,0.3,15,103,22,45,Unauth,6,validation,0.30509181969949917,0.9785809906291834,0.46516067451479476,0.10113728675873274,1.0,0.18369605311693102,0.2949382223993623,0.9906291834002677,0.45454545454545453,0.9646646686027966,20.52830331743641,1.0118352335938807,0.05804135765319363,3,0.08081680946476526,2509
fedavg_sgd,0.3,15,103,22,45,DoS,7,own_client_rows,1.0,0.9999952029626503,0.9999976014755723,1.0,0.9999952029626503,0.9999976014755723,1.0,0.9999424355518032,0.9999712169474614,21.591740097565744,23.811722842472488,21.507119103241838,0.09744516822766336,7,0.7186122461888209,45965
fedavg_sgd,0.3,15,103,22,45,DoS,7,validation,0.9999129867304763,0.999978245262906,0.9999456149319643,0.9998912334130955,0.999956490525812,0.9999238609047499,0.9999129772653106,0.999869471577436,0.9998912239481356,19.42166841497705,20.864416617831814,19.35014695494866,0.09744516822766336,7,0.7186122461888209,45965
fedavg_sgd,0.3,15,103,22,45,Manipulation,7,own_client_rows,1.0,0.9952696310312205,0.9976292081555239,0.999054820415879,1.0,0.9995271867612293,1.0,0.9810785241248817,0.9904489016236867,1.7020676539772055,9.998598905363055,0.7148365897735336,0.09744516822766336,4,0.49856473260587075,2814
fedavg_sgd,0.3,15,103,22,45,Manipulation,7,validation,0.3363415480735856,0.9958890030832477,0.502854177477945,0.2945806842264608,1.0,0.45509822263797944,0.3411513859275053,0.986639260020555,0.5069976234486401,1.653147933661999,9.481848282534687,0.7448207937556205,0.09744516822766336,4,0.49856473260587075,2814
fedavg_sgd,0.3,15,103,22,45,Ip Spoofing,8,own_client_rows,1.0,0.3207003546099291,0.48565195502601105,1.0,1.0,1.0,1.0,0.33444148936170215,0.5012456402590931,-1.1824481504183288,18.950969290226062,-0.941432202115972,0.0020984855743069464,3,0.24641950549782757,43
fedavg_sgd,0.3,15,103,22,45,Ip Spoofing,8,validation,0.4927536231884058,0.039673278879813305,0.0734341252699784,0.11988795518207283,0.9988331388564761,0.21408028010503938,0.37209302325581395,0.01866977829638273,0.035555555555555556,-1.7873086473071034,12.286659267429988,-1.6331317060330368,0.0020984855743069464,3,0.24641950549782757,43
fedavg_sgd,0.3,15,103,22,45,Injection,9,own_client_rows,0.0,0.0,0.0,0.7915857605177994,1.0,0.8836705202312138,0.0,0.0,0.0,-0.8197566958011805,26.799369506336877,-0.8532136931150347,0.010734274613254503,3,0.042880822576579374,0
fedavg_sgd,0.3,15,103,22,45,Injection,9,validation,0.0,0.0,0.0,0.0374662715088247,1.0,0.0722264858872687,0.0,0.0,0.0,-1.4303213432519186,30.03694565377804,-1.4851165014850207,0.010734274613254503,3,0.042880822576579374,0
fedavg_sgd,0.3,15,103,22,45,Regular,9,own_client_rows,1.0,0.9890652880084183,0.9945025876940771,1.0,0.9849018621036739,0.992393509127789,1.0,0.9906666056640893,0.9953114226614571,5.7133342042881,5.964283512218626,6.562762805537128,0.010734274613254503,10,0.7143478370064582,178069
fedavg_sgd,0.3,15,103,22,45,Regular,9,validation,0.9463456684395565,0.9907043134109154,0.9680170821458726,0.9503934372287496,0.988097274405601,0.968878684125295,0.9440666258585155,0.9915536654850449,0.9672276401714566,5.770853627865089,6.0345243623776845,6.621350014063707,0.010734274613254503,10,0.7143478370064582,178069
fedavg_sgd,0.3,15,103,22,45,DoS,10,own_client_rows,0.999712375062918,1.0,0.9998561668464581,0.9998561668464581,1.0,0.999928078250863,0.9997842657845535,1.0,0.9998921212557086,31.487831425771414,28.460862763432353,31.42885134952888,0.04302965134071462,7,0.7186122461888209,45965
fedavg_sgd,0.3,15,103,22,45,DoS,10,validation,0.9999129867304763,0.999978245262906,0.9999456149319643,0.999934721587571,0.999717188417778,0.9998259431704452,0.9999129772653106,0.999869471577436,0.9998912239481356,19.42166841497705,18.37879594668458,19.35014695494866,0.04302965134071462,7,0.7186122461888209,45965
fedavg_sgd,0.3,15,103,22,45,MITM,10,own_client_rows,0.9808724832214765,0.49540693535812347,0.6583185063399473,0.7814860121263696,0.9961357242127385,0.8758512778481484,0.9826253505711745,0.48693264635097117,0.6511786038077969,-0.2058461317510622,5.044572509194603,-0.28896846663268566,0.04302965134071462,3,0.20971182100364538,10207
fedavg_sgd,0.3,15,103,22,45,MITM,10,validation,0.48605921241736133,0.37586130251166927,0.42391576836299827,0.2391074279359271,0.9876268800474179,0.38500418796753605,0.46722837268541195,0.35333777876565164,0.40237934525818425,-0.4312303368847591,4.963358466233237,-0.5795785203424835,0.04302965134071462,3,0.20971182100364538,10207
fedavg_sgd,0.3,15,103,22,45,Regular,10,own_client_rows,0.7966966475878986,0.9919169296548915,0.883653017730014,0.9973658536585366,0.8325766059248702,0.9075514620207512,0.7917823792123426,0.9926499032882011,0.8809106513686873,5.755916479499644,4.165260650625445,6.607701949506261,0.04302965134071462,10,0.7143478370064582,178069
fedavg_sgd,0.3,15,103,22,45,Regular,10,validation,0.9463456684395565,0.9907043134109154,0.9680170821458726,0.9984739109757742,0.8296990108587303,0.9062959049558024,0.9440666258585155,0.9915536654850449,0.9672276401714566,5.770853627865089,4.176077050960387,6.621350014063707,0.04302965134071462,10,0.7143478370064582,178069
fedavg_sgd,0.3,15,103,22,45,Unauth,11,own_client_rows,1.0,0.9939455095862765,0.9969635627530364,1.0,1.0,1.0,1.0,0.9949545913218971,0.9974709155285787,0.9210384303457682,28.319370427598386,0.9622209011967079,0.00046090407893133504,3,0.08081680946476526,2509
fedavg_sgd,0.3,15,103,22,45,Unauth,11,validation,0.30509181969949917,0.9785809906291834,0.46516067451479476,0.0408152114523003,1.0,0.07842931387474408,0.2949382223993623,0.9906291834002677,0.45454545454545453,0.9646646686027966,28.965022851823964,1.0118352335938807,0.00046090407893133504,3,0.08081680946476526,2509
fedavg_sgd,0.3,15,103,22,45,Injection,12,own_client_rows,0.0,0.0,0.0,0.9944444444444445,0.9972144846796658,0.9958275382475661,0.0,0.0,0.0,-0.5925159932511098,6.762826563588092,-0.6266933005500305,0.02056115885517194,3,0.042880822576579374,0
fedavg_sgd,0.3,15,103,22,45,Injection,12,validation,0.0,0.0,0.0,0.2845117845117845,0.9976387249114522,0.4427560911710768,0.0,0.0,0.0,-1.4303213432519186,8.190731764684179,-1.4851165014850207,0.02056115885517194,3,0.042880822576579374,0
fedavg_sgd,0.3,15,103,22,45,Regular,12,own_client_rows,0.8706917709757722,0.9899541558700419,0.9265007648397567,0.9996638171165114,0.829778752242376,0.9068333805302023,0.8663157527800048,0.9907115806258721,0.9243472439187681,5.749372932809697,3.163122259318318,6.60358661410579,0.02056115885517194,10,0.7143478370064582,178069
fedavg_sgd,0.3,15,103,22,45,Regular,12,validation,0.9463456684395565,0.9907043134109154,0.9680170821458726,0.9998353520602469,0.8238066308444565,0.9033253242700487,0.9440666258585155,0.9915536654850449,0.9672276401714566,5.770853627865089,3.164904260344843,6.621350014063707,0.02056115885517194,10,0.7143478370064582,178069
fedavg_sgd,0.3,15,103,22,45,Replay,12,own_client_rows,0.0,0.0,0.0,0.9961075725406936,1.0,0.9980499911363233,1.0,0.012433392539964476,0.02456140350877193,-1.7630757035412967,14.12488759991119,-0.6118129804756883,0.02056115885517194,2,0.09851394479010958,98
fedavg_sgd,0.3,15,103,22,45,Replay,12,validation,0.0,0.0,0.0,0.3559711286089239,1.0,0.5250423421243648,0.3469387755102041,0.03133640552995392,0.057480980557903634,-1.639452899985599,14.776778513824885,-0.5010401853218606,0.02056115885517194,2,0.09851394479010958,98
fedavg_sgd,0.3,15,103,22,45,Video,12,own_client_rows,0.9935760171306209,0.43636363636363634,0.6064038335874538,0.7892183555269541,0.9995611285266458,0.882022627313214,0.9933383800151401,0.41134796238244514,0.581777876302372,0.1312157174711317,6.3611509967672415,-0.047774602118704386,0.02056115885517194,2,0.1773597033098587,5821
fedavg_sgd,0.3,15,103,22,45,Video,12,validation,0.8620305537873966,0.450965700965701,0.5921512898994316,0.22263213511058377,0.9997502497502497,0.36416842296787105,0.877684246693008,0.4253246753246753,0.5729826725733191,0.26736817056641277,6.3527907639235766,0.101934170667386,0.02056115885517194,2,0.1773597033098587,5821
fedavg_sgd,0.3,15,103,22,45,DoS,13,own_client_rows,0.9999565896857093,0.9999565896857093,0.9999565896857093,1.0,0.999869769057128,0.9999348802882633,1.0,0.999869769057128,0.9999348802882633,20.364634685248088,19.571980405669386,20.2927875628093,0.022314547732640286,7,0.7186122461888209,45965
fedavg_sgd,0.3,15,103,22,45,DoS,13,validation,0.9999129867304763,0.999978245262906,0.9999456149319643,0.9994996737002393,0.9995649052581199,0.9995322884148928,0.9999129772653106,0.999869471577436,0.9998912239481356,19.42166841497705,18.796245897192552,19.35014695494866,0.022314547732640286,7,0.7186122461888209,45965
fedavg_sgd,0.3,15,103,22,45,MITM,13,own_client_rows,0.9601449275362319,0.20751761942051683,0.3412749517063748,0.96398891966759,0.2725137039937353,0.4249084249084249,0.9575757575757575,0.12372748629600626,0.21914008321775313,-1.149595303935004,-1.6120125599549726,-1.400325431614624,0.022314547732640286,3,0.20971182100364538,10207
fedavg_sgd,0.3,15,103,22,45,MITM,13,validation,0.48605921241736133,0.37586130251166927,0.42391576836299827,0.47261807817589574,0.6880047417944728,0.5603258410016594,0.46722837268541195,0.35333777876565164,0.40237934525818425,-0.4312303368847591,0.2523628749820562,-0.5795785203424835,0.022314547732640286,3,0.20971182100364538,10207
fedavg_sgd,0.3,15,103,22,45,Unauth,13,own_client_rows,0.38427947598253276,0.9777777777777777,0.5517241379310345,0.39857881136950907,0.9793650793650793,0.566574839302112,0.3617269544924154,0.9841269841269841,0.5290102389078498,0.8174812437996032,2.2773235987103173,0.8546977694072421,0.022314547732640286,3,0.08081680946476526,2509
fedavg_sgd,0.3,15,103,22,45,Unauth,13,validation,0.30509181969949917,0.9785809906291834,0.46516067451479476,0.06304972568144213,0.9692101740294511,0.11839738348323794,0.2949382223993623,0.9906291834002677,0.45454545454545453,0.9646646686027966,2.258685856299547,1.0118352335938807,0.022314547732640286,3,0.08081680946476526,2509
fedavg_sgd,0.3,15,103,22,45,Regular,14,own_client_rows,1.0,0.9914047504798464,0.9956838259434289,1.0,0.9995561420345489,0.9997780217538681,1.0,0.9920285508637237,0.9959983258609321,5.722686216973068,10.595832154023213,6.574940850958943,0.07795278593493765,10,0.7143478370064582,178069
fedavg_sgd,0.3,15,103,22,45,Regular,14,validation,0.9463456684395565,0.9907043134109154,0.9680170821458726,0.874208970927264,0.9997758654248825,0.9327855951837197,0.9440666258585155,0.9915536654850449,0.9672276401714566,5.770853627865089,10.652548012446104,6.621350014063707,0.07795278593493765,10,0.7143478370064582,178069
fedavg_sgd,0.3,15,103,22,45,Replay,14,own_client_rows,0.0,0.0,0.0,0.9278996865203761,1.0,0.9626016260162602,1.0,0.012387387387387387,0.024471635150166853,-1.562208433408995,16.394381686373872,-0.4324319169328019,0.07795278593493765,2,0.09851394479010958,98
fedavg_sgd,0.3,15,103,22,45,Replay,14,validation,0.0,0.0,0.0,0.21408839779005526,1.0,0.35267349260523323,0.3469387755102041,0.03133640552995392,0.057480980557903634,-1.639452899985599,16.83913270449309,-0.5010401853218606,0.07795278593493765,2,0.09851394479010958,98
fedavg_sgd,0.3,15,103,33,45,Ip Spoofing,0,own_client_rows,0.9667673716012085,0.36281179138321995,0.5276174773289365,0.9414893617021277,0.6020408163265306,0.7344398340248963,0.975609756097561,0.36281179138321995,0.5289256198347108,-0.313594895966199,0.6143491576318028,-0.060172048555750424,0.09995339799323015,3,0.24641950549782757,39
fedavg_sgd,0.3,15,103,33,45,Ip Spoofing,0,validation,0.3,0.021003500583430573,0.03925845147219193,0.6843853820598007,0.24037339556592766,0.35578583765112265,0.3333333333333333,0.015169194865810968,0.029017857142857144,-1.89918502042007,-0.8888205102054769,-1.3178232342109102,0.09995339799323015,3,0.24641950549782757,39
fedavg_sgd,0.3,15,103,33,45,Manipulation,0,own_client_rows,0.6520935960591133,0.9953007518796992,0.7879464285714286,0.7473309608540926,0.9868421052631579,0.850546780072904,0.6444159178433889,0.4718045112781955,0.5447639717851329,1.8119257876747532,3.9009449894266917,0.19574151003271117,0.09995339799323015,4,0.49856473260587075,976
fedavg_sgd,0.3,15,103,33,45,Manipulation,0,validation,0.33425509851365365,0.9938335046248715,0.5002586652871185,0.34903560830860536,0.9671120246659815,0.5129463068956119,0.444672131147541,0.4460431654676259,0.44535659312467935,1.6840420729822392,3.090933945784221,0.2174840242987669,0.09995339799323015,4,0.49856473260587075,976
fedavg_sgd,0.3,15,103,33,45,Password Cracking,0,own_client_rows,1.0,0.9999859318397637,0.9999929658704032,1.0,0.9999859318397637,0.9999929658704032,1.0,0.9999788977596454,0.9999894487684954,14.42730978858193,17.996992779626666,14.286978021796855,0.09995339799323015,1,0.09995339799323015,0
fedavg_sgd,0.3,15,103,33,45,Password Cracking,0,validation,0.0,0.0,0.0,0.0,0.0,0.0,0.0,0.0,0.0,nan,nan,nan,0.09995339799323015,1,0.09995339799323015,0
fedavg_sgd,0.3,15,103,33,45,Regular,0,own_client_rows,1.0,0.9945057273202356,0.9972452961129641,1.0,0.9969350715385376,0.9984651837182162,1.0,0.9941102526800469,0.9970464284449481,7.465339665709171,8.975553234152766,7.307923090003142,0.09995339799323015,10,0.7143478370064582,179849
fedavg_sgd,0.3,15,103,33,45,Regular,0,validation,0.9316605501032343,0.9927451177001433,0.9612333594138174,0.910592205999698,0.996177915666417,0.9514642960759626,0.9356404539363578,0.9925268814033184,0.9632445118635335,7.462642586269693,8.972855063450728,7.308821294517255,0.09995339799323015,10,0.7143478370064582,179849
fedavg_sgd,0.3,15,103,33,45,Injection,1,own_client_rows,0.0,0.0,0.0,0.8095238095238095,1.0,0.8947368421052632,0.0,0.0,0.0,-0.9835893929539506,21.12514799351944,-1.0060936575040504,0.011585389108152933,3,0.042880822576579374,0
fedavg_sgd,0.3,15,103,33,45,Injection,1,validation,0.0,0.0,0.0,0.049407921600653326,1.0,0.09416342412451362,0.0,0.0,0.0,-1.4395130792502953,23.013208382526564,-1.4460153771122344,0.011585389108152933,3,0.042880822576579374,0
fedavg_sgd,0.3,15,103,33,45,Regular,1,own_client_rows,1.0,0.9903375580373949,0.9951453250110334,1.0,0.9899192705065462,0.9949341012759338,1.0,0.9897937842472916,0.9948707168383435,7.439677872851048,7.871638259061154,7.283971656853249,0.011585389108152933,10,0.7143478370064582,179849
fedavg_sgd,0.3,15,103,33,45,Regular,1,validation,0.9316605501032343,0.9927451177001433,0.9612333594138174,0.9335482367562529,0.9924384072289298,0.962092990676917,0.9356404539363578,0.9925268814033184,0.9632445118635335,7.462642586269693,7.896563667674781,7.308821294517255,0.011585389108152933,10,0.7143478370064582,179849
fedavg_sgd,0.3,15,103,33,45,DoS,2,own_client_rows,1.0,0.9998376928465258,0.9999188398368254,1.0,1.0,1.0,1.0,0.9998490828222082,0.9999245357166757,17.043012519096006,19.342902892804666,17.55621851739534,0.16333305737999984,7,0.7186122461888209,46003
fedavg_sgd,0.3,15,103,33,45,DoS,2,validation,0.9999564820053092,0.999760697891966,0.9998585803644275,0.9977641261640654,0.9999347357887179,0.9988482517330551,0.9990652783514119,0.999847716840342,0.9994563444601501,18.86995477054191,21.25318791877869,19.428205798453238,0.16333305737999984,7,0.7186122461888209,46003
fedavg_sgd,0.3,15,103,33,45,DoS,3,own_client_rows,1.0,0.9999799129561433,0.9999899563771983,0.9999933043635463,1.0,0.9999966521705652,0.9999866086374288,0.9999866086374288,0.9999866086374288,24.044701832942753,26.406116949489455,24.152606895505524,0.09132365512282559,7,0.7186122461888209,46003
fedavg_sgd,0.3,15,103,33,45,DoS,3,validation,0.9999564820053092,0.999760697891966,0.9998585803644275,0.9994346351222058,0.99989122631453,0.999662878581915,0.9990652783514119,0.999847716840342,0.9994563444601501,18.86995477054191,19.301752777468074,19.428205798453238,0.09132365512282559,7,0.7186122461888209,46003
fedavg_sgd,0.3,15,103,33,45,Regular,3,own_client_rows,1.0,0.9921713787308273,0.9960703073275954,1.0,0.9991703363328865,0.9995849960095771,1.0,0.9917671836109515,0.9958665769489571,7.443592884105027,10.609559979098858,7.291044626664646,0.09132365512282559,10,0.7143478370064582,179849
fedavg_sgd,0.3,15,103,33,45,Regular,3,validation,0.9316605501032343,0.9927451177001433,0.9612333594138174,0.8811180809121076,0.9991801393173333,0.9364426103996971,0.9356404539363578,0.9925268814033184,0.9632445118635335,7.462642586269693,10.62869735648383,7.308821294517255,0.09132365512282559,10,0.7143478370064582,179849
fedavg_sgd,0.3,15,103,33,45,DoS,4,own_client_rows,0.999994474497041,0.9999060747534462,0.9999502726715178,1.0,0.999795574463383,0.9998977767831735,0.9997679814385151,0.9999060747534462,0.9998370233277627,17.406173027483494,15.294372627049436,17.874481306890385,0.14436762193029046,7,0.7186122461888209,46003
fedavg_sgd,0.3,15,103,33,45,DoS,4,validation,0.9999564820053092,0.999760697891966,0.9998585803644275,0.9999782144568864,0.9985641873517959,0.9992707006716085,0.9990652783514119,0.999847716840342,0.9994563444601501,18.86995477054191,16.482517306913113,19.428205798453238,0.14436762193029046,7,0.7186122461888209,46003
fedavg_sgd,0.3,15,103,33,45,Ip Spoofing,4,own_client_rows,0.9558441558441558,0.349146110056926,0.5114662960389159,0.9356540084388185,0.42077798861480076,0.5804973821989529,0.9617414248021108,0.34582542694497154,0.5087229588276343,-0.4730836987721626,0.7181680234152633,-0.18665219620011564,0.14436762193029046,3,0.24641950549782757,39
fedavg_sgd,0.3,15,103,33,45,Ip Spoofing,4,validation,0.3,0.021003500583430573,0.03925845147219193,0.5555555555555556,0.1516919486581097,0.2383134738771769,0.3333333333333333,0.015169194865810968,0.029017857142857144,-1.89918502042007,-0.9183553297294341,-1.3178232342109102,0.14436762193029046,3,0.24641950549782757,39
fedavg_sgd,0.3,15,103,33,45,MITM,4,own_client_rows,0.9794516022464487,0.2552825087396029,0.4050051909731709,0.8375874756511075,0.9996555821522671,0.9114732991034277,0.9773562270375646,0.2244743322598977,0.3650953701369633,-1.057573416330411,6.100322225768052,-0.9218010628384982,0.14436762193029046,3,0.20971182100364538,5906
fedavg_sgd,0.3,15,103,33,45,MITM,4,validation,0.4851301115241636,0.25138919759946654,0.3311697818554487,0.23373022062774051,0.9991850040749797,0.3788415079498848,0.5003386386725364,0.218937541675928,0.30459207339071276,-1.0732825067897032,6.5214419755316,-0.8912441606670696,0.14436762193029046,3,0.20971182100364538,5906
fedavg_sgd,0.3,15,103,33,45,Manipulation,4,own_client_rows,0.41789164216715663,0.995,0.5885832593907128,0.44634036820835205,0.994,0.6160520607375272,0.42484795829713295,0.489,0.45467224546722457,1.765802001953125,2.1412553100585936,0.2513434715270996,0.14436762193029046,4,0.49856473260587075,976
fedavg_sgd,0.3,15,103,33,45,Manipulation,4,validation,0.33425509851365365,0.9938335046248715,0.5002586652871185,0.3450628366247756,0.987667009249743,0.5114422565194252,0.444672131147541,0.4460431654676259,0.44535659312467935,1.6840420729822392,1.9133228015801644,0.2174840242987669,0.14436762193029046,4,0.49856473260587075,976
fedavg_sgd,0.3,15,103,33,45,Regular,4,own_client_rows,0.6344314459522695,0.9934492056978721,0.7743508904195653,0.9998244690187819,0.8347499853449792,0.9098605498139066,0.6460959100009533,0.9931561052816695,0.7828864526414288,7.509564061217685,4.379880494029911,7.3546960697524035,0.14436762193029046,10,0.7143478370064582,179849
fedavg_sgd,0.3,15,103,33,45,Regular,4,validation,0.9316605501032343,0.9927451177001433,0.9612333594138174,1.0,0.8193062445072283,0.900679857479567,0.9356404539363578,0.9925268814033184,0.9632445118635335,7.462642586269693,4.258273602513551,7.308821294517255,0.14436762193029046,10,0.7143478370064582,179849
fedavg_sgd,0.3,15,103,33,45,DoS,5,own_client_rows,0.9998521256931608,0.9990888046101561,0.9994703194097141,0.9996307237813885,0.9999753730975718,0.9998030187378426,0.999532192539702,0.9997537309757178,0.999642949483508,28.145167124316604,28.479582951103286,28.62632792875437,0.15679854445468674,7,0.7186122461888209,46003
fedavg_sgd,0.3,15,103,33,45,DoS,5,validation,0.9999564820053092,0.999760697891966,0.9998585803644275,0.9998694658979659,0.999825962103248,0.9998477135273898,0.9990652783514119,0.999847716840342,0.9994563444601501,18.86995477054191,17.63262520531033,19.428205798453238,0.15679854445468674,7,0.7186122461888209,46003
fedavg_sgd,0.3,15,103,33,45,Manipulation,5,own_client_rows,0.937381404174573,0.993963782696177,0.96484375,0.9272388059701493,1.0,0.9622458857696031,0.9708520179372198,0.43561368209255535,0.6013888888888889,1.743740887709067,9.153407014351735,0.14210685254102742,0.15679854445468674,4,0.49856473260587075,976
fedavg_sgd,0.3,15,103,33,45,Manipulation,5,validation,0.33425509851365365,0.9938335046248715,0.5002586652871185,0.32927241962774956,1.0,0.4954175152749491,0.444672131147541,0.4460431654676259,0.44535659312467935,1.6840420729822392,8.739729909710624,0.2174840242987669,0.15679854445468674,4,0.49856473260587075,976
fedavg_sgd,0.3,15,103,33,45,Regular,5,own_client_rows,0.9599023329483335,0.9925927943138804,0.9759738968113104,0.9997403247795079,0.8387493337794255,0.9121960816668465,0.9658109950022717,0.9923866063404747,0.9789184656741505,7.493846273735931,3.008159815343838,7.33996292962717,0.15679854445468674,10,0.7143478370064582,179849
fedavg_sgd,0.3,15,103,33,45,Regular,5,validation,0.9316605501032343,0.9927451177001433,0.9612333594138174,0.998995990984982,0.8392424251361028,0.9121774529602206,0.9356404539363578,0.9925268814033184,0.9632445118635335,7.462642586269693,2.992325703457239,7.308821294517255,0.15679854445468674,10,0.7143478370064582,179849
fedavg_sgd,0.3,15,103,33,45,Video,5,own_client_rows,0.9779293019917459,0.566395593546208,0.7173294286043336,0.4816267702719639,0.9984411130452857,0.649802585412457,0.9775622297534182,0.6520044688092702,0.7822630922693267,0.12342816791189021,8.03822596837733,0.5524303033193382,0.15679854445468674,2,0.1773597033098587,8610
fedavg_sgd,0.3,15,103,33,45,Video,5,validation,0.8475336322869955,0.47202797202797203,0.6063522617901829,0.22094439932068227,0.9964202464202464,0.36168862564970383,0.7787456445993032,0.5581918081918081,0.6502764038405586,-0.11058279057165166,7.862155585300116,0.3053939011428025,0.15679854445468674,2,0.1773597033098587,8610
fedavg_sgd,0.3,15,103,33,45,Regular,6,own_client_rows,1.0,0.9928092508016714,0.996391652038229,1.0,0.9983075826774204,0.9991530746631547,1.0,0.9925825154665889,0.9962774517613018,7.530121767914369,9.912826732323754,7.376881103792401,0.05804135765319363,10,0.7143478370064582,179849
fedavg_sgd,0.3,15,103,33,45,Regular,6,validation,0.9316605501032343,0.9927451177001433,0.9612333594138174,0.8895168660902817,0.9988616322895347,0.9410234966923481,0.9356404539363578,0.9925268814033184,0.9632445118635335,7.462642586269693,9.85425817446075,7.308821294517255,0.05804135765319363,10,0.7143478370064582,179849
fedavg_sgd,0.3,15,103,33,45,Unauth,6,own_client_rows,0.9992144540455616,0.9754601226993865,0.9871944121071012,0.9504373177842566,1.0,0.9745889387144993,0.9992144540455616,0.9754601226993865,0.9871944121071012,1.063901000227665,18.40557299654908,1.045446477784701,0.05804135765319363,3,0.08081680946476526,2250
fedavg_sgd,0.3,15,103,33,45,Unauth,6,validation,0.32092198581560283,0.9692101740294511,0.4821844821844822,0.17506444808999297,1.0,0.29796569605105705,0.32133333333333336,0.9678714859437751,0.4824824824824825,1.101611840836654,18.825176356467537,1.0720569248020728,0.05804135765319363,3,0.08081680946476526,2250
fedavg_sgd,0.3,15,103,33,45,DoS,7,own_client_rows,1.0,0.999947232589153,0.9999736155984582,1.0,0.9999424355518032,0.9999712169474614,0.9999952027325235,0.999947232589153,0.999971217085538,21.424640735631673,23.477671177780604,21.751810094585583,0.09744516822766336,7,0.7186122461888209,46003
fedavg_sgd,0.3,15,103,33,45,DoS,7,validation,0.9999564820053092,0.999760697891966,0.9998585803644275,0.9998259431704452,0.999717188417778,0.9997715628365369,0.9990652783514119,0.999847716840342,0.9994563444601501,18.86995477054191,20.056597752871625,19.428205798453238,0.09744516822766336,7,0.7186122461888209,46003
fedavg_sgd,0.3,15,103,33,45,Manipulation,7,own_client_rows,0.9990494296577946,0.9943235572374646,0.9966808914177335,0.9981114258734656,1.0,0.999054820415879,1.0,0.45600756859035,0.6263807667316439,1.7536943881378606,9.545435101555109,0.1640100325744109,0.09744516822766336,4,0.49856473260587075,976
fedavg_sgd,0.3,15,103,33,45,Manipulation,7,validation,0.33425509851365365,0.9938335046248715,0.5002586652871185,0.2990165949600492,1.0,0.4603737875561864,0.444672131147541,0.4460431654676259,0.44535659312467935,1.6840420729822392,9.107813302929085,0.2174840242987669,0.09744516822766336,4,0.49856473260587075,976
fedavg_sgd,0.3,15,103,33,45,Ip Spoofing,8,own_client_rows,1.0,0.3574911347517731,0.5266938775510204,1.0,0.9997783687943262,0.9998891721157043,1.0,0.35394503546099293,0.5228351612375184,-0.9976445258931911,14.296396891276041,-0.621071274398912,0.0020984855743069464,3,0.24641950549782757,39
fedavg_sgd,0.3,15,103,33,45,Ip Spoofing,8,validation,0.3,0.021003500583430573,0.03925845147219193,0.17469387755102042,0.9988331388564761,0.2973771061316658,0.3333333333333333,0.015169194865810968,0.029017857142857144,-1.89918502042007,9.46061786664965,-1.3178232342109102,0.0020984855743069464,3,0.24641950549782757,39
fedavg_sgd,0.3,15,103,33,45,Injection,9,own_client_rows,0.0,0.0,0.0,0.8302783435166328,1.0,0.9072700296735905,0.0,0.0,0.0,-1.0228257510667926,22.463677943581356,-1.0385910870106807,0.010734274613254503,3,0.042880822576579374,0
fedavg_sgd,0.3,15,103,33,45,Injection,9,validation,0.0,0.0,0.0,0.041523678792038436,1.0,0.07973640856672158,0.0,0.0,0.0,-1.4395130792502953,24.77412005608028,-1.4460153771122344,0.010734274613254503,3,0.042880822576579374,0
fedavg_sgd,0.3,15,103,33,45,Regular,9,own_client_rows,1.0,0.9916273962574919,0.9957960993315109,1.0,0.9882417532140733,0.9940861081068643,1.0,0.9913528846593769,0.9956576680068926,7.414490530779613,7.576495087386192,7.258720121843116,0.010734274613254503,10,0.7143478370064582,179849
fedavg_sgd,0.3,15,103,33,45,Regular,9,validation,0.9316605501032343,0.9927451177001433,0.9612333594138174,0.9450777085409032,0.9902855356521432,0.9671536210511763,0.9356404539363578,0.9925268814033184,0.9632445118635335,7.462642586269693,7.64060001295778,7.308821294517255,0.010734274613254503,10,0.7143478370064582,179849
fedavg_sgd,0.3,15,103,33,45,DoS,10,own_client_rows,0.999712375062918,1.0,0.9998561668464581,0.999712375062918,1.0,0.9998561668464581,0.999712375062918,1.0,0.9998561668464581,33.75571819031864,32.23455706502194,34.46803073077753,0.04302965134071462,7,0.7186122461888209,46003
fedavg_sgd,0.3,15,103,33,45,DoS,10,validation,0.9999564820053092,0.999760697891966,0.9998585803644275,0.9998476803899382,0.999608414732308,0.9997280332452161,0.9990652783514119,0.999847716840342,0.9994563444601501,18.86995477054191,18.44606541785411,19.428205798453238,0.04302965134071462,7,0.7186122461888209,46003
fedavg_sgd,0.3,15,103,33,45,MITM,10,own_client_rows,0.9826615425864689,0.37269923053455817,0.5404276234947162,0.8876832743879408,0.876309277651605,0.8819596069868996,0.981113707165109,0.34161553845632353,0.5067759535363187,-0.6963745502006288,3.1601367525147452,-0.6386098777967802,0.04302965134071462,3,0.20971182100364538,5906
fedavg_sgd,0.3,15,103,33,45,MITM,10,validation,0.4851301115241636,0.25138919759946654,0.3311697818554487,0.29341282366006194,0.7438690079276876,0.4208320234727025,0.5003386386725364,0.218937541675928,0.30459207339071276,-1.0732825067897032,2.9273026203450305,-0.8912441606670696,0.04302965134071462,3,0.20971182100364538,5906
fedavg_sgd,0.3,15,103,33,45,Regular,10,own_client_rows,0.7542382048864918,0.9937086429807594,0.857569581107675,0.926299409910274,0.9332586786114222,0.9297660219677685,0.7638467077867185,0.9934439580576199,0.8636464205747258,7.45086583305762,6.29031724810394,7.295619416802403,0.04302965134071462,10,0.7143478370064582,179849
fedavg_sgd,0.3,15,103,33,45,Regular,10,validation,0.9316605501032343,0.9927451177001433,0.9612333594138174,0.97377121853008,0.9328539999174241,0.952873556293266,0.9356404539363578,0.9925268814033184,0.9632445118635335,7.462642586269693,6.292862857472529,7.308821294517255,0.04302965134071462,10,0.7143478370064582,179849
fedavg_sgd,0.3,15,103,33,45,Unauth,11,own_client_rows,1.0,0.992936427850656,0.9964556962025316,1.0,1.0,1.0,1.0,0.992936427850656,0.9964556962025316,1.0969531447086276,24.012710093970735,1.1023424689392027,0.00046090407893133504,3,0.08081680946476526,2250
fedavg_sgd,0.3,15,103,33,45,Unauth,11,validation,0.32092198581560283,0.9692101740294511,0.4821844821844822,0.05428779069767442,1.0,0.10298476597504654,0.32133333333333336,0.9678714859437751,0.4824824824824825,1.101611840836654,24.38441984082162,1.0720569248020728,0.00046090407893133504,3,0.08081680946476526,2250
fedavg_sgd,0.3,15,103,33,45,Injection,12,own_client_rows,0.0,0.0,0.0,0.9944598337950139,1.0,0.9972222222222222,0.0,0.0,0.0,-0.8493883563283426,7.525087999434192,-0.8751704393987204,0.02056115885517194,3,0.042880822576579374,0
fedavg_sgd,0.3,15,103,33,45,Injection,12,validation,0.0,0.0,0.0,0.28412911903160726,0.9976387249114522,0.44229259356189476,0.0,0.0,0.0,-1.4395130792502953,9.17188768262987,-1.4460153771122344,0.02056115885517194,3,0.042880822576579374,0
fedavg_sgd,0.3,15,103,33,45,Regular,12,own_client_rows,0.8334003215434084,0.991907514450867,0.905771645947471,0.9995226046689263,0.8346422164640224,0.9096715328467153,0.8443004038415856,0.9917879210683676,0.9121205455345358,7.467290314493223,3.380964369580925,7.31510594447628,0.02056115885517194,10,0.7143478370064582,179849
fedavg_sgd,0.3,15,103,33,45,Regular,12,validation,0.9316605501032343,0.9927451177001433,0.9612333594138174,0.9997724023641704,0.8291032847511811,0.9064744953891791,0.9356404539363578,0.9925268814033184,0.9632445118635335,7.462642586269693,3.3669062488940726,7.308821294517255,0.02056115885517194,10,0.7143478370064582,179849
fedavg_sgd,0.3,15,103,33,45,Replay,12,own_client_rows,1.0,0.00035523978685612787,0.0007102272727272727,0.9961075725406936,1.0,0.9980499911363233,1.0,0.6902309058614565,0.8167297183690626,-1.802183822713144,11.94739398312611,-0.04413614493280279,0.02056115885517194,2,0.09851394479010958,1893
fedavg_sgd,0.3,15,103,33,45,Replay,12,validation,0.4444444444444444,0.007373271889400922,0.014505893019038985,0.3539967373572594,1.0,0.5228915662650603,0.4004226096143687,0.6986175115207374,0.5090664875755541,-1.6670677923387096,12.535709785426267,0.08228648664764544,0.02056115885517194,2,0.09851394479010958,1893
fedavg_sgd,0.3,15,103,33,45,Video,12,own_client_rows,0.9939073923639318,0.4602507836990596,0.6291566678093932,0.7940224159402242,0.9993730407523511,0.884941013185288,0.9943019943019943,0.5470219435736677,0.7057633973710818,-0.22687602458702733,7.136989279241771,0.20042254600405318,0.02056115885517194,2,0.1773597033098587,8610
fedavg_sgd,0.3,15,103,33,45,Video,12,validation,0.8475336322869955,0.47202797202797203,0.6063522617901829,0.22641545019048698,0.9994172494172494,0.3691914998308577,0.7787456445993032,0.5581918081918081,0.6502764038405586,-0.11058279057165166,7.0681023078484015,0.3053939011428025,0.02056115885517194,2,0.1773597033098587,8610
fedavg_sgd,0.3,15,103,33,45,DoS,13,own_client_rows,1.0,0.9999131793714187,0.9999565878011721,1.0,0.999869769057128,0.9999348802882633,1.0,0.9999131793714187,0.9999565878011721,19.810981910786378,31.167129074125825,20.35593218901936,0.022314547732640286,7,0.7186122461888209,46003
fedavg_sgd,0.3,15,103,33,45,DoS,13,validation,0.9999564820053092,0.999760697891966,0.9998585803644275,0.97678916827853,0.999738943154872,0.9881308190164921,0.9990652783514119,0.999847716840342,0.9994563444601501,18.86995477054191,29.703880807155134,19.428205798453238,0.022314547732640286,7,0.7186122461888209,46003
fedavg_sgd,0.3,15,103,33,45,MITM,13,own_client_rows,0.9637883008356546,0.27094753328112764,0.4229828850855746,0.3333333333333333,0.0007830853563038371,0.0015625,0.9651474530831099,0.28191072826938135,0.43636363636363634,-1.1071178941121769,-8.678036444058339,-0.651918272348522,0.022314547732640286,3,0.20971182100364538,5906
fedavg_sgd,0.3,15,103,33,45,MITM,13,validation,0.4851301115241636,0.25138919759946654,0.3311697818554487,0.00021561017680034498,7.40905386382159e-05,0.00011028398125172319,0.5003386386725364,0.218937541675928,0.30459207339071276,-1.0732825067897032,-7.447207307642439,-0.8912441606670696,0.022314547732640286,3,0.20971182100364538,5906
fedavg_sgd,0.3,15,103,33,45,Unauth,13,own_client_rows,0.4044795783926219,0.9746031746031746,0.5716945996275605,0.34035656401944897,1.0,0.5078597339782346,0.4052805280528053,0.9746031746031746,0.5724941724941724,0.965697273375496,8.839894903273809,0.983208744109623,0.022314547732640286,3,0.08081680946476526,2250
fedavg_sgd,0.3,15,103,33,45,Unauth,13,validation,0.32092198581560283,0.9692101740294511,0.4821844821844822,0.003911952195419077,0.9973226238286479,0.007793335390634398,0.32133333333333336,0.9678714859437751,0.4824824824824825,1.101611840836654,7.534641638657495,1.0720569248020728,0.022314547732640286,3,0.08081680946476526,2250
fedavg_sgd,0.3,15,103,33,45,Regular,14,own_client_rows,1.0,0.9931082053742802,0.9965421874200625,1.0,0.9994061900191938,0.9997030068308429,1.0,0.9929162667946257,0.9964455439882742,7.42981191331274,12.187037843202676,7.273884497585772,0.07795278593493765,10,0.7143478370064582,179849
fedavg_sgd,0.3,15,103,33,45,Regular,14,validation,0.9316605501032343,0.9927451177001433,0.9612333594138174,0.8745123939650369,0.9996637981373238,0.9329094937318526,0.9356404539363578,0.9925268814033184,0.9632445118635335,7.462642586269693,12.218101120267368,7.308821294517255,0.07795278593493765,10,0.7143478370064582,179849
fedavg_sgd,0.3,15,103,33,45,Replay,14,own_client_rows,0.0,0.0,0.0,0.9033570701932858,1.0,0.9492250133618386,1.0,0.7871621621621622,0.8809073724007561,-1.6153431110553913,21.10548194679054,0.16794904073079428,0.07795278593493765,2,0.09851394479010958,1893
fedavg_sgd,0.3,15,103,33,45,Replay,14,validation,0.4444444444444444,0.007373271889400922,0.014505893019038985,0.1833699509886767,1.0,0.30991145387032276,0.4004226096143687,0.6986175115207374,0.5090664875755541,-1.6670677923387096,21.858635152649768,0.08228648664764544,0.07795278593493765,2,0.09851394479010958,1893
fedavg_sgd,0.3,15,103,44,45,Ip Spoofing,0,own_client_rows,0.9751552795031055,0.35600907029478457,0.521594684385382,0.7609126984126984,0.8696145124716553,0.8116402116402116,0.9644970414201184,0.36961451247165533,0.5344262295081967,-0.47840947088470803,2.8305896577380953,-0.1601132243668952,0.09995339799323015,3,0.24641950549782757,74
fedavg_sgd,0.3,15,103,44,45,Ip Spoofing,0,validation,0.2631578947368421,0.011668611435239206,0.0223463687150838,0.41722846441947564,0.6499416569428238,0.5082116788321168,0.3918918918918919,0.0338389731621937,0.06229860365198711,-1.8030503049336348,0.06523827605097268,-1.4540004307358518,0.09995339799323015,3,0.24641950549782757,74
fedavg_sgd,0.3,15,103,44,45,Manipulation,0,own_client_rows,0.6469150885766646,0.9953007518796992,0.7841540170307294,0.8820614469772051,0.8364661654135338,0.8586589483839846,0.6544891640866873,0.993421052631579,0.7891004106009705,1.9890171137071193,3.0329107987253288,1.068693232715578,0.09995339799323015,4,0.49856473260587075,2861
fedavg_sgd,0.3,15,103,44,45,Manipulation,0,validation,0.3296965564268667,0.9938335046248715,0.49513568868407576,0.36802788844621515,0.7595066803699897,0.4958067762495807,0.3379937084935337,0.9938335046248715,0.504434011476265,1.78321648624181,2.1684525696616257,0.9650520097315005,0.09995339799323015,4,0.49856473260587075,2861
fedavg_sgd,0.3,15,103,44,45,Password Cracking,0,own_client_rows,1.0,0.9999788977596454,0.9999894487684954,1.0,0.9999788977596454,0.9999894487684954,1.0,0.9999788977596454,0.9999894487684954,12.366846250945205,16.891497775472164,12.411295035972726,0.09995339799323015,1,0.09995339799323015,0
fedavg_sgd,0.3,15,103,44,45,Password Cracking,0,validation,0.0,0.0,0.0,0.0,0.0,0.0,0.0,0.0,0.0,nan,nan,nan,0.09995339799323015,1,0.09995339799323015,0
fedavg_sgd,0.3,15,103,44,45,Regular,0,own_client_rows,1.0,0.9938277707941978,0.9969043318102929,1.0,0.9958475162780187,0.9979194383899,1.0,0.9944209827544809,0.9972026882519989,7.295516769713704,7.799144524022436,7.808607418923285,0.09995339799323015,10,0.7143478370064582,180299
fedavg_sgd,0.3,15,103,44,45,Regular,0,validation,0.9397625366671323,0.992055019139913,0.9652010237693535,0.9157946751956211,0.9947446340413233,0.9536384146927604,0.9335104465360318,0.9927451177001433,0.962217013491882,7.287045784187158,7.773158875471125,7.7917280725053235,0.09995339799323015,10,0.7143478370064582,180299
fedavg_sgd,0.3,15,103,44,45,Injection,1,own_client_rows,0.0,0.0,0.0,0.8736933797909407,1.0,0.9325894932589494,0.0,0.0,0.0,-0.9592585768086366,23.28242421173978,-0.932126898114251,0.011585389108152933,3,0.042880822576579374,0
fedavg_sgd,0.3,15,103,44,45,Injection,1,validation,0.0,0.0,0.0,0.0552259242355089,1.0,0.1046712802768166,0.0,0.0,0.0,-1.3125894990130609,26.772595834563162,-1.2577558605279664,0.011585389108152933,3,0.042880822576579374,0
fedavg_sgd,0.3,15,103,44,45,Regular,1,own_client_rows,1.0,0.9885807504078303,0.9942575881870386,1.0,0.9937256870372694,0.996852970795569,1.0,0.9899192705065462,0.9949341012759338,7.229676189080343,7.718452296921404,7.745355517441283,0.011585389108152933,10,0.7143478370064582,180299
fedavg_sgd,0.3,15,103,44,45,Regular,1,validation,0.9397625366671323,0.992055019139913,0.9652010237693535,0.9241026652855193,0.9945028046313281,0.9580111250632106,0.9335104465360318,0.9927451177001433,0.962217013491882,7.287045784187158,7.758638282001109,7.7917280725053235,0.011585389108152933,10,0.7143478370064582,180299
fedavg_sgd,0.3,15,103,44,45,DoS,2,own_client_rows,1.0,0.9999886100243176,0.9999943049797257,1.0,1.0,1.0,1.0,0.9998490828222082,0.9999245357166757,15.95244289729125,19.170353114606648,16.48739424452071,0.16333305737999984,7,0.7186122461888209,45966
fedavg_sgd,0.3,15,103,44,45,DoS,2,validation,0.9998912357790781,0.999978245262906,0.9999347386282059,0.9989134450311842,1.0,0.9994564272047313,0.9999129791585084,0.99989122631453,0.9999021026182111,16.986522515473055,20.28303533309222,17.501973987452956,0.16333305737999984,7,0.7186122461888209,45966
fedavg_sgd,0.3,15,103,44,45,DoS,3,own_client_rows,0.999993304273882,0.9999866086374288,0.9999899564444474,0.9999732179921529,1.0,0.999986608816755,1.0,0.9999933043187145,0.9999966521481491,20.32558864454302,22.783249288583864,20.778384091479747,0.09132365512282559,7,0.7186122461888209,45966
fedavg_sgd,0.3,15,103,44,45,DoS,3,validation,0.9998912357790781,0.999978245262906,0.9999347386282059,0.9997172683775555,1.0,0.9998586142016597,0.9999129791585084,0.99989122631453,0.9999021026182111,16.986522515473055,16.689045648576695,17.501973987452956,0.09132365512282559,7,0.7186122461888209,45966
fedavg_sgd,0.3,15,103,44,45,Regular,3,own_client_rows,1.0,0.9915331759099708,0.995748589984618,1.0,0.9995319845980386,0.999765937526598,1.0,0.9921075584487417,0.9960381448693442,7.248367596847278,10.166957680505032,7.752494807954134,0.09132365512282559,10,0.7143478370064582,180299
fedavg_sgd,0.3,15,103,44,45,Regular,3,validation,0.9397625366671323,0.992055019139913,0.9652010237693535,0.8782220702092597,0.9995635274063501,0.9349722901902584,0.9335104465360318,0.9927451177001433,0.962217013491882,7.287045784187158,10.207343202105243,7.7917280725053235,0.09132365512282559,10,0.7143478370064582,180299
fedavg_sgd,0.3,15,103,44,45,DoS,4,own_client_rows,0.9999558018375386,1.0,0.9999779004303891,1.0,0.9997789994198735,0.9998894874982732,0.9999778983545325,0.9999060747534462,0.9999419852642571,16.17262563580831,15.18204785202112,16.701820443719093,0.14436762193029046,7,0.7186122461888209,45966
fedavg_sgd,0.3,15,103,44,45,DoS,4,validation,0.9998912357790781,0.999978245262906,0.9999347386282059,0.9999782111341105,0.9984119041921379,0.9991944438396726,0.9999129791585084,0.99989122631453,0.9999021026182111,16.986522515473055,15.23979783560761,17.501973987452956,0.14436762193029046,7,0.7186122461888209,45966
fedavg_sgd,0.3,15,103,44,45,Ip Spoofing,4,own_client_rows,0.9820441988950276,0.3372865275142315,0.5021186440677966,0.9354838709677419,0.4952561669829222,0.6476426799007444,0.9543726235741445,0.3572106261859583,0.5198481187435278,-0.630830884206001,1.0023353185780361,-0.2955951726866402,0.14436762193029046,3,0.24641950549782757,74
fedavg_sgd,0.3,15,103,44,45,Ip Spoofing,4,validation,0.2631578947368421,0.011668611435239206,0.0223463687150838,0.5964912280701754,0.1983663943990665,0.29772329246935203,0.3918918918918919,0.0338389731621937,0.06229860365198711,-1.8030503049336348,-0.5208319682919158,-1.4540004307358518,0.14436762193029046,3,0.24641950549782757,74
fedavg_sgd,0.3,15,103,44,45,MITM,4,own_client_rows,0.9807730426164519,0.34083590211644765,0.5058722795179491,0.8466120625465376,0.9985878868242952,0.9163413978919422,0.9799288909278587,0.2942706091029637,0.45262028686082084,-0.8228018060612697,5.401614527612087,-1.2242957075445806,0.14436762193029046,3,0.20971182100364538,7701
fedavg_sgd,0.3,15,103,44,45,MITM,4,validation,0.45999069551058386,0.2930280803141439,0.35799954740891604,0.24227165644613088,0.9981477365340446,0.3899050706181987,0.4455265549928581,0.25420463806771876,0.3237097839418813,-0.8876781645921316,5.468566944274654,-1.3054023760199025,0.14436762193029046,3,0.20971182100364538,7701
fedavg_sgd,0.3,15,103,44,45,Manipulation,4,own_client_rows,0.41183774834437087,0.995,0.582552693208431,0.48040638606676345,0.993,0.6475383110531464,0.42304421768707484,0.995,0.5936754176610979,1.900081787109375,1.3723162841796874,1.0451883544921876,0.14436762193029046,4,0.49856473260587075,2861
fedavg_sgd,0.3,15,103,44,45,Manipulation,4,validation,0.3296965564268667,0.9938335046248715,0.49513568868407576,0.34954627949183303,0.9897225077081192,0.5166309012875536,0.3379937084935337,0.9938335046248715,0.504434011476265,1.78321648624181,1.2161385045144688,0.9650520097315005,0.14436762193029046,4,0.49856473260587075,2861
fedavg_sgd,0.3,15,103,44,45,Regular,4,own_client_rows,0.6628040127232689,0.9924673193035934,0.7948078469112909,0.9988057531543694,0.8457119409109561,0.915905501813305,0.642279042438257,0.9932000703440999,0.7800913935794284,7.2989285347910196,4.853101735154464,7.809026387967862,0.14436762193029046,10,0.7143478370064582,180299
fedavg_sgd,0.3,15,103,44,45,Regular,4,validation,0.9397625366671323,0.992055019139913,0.9652010237693535,0.9998936049480792,0.8314743926247928,0.9079397794058449,0.9335104465360318,0.9927451177001433,0.962217013491882,7.287045784187158,4.7634901054999235,7.7917280725053235,0.14436762193029046,10,0.7143478370064582,180299
fedavg_sgd,0.3,15,103,44,45,DoS,5,own_client_rows,0.9998276201733649,0.9998768654878589,0.9998522422242471,0.9998768806481003,1.0,0.9999384365342231,0.9998276244182324,0.9999014923902871,0.9998645570399557,21.10870391690883,22.19048562712407,21.53257792875437,0.15679854445468674,7,0.7186122461888209,45966
fedavg_sgd,0.3,15,103,44,45,DoS,5,validation,0.9998912357790781,0.999978245262906,0.9999347386282059,0.9999347386282059,0.999978245262906,0.9999564914723286,0.9999129791585084,0.99989122631453,0.9999021026182111,16.986522515473055,15.743400029164944,17.501973987452956,0.15679854445468674,7,0.7186122461888209,45966
fedavg_sgd,0.3,15,103,44,45,Manipulation,5,own_client_rows,0.9382716049382716,0.993963782696177,0.9653150952613581,0.9127640036730946,1.0,0.9543927028324531,0.9573643410852714,0.993963782696177,0.9753208292201382,1.9136540434010312,9.106275593011192,1.0129884224782288,0.15679854445468674,4,0.49856473260587075,2861
fedavg_sgd,0.3,15,103,44,45,Manipulation,5,validation,0.3296965564268667,0.9938335046248715,0.49513568868407576,0.3287162162162162,1.0,0.49478769387236204,0.3379937084935337,0.9938335046248715,0.504434011476265,1.78321648624181,8.67764768375032,0.9650520097315005,0.15679854445468674,4,0.49856473260587075,2861
fedavg_sgd,0.3,15,103,44,45,Regular,5,own_client_rows,0.9654945179798898,0.9917797134376204,0.9784606173190147,0.9830284832045443,0.9883289826374165,0.9856716070458602,0.9601145497787278,0.9925694522791552,0.9760722900323844,7.30927932349191,7.553987596079219,7.81715327869271,0.15679854445468674,10,0.7143478370064582,180299
fedavg_sgd,0.3,15,103,44,45,Regular,5,validation,0.9397625366671323,0.992055019139913,0.9652010237693535,0.9543586883529291,0.9891294731068001,0.9714330401235015,0.9335104465360318,0.9927451177001433,0.962217013491882,7.287045784187158,7.504301400085377,7.7917280725053235,0.15679854445468674,10,0.7143478370064582,180299
fedavg_sgd,0.3,15,103,44,45,Video,5,own_client_rows,0.9808478281532174,0.5362311309724856,0.6933866388940216,0.9215198767667486,0.8859414378134012,0.9033804906480157,0.9808638600328048,0.5127179194055445,0.6734234234234234,0.27366127086115005,5.03894526315047,0.18344173202449235,0.15679854445468674,2,0.1773597033098587,5875
fedavg_sgd,0.3,15,103,44,45,Video,5,validation,0.8782166857892149,0.44605394605394605,0.5916192789709048,0.4967191915321615,0.8633866133866134,0.6306284393907148,0.8876595744680851,0.43414918414918413,0.5831050483591436,0.06665976350004975,4.8648052793560606,-0.027367036262433447,0.15679854445468674,2,0.1773597033098587,5875
fedavg_sgd,0.3,15,103,44,45,Regular,6,own_client_rows,1.0,0.9917646487221844,0.9958652990035248,1.0,0.9984857318692709,0.999242292248285,1.0,0.9926958831341302,0.996334555148284,7.342986709633772,9.641972379789784,7.8524145605079685,0.05804135765319363,10,0.7143478370064582,180299
fedavg_sgd,0.3,15,103,44,45,Regular,6,validation,0.9397625366671323,0.992055019139913,0.9652010237693535,0.8888235849749688,0.9990267840817265,0.940708630586249,0.9335104465360318,0.9927451177001433,0.962217013491882,7.287045784187158,9.60068794200223,7.7917280725053235,0.05804135765319363,10,0.7143478370064582,180299
fedavg_sgd,0.3,15,103,44,45,Unauth,6,own_client_rows,0.9992337164750957,1.0,0.9996167113836719,0.9435600578871202,1.0,0.9709605361131795,0.9992301770592764,0.995398773006135,0.9973107952362659,1.033613708121645,15.822608620111197,0.9983679648557323,0.05804135765319363,3,0.08081680946476526,2724
fedavg_sgd,0.3,15,103,44,45,Unauth,6,validation,0.2563573883161512,0.998661311914324,0.4079846869018321,0.17148760330578514,1.0,0.2927689594356261,0.27165932452276065,0.9906291834002677,0.4263900893114376,1.062270178533143,16.17213401130564,1.0238100738729659,0.05804135765319363,3,0.08081680946476526,2724
fedavg_sgd,0.3,15,103,44,45,DoS,7,own_client_rows,1.0,0.9999952029626503,0.9999976014755723,1.0,1.0,1.0,1.0,0.999947232589153,0.9999736155984582,18.948894949978893,21.982308114008788,19.392216548309765,0.09744516822766336,7,0.7186122461888209,45966
fedavg_sgd,0.3,15,103,44,45,DoS,7,validation,0.9998912357790781,0.999978245262906,0.9999347386282059,0.9996520301863814,0.999956490525812,0.9998042371775351,0.9999129791585084,0.99989122631453,0.9999021026182111,16.986522515473055,19.105625664539236,17.501973987452956,0.09744516822766336,7,0.7186122461888209,45966
fedavg_sgd,0.3,15,103,44,45,Manipulation,7,own_client_rows,1.0,0.9952696310312205,0.9976292081555239,1.0,1.0,1.0,1.0,0.9943235572374646,0.9971537001897534,1.9187295818058183,10.173742895207544,1.0336821672481078,0.09744516822766336,4,0.49856473260587075,2861
fedavg_sgd,0.3,15,103,44,45,Manipulation,7,validation,0.3296965564268667,0.9938335046248715,0.49513568868407576,0.2944024205748865,1.0,0.45488546049555867,0.3379937084935337,0.9938335046248715,0.504434011476265,1.78321648624181,9.687100668237731,0.9650520097315005,0.09744516822766336,4,0.49856473260587075,2861
fedavg_sgd,0.3,15,103,44,45,Ip Spoofing,8,own_client_rows,1.0,0.3280141843971631,0.4939919893190921,1.0,0.9997783687943262,0.9998891721157043,1.0,0.35859929078014185,0.5278955954323001,-1.1180308862780848,16.78833570547983,-0.7772835129541709,0.0020984855743069464,3,0.24641950549782757,74
fedavg_sgd,0.3,15,103,44,45,Ip Spoofing,8,validation,0.2631578947368421,0.011668611435239206,0.0223463687150838,0.1236101083032491,0.9988331388564761,0.21999485993317913,0.3918918918918919,0.0338389731621937,0.06229860365198711,-1.8030503049336348,11.137958539964995,-1.4540004307358518,0.0020984855743069464,3,0.24641950549782757,74
fedavg_sgd,0.3,15,103,44,45,Injection,9,own_client_rows,0.0,0.0,0.0,0.8855901520637219,1.0,0.9393241167434716,0.0,0.0,0.0,-0.9823797542543949,24.13466341731398,-0.9537635984132257,0.010734274613254503,3,0.042880822576579374,0
fedavg_sgd,0.3,15,103,44,45,Injection,9,validation,0.0,0.0,0.0,0.0526610295946282,1.0,0.10005315693107318,0.0,0.0,0.0,-1.3125894990130609,27.552812776711924,-1.2577558605279664,0.010734274613254503,3,0.042880822576579374,0
fedavg_sgd,0.3,15,103,44,45,Regular,9,own_client_rows,1.0,0.990849613396166,0.9954037780944064,1.0,0.9924051791188178,0.9961881142647194,1.0,0.9915816443244727,0.9957730300941879,7.2088548040959415,7.528183548176785,7.716451858958228,0.010734274613254503,10,0.7143478370064582,180299
fedavg_sgd,0.3,15,103,44,45,Regular,9,validation,0.9397625366671323,0.992055019139913,0.9652010237693535,0.9263014993624412,0.9940663320376782,0.9589882925302644,0.9335104465360318,0.9927451177001433,0.962217013491882,7.287045784187158,7.6192847065754,7.7917280725053235,0.010734274613254503,10,0.7143478370064582,180299
fedavg_sgd,0.3,15,103,44,45,DoS,10,own_client_rows,0.9997842657845535,1.0,0.9998921212557086,0.9997842657845535,1.0,0.9998921212557086,0.9998561668464581,1.0,0.999928078250863,26.3859143485219,26.312757082554125,26.968704764709056,0.04302965134071462,7,0.7186122461888209,45966
fedavg_sgd,0.3,15,103,44,45,DoS,10,validation,0.9998912357790781,0.999978245262906,0.9999347386282059,0.9998694516971279,0.999717188417778,0.9997933142602282,0.9999129791585084,0.99989122631453,0.9999021026182111,16.986522515473055,17.220068880936324,17.501973987452956,0.04302965134071462,7,0.7186122461888209,45966
fedavg_sgd,0.3,15,103,44,45,MITM,10,own_client_rows,0.9828023032629558,0.43391749432222637,0.6020316982551851,0.7894666237389998,0.9974238161418257,0.8813442559118206,0.9824472999076174,0.3965289312226704,0.5650115919629057,-0.54808297927798,5.0415279222526355,-0.8165825673480878,0.04302965134071462,3,0.20971182100364538,7701
fedavg_sgd,0.3,15,103,44,45,MITM,10,validation,0.45999069551058386,0.2930280803141439,0.35799954740891604,0.24545988186520895,0.9914054975179669,0.3934951698989869,0.4455265549928581,0.25420463806771876,0.3237097839418813,-0.8876781645921316,4.990471696256575,-1.3054023760199025,0.04302965134071462,3,0.20971182100364538,7701
fedavg_sgd,0.3,15,103,44,45,Regular,10,own_client_rows,0.7808379208808092,0.9934439580576199,0.8744030178400222,0.9982822442116469,0.8401099460449964,0.9123916504510879,0.7637524250578884,0.9939122467677899,0.863763038458476,7.2749439691922015,4.151276957618599,7.780827681207371,0.04302965134071462,10,0.7143478370064582,180299
fedavg_sgd,0.3,15,103,44,45,Regular,10,validation,0.9397625366671323,0.992055019139913,0.9652010237693535,0.9989304737579071,0.8373608743607741,0.9110376692549573,0.9335104465360318,0.9927451177001433,0.962217013491882,7.287045784187158,4.161557131414746,7.7917280725053235,0.04302965134071462,10,0.7143478370064582,180299
fedavg_sgd,0.3,15,103,44,45,Unauth,11,own_client_rows,1.0,0.9989909182643795,0.9994952044422009,1.0,1.0,1.0,1.0,1.0,1.0,1.037219373778065,23.50200239656912,1.0147050998044904,0.00046090407893133504,3,0.08081680946476526,2724
fedavg_sgd,0.3,15,103,44,45,Unauth,11,validation,0.2563573883161512,0.998661311914324,0.4079846869018321,0.05684066352153401,1.0,0.10756713946288429,0.27165932452276065,0.9906291834002677,0.4263900893114376,1.062270178533143,24.097801198282713,1.0238100738729659,0.00046090407893133504,3,0.08081680946476526,2724
fedavg_sgd,0.3,15,103,44,45,Injection,12,own_client_rows,0.0,0.0,0.0,0.9972222222222222,1.0,0.9986091794158554,0.0,0.0,0.0,-0.8679358182179231,7.297741393192897,-0.8469019812793784,0.02056115885517194,3,0.042880822576579374,0
fedavg_sgd,0.3,15,103,44,45,Injection,12,validation,0.0,0.0,0.0,0.28761061946902655,0.9976387249114522,0.4464993394980185,0.0,0.0,0.0,-1.3125894990130609,9.960921358471074,-1.2577558605279664,0.02056115885517194,3,0.042880822576579374,0
fedavg_sgd,0.3,15,103,44,45,Regular,12,own_client_rows,0.852306216160647,0.9915088698425354,0.9166528461127389,0.9997104386853917,0.8257923061590592,0.9044666637558398,0.8362622223715601,0.992146701215866,0.907559347992561,7.260817030689406,3.7502845793053616,7.767114428131852,0.02056115885517194,10,0.7143478370064582,180299
fedavg_sgd,0.3,15,103,44,45,Regular,12,validation,0.9397625366671323,0.992055019139913,0.9652010237693535,0.9998775454342455,0.8187400097911419,0.9002879676230997,0.9335104465360318,0.9927451177001433,0.962217013491882,7.287045784187158,3.7476462528790973,7.7917280725053235,0.02056115885517194,10,0.7143478370064582,180299
fedavg_sgd,0.3,15,103,44,45,Replay,12,own_client_rows,0.0,0.0,0.0,0.9961075725406936,1.0,0.9980499911363233,1.0,0.00035523978685612787,0.0007102272727272727,-2.1234614370559504,12.309502664298401,-1.033548911384325,0.02056115885517194,2,0.09851394479010958,26
fedavg_sgd,0.3,15,103,44,45,Replay,12,validation,0.0,0.0,0.0,0.34775641025641024,1.0,0.5160523186682521,0.34615384615384615,0.008294930875576038,0.016201620162016202,-2.0731431811635943,13.085042842741936,-0.9470336351526498,0.02056115885517194,2,0.09851394479010958,26
fedavg_sgd,0.3,15,103,44,45,Video,12,own_client_rows,0.994615832363213,0.42852664576802507,0.5989834370344405,0.7853413456802285,0.9996238244514106,0.8796204347346354,0.9947970863683663,0.4195611285266458,0.5902015257750143,-0.07035910986060259,6.505331464904977,-0.18710555169275936,0.02056115885517194,2,0.1773597033098587,5875
fedavg_sgd,0.3,15,103,44,45,Video,12,validation,0.8782166857892149,0.44605394605394605,0.5916192789709048,0.21917033197671235,0.9997502497502497,0.3595239877254697,0.8876595744680851,0.43414918414918413,0.5831050483591436,0.06665976350004975,6.449902799023893,-0.027367036262433447,0.02056115885517194,2,0.1773597033098587,5875
fedavg_sgd,0.3,15,103,44,45,DoS,13,own_client_rows,0.9999565915700829,1.0,0.9999782953139583,1.0,0.9991100885570412,0.9995548462047925,1.0,0.9999131793714187,0.9999565878011721,17.910739745669822,17.618777148403584,18.395769207029215,0.022314547732640286,7,0.7186122461888209,45966
fedavg_sgd,0.3,15,103,44,45,DoS,13,validation,0.9998912357790781,0.999978245262906,0.9999347386282059,0.9999564156206415,0.9982378662953858,0.9990964019378368,0.9999129791585084,0.99989122631453,0.9999021026182111,16.986522515473055,16.53833938868509,17.501973987452956,0.022314547732640286,7,0.7186122461888209,45966
fedavg_sgd,0.3,15,103,44,45,MITM,13,own_client_rows,1.0,0.006264682850430697,0.012451361867704281,1.0,0.0031323414252153485,0.00624512099921936,0.9923954372623575,0.20438527799530148,0.33896103896103896,-1.5445051917641446,-7.901624902114331,-1.6944774128817541,0.022314547732640286,3,0.20971182100364538,7701
fedavg_sgd,0.3,15,103,44,45,MITM,13,validation,0.45999069551058386,0.2930280803141439,0.35799954740891604,0.3475308641975309,0.04171297325331555,0.07448567837533902,0.4455265549928581,0.25420463806771876,0.3237097839418813,-0.8876781645921316,-1.5354955271455,-1.3054023760199025,0.022314547732640286,3,0.20971182100364538,7701
fedavg_sgd,0.3,15,103,44,45,Unauth,13,own_client_rows,0.33351063829787236,0.9952380952380953,0.499601593625498,0.3262558259968928,1.0,0.4919953143303397,0.38608374384236455,0.9952380952380953,0.5563442768411713,0.9724561903211806,10.798921130952381,0.9512278723338293,0.022314547732640286,3,0.08081680946476526,2724
fedavg_sgd,0.3,15,103,44,45,Unauth,13,validation,0.2563573883161512,0.998661311914324,0.4079846869018321,0.04326421869570254,1.0,0.08294009881752068,0.27165932452276065,0.9906291834002677,0.4263900893114376,1.062270178533143,10.668102504418716,1.0238100738729659,0.022314547732640286,3,0.08081680946476526,2724
fedavg_sgd,0.3,15,103,44,45,Regular,14,own_client_rows,1.0,0.9926463531669866,0.9963096076625307,1.0,0.9994721689059501,0.9997360147831721,1.0,0.9932821497120922,0.9966297544535387,7.242401392491902,12.207390361646773,7.752191126964371,0.07795278593493765,10,0.7143478370064582,180299
fedavg_sgd,0.3,15,103,44,45,Regular,14,validation,0.9397625366671323,0.992055019139913,0.9652010237693535,0.8762931903607232,0.9996991878070791,0.9339372599584524,0.9335104465360318,0.9927451177001433,0.962217013491882,7.287045784187158,12.256207638380982,7.7917280725053235,0.07795278593493765,10,0.7143478370064582,180299
fedavg_sgd,0.3,15,103,44,45,Replay,14,own_client_rows,0.0,0.0,0.0,0.9117043121149897,1.0,0.9538131041890441,1.0,0.0011261261261261261,0.0022497187851518562,-1.9733820734797298,16.745018211570947,-0.8738481676256334,0.07795278593493765,2,0.09851394479010958,26
fedavg_sgd,0.3,15,103,44,45,Replay,14,validation,0.0,0.0,0.0,0.17550954383694597,1.0,0.29861015549745423,0.34615384615384615,0.008294930875576038,0.016201620162016202,-2.0731431811635943,17.35801951324885,-0.9470336351526498,0.07795278593493765,2,0.09851394479010958,26
fedavg_sgd,0.3,15,103,55,45,Ip Spoofing,0,own_client_rows,0.9753086419753086,0.35827664399092973,0.5240464344941956,0.5290941811637673,1.0,0.6920360925853276,0.9663608562691132,0.35827664399092973,0.522746071133168,0.019666394949499982,4.232786978723781,-0.3500797678283553,0.09995339799323015,3,0.24641950549782757,54
fedavg_sgd,0.3,15,103,55,45,Ip Spoofing,0,validation,0.358974358974359,0.01633605600933489,0.03125,0.3427305678614579,0.9929988331388565,0.5095808383233533,0.25925925925925924,0.01633605600933489,0.030735455543358946,-1.5837432255961932,2.9714717264075263,-1.9571725495915986,0.09995339799323015,3,0.24641950549782757,54
fedavg_sgd,0.3,15,103,55,45,Manipulation,0,own_client_rows,0.5325542570951586,0.299812030075188,0.38364401683704147,0.9933110367892977,0.2791353383458647,0.4358033749082905,0.6496932515337424,0.9953007518796992,0.7861915367483296,-0.268025046900699,-0.8798983007445371,2.681163816523731,0.09995339799323015,4,0.49856473260587075,2909
fedavg_sgd,0.3,15,103,55,45,Manipulation,0,validation,0.5331325301204819,0.36382322713257964,0.4324984728161271,0.26595744680851063,0.15416238437821173,0.1951854261548471,0.33241663801993815,0.9938335046248715,0.4981968057702215,-0.13253890818706643,-1.3834600183971126,2.456291426122495,0.09995339799323015,4,0.49856473260587075,2909
fedavg_sgd,0.3,15,103,55,45,Password Cracking,0,own_client_rows,1.0,0.9999929659198818,0.9999964829475713,1.0,0.9999929659198818,0.9999964829475713,1.0,0.9999929659198818,0.9999964829475713,13.659717808367478,17.377985472426406,13.906755856146468,0.09995339799323015,1,0.09995339799323015,0
fedavg_sgd,0.3,15,103,55,45,Password Cracking,0,validation,0.0,0.0,0.0,0.0,0.0,0.0,0.0,0.0,0.0,nan,nan,nan,0.09995339799323015,1,0.09995339799323015,0
fedavg_sgd,0.3,15,103,55,45,Regular,0,own_client_rows,0.9999857841464802,0.9935311648140563,0.9967480250805909,1.0,0.9958333921837262,0.997912346875951,1.0,0.9934887925311789,0.9967337626912095,6.7521830277379555,8.37467262170114,6.452259706121736,0.09995339799323015,10,0.7143478370064582,178533
fedavg_sgd,0.3,15,103,55,45,Regular,0,validation,0.9415229563269877,0.9918308845647955,0.9660223874809345,0.9193371671527077,0.9947859219893713,0.9555745674171945,0.9417978749026791,0.9917483086686996,0.9661278923447313,6.7556936299239565,8.369703138731929,6.457465706580562,0.09995339799323015,10,0.7143478370064582,178533
fedavg_sgd,0.3,15,103,55,45,Injection,1,own_client_rows,0.0,0.0,0.0,0.8602058319039451,1.0,0.9248501613646842,0.0,0.0,0.0,-0.8248309879930521,28.101862381605184,-1.6173948856555334,0.011585389108152933,3,0.042880822576579374,0
fedavg_sgd,0.3,15,103,55,45,Injection,1,validation,0.0,0.0,0.0,0.04959306750980737,1.0,0.09449960950574585,0.0,0.0,0.0,-1.2079844649313753,31.193785972550177,-2.163270123874705,0.011585389108152933,3,0.042880822576579374,0
fedavg_sgd,0.3,15,103,55,45,Regular,1,own_client_rows,1.0,0.9882042916300665,0.9940671547588993,1.0,0.9922198519262141,0.9960947341899723,1.0,0.9881624628769816,0.9940459910374282,6.722536758242225,7.083123025388746,6.427408971605793,0.011585389108152933,10,0.7143478370064582,178533
fedavg_sgd,0.3,15,103,55,45,Regular,1,validation,0.9415229563269877,0.9918308845647955,0.9660223874809345,0.9298198158411907,0.9934765042084216,0.9605947149753771,0.9417978749026791,0.9917483086686996,0.9661278923447313,6.7556936299239565,7.108243429133661,6.457465706580562,0.011585389108152933,10,0.7143478370064582,178533
fedavg_sgd,0.3,15,103,55,45,DoS,2,own_client_rows,1.0,0.9998234553769227,0.9999117198957725,1.0,1.0,1.0,1.0,0.9998263028708434,0.9999131438920934,17.58159061143881,20.202083540221565,17.74774789926136,0.16333305737999984,7,0.7186122461888209,45968
fedavg_sgd,0.3,15,103,55,45,DoS,2,validation,0.999412826479351,0.999760697891966,0.9995867319195215,0.9949136401021601,1.0,0.9974503357962005,0.9997607030978072,0.99978245262906,0.999771577745146,20.085342176520655,22.824584798945438,20.365139325494376,0.16333305737999984,7,0.7186122461888209,45968
fedavg_sgd,0.3,15,103,55,45,DoS,3,own_client_rows,0.9999799128216459,0.9999732172748577,0.999976565037044,0.9999866086374288,0.9999866086374288,0.9999866086374288,0.9999933041842153,0.9999732172748577,0.9999832606286638,27.53920182771175,29.235254854368932,28.06735562437228,0.09132365512282559,7,0.7186122461888209,45968
fedavg_sgd,0.3,15,103,55,45,DoS,3,validation,0.999412826479351,0.999760697891966,0.9995867319195215,0.9990653189870666,0.99989122631453,0.9994781020310529,0.9997607030978072,0.99978245262906,0.999771577745146,20.085342176520655,20.101187995600103,20.365139325494376,0.09132365512282559,7,0.7186122461888209,45968
fedavg_sgd,0.3,15,103,55,45,Regular,3,own_client_rows,1.0,0.9909800667985619,0.9954696014531467,1.0,0.9988086880677346,0.9994039890163691,1.0,0.9908736996617525,0.9954159320403911,6.741952952153403,9.882313280801263,6.443514562990618,0.09132365512282559,10,0.7143478370064582,178533
fedavg_sgd,0.3,15,103,55,45,Regular,3,validation,0.9415229563269877,0.9918308845647955,0.9660223874809345,0.8926566478132297,0.9988439374546569,0.9427696590118302,0.9417978749026791,0.9917483086686996,0.9661278923447313,6.7556936299239565,9.895452786862764,6.457465706580562,0.09132365512282559,10,0.7143478370064582,178533
fedavg_sgd,0.3,15,103,55,45,DoS,4,own_client_rows,0.9996851385390428,0.9998894997099368,0.9997873086813966,1.0,0.9997458493328545,0.9998729085162346,0.9998563559720005,0.999900549738943,0.9998784523671401,17.971863129851652,15.689533054262549,18.142697020722256,0.14436762193029046,7,0.7186122461888209,45968
fedavg_sgd,0.3,15,103,55,45,DoS,4,validation,0.999412826479351,0.999760697891966,0.9995867319195215,1.0,0.9982813757695739,0.9991399488323989,0.9997607030978072,0.99978245262906,0.999771577745146,20.085342176520655,17.514428192031783,20.365139325494376,0.14436762193029046,7,0.7186122461888209,45968
fedavg_sgd,0.3,15,103,55,45,Ip Spoofing,4,own_client_rows,0.9851150202976996,0.34535104364326374,0.5114155251141552,0.9017441860465116,0.7357685009487666,0.8103448275862069,0.9486842105263158,0.3420303605313093,0.50278940027894,-0.1527028092849413,1.527907543435721,-0.528202295755752,0.14436762193029046,3,0.24641950549782757,54
fedavg_sgd,0.3,15,103,55,45,Ip Spoofing,4,validation,0.358974358974359,0.01633605600933489,0.03125,0.6238532110091743,0.5554259043173863,0.5876543209876544,0.25925925925925924,0.01633605600933489,0.030735455543358946,-1.5837432255961932,0.11154172133954292,-1.9571725495915986,0.14436762193029046,3,0.24641950549782757,54
fedavg_sgd,0.3,15,103,55,45,MITM,4,own_client_rows,0.9805912660697313,0.33758115345537204,0.5022546758903408,0.837060426489035,0.9997761283989737,0.9112112127823208,0.9805029245613158,0.3377533623792385,0.5024336509888309,-0.8772269018726644,5.633752938987454,-0.8540277069022951,0.14436762193029046,3,0.20971182100364538,8108
fedavg_sgd,0.3,15,103,55,45,MITM,4,validation,0.46605504587155966,0.2822849522116026,0.35160575858250276,0.23267608549397092,0.9993331851522561,0.37746620770716144,0.4662062160828811,0.2800622360524561,0.3499190002314279,-0.9625383603040258,5.958996892249203,-0.9883889851680003,0.14436762193029046,3,0.20971182100364538,8108
fedavg_sgd,0.3,15,103,55,45,Manipulation,4,own_client_rows,0.3447204968944099,0.333,0.3387589013224822,0.6139630390143738,0.897,0.7289719626168224,0.4144106622240733,0.995,0.585122022934431,-0.16510507202148436,1.0813623962402343,2.5662724609375,0.14436762193029046,4,0.49856473260587075,2909
fedavg_sgd,0.3,15,103,55,45,Manipulation,4,validation,0.5331325301204819,0.36382322713257964,0.4324984728161271,0.37733333333333335,0.8725590955806783,0.5268383493639466,0.33241663801993815,0.9938335046248715,0.4981968057702215,-0.13253890818706643,0.9093426178072609,2.456291426122495,0.14436762193029046,4,0.49856473260587075,2909
fedavg_sgd,0.3,15,103,55,45,Regular,4,own_client_rows,0.6646801241016377,0.9921302538249605,0.7960467522694135,0.9999297271657209,0.8341198194501436,0.9095296307837356,0.6661876876137985,0.991969048596049,0.7970749112405132,6.780485649070871,3.998816320838707,6.482509633386336,0.14436762193029046,10,0.7143478370064582,178533
fedavg_sgd,0.3,15,103,55,45,Regular,4,validation,0.9415229563269877,0.9918308845647955,0.9660223874809345,1.0,0.8178316749340867,0.8997881225320169,0.9417978749026791,0.9917483086686996,0.9661278923447313,6.7556936299239565,3.8842742074096384,6.457465706580562,0.14436762193029046,10,0.7143478370064582,178533
fedavg_sgd,0.3,15,103,55,45,DoS,5,own_client_rows,0.9994333300482902,0.9989902970004433,0.9992117644160898,0.9997537916092181,1.0,0.9998768806481003,0.9997043096863218,0.9991380584150126,0.9994211038441169,31.890552658474117,31.551724191006254,32.6045952645545,0.15679854445468674,7,0.7186122461888209,45968
fedavg_sgd,0.3,15,103,55,45,DoS,5,validation,0.999412826479351,0.999760697891966,0.9995867319195215,0.9999129715852225,0.9998042073661539,0.9998585865178562,0.9997607030978072,0.99978245262906,0.999771577745146,20.085342176520655,18.667307397494397,20.365139325494376,0.15679854445468674,7,0.7186122461888209,45968
fedavg_sgd,0.3,15,103,55,45,Manipulation,5,own_client_rows,0.932258064516129,0.29074446680080485,0.4432515337423313,0.9342105263157895,1.0,0.9659863945578231,0.9657869012707723,0.993963782696177,0.9796727813584531,-0.25821143136897556,9.271735638440015,2.6039232833524584,0.15679854445468674,4,0.49856473260587075,2909
fedavg_sgd,0.3,15,103,55,45,Manipulation,5,validation,0.5331325301204819,0.36382322713257964,0.4324984728161271,0.3293838862559242,1.0,0.49554367201426025,0.33241663801993815,0.9938335046248715,0.4981968057702215,-0.13253890818706643,8.913726775276208,2.456291426122495,0.15679854445468674,4,0.49856473260587075,2909
fedavg_sgd,0.3,15,103,55,45,Regular,5,own_client_rows,0.9700047200694307,0.9913673374908091,0.9805696914892593,0.9970350023227161,0.9602173921500737,0.9782799116927796,0.9705035423173611,0.9912428466389415,0.9807635679876517,6.771092666479769,3.3634544840656573,6.471981230572619,0.15679854445468674,10,0.7143478370064582,178533
fedavg_sgd,0.3,15,103,55,45,Regular,5,validation,0.9415229563269877,0.9918308845647955,0.9660223874809345,0.9888423988842399,0.9618322411688028,0.975150320973775,0.9417978749026791,0.9917483086686996,0.9661278923447313,6.7556936299239565,3.3468526441428623,6.457465706580562,0.15679854445468674,10,0.7143478370064582,178533
fedavg_sgd,0.3,15,103,55,45,Video,5,own_client_rows,0.9766351081386259,0.5842708306269324,0.7311387466471593,0.7881210855949896,0.9808256904570137,0.8739770109620438,0.9767120328364658,0.5873366416378706,0.7335561540708051,0.6950387627396637,5.6511639378448635,0.7577871110384852,0.15679854445468674,2,0.1773597033098587,7074
fedavg_sgd,0.3,15,103,55,45,Video,5,validation,0.8457053469852105,0.4950882450882451,0.6245536651963873,0.3665246884366619,0.9671162171162171,0.531585329581074,0.8449250777495052,0.4975857475857476,0.6263229592371372,0.371773845864422,5.560288832261488,0.4318477644588484,0.15679854445468674,2,0.1773597033098587,7074
fedavg_sgd,0.3,15,103,55,45,Regular,6,own_client_rows,1.0,0.991586499530334,0.9957754782573339,1.0,0.9978298189356396,0.99891373076736,1.0,0.991537913387102,0.9957509789012723,6.806185610312181,9.212313759443932,6.5055868647804616,0.05804135765319363,10,0.7143478370064582,178533
fedavg_sgd,0.3,15,103,55,45,Regular,6,validation,0.9415229563269877,0.9918308845647955,0.9660223874809345,0.896890881438027,0.998260007903693,0.9448643941001106,0.9417978749026791,0.9917483086686996,0.9661278923447313,6.7556936299239565,9.166619495800425,6.457465706580562,0.05804135765319363,10,0.7143478370064582,178533
fedavg_sgd,0.3,15,103,55,45,Unauth,6,own_client_rows,0.9992175273865415,0.9792944785276073,0.9891556932610379,0.9525200876552228,1.0,0.9756827534605312,0.9992295839753467,0.9946319018404908,0.9969254419677172,0.9299488652703221,17.293442053297547,1.7804494284413344,0.05804135765319363,3,0.08081680946476526,2880
fedavg_sgd,0.3,15,103,55,45,Unauth,6,validation,0.2597864768683274,0.9772423025435074,0.410458251335395,0.19227799227799228,1.0,0.3225388601036269,0.25798611111111114,0.9946452476572959,0.4097049903501516,0.9677494156312751,17.560307963625334,1.8365648772662264,0.05804135765319363,3,0.08081680946476526,2880
fedavg_sgd,0.3,15,103,55,45,DoS,7,own_client_rows,1.0,0.999947232589153,0.9999736155984582,1.0,0.9999904059253005,0.9999952029396386,1.0,0.9999424355518032,0.9999712169474614,23.380859487430563,25.75842380370883,23.812471704975007,0.09744516822766336,7,0.7186122461888209,45968
fedavg_sgd,0.3,15,103,55,45,DoS,7,validation,0.999412826479351,0.999760697891966,0.9995867319195215,0.9993042419498619,0.999869471577436,0.9995867768595041,0.9997607030978072,0.99978245262906,0.999771577745146,20.085342176520655,21.939775919409577,20.365139325494376,0.09744516822766336,7,0.7186122461888209,45968
fedavg_sgd,0.3,15,103,55,45,Manipulation,7,own_client_rows,1.0,0.29706717123935666,0.45805981035740334,0.999054820415879,1.0,0.9995271867612293,1.0,0.9952696310312205,0.9976292081555239,-0.25269525324046443,9.746069266644986,2.5677554907388247,0.09744516822766336,4,0.49856473260587075,2909
fedavg_sgd,0.3,15,103,55,45,Manipulation,7,validation,0.5331325301204819,0.36382322713257964,0.4324984728161271,0.27439368302312467,1.0,0.43062624474441247,0.33241663801993815,0.9938335046248715,0.4981968057702215,-0.13253890818706643,9.357347102228932,2.456291426122495,0.09744516822766336,4,0.49856473260587075,2909
fedavg_sgd,0.3,15,103,55,45,Ip Spoofing,8,own_client_rows,1.0,0.3532801418439716,0.522109400589584,1.0,1.0,1.0,1.0,0.34574468085106386,0.5138339920948617,-0.6493842889231147,21.191055838943374,-1.1044758194727256,0.0020984855743069464,3,0.24641950549782757,54
fedavg_sgd,0.3,15,103,55,45,Ip Spoofing,8,validation,0.358974358974359,0.01633605600933489,0.03125,0.04781588649312926,0.9988331388564761,0.09126286049362972,0.25925925925925924,0.01633605600933489,0.030735455543358946,-1.5837432255961932,13.760698886012252,-1.9571725495915986,0.0020984855743069464,3,0.24641950549782757,54
fedavg_sgd,0.3,15,103,55,45,Injection,9,own_client_rows,0.0,0.0,0.0,0.8729478943611706,1.0,0.9321646341463414,0.0,0.0,0.0,-0.8626939550541701,28.546140382256745,-1.6731138689441947,0.010734274613254503,3,0.042880822576579374,0
fedavg_sgd,0.3,15,103,55,45,Injection,9,validation,0.0,0.0,0.0,0.04875942663059121,1.0,0.09298495992973982,0.0,0.0,0.0,-1.2079844649313753,31.804539920306965,-2.163270123874705,0.010734274613254503,3,0.042880822576579374,0
fedavg_sgd,0.3,15,103,55,45,Regular,9,own_client_rows,1.0,0.9906208537310701,0.995288331149877,1.0,0.991124124994281,0.9955422794117647,1.0,0.9903920940659743,0.9951728576682604,6.7058033646257496,6.848243697671227,6.409282942106648,0.010734274613254503,10,0.7143478370064582,178533
fedavg_sgd,0.3,15,103,55,45,Regular,9,validation,0.9415229563269877,0.9918308845647955,0.9660223874809345,0.9317795648636532,0.9929928453884311,0.9614128262235166,0.9417978749026791,0.9917483086686996,0.9661278923447313,6.7556936299239565,6.908021148138577,6.457465706580562,0.010734274613254503,10,0.7143478370064582,178533
fedavg_sgd,0.3,15,103,55,45,DoS,10,own_client_rows,0.9994967649173256,1.0,0.9997483191313414,0.999712375062918,1.0,0.9998561668464581,0.9994249155344691,1.0,0.999712375062918,43.73686940318636,39.448777354707616,45.01732989282888,0.04302965134071462,7,0.7186122461888209,45968
fedavg_sgd,0.3,15,103,55,45,DoS,10,validation,0.999412826479351,0.999760697891966,0.9995867319195215,0.9987393222770448,0.999608414732308,0.9991736795181246,0.9997607030978072,0.99978245262906,0.999771577745146,20.085342176520655,19.29781181336611,20.365139325494376,0.04302965134071462,7,0.7186122461888209,45968
fedavg_sgd,0.3,15,103,55,45,MITM,10,own_client_rows,0.982636455656778,0.4277821090810481,0.5960702815038731,0.8341474627894948,0.984034439510525,0.9029127723434366,0.9825368363608015,0.42720585742856176,0.5954923454923455,-0.5851848730697159,4.322256654170621,-0.5963394125212387,0.04302965134071462,3,0.20971182100364538,8108
fedavg_sgd,0.3,15,103,55,45,MITM,10,validation,0.46605504587155966,0.2822849522116026,0.35160575858250276,0.2764211969326993,0.9561384011261762,0.42885864779090443,0.4662062160828811,0.2800622360524561,0.3499190002314279,-0.9625383603040258,4.173013780261354,-0.9883889851680003,0.04302965134071462,3,0.20971182100364538,8108
fedavg_sgd,0.3,15,103,55,45,Regular,10,own_client_rows,0.7818691888425777,0.993036750483559,0.8748912507287322,0.9892708761356892,0.8823373714751095,0.9327493246951711,0.7826386994270674,0.9929145882113407,0.8753253280203902,6.745989363292782,4.825371099714955,6.447163962288761,0.04302965134071462,10,0.7143478370064582,178533
fedavg_sgd,0.3,15,103,55,45,Regular,10,validation,0.9415229563269877,0.9918308845647955,0.9660223874809345,0.9948986396372366,0.8799936298594441,0.9339250894363398,0.9417978749026791,0.9917483086686996,0.9661278923447313,6.7556936299239565,4.825208560586009,6.457465706580562,0.04302965134071462,10,0.7143478370064582,178533
fedavg_sgd,0.3,15,103,55,45,Unauth,11,own_client_rows,1.0,0.992936427850656,0.9964556962025316,1.0,1.0,1.0,1.0,0.9949545913218971,0.9974709155285787,0.9478529421039354,22.206613427093846,1.802187953298436,0.00046090407893133504,3,0.08081680946476526,2880
fedavg_sgd,0.3,15,103,55,45,Unauth,11,validation,0.2597864768683274,0.9772423025435074,0.410458251335395,0.06193516292181411,1.0,0.11664584634603373,0.25798611111111114,0.9946452476572959,0.4097049903501516,0.9677494156312751,22.430678116110276,1.8365648772662264,0.00046090407893133504,3,0.08081680946476526,2880
fedavg_sgd,0.3,15,103,55,45,Injection,12,own_client_rows,0.0,0.0,0.0,0.9972222222222222,1.0,0.9986091794158554,0.0,0.0,0.0,-0.6959600847079561,6.131290531424095,-1.425979401739859,0.02056115885517194,3,0.042880822576579374,0
fedavg_sgd,0.3,15,103,55,45,Injection,12,validation,0.0,0.0,0.0,0.2883959044368601,0.9976387249114522,0.44744506221869207,0.0,0.0,0.0,-1.2079844649313753,6.716416396103896,-2.163270123874705,0.02056115885517194,3,0.042880822576579374,0
fedavg_sgd,0.3,15,103,55,45,Regular,12,own_client_rows,0.8628002221296682,0.9909906318517042,0.922463216876635,0.9997110383355808,0.8275064779748854,0.9054941220092041,0.8634295439547081,0.9909906318517042,0.9228227782314945,6.751559152008173,2.9229761000099663,6.451622724922762,0.02056115885517194,10,0.7143478370064582,178533
fedavg_sgd,0.3,15,103,55,45,Regular,12,validation,0.9415229563269877,0.9918308845647955,0.9660223874809345,0.9998638734452915,0.8231460236756891,0.9029396636225119,0.9417978749026791,0.9917483086686996,0.9661278923447313,6.7556936299239565,2.9143869859466145,6.457465706580562,0.02056115885517194,10,0.7143478370064582,178533
fedavg_sgd,0.3,15,103,55,45,Replay,12,own_client_rows,1.0,0.8422735346358792,0.9143848823756267,0.9961075725406936,1.0,0.9980499911363233,0.0,0.0,0.0,0.313173489883992,14.256613565719361,-2.873811473134991,0.02056115885517194,2,0.09851394479010958,0
fedavg_sgd,0.3,15,103,55,45,Replay,12,validation,0.4493927125506073,0.9207373271889401,0.6039903264812576,0.35353535353535354,1.0,0.5223880597014925,0.0,0.0,0.0,0.5379377655169931,14.906231998847927,-2.779251872119816,0.02056115885517194,2,0.09851394479010958,0
fedavg_sgd,0.3,15,103,55,45,Video,12,own_client_rows,0.9938422065426555,0.48570532915360504,0.6525163192251,0.7870082432499136,0.9996238244514106,0.8806650280317049,0.9938697318007663,0.4878996865203762,0.6544995794785534,0.24680955318821635,6.218308204961795,0.3079338107213705,0.02056115885517194,2,0.1773597033098587,7074
fedavg_sgd,0.3,15,103,55,45,Video,12,validation,0.8457053469852105,0.4950882450882451,0.6245536651963873,0.22219755416181014,0.9998334998334998,0.3635923285348834,0.8449250777495052,0.4975857475857476,0.6263229592371372,0.371773845864422,6.159681952162421,0.4318477644588484,0.02056115885517194,2,0.1773597033098587,7074
fedavg_sgd,0.3,15,103,55,45,DoS,13,own_client_rows,1.0,0.9998914742142733,0.9999457341625153,0.9659279139496362,0.9999131793714187,0.9826267797152456,1.0,0.9998914742142733,0.9999457341625153,21.42463291152978,26.608187320932455,21.759024343012026,0.022314547732640286,7,0.7186122461888209,45968
fedavg_sgd,0.3,15,103,55,45,DoS,13,validation,0.999412826479351,0.999760697891966,0.9995867319195215,0.8876977458422669,0.99978245262906,0.9404121222042604,0.9997607030978072,0.99978245262906,0.999771577745146,20.085342176520655,24.931717488905083,20.365139325494376,0.022314547732640286,7,0.7186122461888209,45968
fedavg_sgd,0.3,15,103,55,45,MITM,13,own_client_rows,0.9681978798586572,0.21456538762725136,0.35128205128205126,0.782608695652174,0.07047768206734534,0.12931034482758622,0.9831932773109243,0.09162098668754894,0.167621776504298,-1.756993663432361,-2.6253684095414056,-2.4274118493661905,0.022314547732640286,3,0.20971182100364538,8108
fedavg_sgd,0.3,15,103,55,45,MITM,13,validation,0.46605504587155966,0.2822849522116026,0.35160575858250276,0.4463276836158192,0.011706305104838112,0.022814237239188507,0.4662062160828811,0.2800622360524561,0.3499190002314279,-0.9625383603040258,-5.657547307966585,-0.9883889851680003,0.022314547732640286,3,0.20971182100364538,8108
fedavg_sgd,0.3,15,103,55,45,Unauth,13,own_client_rows,0.3843283582089552,0.9809523809523809,0.5522788203753352,0.07692307692307693,0.020634920634920634,0.03254067584480601,0.35450935904707886,0.9920634920634921,0.5223568742164647,0.8770412868923612,-4.516975523933532,1.698959495907738,0.022314547732640286,3,0.08081680946476526,2880
fedavg_sgd,0.3,15,103,55,45,Unauth,13,validation,0.2597864768683274,0.9772423025435074,0.410458251335395,0.00010321971791525661,0.018741633199464525,0.00020530869628977857,0.25798611111111114,0.9946452476572959,0.4097049903501516,0.9677494156312751,-5.669114446065512,1.8365648772662264,0.022314547732640286,3,0.08081680946476526,2880
fedavg_sgd,0.3,15,103,55,45,Regular,14,own_client_rows,1.0,0.9921845009596929,0.9960769200661173,1.0,0.9992982245681382,0.9996489891186626,1.0,0.9920825335892515,0.9960255329399013,6.725178560048285,10.349735943872961,6.426648780983835,0.07795278593493765,10,0.7143478370064582,178533
fedavg_sgd,0.3,15,103,55,45,Regular,14,validation,0.9415229563269877,0.9918308845647955,0.9660223874809345,0.8818622272412663,0.9994986463451319,0.9370026928542596,0.9417978749026791,0.9917483086686996,0.9661278923447313,6.7556936299239565,10.377973907307082,6.457465706580562,0.07795278593493765,10,0.7143478370064582,178533
fedavg_sgd,0.3,15,103,55,45,Replay,14,own_client_rows,0.9987577639751553,0.9054054054054054,0.9497932663910219,0.925,1.0,0.961038961038961,0.0,0.0,0.0,0.5072672732241519,15.466499947212839,-2.7132485879434123,0.07795278593493765,2,0.09851394479010958,0
fedavg_sgd,0.3,15,103,55,45,Replay,14,validation,0.4493927125506073,0.9207373271889401,0.6039903264812576,0.259507294905525,1.0,0.41207747816179263,0.0,0.0,0.0,0.5379377655169931,15.960989703341014,-2.779251872119816,0.07795278593493765,2,0.09851394479010958,0
fednova_sgd,0.3,15,103,11,45,Ip Spoofing,0,own_client_rows,0.9219269102990033,0.6292517006802721,0.7479784366576819,0.8949044585987261,0.63718820861678,0.7443708609271523,0.9591836734693877,0.47959183673469385,0.6394557823129252,0.6475490993923612,1.153529714294572,0.5670844876036352,0.09995339799323015,3,0.24641950549782757,176
fednova_sgd,0.3,15,103,11,45,Ip Spoofing,0,validation,0.6468531468531469,0.21586931155192532,0.3237095363079615,0.44601769911504424,0.294049008168028,0.35443037974683544,0.6590909090909091,0.1353558926487748,0.2245885769603098,-0.8668813983645712,-0.7928429050512324,-0.6059866585837222,0.09995339799323015,3,0.24641950549782757,176
fednova_sgd,0.3,15,103,11,45,Manipulation,0,own_client_rows,0.8602150537634409,0.07518796992481203,0.13828867761452032,0.7626745040411462,0.9755639097744361,0.8560824742268042,0.6965699208443272,0.9924812030075187,0.8186046511627907,-1.0804911448543233,3.070676416382754,1.2007563311354559,0.09995339799323015,4,0.49856473260587075,2786
fednova_sgd,0.3,15,103,11,45,Manipulation,0,validation,0.8791208791208791,0.1644398766700925,0.27705627705627706,0.3502269288956127,0.9516957862281603,0.5120265413325961,0.34637473079684133,0.9917780061664954,0.5134344240489492,-0.9392901790105305,2.5189866382563593,1.0874554750730665,0.09995339799323015,4,0.49856473260587075,2786
fednova_sgd,0.3,15,103,11,45,Password Cracking,0,own_client_rows,1.0,0.9999788977596454,0.9999894487684954,1.0,0.9999859318397637,0.9999929658704032,1.0,0.9999788977596454,0.9999894487684954,12.377613572917033,13.971108992796662,12.292087717726762,0.09995339799323015,1,0.09995339799323015,0
fednova_sgd,0.3,15,103,11,45,Password Cracking,0,validation,0.0,0.0,0.0,0.0,0.0,0.0,0.0,0.0,0.0,nan,nan,nan,0.09995339799323015,1,0.09995339799323015,0
fednova_sgd,0.3,15,103,11,45,Regular,0,own_client_rows,1.0,0.9943503622830187,0.9971671789351425,1.0,0.9965678450869337,0.9982809725592287,1.0,0.994237369528679,0.9971103587971161,6.325604704338569,7.5016356639118795,6.534836940641728,0.09995339799323015,10,0.7143478370064582,180448
fednova_sgd,0.3,15,103,11,45,Regular,0,validation,0.9301833178541418,0.9924384072289298,0.9603029429641953,0.9106210349143325,0.9956293757852083,0.9512297518518832,0.9321632824968966,0.9921316967577164,0.9612130666963818,6.317386608364643,7.495608224927894,6.525367976532962,0.09995339799323015,10,0.7143478370064582,180448
fednova_sgd,0.3,15,103,11,45,Injection,1,own_client_rows,1.0,0.9990029910269193,0.9995012468827931,0.991106719367589,1.0,0.9955334987593052,0.0,0.0,0.0,1.2741919505156405,8.048371000280408,-0.7313212949043495,0.011585389108152933,3,0.042880822576579374,0
fednova_sgd,0.3,15,103,11,45,Injection,1,validation,0.3156320119670905,0.9964580873671782,0.4794092587333144,0.27806959947472093,1.0,0.4351399948625739,0.0,0.0,0.0,1.0902210582386365,8.377029220779221,-1.031284012507379,0.011585389108152933,3,0.042880822576579374,0
fednova_sgd,0.3,15,103,11,45,Regular,1,own_client_rows,1.0,0.9900447567658008,0.9949974777198588,1.0,0.9930564269879115,0.9965161182001343,1.0,0.9894591542226127,0.9947016525797906,6.28360907631656,6.6317301708018315,6.4876962091221975,0.011585389108152933,10,0.7143478370064582,180448
fednova_sgd,0.3,15,103,11,45,Regular,1,validation,0.9301833178541418,0.9924384072289298,0.9603029429641953,0.9219689385609331,0.9940663320376782,0.9566611795424874,0.9321632824968966,0.9921316967577164,0.9612130666963818,6.317386608364643,6.6637341490682935,6.525367976532962,0.011585389108152933,10,0.7143478370064582,180448
fednova_sgd,0.3,15,103,11,45,DoS,2,own_client_rows,1.0,0.9999174226763026,0.9999587096333273,1.0,1.0,1.0,1.0,0.999886100243176,0.9999430468781146,14.713694446950832,17.422519278868606,14.890782290670044,0.16333305737999984,7,0.7186122461888209,45962
fednova_sgd,0.3,15,103,11,45,DoS,2,validation,0.9999347315290227,0.999869471577436,0.9999021004884098,0.9981542203209485,0.999978245262906,0.9990654002477776,0.999934728688917,0.999825962103248,0.999880342438186,16.255371380555616,19.094125099255987,16.553272932212238,0.16333305737999984,7,0.7186122461888209,45962
fednova_sgd,0.3,15,103,11,45,DoS,3,own_client_rows,1.0,0.9999799129561433,0.9999899563771983,1.0,1.0,1.0,1.0,0.9999732172748577,0.9999866084580978,19.958431170488783,22.427384551807833,20.499068881821227,0.09132365512282559,7,0.7186122461888209,45962
fednova_sgd,0.3,15,103,11,45,DoS,3,validation,0.9999347315290227,0.999869471577436,0.9999021004884098,0.999825992387167,1.0,0.9999129886232625,0.999934728688917,0.999825962103248,0.999880342438186,16.255371380555616,16.524007032218766,16.553272932212238,0.09132365512282559,7,0.7186122461888209,45962
fednova_sgd,0.3,15,103,11,45,Regular,3,own_client_rows,1.0,0.9919586444572085,0.9959630911188004,1.0,0.999085242623439,0.9995424120207298,1.0,0.9915331759099708,0.995748589984618,6.2911298450230815,8.836347844469973,6.498150312885581,0.09132365512282559,10,0.7143478370064582,180448
fednova_sgd,0.3,15,103,11,45,Regular,3,validation,0.9301833178541418,0.9924384072289298,0.9603029429641953,0.8860401245062907,0.9989972926902637,0.9391343402754674,0.9321632824968966,0.9921316967577164,0.9612130666963818,6.317386608364643,8.863283185372564,6.525367976532962,0.09132365512282559,10,0.7143478370064582,180448
fednova_sgd,0.3,15,103,11,45,DoS,4,own_client_rows,0.999994474863391,0.9999723749274841,0.9999834247733338,1.0,0.9998452995939114,0.999922643813439,0.9999944746496928,0.999933699825962,0.9999640863143995,15.103384411301072,14.990741278894099,15.231676764206194,0.14436762193029046,7,0.7186122461888209,45962
fednova_sgd,0.3,15,103,11,45,DoS,4,validation,0.9999347315290227,0.999869471577436,0.9999021004884098,0.9999782111341105,0.9984119041921379,0.9991944438396726,0.999934728688917,0.999825962103248,0.999880342438186,16.255371380555616,16.021983374282094,16.553272932212238,0.14436762193029046,7,0.7186122461888209,45962
fednova_sgd,0.3,15,103,11,45,Ip Spoofing,4,own_client_rows,0.9329221279876638,0.5740037950664136,0.71071953010279,0.8342391304347826,0.8738140417457305,0.8535681186283596,0.9705284552845529,0.4530360531309298,0.6177231565329884,0.5135722730372391,1.784045109034037,0.47774208836130216,0.14436762193029046,3,0.24641950549782757,176
fednova_sgd,0.3,15,103,11,45,Ip Spoofing,4,validation,0.6468531468531469,0.21586931155192532,0.3237095363079615,0.48846153846153845,0.7409568261376897,0.5887807139545665,0.6590909090909091,0.1353558926487748,0.2245885769603098,-0.8668813983645712,0.47158710208211785,-0.6059866585837222,0.14436762193029046,3,0.24641950549782757,176
fednova_sgd,0.3,15,103,11,45,MITM,4,own_client_rows,0.9786729857819905,0.2844891422273502,0.4408330998412254,0.8180434813238837,0.9998277910761336,0.8998465615846004,0.9799357945425361,0.31540064406137525,0.4772078844174624,-1.0861735346971384,5.395955051183721,-1.0795777142884435,0.14436762193029046,3,0.20971182100364538,9681
fednova_sgd,0.3,15,103,11,45,MITM,4,validation,0.44671928959052787,0.268355930947618,0.33529275630641053,0.2220118849692999,0.9992590946136178,0.36330576731406405,0.4387976448713976,0.31473660813514115,0.36655449132798346,-1.1442934313093882,5.581315451466066,-1.0796336179451915,0.14436762193029046,3,0.20971182100364538,9681
fednova_sgd,0.3,15,103,11,45,Manipulation,4,own_client_rows,0.8633540372670807,0.139,0.23944875107665806,0.719626168224299,0.693,0.7060621497707591,0.4610027855153203,0.993,0.6296766011414078,-0.9597827758789063,0.3372939338684082,1.1671423950195312,0.14436762193029046,4,0.49856473260587075,2786
fednova_sgd,0.3,15,103,11,45,Manipulation,4,validation,0.8791208791208791,0.1644398766700925,0.27705627705627706,0.3607122343480758,0.645426515930113,0.4627855563743552,0.34637473079684133,0.9917780061664954,0.5134344240489492,-0.9392901790105305,0.2072381218560308,1.0874554750730665,0.14436762193029046,4,0.49856473260587075,2786
fednova_sgd,0.3,15,103,11,45,Regular,4,own_client_rows,0.6360666510208871,0.9929802450319479,0.7754247229072848,0.9999819158363021,0.8103640307169236,0.8952425667635369,0.6429846042865007,0.9927457646989859,0.7804712253009966,6.3379828485879885,2.3508354735769976,6.542579619125169,0.14436762193029046,10,0.7143478370064582,180448
fednova_sgd,0.3,15,103,11,45,Regular,4,validation,0.9301833178541418,0.9924384072289298,0.9603029429641953,1.0,0.8012280215405123,0.8896464100700107,0.9321632824968966,0.9921316967577164,0.9612130666963818,6.317386608364643,2.2572171655749935,6.525367976532962,0.14436762193029046,10,0.7143478370064582,180448
fednova_sgd,0.3,15,103,11,45,DoS,5,own_client_rows,0.9998522058280168,0.9996305964635768,0.9997413888649435,0.9998276371515809,0.9999753730975718,0.9999014996675614,0.9998521220486025,0.9990641777077279,0.9994579945799458,23.959522030303404,23.598207854134856,24.690233970964883,0.15679854445468674,7,0.7186122461888209,45962
fednova_sgd,0.3,15,103,11,45,DoS,5,validation,0.9999347315290227,0.999869471577436,0.9999021004884098,0.9999347357887179,0.9999347357887179,0.9999347357887179,0.999934728688917,0.999825962103248,0.999880342438186,16.255371380555616,14.136389794580895,16.553272932212238,0.15679854445468674,7,0.7186122461888209,45962
fednova_sgd,0.3,15,103,11,45,Manipulation,5,own_client_rows,1.0,0.08651911468812877,0.15925925925925927,0.9036363636363637,1.0,0.9493791786055397,0.985,0.9909456740442656,0.9879638916750251,-1.0650492616342586,8.159635547660965,1.161509431343923,0.15679854445468674,4,0.49856473260587075,2786
fednova_sgd,0.3,15,103,11,45,Manipulation,5,validation,0.8791208791208791,0.1644398766700925,0.27705627705627706,0.32651006711409397,1.0,0.4922843410068303,0.34637473079684133,0.9917780061664954,0.5134344240489492,-0.9392901790105305,7.925388316578879,1.0874554750730665,0.15679854445468674,4,0.49856473260587075,2786
fednova_sgd,0.3,15,103,11,45,Regular,5,own_client_rows,0.9496046400810079,0.9923438126101453,0.9705039160070235,0.9980011574406606,0.9459515185938758,0.9712795193813313,0.9517134305185451,0.9920520371760806,0.9714641640110555,6.330487241268134,3.9172900377897815,6.535616768893432,0.15679854445468674,10,0.7143478370064582,180448
fednova_sgd,0.3,15,103,11,45,Regular,5,validation,0.9301833178541418,0.9924384072289298,0.9603029429641953,0.9924586521846458,0.9485493184539433,0.9700073285260615,0.9321632824968966,0.9921316967577164,0.9612130666963818,6.317386608364643,3.9169708235213014,6.525367976532962,0.15679854445468674,10,0.7143478370064582,180448
fednova_sgd,0.3,15,103,11,45,Video,5,own_client_rows,0.9768961216368712,0.4273428771856894,0.5945848244948125,0.7337736322731399,0.9872171269713425,0.8418335696561503,0.9747843397478434,0.38166748941255946,0.5485539311787001,-0.3404157415004125,6.504921791016995,-0.5194970145564114,0.15679854445468674,2,0.1773597033098587,4197
fednova_sgd,0.3,15,103,11,45,Video,5,validation,0.8847711624139327,0.3637196137196137,0.5155162241887905,0.3408900083963056,0.9801864801864801,0.5058537947627334,0.893971884679533,0.3123543123543124,0.4629526806095379,-0.4933833256587163,6.435980198187229,-0.6908671975810647,0.15679854445468674,2,0.1773597033098587,4197
fednova_sgd,0.3,15,103,11,45,Regular,6,own_client_rows,1.0,0.9924934408706637,0.9962325802557944,1.0,0.998056554270722,0.9990273319715981,1.0,0.992177630939656,0.9960734580396556,6.36432915362812,8.382705680074418,6.569872431244914,0.05804135765319363,10,0.7143478370064582,180448
fednova_sgd,0.3,15,103,11,45,Regular,6,validation,0.9301833178541418,0.9924384072289298,0.9603029429641953,0.8949374382179275,0.9985667183749064,0.9439163233104925,0.9321632824968966,0.9921316967577164,0.9612130666963818,6.317386608364643,8.353475281698085,6.525367976532962,0.05804135765319363,10,0.7143478370064582,180448
fednova_sgd,0.3,15,103,11,45,Unauth,6,own_client_rows,0.0,0.0,0.0,0.9878787878787879,1.0,0.9939024390243902,0.9992175273865415,0.9792944785276073,0.9891556932610379,-1.2199744476131136,9.565673828125,0.7863710555562212,0.05804135765319363,3,0.08081680946476526,2276
fednova_sgd,0.3,15,103,11,45,Unauth,6,validation,0.0,0.0,0.0,0.2476790450928382,1.0,0.39702365134201434,0.3185413005272408,0.9705488621151271,0.4796559708898445,-1.200986308106776,9.613548881397987,0.8057983378010741,0.05804135765319363,3,0.08081680946476526,2276
fednova_sgd,0.3,15,103,11,45,DoS,7,own_client_rows,1.0,0.9999856088879508,0.999992804392199,1.0,0.9999952029626503,0.9999976014755723,1.0,0.9999760148132514,0.9999880072628017,18.134191404638496,20.33410289555171,18.503988905202146,0.09744516822766336,7,0.7186122461888209,45962
fednova_sgd,0.3,15,103,11,45,DoS,7,validation,0.9999347315290227,0.999869471577436,0.9999021004884098,0.999912981051624,0.999912981051624,0.999912981051624,0.999934728688917,0.999825962103248,0.999880342438186,16.255371380555616,17.830984473236235,16.553272932212238,0.09744516822766336,7,0.7186122461888209,45962
fednova_sgd,0.3,15,103,11,45,Manipulation,7,own_client_rows,1.0,0.07000946073793755,0.13085764809902742,1.0,1.0,1.0,1.0,0.9933774834437086,0.9966777408637874,-1.064231504442112,8.690072600076869,1.1298455677736223,0.09744516822766336,4,0.49856473260587075,2786
fednova_sgd,0.3,15,103,11,45,Manipulation,7,validation,0.8791208791208791,0.1644398766700925,0.27705627705627706,0.31407359586830214,1.0,0.47801522967329896,0.34637473079684133,0.9917780061664954,0.5134344240489492,-0.9392901790105305,8.469760059697778,1.0874554750730665,0.09744516822766336,4,0.49856473260587075,2786
fednova_sgd,0.3,15,103,11,45,Ip Spoofing,8,own_client_rows,1.0,0.5343528368794326,0.6965188502094468,1.0,1.0,1.0,1.0,0.4142287234042553,0.5858015984955336,0.334905281134531,14.78199605738863,0.24458586408736857,0.0020984855743069464,3,0.24641950549782757,176
fednova_sgd,0.3,15,103,11,45,Ip Spoofing,8,validation,0.6468531468531469,0.21586931155192532,0.3237095363079615,0.08715129301567909,0.9988331388564761,0.16031463620189157,0.6590909090909091,0.1353558926487748,0.2245885769603098,-0.8668813983645712,11.472471648920653,-0.6059866585837222,0.0020984855743069464,3,0.24641950549782757,176
fednova_sgd,0.3,15,103,11,45,Injection,9,own_client_rows,1.0,1.0,1.0,0.9967400162999185,1.0,0.9983673469387755,0.0,0.0,0.0,1.2410913624923343,8.099416138593622,-0.7508498509205079,0.010734274613254503,3,0.042880822576579374,0
fednova_sgd,0.3,15,103,11,45,Injection,9,validation,0.3156320119670905,0.9964580873671782,0.4794092587333144,0.28537735849056606,1.0,0.44403669724770645,0.0,0.0,0.0,1.0902210582386365,8.511795422262397,-1.031284012507379,0.010734274613254503,3,0.042880822576579374,0
fednova_sgd,0.3,15,103,11,45,Regular,9,own_client_rows,1.0,0.9909868691952235,0.9954730335271273,1.0,0.9923594271857986,0.9961650630353411,1.0,0.990849613396166,0.9954037780944064,6.263171910028824,6.5042295517454365,6.468915135883241,0.010734274613254503,10,0.7143478370064582,180448
fednova_sgd,0.3,15,103,11,45,Regular,9,validation,0.9301833178541418,0.9924384072289298,0.9603029429641953,0.9227555239164362,0.9939129768020715,0.957013369075069,0.9321632824968966,0.9921316967577164,0.9612130666963818,6.317386608364643,6.5638755314901704,6.525367976532962,0.010734274613254503,10,0.7143478370064582,180448
fednova_sgd,0.3,15,103,11,45,DoS,10,own_client_rows,0.9998561668464581,1.0,0.999928078250863,0.9998561668464581,1.0,0.999928078250863,0.9998561668464581,1.0,0.999928078250863,32.7409001204776,32.44336569670215,33.161521456699994,0.04302965134071462,7,0.7186122461888209,45962
fednova_sgd,0.3,15,103,11,45,DoS,10,validation,0.9999347315290227,0.999869471577436,0.9999021004884098,0.9999347130639159,0.999586659995214,0.9997606562370809,0.999934728688917,0.999825962103248,0.999880342438186,16.255371380555616,16.391926120232995,16.553272932212238,0.04302965134071462,7,0.7186122461888209,45962
fednova_sgd,0.3,15,103,11,45,MITM,10,own_client_rows,0.9809688581314879,0.3843937493644283,0.5523489442536713,0.7660693822273154,0.997050947425511,0.8664300337275579,0.9825188408049103,0.4286634351377919,0.5969036155952043,-0.6795707054289474,4.855868067766771,-0.6085838373990501,0.04302965134071462,3,0.20971182100364538,9681
fednova_sgd,0.3,15,103,11,45,MITM,10,validation,0.44671928959052787,0.268355930947618,0.33529275630641053,0.22906560159075715,0.990071867822479,0.37205223153381406,0.4387976448713976,0.31473660813514115,0.36655449132798346,-1.1442934313093882,4.769703054671871,-1.0796336179451915,0.04302965134071462,3,0.20971182100364538,9681
fednova_sgd,0.3,15,103,11,45,Regular,10,own_client_rows,0.7520302026350258,0.9936475618446503,0.8561178843961056,0.9979357341822523,0.8169601954596355,0.8984248177960884,0.7602274497585294,0.9935661203298382,0.8613741670711795,6.311348087715056,2.775795884022193,6.520000155088822,0.04302965134071462,10,0.7143478370064582,180448
fednova_sgd,0.3,15,103,11,45,Regular,10,validation,0.9301833178541418,0.9924384072289298,0.9603029429641953,0.9983802740518457,0.8143811821329354,0.8970425811146194,0.9321632824968966,0.9921316967577164,0.9612130666963818,6.317386608364643,2.7811941218772303,6.525367976532962,0.04302965134071462,10,0.7143478370064582,180448
fednova_sgd,0.3,15,103,11,45,Unauth,11,own_client_rows,1.0,0.0010090817356205853,0.0020161290322580645,1.0,1.0,1.0,1.0,0.9949545913218971,0.9974709155285787,-1.2193348535254793,6.463077856962664,0.8138074826761162,0.00046090407893133504,3,0.08081680946476526,2276
fednova_sgd,0.3,15,103,11,45,Unauth,11,validation,0.0,0.0,0.0,0.2510094212651413,0.998661311914324,0.4011831137402528,0.3185413005272408,0.9705488621151271,0.4796559708898445,-1.200986308106776,6.301149707881003,0.8057983378010741,0.00046090407893133504,3,0.08081680946476526,2276
fednova_sgd,0.3,15,103,11,45,Injection,12,own_client_rows,0.9972144846796658,0.9972144846796658,0.9972144846796658,0.9944444444444445,0.9972144846796658,0.9958275382475661,0.0,0.0,0.0,1.3221486551183843,4.15900865305101,-0.6325912688103891,0.02056115885517194,3,0.042880822576579374,0
fednova_sgd,0.3,15,103,11,45,Injection,12,validation,0.3156320119670905,0.9964580873671782,0.4794092587333144,0.2891854893908282,0.9976387249114522,0.44839479968161317,0.0,0.0,0.0,1.0902210582386365,4.247903907172373,-1.031284012507379,0.02056115885517194,3,0.042880822576579374,0
fednova_sgd,0.3,15,103,11,45,Regular,12,own_client_rows,0.8207276445558598,0.991907514450867,0.8982347207682033,0.9998513600554922,0.8044648196133147,0.8915790403817266,0.8274130246790394,0.9917081921467013,0.9021413936284021,6.306648605678194,2.202229606836755,6.514192293078533,0.02056115885517194,10,0.7143478370064582,180448
fednova_sgd,0.3,15,103,11,45,Regular,12,validation,0.9301833178541418,0.9924384072289298,0.9603029429641953,0.9999116666298611,0.8012044284273421,0.8895969088706245,0.9321632824968966,0.9921316967577164,0.9612130666963818,6.317386608364643,2.2118085990953147,6.525367976532962,0.02056115885517194,10,0.7143478370064582,180448
fednova_sgd,0.3,15,103,11,45,Replay,12,own_client_rows,1.0,0.9133214920071048,0.9546973635350909,0.9964601769911504,1.0,0.99822695035461,0.0,0.0,0.0,1.1271565899755773,9.58557324045293,-1.4086668620948046,0.02056115885517194,2,0.09851394479010958,0
fednova_sgd,0.3,15,103,11,45,Replay,12,validation,0.427364185110664,0.9788018433179724,0.5949579831932773,0.3595096090125911,1.0,0.5288813063611991,0.0,0.0,0.0,1.2634735248055875,9.897728254608294,-1.298454376080069,0.02056115885517194,2,0.09851394479010958,0
fednova_sgd,0.3,15,103,11,45,Video,12,own_client_rows,0.993566336289341,0.3582445141065831,0.5266116768812497,0.76521113243762,0.9998119122257053,0.8669203587931503,0.9923553719008265,0.301128526645768,0.46204906204906204,-0.581208540100289,6.028422790336011,-0.788054884190096,0.02056115885517194,2,0.1773597033098587,4197
fednova_sgd,0.3,15,103,11,45,Video,12,validation,0.8847711624139327,0.3637196137196137,0.5155162241887905,0.20777333817653468,1.0,0.34406015037593984,0.893971884679533,0.3123543123543124,0.4629526806095379,-0.4933833256587163,5.967890995723027,-0.6908671975810647,0.02056115885517194,2,0.1773597033098587,4197
fednova_sgd,0.3,15,103,11,45,DoS,13,own_client_rows,1.0,0.9999565896857093,0.9999782943717306,1.0,0.9999131793714187,0.9999565878011721,1.0,0.9999348845285639,0.9999674412042413,17.14070804766181,17.200373744153172,17.389248672593983,0.022314547732640286,7,0.7186122461888209,45962
fednova_sgd,0.3,15,103,11,45,DoS,13,validation,0.9999347315290227,0.999869471577436,0.9999021004884098,0.9999347144846796,0.999608414732308,0.9997715379845299,0.999934728688917,0.999825962103248,0.999880342438186,16.255371380555616,16.37420786413351,16.553272932212238,0.022314547732640286,7,0.7186122461888209,45962
fednova_sgd,0.3,15,103,11,45,MITM,13,own_client_rows,1.0,0.1370399373531715,0.24104683195592286,0.9745042492917847,0.26938136256851997,0.42208588957055215,0.9773371104815864,0.2701644479248238,0.4233128834355828,-1.6793361057409946,-0.9598566472016934,-0.7449758555054571,0.022314547732640286,3,0.20971182100364538,9681
fednova_sgd,0.3,15,103,11,45,MITM,13,validation,0.44671928959052787,0.268355930947618,0.33529275630641053,0.37029681121041597,0.49729569533970513,0.42450115422319196,0.4387976448713976,0.31473660813514115,0.36655449132798346,-1.1442934313093882,-0.11708443845087682,-1.0796336179451915,0.022314547732640286,3,0.20971182100364538,9681
fednova_sgd,0.3,15,103,11,45,Unauth,13,own_client_rows,1.0,0.0031746031746031746,0.006329113924050633,0.40038684719535783,0.9857142857142858,0.5694635488308115,0.4027237354085603,0.9857142857142858,0.5718232044198895,-1.2334672231522819,2.8377480158730157,0.7611320374503968,0.022314547732640286,3,0.08081680946476526,2276
fednova_sgd,0.3,15,103,11,45,Unauth,13,validation,0.0,0.0,0.0,0.30449391012179755,0.9705488621151271,0.4635549872122762,0.3185413005272408,0.9705488621151271,0.4796559708898445,-1.200986308106776,2.7074442586426435,0.8057983378010741,0.022314547732640286,3,0.08081680946476526,2276
fednova_sgd,0.3,15,103,11,45,Regular,14,own_client_rows,1.0,0.993012236084453,0.9964938680309984,1.0,0.9988363723608445,0.9994178474760387,1.0,0.9928502879078694,0.9964123185090655,6.287993693580554,9.310328975977686,6.496411062522493,0.07795278593493765,10,0.7143478370064582,180448
fednova_sgd,0.3,15,103,11,45,Regular,14,validation,0.9301833178541418,0.9924384072289298,0.9603029429641953,0.8807728704984349,0.9991211565344076,0.9362217192694473,0.9321632824968966,0.9921316967577164,0.9612130666963818,6.317386608364643,9.344909610728378,6.525367976532962,0.07795278593493765,10,0.7143478370064582,180448
fednova_sgd,0.3,15,103,11,45,Replay,14,own_client_rows,0.9942660550458715,0.9763513513513513,0.9852272727272727,0.9269311064718163,1.0,0.962080173347779,0.0,0.0,0.0,1.253448486328125,10.079684420748874,-1.2723713092975788,0.07795278593493765,2,0.09851394479010958,0
fednova_sgd,0.3,15,103,11,45,Replay,14,validation,0.427364185110664,0.9788018433179724,0.5949579831932773,0.3579676674364896,1.0,0.5272108843537415,0.0,0.0,0.0,1.2634735248055875,10.308402937788019,-1.298454376080069,0.07795278593493765,2,0.09851394479010958,0
fednova_sgd,0.3,15,103,22,45,Ip Spoofing,0,own_client_rows,0.8976,0.6360544217687075,0.7445255474452555,0.8467741935483871,0.7142857142857143,0.7749077490774908,0.9691011235955056,0.391156462585034,0.5573505654281099,0.7752498704559949,1.3788674975198412,0.3249609983967545,0.09995339799323015,3,0.24641950549782757,108
fednova_sgd,0.3,15,103,22,45,Ip Spoofing,0,validation,0.6132075471698113,0.22753792298716452,0.33191489361702126,0.5664,0.4130688448074679,0.4777327935222672,0.5740740740740741,0.07234539089848308,0.12849740932642487,-0.7837714570266919,-0.34138066793684363,-0.9300109792061698,0.09995339799323015,3,0.24641950549782757,108
fednova_sgd,0.3,15,103,22,45,Manipulation,0,own_client_rows,0.9147286821705426,0.11090225563909774,0.1978206202849958,0.7876322213181448,0.9097744360902256,0.8443087658089838,0.6587648159700561,0.9924812030075187,0.7919010123734533,-0.956851299544026,2.4662392981966637,1.4823328462758458,0.09995339799323015,4,0.49856473260587075,2853
fednova_sgd,0.3,15,103,22,45,Manipulation,0,validation,0.8544600938967136,0.18705035971223022,0.3069139966273187,0.3347124534546959,0.8314491264131552,0.4772861356932153,0.3389414651244304,0.9938335046248715,0.505488761108207,-0.8272925569979285,1.831237165680402,1.3771386768933067,0.09995339799323015,4,0.49856473260587075,2853
fednova_sgd,0.3,15,103,22,45,Password Cracking,0,own_client_rows,1.0,0.9999859318397637,0.9999929658704032,1.0,0.9999788977596454,0.9999894487684954,1.0,0.9999859318397637,0.9999929658704032,12.656221396572645,15.285072424922186,12.972974294833469,0.09995339799323015,1,0.09995339799323015,0
fednova_sgd,0.3,15,103,22,45,Password Cracking,0,validation,0.0,0.0,0.0,0.0,0.0,0.0,0.0,0.0,0.0,nan,nan,nan,0.09995339799323015,1,0.09995339799323015,0
fednova_sgd,0.3,15,103,22,45,Regular,0,own_client_rows,1.0,0.9946045959802827,0.9972950007081149,1.0,0.9967373342184432,0.9983660015137475,1.0,0.9938418948884903,0.9969114375982885,6.340149873192116,7.46385492546892,6.111386993783633,0.09995339799323015,10,0.7143478370064582,179682
fednova_sgd,0.3,15,103,22,45,Regular,0,validation,0.9278520992839779,0.992857184987702,0.9592546159106451,0.909618006347701,0.9956647654549637,0.9506983554854697,0.9357531639229305,0.9917247155555293,0.9629262677429608,6.329479426713155,7.455342418555836,6.101518222592544,0.09995339799323015,10,0.7143478370064582,179682
fednova_sgd,0.3,15,103,22,45,Injection,1,own_client_rows,1.0,0.9980059820538385,0.999001996007984,0.999003984063745,1.0,0.9995017438963627,0.0,0.0,0.0,1.4589554091631356,7.6802317656405785,-1.1119043991073654,0.011585389108152933,3,0.042880822576579374,0
fednova_sgd,0.3,15,103,22,45,Injection,1,validation,0.29391304347826086,0.9976387249114522,0.4540569586243955,0.28556944913822235,0.9976387249114522,0.4440357330530741,0.0,0.0,0.0,1.1224246334719967,7.8108408814197166,-1.6294665916469895,0.011585389108152933,3,0.042880822576579374,0
fednova_sgd,0.3,15,103,22,45,Regular,1,own_client_rows,1.0,0.9904630442966496,0.9952086748203253,1.0,0.9927636257163174,0.9963686740412669,1.0,0.9885807504078303,0.9942575881870386,6.297249794205802,6.685773358907694,6.066496923217442,0.011585389108152933,10,0.7143478370064582,179682
fednova_sgd,0.3,15,103,22,45,Regular,1,validation,0.9278520992839779,0.992857184987702,0.9592546159106451,0.9193935558489454,0.9939955526981674,0.9552402087070874,0.9357531639229305,0.9917247155555293,0.9629262677429608,6.329479426713155,6.717204507086413,6.101518222592544,0.011585389108152933,10,0.7143478370064582,179682
fednova_sgd,0.3,15,103,22,45,DoS,2,own_client_rows,1.0,0.9998263028708434,0.9999131438920934,1.0,0.9999971525060793,0.9999985762510126,1.0,0.9998291503647639,0.9999145678843591,14.03739853467073,16.689419522347134,14.089521243505935,0.16333305737999984,7,0.7186122461888209,45964
fednova_sgd,0.3,15,103,22,45,DoS,2,validation,0.9999564867393338,0.999869471577436,0.9999129772653106,0.996985207998959,1.0,0.9984903283264366,0.9999564876860152,0.99989122631453,0.9999238559354299,15.462452003611286,18.163913276100246,15.539243251272651,0.16333305737999984,7,0.7186122461888209,45964
fednova_sgd,0.3,15,103,22,45,DoS,3,own_client_rows,1.0,0.9999866086374288,0.999993304273882,0.9999933043635463,1.0,0.9999966521705652,1.0,0.9999933043187145,0.9999966521481491,21.312719178942082,22.9789557352695,21.23339499811684,0.09132365512282559,7,0.7186122461888209,45964
fednova_sgd,0.3,15,103,22,45,DoS,3,validation,0.9999564867393338,0.999869471577436,0.9999129772653106,0.9999347329489829,0.99989122631453,0.9999129791585084,0.9999564876860152,0.99989122631453,0.9999238559354299,15.462452003611286,15.485094265995171,15.539243251272651,0.09132365512282559,7,0.7186122461888209,45964
fednova_sgd,0.3,15,103,22,45,Regular,3,own_client_rows,1.0,0.9924692067138937,0.9962203715566944,1.0,0.9989576020592678,0.9994785292396104,1.0,0.9910438870806476,0.9955018003483167,6.3070146550646715,8.780977143364286,6.0784288526841745,0.09132365512282559,10,0.7143478370064582,179682
fednova_sgd,0.3,15,103,22,45,Regular,3,validation,0.9278520992839779,0.992857184987702,0.9592546159106451,0.8876548774607435,0.998938309907338,0.9400144864390834,0.9357531639229305,0.9917247155555293,0.9629262677429608,6.329479426713155,8.804460554526633,6.101518222592544,0.09132365512282559,10,0.7143478370064582,179682
fednova_sgd,0.3,15,103,22,45,DoS,4,own_client_rows,0.999994474405446,0.9998894997099368,0.9999419843026098,1.0,0.9998563496229178,0.9999281696522306,0.9999889489940822,0.999900549738943,0.9999447474127976,14.370649374810078,13.9576225398578,14.47167777748522,0.14436762193029046,7,0.7186122461888209,45964
fednova_sgd,0.3,15,103,22,45,DoS,4,validation,0.9999564867393338,0.999869471577436,0.9999129772653106,0.9999782215737091,0.9988905084082059,0.9994340690435767,0.9999564876860152,0.99989122631453,0.9999238559354299,15.462452003611286,14.705185751463006,15.539243251272651,0.14436762193029046,7,0.7186122461888209,45964
fednova_sgd,0.3,15,103,22,45,Ip Spoofing,4,own_client_rows,0.9192452830188679,0.5777988614800759,0.7095834547043403,0.7769918093819806,0.9900379506641366,0.870671672924489,0.9620563035495716,0.372865275142315,0.5374358974358975,0.625919986268827,2.231480752268145,0.19382303082286972,0.14436762193029046,3,0.24641950549782757,108
fednova_sgd,0.3,15,103,22,45,Ip Spoofing,4,validation,0.6132075471698113,0.22753792298716452,0.33191489361702126,0.4081534772182254,0.9929988331388565,0.5785180149558123,0.5740740740740741,0.07234539089848308,0.12849740932642487,-0.7837714570266919,0.9815418862128062,-0.9300109792061698,0.14436762193029046,3,0.24641950549782757,108
fednova_sgd,0.3,15,103,22,45,MITM,4,own_client_rows,0.9794379270336471,0.26167145981504764,0.41300300341111396,0.816343747363685,0.9998450119685202,0.8988242215014978,0.979669887278583,0.3352563329831752,0.49955735748835656,-1.1697237338338873,5.771512998006681,-0.779489390786715,0.14436762193029046,3,0.20971182100364538,9724
fednova_sgd,0.3,15,103,22,45,MITM,4,validation,0.42865176437508784,0.2259020523079203,0.2958757884522077,0.22027503756451297,0.9992590946136178,0.36097691535630644,0.42245989304812837,0.30436393272579093,0.35381766504457174,-1.2716964446960435,6.048647167541861,-0.8567368811992943,0.14436762193029046,3,0.20971182100364538,9724
fednova_sgd,0.3,15,103,22,45,Manipulation,4,own_client_rows,0.7853403141361257,0.15,0.2518891687657431,0.9501039501039501,0.457,0.6171505739365294,0.4264894984997857,0.995,0.5970597059705971,-0.8476166076660157,-0.044202667236328125,1.4499895629882813,0.14436762193029046,4,0.49856473260587075,2853
fednova_sgd,0.3,15,103,22,45,Manipulation,4,validation,0.8544600938967136,0.18705035971223022,0.3069139966273187,0.3650107991360691,0.3473792394655704,0.3559768299104792,0.3389414651244304,0.9938335046248715,0.505488761108207,-0.8272925569979285,-0.20810282316139275,1.3771386768933067,0.14436762193029046,4,0.49856473260587075,2853
fednova_sgd,0.3,15,103,22,45,Regular,4,own_client_rows,0.6280920528451518,0.9935371358227328,0.7696368363095576,0.9999818676337262,0.8082097426578346,0.8939263773847924,0.6508598729176079,0.9922474939914415,0.7860887131885547,6.360029152042177,2.260364548794808,6.132621211906105,0.14436762193029046,10,0.7143478370064582,179682
fednova_sgd,0.3,15,103,22,45,Regular,4,validation,0.9278520992839779,0.992857184987702,0.9592546159106451,0.999992612838886,0.798444034186421,0.8879246731013312,0.9357531639229305,0.9917247155555293,0.9629262677429608,6.329479426713155,2.1659371675306414,6.101518222592544,0.14436762193029046,10,0.7143478370064582,179682
fednova_sgd,0.3,15,103,22,45,DoS,5,own_client_rows,0.9998522422242471,0.9998768654878589,0.9998645537044561,0.9999015020930805,1.0,0.9999507486209613,0.9998522604156407,1.0,0.999926124750671,23.488708565236664,22.22626178243363,23.750162383637885,0.15679854445468674,7,0.7186122461888209,45964
fednova_sgd,0.3,15,103,22,45,DoS,5,validation,0.9999564867393338,0.999869471577436,0.9999129772653106,0.9999564848458475,0.999825962103248,0.9998912192150379,0.9999564876860152,0.99989122631453,0.9999238559354299,15.462452003611286,13.840711390100507,15.539243251272651,0.15679854445468674,7,0.7186122461888209,45964
fednova_sgd,0.3,15,103,22,45,Manipulation,5,own_client_rows,0.9907407407407407,0.10764587525150905,0.19419237749546278,0.8995475113122172,1.0,0.9471176750833731,0.9535783365570599,0.9919517102615694,0.9723865877712031,-0.9656008254114531,7.928905955262827,1.4297304825044015,0.15679854445468674,4,0.49856473260587075,2853
fednova_sgd,0.3,15,103,22,45,Manipulation,5,validation,0.8544600938967136,0.18705035971223022,0.3069139966273187,0.3273889636608345,1.0,0.49328263624841573,0.3389414651244304,0.9938335046248715,0.505488761108207,-0.8272925569979285,7.767165369267087,1.3771386768933067,0.15679854445468674,4,0.49856473260587075,2853
fednova_sgd,0.3,15,103,22,45,Regular,5,own_client_rows,0.9479347745338385,0.992826214661132,0.9698613061430794,0.9998289678207986,0.7732399133232444,0.8720559845559845,0.9569995832128656,0.9915346220730061,0.9739610600531173,6.345772224109307,2.0023310520698794,6.1179511842070715,0.15679854445468674,10,0.7143478370064582,179682
fednova_sgd,0.3,15,103,22,45,Regular,5,validation,0.9278520992839779,0.992857184987702,0.9592546159106451,0.9994450272924934,0.7754171557322418,0.87329239169786,0.9357531639229305,0.9917247155555293,0.9629262677429608,6.329479426713155,1.9962715882745545,6.101518222592544,0.15679854445468674,10,0.7143478370064582,179682
fednova_sgd,0.3,15,103,22,45,Video,5,own_client_rows,0.9768854295654225,0.43043466964587285,0.597568893377579,0.39793837906088614,0.9989867234794357,0.5691574397536858,0.9745426634258667,0.39585336070045984,0.5630138758014153,-0.34915625846173176,7.9649790615906495,-0.43466826544977744,0.15679854445468674,2,0.1773597033098587,4590
fednova_sgd,0.3,15,103,22,45,Video,5,validation,0.8932076197806427,0.38644688644688646,0.5394851531175547,0.18459170322481336,0.9983349983349983,0.3115735869155722,0.8956427015250544,0.3422410922410922,0.4952415371641971,-0.49878841251521916,7.874486841283717,-0.6163126424356893,0.15679854445468674,2,0.1773597033098587,4590
fednova_sgd,0.3,15,103,22,45,Regular,6,own_client_rows,1.0,0.9927444692773622,0.9963590260394656,1.0,0.9979026981504875,0.9989502482521025,1.0,0.9914974249344087,0.9957305618580595,6.377642077143661,8.29048222917527,6.150909509826548,0.05804135765319363,10,0.7143478370064582,179682
fednova_sgd,0.3,15,103,22,45,Regular,6,validation,0.9278520992839779,0.992857184987702,0.9592546159106451,0.8957377569648385,0.9984664476439328,0.9443164512476082,0.9357531639229305,0.9917247155555293,0.9629262677429608,6.329479426713155,8.26075686983532,6.101518222592544,0.05804135765319363,10,0.7143478370064582,179682
fednova_sgd,0.3,15,103,22,45,Unauth,6,own_client_rows,0.0,0.0,0.0,0.9775112443778111,1.0,0.9886277482941622,0.9992260061919505,0.9900306748466258,0.9946070878274268,-1.3563638698835314,9.736495878067485,1.2300687450572756,0.05804135765319363,3,0.08081680946476526,2604
fednova_sgd,0.3,15,103,22,45,Unauth,6,validation,0.0,0.0,0.0,0.24411764705882352,1.0,0.39243498817966904,0.28225806451612906,0.9839357429718876,0.4386750223813787,-1.3299610132832764,9.789826787619226,1.2698019454118556,0.05804135765319363,3,0.08081680946476526,2604
fednova_sgd,0.3,15,103,22,45,DoS,7,own_client_rows,1.0,0.9999376385144535,0.9999688182849577,1.0,0.999947232589153,0.9999736155984582,1.0,0.9999424355518032,0.9999712169474614,17.925059670647407,19.443168842672765,17.994650610033244,0.09744516822766336,7,0.7186122461888209,45964
fednova_sgd,0.3,15,103,22,45,DoS,7,validation,0.9999564867393338,0.999869471577436,0.9999129772653106,0.9999564867393338,0.999869471577436,0.9999129772653106,0.9999564876860152,0.99989122631453,0.9999238559354299,15.462452003611286,16.60204450339374,15.539243251272651,0.09744516822766336,7,0.7186122461888209,45964
fednova_sgd,0.3,15,103,22,45,Manipulation,7,own_client_rows,1.0,0.09649952696310313,0.17601380500431407,0.9906279287722587,1.0,0.995291902071563,1.0,0.9924314096499527,0.9962013295346629,-0.9645185948771582,8.366335433050496,1.410335746483636,0.09744516822766336,4,0.49856473260587075,2853
fednova_sgd,0.3,15,103,22,45,Manipulation,7,validation,0.8544600938967136,0.18705035971223022,0.3069139966273187,0.32027649769585254,1.0,0.4851657940663176,0.3389414651244304,0.9938335046248715,0.505488761108207,-0.8272925569979285,8.116248072970196,1.3771386768933067,0.09744516822766336,4,0.49856473260587075,2853
fednova_sgd,0.3,15,103,22,45,Ip Spoofing,8,own_client_rows,1.0,0.5381205673758865,0.6997118155619596,1.0,1.0,1.0,1.0,0.36990248226950356,0.5400420643908752,0.4555692808002445,15.414428494500775,-0.10856363790255066,0.0020984855743069464,3,0.24641950549782757,108
fednova_sgd,0.3,15,103,22,45,Ip Spoofing,8,validation,0.6132075471698113,0.22753792298716452,0.33191489361702126,0.14826989619377162,1.0,0.25824920897996084,0.5740740740740741,0.07234539089848308,0.12849740932642487,-0.7837714570266919,11.931820668028005,-0.9300109792061698,0.0020984855743069464,3,0.24641950549782757,108
fednova_sgd,0.3,15,103,22,45,Injection,9,own_client_rows,1.0,1.0,1.0,0.9951179820992677,1.0,0.9975530179445351,0.0,0.0,0.0,1.4218642202831153,7.75523335292314,-1.1514875610052127,0.010734274613254503,3,0.042880822576579374,0
fednova_sgd,0.3,15,103,22,45,Injection,9,validation,0.29391304347826086,0.9976387249114522,0.4540569586243955,0.28547297297297297,0.9976387249114522,0.4439190964013659,0.0,0.0,0.0,1.1224246334719967,7.916707404811098,-1.6294665916469895,0.010734274613254503,3,0.042880822576579374,0
fednova_sgd,0.3,15,103,22,45,Regular,9,own_client_rows,1.0,0.9916273962574919,0.9957960993315109,1.0,0.9926339387839136,0.9963033545335568,1.0,0.9904835979320127,0.995219050245943,6.2859521281082715,6.55774787539461,6.057822669081988,0.010734274613254503,10,0.7143478370064582,179682
fednova_sgd,0.3,15,103,22,45,Regular,9,validation,0.9278520992839779,0.992857184987702,0.9592546159106451,0.9203212702295411,0.9941842976035296,0.9558279390624601,0.9357531639229305,0.9917247155555293,0.9629262677429608,6.329479426713155,6.608104445191355,6.101518222592544,0.010734274613254503,10,0.7143478370064582,179682
fednova_sgd,0.3,15,103,22,45,DoS,10,own_client_rows,0.9997842657845535,1.0,0.9998921212557086,0.999712375062918,1.0,0.9998561668464581,0.9998561668464581,1.0,0.999928078250863,30.15882251132849,29.648109895346327,30.491964976084297,0.04302965134071462,7,0.7186122461888209,45964
fednova_sgd,0.3,15,103,22,45,DoS,10,validation,0.9999564867393338,0.999869471577436,0.9999129772653106,0.9988261124758158,0.9995649052581199,0.9991953723034099,0.9999564876860152,0.99989122631453,0.9999238559354299,15.462452003611286,15.646593021216308,15.539243251272651,0.04302965134071462,7,0.7186122461888209,45964
fednova_sgd,0.3,15,103,22,45,MITM,10,own_client_rows,0.9809479553903345,0.3577844818819701,0.5243287548744443,0.7798007102348015,0.9974238161418257,0.875288168364691,0.9819304321638308,0.4420867089251212,0.6096814155155085,-0.7552621279654715,4.844546814885512,-0.393788533187964,0.04302965134071462,3,0.20971182100364538,9724
fednova_sgd,0.3,15,103,22,45,MITM,10,validation,0.42865176437508784,0.2259020523079203,0.2958757884522077,0.23841495992876224,0.9918500407497962,0.38442431116918174,0.42245989304812837,0.30436393272579093,0.35381766504457174,-1.2716964446960435,4.723126478916611,-0.8567368811992943,0.04302965134071462,3,0.20971182100364538,9724
fednova_sgd,0.3,15,103,22,45,Regular,10,own_client_rows,0.7468141416922912,0.9939326071464929,0.8528327597351548,0.9982628269433095,0.8307034510841902,0.9068077256462116,0.7700285727816629,0.9931589127557773,0.8674752360797425,6.325687361613051,2.5514456664206455,6.097865699442635,0.04302965134071462,10,0.7143478370064582,179682
fednova_sgd,0.3,15,103,22,45,Regular,10,validation,0.9278520992839779,0.992857184987702,0.9592546159106451,0.9985480117013175,0.8274871564990179,0.9050051929118366,0.9357531639229305,0.9917247155555293,0.9629262677429608,6.329479426713155,2.548813794026961,6.101518222592544,0.04302965134071462,10,0.7143478370064582,179682
fednova_sgd,0.3,15,103,22,45,Unauth,11,own_client_rows,0.0,0.0,0.0,1.0,1.0,1.0,1.0,1.0,1.0,-1.348751064265893,5.151505147893542,1.2635450007095106,0.00046090407893133504,3,0.08081680946476526,2604
fednova_sgd,0.3,15,103,22,45,Unauth,11,validation,0.0,0.0,0.0,0.2537414965986395,0.998661311914324,0.4046650393273664,0.28225806451612906,0.9839357429718876,0.4386750223813787,-1.3299610132832764,4.960486477158635,1.2698019454118556,0.00046090407893133504,3,0.08081680946476526,2604
fednova_sgd,0.3,15,103,22,45,Injection,12,own_client_rows,0.9972144846796658,0.9972144846796658,0.9972144846796658,0.9944444444444445,0.9972144846796658,0.9958275382475661,0.0,0.0,0.0,1.5030850806276115,4.064109015929666,-0.9652198217705432,0.02056115885517194,3,0.042880822576579374,0
fednova_sgd,0.3,15,103,22,45,Injection,12,validation,0.29391304347826086,0.9976387249114522,0.4540569586243955,0.28829750938246335,0.9976387249114522,0.4473266278454209,0.0,0.0,0.0,1.1224246334719967,3.4703866357364226,-1.6294665916469895,0.02056115885517194,3,0.042880822576579374,0
fednova_sgd,0.3,15,103,22,45,Regular,12,own_client_rows,0.817856203995794,0.9921865656766993,0.8966262586234847,0.9998026250863515,0.8077337054016345,0.8935635377389693,0.8430222704315108,0.9914291409208691,0.9112226578243505,6.319944765920869,2.3317257895421193,6.093366499215168,0.02056115885517194,10,0.7143478370064582,179682
fednova_sgd,0.3,15,103,22,45,Regular,12,validation,0.9278520992839779,0.992857184987702,0.9592546159106451,0.9999340553056171,0.804932140308244,0.8918988690244724,0.9357531639229305,0.9917247155555293,0.9629262677429608,6.329479426713155,2.341594331925058,6.101518222592544,0.02056115885517194,10,0.7143478370064582,179682
fednova_sgd,0.3,15,103,22,45,Replay,12,own_client_rows,1.0,0.8998223801065719,0.9472700074794316,0.9964601769911504,1.0,0.99822695035461,0.0,0.0,0.0,1.020884560945826,10.083581261101243,-1.648087290464032,0.02056115885517194,2,0.09851394479010958,1
fednova_sgd,0.3,15,103,22,45,Replay,12,validation,0.4312191103789127,0.9649769585253456,0.5960717335610589,0.35679052943110817,1.0,0.5259331071255453,0.0,0.0,0.0,1.146388181343606,10.405202332949308,-1.5653288810483872,0.02056115885517194,2,0.09851394479010958,1
fednova_sgd,0.3,15,103,22,45,Video,12,own_client_rows,0.9939552360725372,0.38144200626959246,0.551311675954873,0.7682227682227682,0.9997492163009405,0.8688261094614106,0.9928838951310861,0.33241379310344826,0.49807421324565526,-0.5981905831363882,6.16370496791732,-0.7200503358272923,0.02056115885517194,2,0.1773597033098587,4590
fednova_sgd,0.3,15,103,22,45,Video,12,validation,0.8932076197806427,0.38644688644688646,0.5394851531175547,0.2101212237829517,1.0,0.3472730163778025,0.8956427015250544,0.3422410922410922,0.4952415371641971,-0.49878841251521916,6.113872780864968,-0.6163126424356893,0.02056115885517194,2,0.1773597033098587,4590
fednova_sgd,0.3,15,103,22,45,DoS,13,own_client_rows,1.0,0.999869769057128,0.9999348802882633,1.0,0.999869769057128,0.9999348802882633,1.0,0.999869769057128,0.9999348802882633,16.173354893224193,16.376174070951446,16.28545083815821,0.022314547732640286,7,0.7186122461888209,45964
fednova_sgd,0.3,15,103,22,45,DoS,13,validation,0.9999564867393338,0.999869471577436,0.9999129772653106,0.9999564876860152,0.99989122631453,0.9999238559354299,0.9999564876860152,0.99989122631453,0.9999238559354299,15.462452003611286,15.713435045793721,15.539243251272651,0.022314547732640286,7,0.7186122461888209,45964
fednova_sgd,0.3,15,103,22,45,MITM,13,own_client_rows,1.0,0.08065779169929523,0.1492753623188406,0.9710144927536232,0.20986687548942834,0.3451384417256922,0.9873817034700315,0.245105716523101,0.39272271016311167,-2.0397144338537587,-4.7095877483848865,-1.5712667896865211,0.022314547732640286,3,0.20971182100364538,9724
fednova_sgd,0.3,15,103,22,45,MITM,13,validation,0.42865176437508784,0.2259020523079203,0.2958757884522077,0.3491321334785115,0.40386752611691484,0.3745104774991412,0.42245989304812837,0.30436393272579093,0.35381766504457174,-1.2716964446960435,-0.5146391140034157,-0.8567368811992943,0.022314547732640286,3,0.20971182100364538,9724
fednova_sgd,0.3,15,103,22,45,Unauth,13,own_client_rows,0.0,0.0,0.0,0.3842821782178218,0.9857142857142858,0.5529830810329475,0.3968253968253968,0.9920634920634921,0.5668934240362812,-1.4021761455233135,6.426524522569444,1.1572571769593254,0.022314547732640286,3,0.08081680946476526,2604
fednova_sgd,0.3,15,103,22,45,Unauth,13,validation,0.0,0.0,0.0,0.2541958041958042,0.9732262382864793,0.4031050734682562,0.28225806451612906,0.9839357429718876,0.4386750223813787,-1.3299610132832764,6.194531870973477,1.2698019454118556,0.022314547732640286,3,0.08081680946476526,2604
fednova_sgd,0.3,15,103,22,45,Regular,14,own_client_rows,1.0,0.9933421305182342,0.9966599464387808,1.0,0.998674424184261,0.9993367725129719,1.0,0.9923224568138196,0.9961464354527938,6.304857566672415,9.197355479059201,6.076055135013045,0.07795278593493765,10,0.7143478370064582,179682
fednova_sgd,0.3,15,103,22,45,Regular,14,validation,0.9278520992839779,0.992857184987702,0.9592546159106451,0.8832100040153732,0.9989736995770935,0.9375318291521821,0.9357531639229305,0.9917247155555293,0.9629262677429608,6.329479426713155,9.228743664880472,6.101518222592544,0.07795278593493765,10,0.7143478370064582,179682
fednova_sgd,0.3,15,103,22,45,Replay,14,own_client_rows,0.9874285714285714,0.972972972972973,0.9801474758933636,0.9221183800623053,1.0,0.9594813614262561,0.0,0.0,0.0,1.1474348188520551,9.756087019636825,-1.5271273776217624,0.07795278593493765,2,0.09851394479010958,1
fednova_sgd,0.3,15,103,22,45,Replay,14,validation,0.4312191103789127,0.9649769585253456,0.5960717335610589,0.33539412673879443,1.0,0.5023148148148148,0.0,0.0,0.0,1.146388181343606,9.944057819700461,-1.5653288810483872,0.07795278593493765,2,0.09851394479010958,1
fednova_sgd,0.3,15,103,33,45,Ip Spoofing,0,own_client_rows,0.8873456790123457,0.6519274376417233,0.7516339869281046,0.9405940594059405,0.5385487528344671,0.684931506849315,0.9583333333333334,0.36507936507936506,0.5287356321839081,0.8800228058345734,0.48661710778061223,0.08877490815662202,0.09995339799323015,3,0.24641950549782757,63
fednova_sgd,0.3,15,103,33,45,Ip Spoofing,0,validation,0.5378590078328982,0.24037339556592766,0.33225806451612905,0.5915492957746479,0.147024504084014,0.23551401869158878,0.3333333333333333,0.024504084014002333,0.04565217391304348,-0.8133767839073439,-1.1278015635255616,-1.1359084139348745,0.09995339799323015,3,0.24641950549782757,63
fednova_sgd,0.3,15,103,33,45,Manipulation,0,own_client_rows,0.9545454545454546,0.07894736842105263,0.14583333333333334,0.7194539249146757,0.9906015037593985,0.8335310399367339,0.6537037037037037,0.9953007518796992,0.7891207153502235,-1.0489301179584705,3.2173214102149905,1.6345653103706532,0.09995339799323015,4,0.49856473260587075,2897
fednova_sgd,0.3,15,103,33,45,Manipulation,0,validation,0.8835616438356164,0.13257965056526208,0.23056300268096513,0.3373665480427046,0.9743062692702981,0.5011895321173672,0.33379357956506733,0.9938335046248715,0.4997416020671835,-0.9381899858182651,2.72051857676805,1.544901676315198,0.09995339799323015,4,0.49856473260587075,2897
fednova_sgd,0.3,15,103,33,45,Password Cracking,0,own_client_rows,1.0,0.9999929659198818,0.9999964829475713,1.0,0.9999859318397637,0.9999929658704032,1.0,0.9999929659198818,0.9999964829475713,12.335715198339077,14.86379156426951,12.676096396023107,0.09995339799323015,1,0.09995339799323015,0
fednova_sgd,0.3,15,103,33,45,Password Cracking,0,validation,0.0,0.0,0.0,0.0,0.0,0.0,0.0,0.0,0.0,nan,nan,nan,0.09995339799323015,1,0.09995339799323015,0
fednova_sgd,0.3,15,103,33,45,Regular,0,own_client_rows,1.0,0.9943927345658959,0.9971884848270245,1.0,0.996355983672547,0.9981746660629387,1.0,0.9942656177172638,0.9971245644352531,6.544219808203627,7.656157738216091,6.4369056845948505,0.09995339799323015,10,0.7143478370064582,180584
fednova_sgd,0.3,15,103,33,45,Regular,0,validation,0.9296565973526617,0.9925563727947811,0.9600773634799873,0.9114761714403017,0.995198801469851,0.9514993444333225,0.9316827625924777,0.9923676278894191,0.9610681899321671,6.533797422618275,7.645824263194449,6.427357403592642,0.09995339799323015,10,0.7143478370064582,180584
fednova_sgd,0.3,15,103,33,45,Injection,1,own_client_rows,1.0,0.9980059820538385,0.999001996007984,0.9970178926441352,1.0,0.9985067197610752,0.0,0.0,0.0,1.8334856271030657,7.215735118862163,-1.0829077708281405,0.011585389108152933,3,0.042880822576579374,0
fednova_sgd,0.3,15,103,33,45,Injection,1,validation,0.3013552068473609,0.9976387249114522,0.4628868803067653,0.2845117845117845,0.9976387249114522,0.4427560911710768,0.0,0.0,0.0,1.6133057505349764,7.313028058589138,-1.4011746421192444,0.011585389108152933,3,0.042880822576579374,0
fednova_sgd,0.3,15,103,33,45,Regular,1,own_client_rows,1.0,0.9901284142719705,0.9950397242422968,1.0,0.9930982557409964,0.9965371781149657,1.0,0.9895009829756974,0.9947227887223262,6.50104199141138,6.864408849428253,6.392623436078476,0.011585389108152933,10,0.7143478370064582,180584
fednova_sgd,0.3,15,103,33,45,Regular,1,validation,0.9296565973526617,0.9925563727947811,0.9600773634799873,0.9202137822979959,0.9942255855515775,0.9557890439387839,0.9316827625924777,0.9923676278894191,0.9610681899321671,6.533797422618275,6.897564140090008,6.427357403592642,0.011585389108152933,10,0.7143478370064582,180584
fednova_sgd,0.3,15,103,33,45,DoS,2,own_client_rows,1.0,0.9998376928465258,0.9999188398368254,1.0,1.0,1.0,1.0,0.9998405403404463,0.9999202638128706,14.860395693094258,17.290388631309334,14.813087929633442,0.16333305737999984,7,0.7186122461888209,45964
fednova_sgd,0.3,15,103,33,45,DoS,2,validation,0.9999564848458475,0.999825962103248,0.9998912192150379,0.9976126917985112,1.0,0.9988049193863804,0.9999564876860152,0.99989122631453,0.9999238559354299,16.694325038886593,19.23355503336633,16.717778430042205,0.16333305737999984,7,0.7186122461888209,45964
fednova_sgd,0.3,15,103,33,45,DoS,3,own_client_rows,1.0,0.9999799129561433,0.9999899563771983,0.9999933043635463,1.0,0.9999966521705652,1.0,0.9999866086374288,0.999993304273882,22.19545405088718,24.570008578841648,22.149286700703048,0.09132365512282559,7,0.7186122461888209,45964
fednova_sgd,0.3,15,103,33,45,DoS,3,validation,0.9999564848458475,0.999825962103248,0.9998912192150379,0.9999129848376079,0.999956490525812,0.9999347372084929,0.9999564876860152,0.99989122631453,0.9999238559354299,16.694325038886593,16.94506278791035,16.717778430042205,0.09132365512282559,7,0.7186122461888209,45964
fednova_sgd,0.3,15,103,33,45,Regular,3,own_client_rows,1.0,0.992043738166656,0.9960059803502777,1.0,0.999085242623439,0.9995424120207298,1.0,0.9918097304656753,0.9958880261457455,6.514745352088519,9.124129119067373,6.40752266617206,0.09132365512282559,10,0.7143478370064582,180584
fednova_sgd,0.3,15,103,33,45,Regular,3,validation,0.9296565973526617,0.9925563727947811,0.9600773634799873,0.8860580695788648,0.9989913944119712,0.9391418139071948,0.9316827625924777,0.9923676278894191,0.9610681899321671,6.533797422618275,9.14403684295023,6.427357403592642,0.09132365512282559,10,0.7143478370064582,180584
fednova_sgd,0.3,15,103,33,45,DoS,4,own_client_rows,0.9999944744665097,0.999900549738943,0.999947509897147,1.0,0.9998397745794083,0.9999198808711436,0.9999944744665097,0.999900549738943,0.999947509897147,15.230619160966118,14.03160170709999,15.20155586350797,0.14436762193029046,7,0.7186122461888209,45964
fednova_sgd,0.3,15,103,33,45,DoS,4,validation,0.9999564848458475,0.999825962103248,0.9998912192150379,1.0,0.9984554136663258,0.9992271099354474,0.9999564876860152,0.99989122631453,0.9999238559354299,16.694325038886593,15.496218457330803,16.717778430042205,0.14436762193029046,7,0.7186122461888209,45964
fednova_sgd,0.3,15,103,33,45,Ip Spoofing,4,own_client_rows,0.8930099857346647,0.5939278937381404,0.7133903133903133,0.9433719433719434,0.34772296015180265,0.5081455805892547,0.9726918075422627,0.3548387096774194,0.5199860966284324,0.7467530918302301,-0.14252041956052836,-0.014405064157561966,0.14436762193029046,3,0.24641950549782757,63
fednova_sgd,0.3,15,103,33,45,Ip Spoofing,4,validation,0.5378590078328982,0.24037339556592766,0.33225806451612905,0.32653061224489793,0.01866977829638273,0.03532008830022075,0.3333333333333333,0.024504084014002333,0.04565217391304348,-0.8133767839073439,-1.8499740191073513,-1.1359084139348745,0.14436762193029046,3,0.24641950549782757,63
fednova_sgd,0.3,15,103,33,45,MITM,4,own_client_rows,0.9796838372302699,0.280683325009902,0.43635049393623004,0.8128587830080367,0.9997761283989737,0.8966800781521496,0.9802744901928099,0.3038109834851642,0.4638603318171062,-1.1482419402860176,5.728339262208537,-1.0047623839742374,0.14436762193029046,3,0.20971182100364538,9266
fednova_sgd,0.3,15,103,33,45,MITM,4,validation,0.40088474414155906,0.24842557605393792,0.30675632404739034,0.21774154491887965,0.9993331851522561,0.35757270485936216,0.4035182387222102,0.27702452396828925,0.328515573518429,-1.185211215556582,5.946371763169593,-1.0155687266441153,0.14436762193029046,3,0.20971182100364538,9266
fednova_sgd,0.3,15,103,33,45,Manipulation,4,own_client_rows,0.9126984126984127,0.115,0.20426287744227353,0.4166666666666667,0.995,0.5873671782762692,0.42036332910857627,0.995,0.5910305910305911,-0.94801953125,2.863919677734375,1.6123609619140624,0.14436762193029046,4,0.49856473260587075,2897
fednova_sgd,0.3,15,103,33,45,Manipulation,4,validation,0.8835616438356164,0.13257965056526208,0.23056300268096513,0.3258086253369272,0.9938335046248715,0.49073839127125096,0.33379357956506733,0.9938335046248715,0.4997416020671835,-0.9381899858182651,2.700118218762044,1.544901676315198,0.14436762193029046,4,0.49856473260587075,2897
fednova_sgd,0.3,15,103,33,45,Regular,4,own_client_rows,0.6325953443222759,0.9932440354065303,0.7729195889926671,0.9999270804849147,0.803842546456416,0.8912268159329276,0.638954376567775,0.9929655900111378,0.7775622855437864,6.560935089936031,2.1737494115093208,6.45421038747875,0.14436762193029046,10,0.7143478370064582,180584
fednova_sgd,0.3,15,103,33,45,Regular,4,validation,0.9296565973526617,0.9925563727947811,0.9600773634799873,0.9999925743309472,0.7943034428250394,0.8853584213484809,0.9316827625924777,0.9923676278894191,0.9610681899321671,6.533797422618275,2.07572779627697,6.427357403592642,0.14436762193029046,10,0.7143478370064582,180584
fednova_sgd,0.3,15,103,33,45,DoS,5,own_client_rows,0.9998522058280168,0.9996305964635768,0.9997413888649435,0.9999015020930805,1.0,0.9999507486209613,0.9998522567777203,0.9999753730975718,0.9999138111479123,25.524159953270452,23.412205862434124,25.744171504826873,0.15679854445468674,7,0.7186122461888209,45964
fednova_sgd,0.3,15,103,33,45,DoS,5,validation,0.9999564848458475,0.999825962103248,0.9998912192150379,0.9999564848458475,0.999825962103248,0.9998912192150379,0.9999564876860152,0.99989122631453,0.9999238559354299,16.694325038886593,14.83926062107055,16.717778430042205,0.15679854445468674,7,0.7186122461888209,45964
fednova_sgd,0.3,15,103,33,45,Manipulation,5,own_client_rows,1.0,0.07847082494969819,0.1455223880597015,0.9011786038077969,1.0,0.9480209823557463,0.9714847590953786,0.993963782696177,0.9825957235206365,-1.06076224804884,8.043401031187123,1.5867312947509273,0.15679854445468674,4,0.49856473260587075,2897
fednova_sgd,0.3,15,103,33,45,Manipulation,5,validation,0.8835616438356164,0.13257965056526208,0.23056300268096513,0.3273889636608345,1.0,0.49328263624841573,0.33379357956506733,0.9938335046248715,0.4997416020671835,-0.9381899858182651,7.824931349563206,1.544901676315198,0.15679854445468674,4,0.49856473260587075,2897
fednova_sgd,0.3,15,103,33,45,Regular,5,own_client_rows,0.9504735434162189,0.9924605227837711,0.9710133619057225,0.99974800783553,0.8180254972825981,0.8998033682021349,0.9536896112006522,0.9921492956541021,0.9725393738321321,6.5490254685305604,2.3027015578619863,6.442449742289348,0.15679854445468674,10,0.7143478370064582,180584
fednova_sgd,0.3,15,103,33,45,Regular,5,validation,0.9296565973526617,0.9925563727947811,0.9600773634799873,0.9992300828920101,0.8190880082104034,0.9002356434167323,0.9316827625924777,0.9923676278894191,0.9610681899321671,6.533797422618275,2.29891102345819,6.427357403592642,0.15679854445468674,10,0.7143478370064582,180584
fednova_sgd,0.3,15,103,33,45,Video,5,own_client_rows,0.9740460972302925,0.39198212476291927,0.5590055207677201,0.4515969823027568,0.9984670944945309,0.6219100714476442,0.9727078606699586,0.3787315856478474,0.5451893408134643,-0.45896109810163904,7.877195876480131,-0.46042549585050374,0.15679854445468674,2,0.1773597033098587,4194
fednova_sgd,0.3,15,103,33,45,Video,5,validation,0.8877089923181202,0.3270895770895771,0.47803869083830147,0.20798541793247113,0.9974192474192474,0.34419753795768276,0.8860276585598474,0.3093573093573094,0.4585955818832531,-0.6118409178711913,7.769982296349484,-0.6285446934250645,0.15679854445468674,2,0.1773597033098587,4194
fednova_sgd,0.3,15,103,33,45,Regular,6,own_client_rows,1.0,0.9924772454895864,0.9962244213692061,1.0,0.9982428011531111,0.9991206279607889,1.0,0.9922586078450426,0.996114263417172,6.5823909883206,8.648033129486628,6.475136487997451,0.05804135765319363,10,0.7143478370064582,180584
fednova_sgd,0.3,15,103,33,45,Regular,6,validation,0.9296565973526617,0.9925563727947811,0.9600773634799873,0.8923187176257951,0.998802649506609,0.942562772394062,0.9316827625924777,0.9923676278894191,0.9610681899321671,6.533797422618275,8.615846378973227,6.427357403592642,0.05804135765319363,10,0.7143478370064582,180584
fednova_sgd,0.3,15,103,33,45,Unauth,6,own_client_rows,0.0,0.0,0.0,0.9946605644546148,1.0,0.9973231357552581,0.9992283950617284,0.9930981595092024,0.9961538461538462,-1.7672164074482362,9.86109222224885,1.1492450924738784,0.05804135765319363,3,0.08081680946476526,2558
fednova_sgd,0.3,15,103,33,45,Unauth,6,validation,0.0,0.0,0.0,0.24974924774322968,1.0,0.3996789727126806,0.28850664581704455,0.9879518072289156,0.44659606656580936,-1.74093361360481,9.908803630864604,1.1691667998491362,0.05804135765319363,3,0.08081680946476526,2558
fednova_sgd,0.3,15,103,33,45,DoS,7,own_client_rows,1.0,0.999947232589153,0.9999736155984582,1.0,0.9999760148132514,0.9999880072628017,1.0,0.9999520296265026,0.9999760142379484,19.126139146463146,20.78842972205366,19.18336626549443,0.09744516822766336,7,0.7186122461888209,45964
fednova_sgd,0.3,15,103,33,45,DoS,7,validation,0.9999564848458475,0.999825962103248,0.9998912192150379,0.9999129772653106,0.999869471577436,0.9998912239481356,0.9999564876860152,0.99989122631453,0.9999238559354299,16.694325038886593,17.708773625984403,16.717778430042205,0.09744516822766336,7,0.7186122461888209,45964
fednova_sgd,0.3,15,103,33,45,Manipulation,7,own_client_rows,1.0,0.065279091769158,0.12255772646536411,0.995291902071563,1.0,0.9976403964134025,1.0,0.9943235572374646,0.9971537001897534,-1.0486014229910714,8.22920855014191,1.5709231980250709,0.09744516822766336,4,0.49856473260587075,2897
fednova_sgd,0.3,15,103,33,45,Manipulation,7,validation,0.8835616438356164,0.13257965056526208,0.23056300268096513,0.3222921497184498,1.0,0.4874749498997996,0.33379357956506733,0.9938335046248715,0.4997416020671835,-0.9381899858182651,8.020935623153264,1.544901676315198,0.09744516822766336,4,0.49856473260587075,2897
fednova_sgd,0.3,15,103,33,45,Ip Spoofing,8,own_client_rows,1.0,0.5545212765957447,0.7134302822925578,1.0,0.9997783687943262,0.9998891721157043,1.0,0.3583776595744681,0.5276554087126775,0.5586701690727938,13.697157947729666,-0.2976955251490816,0.0020984855743069464,3,0.24641950549782757,63
fednova_sgd,0.3,15,103,33,45,Ip Spoofing,8,validation,0.5378590078328982,0.24037339556592766,0.33225806451612905,0.1580210448587779,0.9988331388564761,0.2728721708638827,0.3333333333333333,0.024504084014002333,0.04565217391304348,-0.8133767839073439,10.472976453106767,-1.1359084139348745,0.0020984855743069464,3,0.24641950549782757,63
fednova_sgd,0.3,15,103,33,45,Injection,9,own_client_rows,1.0,1.0,1.0,0.9926948051948052,1.0,0.9963340122199593,0.0,0.0,0.0,1.7916276733697873,7.434598259914146,-1.1006010091412,0.010734274613254503,3,0.042880822576579374,0
fednova_sgd,0.3,15,103,33,45,Injection,9,validation,0.3013552068473609,0.9976387249114522,0.4628868803067653,0.2831769436997319,0.9976387249114522,0.44113808405116156,0.0,0.0,0.0,1.6133057505349764,7.667727203549291,-1.4011746421192444,0.010734274613254503,3,0.042880822576579374,0
fednova_sgd,0.3,15,103,33,45,Regular,9,own_client_rows,1.0,0.9912156288603193,0.9955884380313405,1.0,0.9924509310518369,0.9962111644354635,1.0,0.991124124994281,0.9955422794117647,6.485091482419819,6.728928911504323,6.378800001858672,0.010734274613254503,10,0.7143478370064582,180584
fednova_sgd,0.3,15,103,33,45,Regular,9,validation,0.9296565973526617,0.9925563727947811,0.9600773634799873,0.9219990479681781,0.9939247733586566,0.9566118282866128,0.9316827625924777,0.9923676278894191,0.9610681899321671,6.533797422618275,6.784722398223365,6.427357403592642,0.010734274613254503,10,0.7143478370064582,180584
fednova_sgd,0.3,15,103,33,45,DoS,10,own_client_rows,0.9997842657845535,1.0,0.9998921212557086,0.9998561668464581,1.0,0.999928078250863,0.9998561668464581,1.0,0.999928078250863,35.29125795691577,34.57594864867295,35.43376092390132,0.04302965134071462,7,0.7186122461888209,45964
fednova_sgd,0.3,15,103,33,45,DoS,10,validation,0.9999564848458475,0.999825962103248,0.9998912192150379,0.9999347173260217,0.999651924206496,0.9997933007691387,0.9999564876860152,0.99989122631453,0.9999238559354299,16.694325038886593,16.357187969086517,16.717778430042205,0.04302965134071462,7,0.7186122461888209,45964
fednova_sgd,0.3,15,103,33,45,MITM,10,own_client_rows,0.9814171587356721,0.3831056574353412,0.5510885730306946,0.7894864667943978,0.9916951967729908,0.8791129541152077,0.9826366559485531,0.41435883529371886,0.582914093607687,-0.7032709704557155,4.549147896999254,-0.5715606783588904,0.04302965134071462,3,0.20971182100364538,9266
fednova_sgd,0.3,15,103,33,45,MITM,10,validation,0.40088474414155906,0.24842557605393792,0.30675632404739034,0.2440176322418136,0.9761428465584945,0.3904339966513061,0.4035182387222102,0.27702452396828925,0.328515573518429,-1.185211215556582,4.37502604745499,-1.0155687266441153,0.04302965134071462,3,0.20971182100364538,9266
fednova_sgd,0.3,15,103,33,45,Regular,10,own_client_rows,0.750753707007937,0.9937493637381656,0.8553278365329852,0.9942473402975016,0.8410261630866334,0.9112407760779166,0.7579400208110081,0.9936475618446503,0.8599344516492811,6.5288964873574775,2.93889811579011,6.422332372843073,0.04302965134071462,10,0.7143478370064582,180584
fednova_sgd,0.3,15,103,33,45,Regular,10,validation,0.9296565973526617,0.9925563727947811,0.9600773634799873,0.9965298468225314,0.8384402592883138,0.9106750462865086,0.9316827625924777,0.9923676278894191,0.9610681899321671,6.533797422618275,2.9386874605091835,6.427357403592642,0.04302965134071462,10,0.7143478370064582,180584
fednova_sgd,0.3,15,103,33,45,Unauth,11,own_client_rows,0.0,0.0,0.0,1.0,1.0,1.0,1.0,1.0,1.0,-1.7679338657290615,4.615942407448284,1.1707300519125252,0.00046090407893133504,3,0.08081680946476526,2558
fednova_sgd,0.3,15,103,33,45,Unauth,11,validation,0.0,0.0,0.0,0.2521122000675904,0.998661311914324,0.4025903939557474,0.28850664581704455,0.9879518072289156,0.44659606656580936,-1.74093361360481,4.3037004687859515,1.1691667998491362,0.00046090407893133504,3,0.08081680946476526,2558
fednova_sgd,0.3,15,103,33,45,Injection,12,own_client_rows,0.9972144846796658,0.9972144846796658,0.9972144846796658,0.9972222222222222,1.0,0.9986091794158554,0.0,0.0,0.0,1.8783198704626567,4.040074425487465,-0.9782821952798573,0.02056115885517194,3,0.042880822576579374,0
fednova_sgd,0.3,15,103,33,45,Injection,12,validation,0.3013552068473609,0.9976387249114522,0.4628868803067653,0.2883959044368601,0.9976387249114522,0.44744506221869207,0.0,0.0,0.0,1.6133057505349764,3.8237829287190084,-1.4011746421192444,0.02056115885517194,3,0.042880822576579374,0
fednova_sgd,0.3,15,103,33,45,Regular,12,own_client_rows,0.8232375028947629,0.9919872433725334,0.8997685854787388,0.9996580361504641,0.8157464620291011,0.8983865656898254,0.8311007182228161,0.9917879210683676,0.9043620501635768,6.532856218544449,2.386667605531817,6.425472845450469,0.02056115885517194,10,0.7143478370064582,180584
fednova_sgd,0.3,15,103,33,45,Regular,12,validation,0.9296565973526617,0.9925563727947811,0.9600773634799873,0.9997965530270003,0.8116030930571366,0.8959237423047247,0.9316827625924777,0.9923676278894191,0.9610681899321671,6.533797422618275,2.392590805722325,6.427357403592642,0.02056115885517194,10,0.7143478370064582,180584
fednova_sgd,0.3,15,103,33,45,Replay,12,own_client_rows,1.0,0.9051509769094138,0.950214432220772,0.9961075725406936,1.0,0.9980499911363233,0.0,0.0,0.0,1.1223387370948046,9.383884463809947,-1.7423420501221136,0.02056115885517194,2,0.09851394479010958,0
fednova_sgd,0.3,15,103,33,45,Replay,12,validation,0.4337448559670782,0.9714285714285714,0.5997155049786629,0.35974801061007955,1.0,0.5291392343330895,0.0,0.0,0.0,1.2568025228614632,9.701717309907835,-1.6348918580789171,0.02056115885517194,2,0.09851394479010958,0
fednova_sgd,0.3,15,103,33,45,Video,12,own_client_rows,0.9924588211946815,0.3135423197492163,0.47653532802896753,0.7757018440130394,0.9995611285266458,0.8735172451579323,0.9917998317914214,0.29573667711598745,0.4556167294504008,-0.7086315937102028,6.025316785854232,-0.7261813995456995,0.02056115885517194,2,0.1773597033098587,4194
fednova_sgd,0.3,15,103,33,45,Video,12,validation,0.8877089923181202,0.3270895770895771,0.47803869083830147,0.21441965960030718,0.9995004995004995,0.353091684434968,0.8860276585598474,0.3093573093573094,0.4585955818832531,-0.6118409178711913,5.9621049523393275,-0.6285446934250645,0.02056115885517194,2,0.1773597033098587,4194
fednova_sgd,0.3,15,103,33,45,DoS,13,own_client_rows,1.0,0.9998914742142733,0.9999457341625153,1.0,0.9999131793714187,0.9999565878011721,1.0,0.9999131793714187,0.9999565878011721,17.736146174737367,17.731304949657602,17.77763397169105,0.022314547732640286,7,0.7186122461888209,45964
fednova_sgd,0.3,15,103,33,45,DoS,13,validation,0.9999564848458475,0.999825962103248,0.9998912192150379,0.9999782391086739,0.9996954336806839,0.9998368163966884,0.9999564876860152,0.99989122631453,0.9999238559354299,16.694325038886593,16.735131826908436,16.717778430042205,0.022314547732640286,7,0.7186122461888209,45964
fednova_sgd,0.3,15,103,33,45,MITM,13,own_client_rows,1.0,0.1158966327329679,0.20771929824561403,1.0,0.01644479248238058,0.032357473035439135,0.9938650306748467,0.25371965544244324,0.40424204616344356,-1.470484985255971,-1.953482129747455,-0.9487269318654562,0.022314547732640286,3,0.20971182100364538,9266
fednova_sgd,0.3,15,103,33,45,MITM,13,validation,0.40088474414155906,0.24842557605393792,0.30675632404739034,0.350647213690215,0.47366081351411427,0.4029751961927574,0.4035182387222102,0.27702452396828925,0.328515573518429,-1.185211215556582,-0.11364506534040261,-1.0155687266441153,0.022314547732640286,3,0.20971182100364538,9266
fednova_sgd,0.3,15,103,33,45,Unauth,13,own_client_rows,0.0,0.0,0.0,0.3345724907063197,1.0,0.5013927576601671,0.3986013986013986,0.9952380952380953,0.5692237857467091,-1.783336433531746,3.6663775731646826,1.1126251705109127,0.022314547732640286,3,0.08081680946476526,2558
fednova_sgd,0.3,15,103,33,45,Unauth,13,validation,0.0,0.0,0.0,0.254168084382443,1.0,0.4053174172544764,0.28850664581704455,0.9879518072289156,0.44659606656580936,-1.74093361360481,3.4552264232712098,1.1691667998491362,0.022314547732640286,3,0.08081680946476526,2558
fednova_sgd,0.3,15,103,33,45,Regular,14,own_client_rows,1.0,0.9930062380038388,0.9964908479146728,1.0,0.9987643953934741,0.9993818157811027,1.0,0.9928982725527831,0.9964364827121256,6.510591380289557,9.571230557784009,6.403242267162008,0.07795278593493765,10,0.7143478370064582,180584
fednova_sgd,0.3,15,103,33,45,Regular,14,validation,0.9296565973526617,0.9925563727947811,0.9600773634799873,0.8818384389512485,0.9990503771948968,0.9367922415151942,0.9316827625924777,0.9923676278894191,0.9610681899321671,6.533797422618275,9.599149724015872,6.427357403592642,0.07795278593493765,10,0.7143478370064582,180584
fednova_sgd,0.3,15,103,33,45,Replay,14,own_client_rows,1.0,0.9740990990990991,0.9868796349115802,0.9240374609781478,1.0,0.9605191995673337,0.0,0.0,0.0,1.286405271238035,10.37447872677365,-1.5993930026217624,0.07795278593493765,2,0.09851394479010958,0
fednova_sgd,0.3,15,103,33,45,Replay,14,validation,0.4337448559670782,0.9714285714285714,0.5997155049786629,0.34455382661162276,1.0,0.5125177137458667,0.0,0.0,0.0,1.2568025228614632,10.47265625,-1.6348918580789171,0.07795278593493765,2,0.09851394479010958,0
fednova_sgd,0.3,15,103,44,45,Ip Spoofing,0,own_client_rows,0.9402654867256637,0.481859410430839,0.6371814092953523,0.7257769652650823,0.9002267573696145,0.8036437246963563,0.9323843416370107,0.5941043083900227,0.7257617728531855,0.599962922180591,2.503025461486678,0.6210291163991638,0.09995339799323015,3,0.24641950549782757,249
fednova_sgd,0.3,15,103,44,45,Ip Spoofing,0,validation,0.5305164319248826,0.13185530921820304,0.21121495327102804,0.4673829623944743,0.7106184364060677,0.5638888888888889,0.6626506024096386,0.19253208868144692,0.298372513562387,-0.6185945134735997,0.34040001031259115,-0.8102737480172477,0.09995339799323015,3,0.24641950549782757,249
fednova_sgd,0.3,15,103,44,45,Manipulation,0,own_client_rows,0.6975512905360688,0.9906015037593985,0.8186407766990291,0.8993288590604027,0.7556390977443609,0.8212461695607763,0.8343558282208589,0.2556390977443609,0.39136690647482014,1.0581157942463582,1.7895473394178807,-0.4466532370201627,0.09995339799323015,4,0.49856473260587075,425
fednova_sgd,0.3,15,103,44,45,Manipulation,0,validation,0.34691669671835557,0.9886947584789312,0.5136145221569675,0.359314538419016,0.6680369989722508,0.4672897196261682,0.72,0.31449126413155193,0.43776824034334766,0.9181573599240027,1.2325362296658209,-0.4260785493919318,0.09995339799323015,4,0.49856473260587075,425
fednova_sgd,0.3,15,103,44,45,Password Cracking,0,own_client_rows,1.0,0.9999929659198818,0.9999964829475713,1.0,0.9999929659198818,0.9999964829475713,1.0,0.9999929659198818,0.9999964829475713,13.040121919017954,14.587103536163964,13.342504404543137,0.09995339799323015,1,0.09995339799323015,0
fednova_sgd,0.3,15,103,44,45,Password Cracking,0,validation,0.0,0.0,0.0,0.0,0.0,0.0,0.0,0.0,0.0,nan,nan,nan,0.09995339799323015,1,0.09995339799323015,0
fednova_sgd,0.3,15,103,44,45,Regular,0,own_client_rows,1.0,0.9944633550373583,0.9972239926350825,1.0,0.9963418595782545,0.9981675781609277,1.0,0.9940255081142921,0.9970038036818507,6.825062747392339,7.879211600780709,7.060590074866528,0.09995339799323015,10,0.7143478370064582,180246
fednova_sgd,0.3,15,103,44,45,Regular,0,validation,0.9309101167724128,0.9926153555777069,0.9607730075359671,0.9106031012938244,0.995470122271309,0.9511472795259283,0.9330803457496977,0.9919960363569874,0.9616366531632108,6.817141864375726,7.8555166735111275,7.048243918967241,0.09995339799323015,10,0.7143478370064582,180246
fednova_sgd,0.3,15,103,44,45,Injection,1,own_client_rows,1.0,0.9980059820538385,0.999001996007984,0.9960278053624627,1.0,0.9980099502487563,0.0,0.0,0.0,1.2129188606056829,9.179570663010967,-1.1922603770719093,0.011585389108152933,3,0.042880822576579374,0
fednova_sgd,0.3,15,103,44,45,Injection,1,validation,0.30272596843615496,0.9964580873671782,0.4643741403026135,0.2797225891677675,1.0,0.43716129032258066,0.0,0.0,0.0,1.000806499963105,9.791887267561984,-1.510205769904811,0.011585389108152933,3,0.042880822576579374,0
fednova_sgd,0.3,15,103,44,45,Regular,1,own_client_rows,1.0,0.9898356130003765,0.9948918458724854,1.0,0.9923035094323838,0.9961368885156414,1.0,0.9891663529510185,0.9945536746924614,6.769800073265675,7.2321647752227385,7.0005656481038505,0.011585389108152933,10,0.7143478370064582,180246
fednova_sgd,0.3,15,103,44,45,Regular,1,validation,0.9309101167724128,0.9926153555777069,0.9607730075359671,0.9207321404179757,0.9939601630284121,0.9559458370914949,0.9330803457496977,0.9919960363569874,0.9616366531632108,6.817141864375726,7.280697981056205,7.048243918967241,0.011585389108152933,10,0.7143478370064582,180246
fednova_sgd,0.3,15,103,44,45,DoS,2,own_client_rows,1.0,0.9998490828222082,0.9999245357166757,1.0,1.0,1.0,1.0,0.999843387834367,0.9999216877848607,12.934083174140627,16.238754356665698,13.292441107151909,0.16333305737999984,7,0.7186122461888209,45964
fednova_sgd,0.3,15,103,44,45,DoS,2,validation,0.9998912144815282,0.99978245262906,0.9998368305975264,0.998262644689122,1.0,0.999130567087617,0.9999347315290227,0.999869471577436,0.9999021004884098,14.299614822182217,17.679356632543456,14.680708060605978,0.16333305737999984,7,0.7186122461888209,45964
fednova_sgd,0.3,15,103,44,45,DoS,3,own_client_rows,1.0,0.9999866086374288,0.999993304273882,0.9999933043635463,1.0,0.9999966521705652,1.0,0.9999866086374288,0.999993304273882,17.32214816287245,19.835139615416807,18.935005858721127,0.09132365512282559,7,0.7186122461888209,45964
fednova_sgd,0.3,15,103,44,45,DoS,3,validation,0.9998912144815282,0.99978245262906,0.9998368305975264,0.9998912381449578,1.0,0.9999456161150327,0.9999347315290227,0.999869471577436,0.9999021004884098,14.299614822182217,14.252791319723933,14.680708060605978,0.09132365512282559,7,0.7186122461888209,45964
fednova_sgd,0.3,15,103,44,45,Regular,3,own_client_rows,1.0,0.9919586444572085,0.9959630911188004,1.0,0.9991916097602485,0.9995956414403677,1.0,0.9913842619184376,0.9956734929333718,6.784200462331408,9.468880964537197,7.014638153958453,0.09132365512282559,10,0.7143478370064582,180246
fednova_sgd,0.3,15,103,44,45,Regular,3,validation,0.9309101167724128,0.9926153555777069,0.9607730075359671,0.8821091219629039,0.9991801393173333,0.9370020161346081,0.9330803457496977,0.9919960363569874,0.9616366531632108,6.817141864375726,9.505958943006412,7.048243918967241,0.09132365512282559,10,0.7143478370064582,180246
fednova_sgd,0.3,15,103,44,45,DoS,4,own_client_rows,0.9999889489940822,0.999900549738943,0.9999447474127976,1.0,0.9998563496229178,0.9999281696522306,0.999994474497041,0.9999060747534462,0.9999502726715178,13.140550617334043,13.83589554981664,13.474921527528386,0.14436762193029046,7,0.7186122461888209,45964
fednova_sgd,0.3,15,103,44,45,DoS,4,validation,0.9998912144815282,0.99978245262906,0.9998368305975264,0.9999782196763444,0.9988034894598299,0.9993905093600348,0.9999347315290227,0.999869471577436,0.9999021004884098,14.299614822182217,14.668446249483326,14.680708060605978,0.14436762193029046,7,0.7186122461888209,45964
fednova_sgd,0.3,15,103,44,45,Ip Spoofing,4,own_client_rows,0.9403437815975733,0.4411764705882353,0.6005812076202777,0.9414024975984631,0.4648956356736243,0.6224198158145443,0.9420654911838791,0.532258064516129,0.6802061230675962,0.5190530447625119,0.8438768187781666,0.5141135981232211,0.14436762193029046,3,0.24641950549782757,249
fednova_sgd,0.3,15,103,44,45,Ip Spoofing,4,validation,0.5305164319248826,0.13185530921820304,0.21121495327102804,0.5351170568561873,0.1866977829638273,0.2768166089965398,0.6626506024096386,0.19253208868144692,0.298372513562387,-0.6185945134735997,-0.6569762969935093,-0.8102737480172477,0.14436762193029046,3,0.24641950549782757,249
fednova_sgd,0.3,15,103,44,45,MITM,4,own_client_rows,0.9801497088993624,0.3044137147186967,0.4645485125617576,0.8290811953602651,0.9994833732284008,0.9063424765563389,0.9802053509724553,0.3419552601215795,0.5070282278141637,-1.0690827996314192,5.219884459920525,-1.0741749157656193,0.14436762193029046,3,0.20971182100364538,10363
fednova_sgd,0.3,15,103,44,45,MITM,4,validation,0.41303103171876787,0.26724457286804476,0.32451641925326136,0.22947973927398355,0.9990368229977032,0.37322852081488045,0.4190871369294606,0.32177520930577164,0.36404023470243085,-1.1816553400032184,5.434451470986608,-1.1437765159474096,0.14436762193029046,3,0.20971182100364538,10363
fednova_sgd,0.3,15,103,44,45,Manipulation,4,own_client_rows,0.4555045871559633,0.993,0.6245283018867924,0.4650398873768184,0.991,0.6330245927818589,0.5782178217821782,0.292,0.38803986710963456,1.0162432250976563,1.4757174682617187,-0.38974235534667967,0.14436762193029046,4,0.49856473260587075,425
fednova_sgd,0.3,15,103,44,45,Manipulation,4,validation,0.34691669671835557,0.9886947584789312,0.5136145221569675,0.3498896247240618,0.9773895169578622,0.5153075047412625,0.72,0.31449126413155193,0.43776824034334766,0.9181573599240027,1.310631684384635,-0.4260785493919318,0.14436762193029046,4,0.49856473260587075,425
fednova_sgd,0.3,15,103,44,45,Regular,4,own_client_rows,0.6400827461130107,0.9930681751568087,0.7784287371770571,0.9996445265982973,0.8242423354241163,0.9035092651346597,0.650449914050571,0.9926138695116947,0.7859044944798018,6.828860956826309,2.985827034918335,7.062410180751363,0.14436762193029046,10,0.7143478370064582,180246
fednova_sgd,0.3,15,103,44,45,Regular,4,validation,0.9309101167724128,0.9926153555777069,0.9607730075359671,0.9999274505394052,0.8129420022295492,0.8967915725914021,0.9330803457496977,0.9919960363569874,0.9616366531632108,6.817141864375726,2.922823617678578,7.048243918967241,0.14436762193029046,10,0.7143478370064582,180246
fednova_sgd,0.3,15,103,44,45,DoS,5,own_client_rows,0.9998521912645038,0.9995320888538639,0.9996921144349068,0.9998768776163507,0.9999753730975718,0.9999261229314421,0.9998522385854307,0.9998522385854307,0.9998522385854307,20.102572202999557,19.071242069367827,20.932440325937055,0.15679854445468674,7,0.7186122461888209,45964
fednova_sgd,0.3,15,103,44,45,DoS,5,validation,0.9998912144815282,0.99978245262906,0.9998368305975264,0.9999347244282948,0.999760697891966,0.9998477035876684,0.9999347315290227,0.999869471577436,0.9999021004884098,14.299614822182217,11.341615146463768,14.680708060605978,0.15679854445468674,7,0.7186122461888209,45964
fednova_sgd,0.3,15,103,44,45,Manipulation,5,own_client_rows,0.9859154929577465,0.9859154929577465,0.9859154929577465,0.9044585987261147,1.0,0.9498327759197325,1.0,0.24748490945674045,0.3967741935483871,1.0121804742026377,8.773410973654427,-0.47212291387485067,0.15679854445468674,4,0.49856473260587075,425
fednova_sgd,0.3,15,103,44,45,Manipulation,5,validation,0.34691669671835557,0.9886947584789312,0.5136145221569675,0.32727884291960985,1.0,0.4931576279776989,0.72,0.31449126413155193,0.43776824034334766,0.9181573599240027,8.488767523927287,-0.4260785493919318,0.15679854445468674,4,0.49856473260587075,425
fednova_sgd,0.3,15,103,44,45,Regular,5,own_client_rows,0.9503725782414307,0.9923477029492661,0.9709066756494946,0.9904916821864416,0.9807311503343746,0.9855872515692166,0.9515316404675535,0.9918847525938836,0.9712892503738131,6.832608418280509,5.218442868364054,7.064444531301668,0.15679854445468674,10,0.7143478370064582,180246
fednova_sgd,0.3,15,103,44,45,Regular,5,validation,0.9309101167724128,0.9926153555777069,0.9607730075359671,0.9723391215526047,0.9825705876454663,0.977428080242676,0.9330803457496977,0.9919960363569874,0.9616366531632108,6.817141864375726,5.2105480408315685,7.048243918967241,0.15679854445468674,10,0.7143478370064582,180246
fednova_sgd,0.3,15,103,44,45,Video,5,own_client_rows,0.9776699029126213,0.366286471459378,0.5329150050085997,0.881529098330604,0.9370469484787861,0.9084405934359336,0.9748555618846123,0.311257761957962,0.4718578912127299,-0.42828330130392367,5.185029770579743,-0.6162765547728024,0.15679854445468674,2,0.1773597033098587,3542
fednova_sgd,0.3,15,103,44,45,Video,5,validation,0.9109188683656769,0.32434232434232435,0.47835962919761804,0.43897419661231596,0.9234099234099234,0.5950643776824034,0.9102202145680407,0.2683982683982684,0.41455574128841455,-0.5404760238134262,5.101094706075175,-0.7332510832266692,0.15679854445468674,2,0.1773597033098587,3542
fednova_sgd,0.3,15,103,44,45,Regular,6,own_client_rows,1.0,0.9925258316328183,0.9962488976310753,1.0,0.9983075826774204,0.9991530746631547,1.0,0.9919104071518803,0.9959387767546801,6.865496684027356,9.01292555894309,7.098998159499325,0.05804135765319363,10,0.7143478370064582,180246
fednova_sgd,0.3,15,103,44,45,Regular,6,validation,0.9309101167724128,0.9926153555777069,0.9607730075359671,0.8917202483451555,0.9987849546717313,0.9422209115341171,0.9330803457496977,0.9919960363569874,0.9616366531632108,6.817141864375726,8.979684601549183,7.048243918967241,0.05804135765319363,10,0.7143478370064582,180246
fednova_sgd,0.3,15,103,44,45,Unauth,6,own_client_rows,0.0,0.0,0.0,0.9916349809885932,1.0,0.9957999236349752,0.9992248062015504,0.9884969325153374,0.9938319198149576,-1.103390184648198,9.719301188650308,1.2850895981115797,0.05804135765319363,3,0.08081680946476526,2453
fednova_sgd,0.3,15,103,44,45,Unauth,6,validation,0.0,0.0,0.0,0.24850299401197604,1.0,0.3980815347721823,0.3004484304932735,0.9866131191432396,0.460625,-1.075221859626821,9.756012493986361,1.3102461011853404,0.05804135765319363,3,0.08081680946476526,2453
fednova_sgd,0.3,15,103,44,45,DoS,7,own_client_rows,1.0,0.9999616237012021,0.9999808114824089,1.0,0.9999952029626503,0.9999976014755723,1.0,0.999947232589153,0.9999736155984582,15.777763621937092,18.2226728147696,16.632042406859522,0.09744516822766336,7,0.7186122461888209,45964
fednova_sgd,0.3,15,103,44,45,DoS,7,validation,0.9998912144815282,0.99978245262906,0.9998368305975264,0.999912981051624,0.999912981051624,0.999912981051624,0.9999347315290227,0.999869471577436,0.9999021004884098,14.299614822182217,16.088330436100897,14.680708060605978,0.09744516822766336,7,0.7186122461888209,45964
fednova_sgd,0.3,15,103,44,45,Manipulation,7,own_client_rows,1.0,0.988647114474929,0.994291151284491,0.999054820415879,1.0,0.9995271867612293,1.0,0.2469252601702933,0.3960546282245827,1.0002618390879996,9.493925818206007,-0.45471985382975105,0.09744516822766336,4,0.49856473260587075,425
fednova_sgd,0.3,15,103,44,45,Manipulation,7,validation,0.34691669671835557,0.9886947584789312,0.5136145221569675,0.3149886694723211,1.0,0.4790743476120138,0.72,0.31449126413155193,0.43776824034334766,0.9181573599240027,9.177822697199383,-0.4260785493919318,0.09744516822766336,4,0.49856473260587075,425
fednova_sgd,0.3,15,103,44,45,Ip Spoofing,8,own_client_rows,1.0,0.425531914893617,0.5970149253731343,1.0,0.9997783687943262,0.9998891721157043,1.0,0.5079787234042553,0.673721340388007,0.3460995153332433,15.88204328388187,0.352645383658984,0.0020984855743069464,3,0.24641950549782757,249
fednova_sgd,0.3,15,103,44,45,Ip Spoofing,8,validation,0.5305164319248826,0.13185530921820304,0.21121495327102804,0.1719911593329315,0.9988331388564761,0.29345217689406927,0.6626506024096386,0.19253208868144692,0.298372513562387,-0.6185945134735997,12.478887106184365,-0.8102737480172477,0.0020984855743069464,3,0.24641950549782757,249
fednova_sgd,0.3,15,103,44,45,Injection,9,own_client_rows,1.0,1.0,1.0,0.991889699918897,1.0,0.995928338762215,0.0,0.0,0.0,1.1734222886217294,9.414242161948078,-1.2174787919051513,0.010734274613254503,3,0.042880822576579374,0
fednova_sgd,0.3,15,103,44,45,Injection,9,validation,0.30272596843615496,0.9964580873671782,0.4643741403026135,0.27861842105263157,1.0,0.43581167995883713,0.0,0.0,0.0,1.000806499963105,10.104364208234946,-1.510205769904811,0.010734274613254503,3,0.042880822576579374,0
fednova_sgd,0.3,15,103,44,45,Regular,9,own_client_rows,1.0,0.9912613807933385,0.9956115157502929,1.0,0.9924966829848562,0.9962342135476464,1.0,0.9907581095301277,0.9953576025004597,6.744323990169053,7.102815763399597,6.97665105501098,0.010734274613254503,10,0.7143478370064582,180246
fednova_sgd,0.3,15,103,44,45,Regular,9,validation,0.9309101167724128,0.9926153555777069,0.9607730075359671,0.9218867119322876,0.9938362991842681,0.9565103856219168,0.9330803457496977,0.9919960363569874,0.9616366531632108,6.817141864375726,7.1838456076351,7.048243918967241,0.010734274613254503,10,0.7143478370064582,180246
fednova_sgd,0.3,15,103,44,45,DoS,10,own_client_rows,0.9998561668464581,1.0,0.999928078250863,0.9998561668464581,1.0,0.999928078250863,0.9998561668464581,1.0,0.999928078250863,25.457256302596562,24.493379351578795,26.305489091832698,0.04302965134071462,7,0.7186122461888209,45964
fednova_sgd,0.3,15,103,44,45,DoS,10,validation,0.9998912144815282,0.99978245262906,0.9998368305975264,0.9998912002785273,0.999651924206496,0.9997715479259816,0.9999347315290227,0.999869471577436,0.9999021004884098,14.299614822182217,13.691026646833597,14.680708060605978,0.04302965134071462,7,0.7186122461888209,45964
fednova_sgd,0.3,15,103,44,45,MITM,10,own_client_rows,0.9825008215576734,0.4053760889461374,0.5739447603964197,0.7732875808367428,0.9930510830141351,0.8694981153355297,0.9817415730337079,0.4501881292159588,0.6173046085198355,-0.6570351296354361,4.650839100263551,-0.6104445686494208,0.04302965134071462,3,0.20971182100364538,10363
fednova_sgd,0.3,15,103,44,45,MITM,10,validation,0.41303103171876787,0.26724457286804476,0.32451641925326136,0.23255444846133497,0.9770319330221531,0.37568730235605824,0.4190871369294606,0.32177520930577164,0.36404023470243085,-1.1816553400032184,4.595190786031155,-1.1437765159474096,0.04302965134071462,3,0.20971182100364538,10363
fednova_sgd,0.3,15,103,44,45,Regular,10,own_client_rows,0.7588366959927877,0.993973327903899,0.8606334123703162,0.9950881673952552,0.8249618242899318,0.9020738481404383,0.7679257160843563,0.9934643184363229,0.866255381474413,6.806937083248498,3.1001282067596456,7.039453602196376,0.04302965134071462,10,0.7143478370064582,180246
fednova_sgd,0.3,15,103,44,45,Regular,10,validation,0.9309101167724128,0.9926153555777069,0.9607730075359671,0.9966482043952117,0.8225502975681399,0.9012686369423458,0.9330803457496977,0.9919960363569874,0.9616366531632108,6.817141864375726,3.1112982188858447,7.048243918967241,0.04302965134071462,10,0.7143478370064582,180246
fednova_sgd,0.3,15,103,44,45,Unauth,11,own_client_rows,0.0,0.0,0.0,1.0,1.0,1.0,1.0,1.0,1.0,-1.1011127737528381,5.1980850111945,1.3119229067466573,0.00046090407893133504,3,0.08081680946476526,2453
fednova_sgd,0.3,15,103,44,45,Unauth,11,validation,0.0,0.0,0.0,0.24467736652472977,1.0,0.3931578947368421,0.3004484304932735,0.9866131191432396,0.460625,-1.075221859626821,4.960367450433243,1.3102461011853404,0.00046090407893133504,3,0.08081680946476526,2453
fednova_sgd,0.3,15,103,44,45,Injection,12,own_client_rows,0.9972144846796658,0.9972144846796658,0.9972144846796658,0.9972222222222222,1.0,0.9986091794158554,0.0,0.0,0.0,1.270649349457042,4.964833549138231,-1.0729905662430361,0.02056115885517194,3,0.042880822576579374,0
fednova_sgd,0.3,15,103,44,45,Injection,12,validation,0.30272596843615496,0.9964580873671782,0.4643741403026135,0.2866350067842605,0.9976387249114522,0.4453227931488801,0.0,0.0,0.0,1.000806499963105,4.7315433146399055,-1.510205769904811,0.02056115885517194,3,0.042880822576579374,0
fednova_sgd,0.3,15,103,44,45,Regular,12,own_client_rows,0.8225726470296538,0.991907514450867,0.8993385621859977,0.9994581013843047,0.8087701813832968,0.8940595804688877,0.8250356562406713,0.9915885987642017,0.9006771191657312,6.7943336795520235,2.620196575782963,7.0290375613538965,0.02056115885517194,10,0.7143478370064582,180246
fednova_sgd,0.3,15,103,44,45,Regular,12,validation,0.9309101167724128,0.9926153555777069,0.9607730075359671,0.9998900712338404,0.8047433954028819,0.8917654979035469,0.9330803457496977,0.9919960363569874,0.9616366531632108,6.817141864375726,2.6306472443428137,7.048243918967241,0.02056115885517194,10,0.7143478370064582,180246
fednova_sgd,0.3,15,103,44,45,Replay,12,own_client_rows,0.0,0.0,0.0,0.9957552175451008,1.0,0.9978730946472882,0.9995881383855024,0.8621669626998224,0.9258058363532329,-1.2807113295126553,12.162723412522203,0.5240775560612788,0.02056115885517194,2,0.09851394479010958,2284
fednova_sgd,0.3,15,103,44,45,Replay,12,validation,1.0,0.0009216589861751152,0.001841620626151013,0.35411227154047,1.0,0.5230175946011087,0.4426444833625219,0.9317972350230415,0.6001780943900267,-1.2387725689444125,12.530515552995391,0.6137364541330645,0.02056115885517194,2,0.09851394479010958,2284
fednova_sgd,0.3,15,103,44,45,Video,12,own_client_rows,0.9930098684210527,0.3028213166144201,0.4641106947247045,0.7691453940066593,0.9993103448275862,0.8692498568429089,0.9919638372677047,0.2476489028213166,0.39634758177804535,-0.6523670036292001,5.998230462627351,-0.8531251262796337,0.02056115885517194,2,0.1773597033098587,3542
fednova_sgd,0.3,15,103,44,45,Video,12,validation,0.9109188683656769,0.32434232434232435,0.47835962919761804,0.21005492775425952,0.9996669996669997,0.3471623926681893,0.9102202145680407,0.2683982683982684,0.41455574128841455,-0.5404760238134262,5.971358719405594,-0.7332510832266692,0.02056115885517194,2,0.1773597033098587,3542
fednova_sgd,0.3,15,103,44,45,DoS,13,own_client_rows,1.0,0.9999348845285639,0.9999674412042413,1.0,0.9996744226428199,0.9998371848169415,1.0,0.9999131793714187,0.9999565878011721,15.032955635337082,14.632235278477166,15.400828458716791,0.022314547732640286,7,0.7186122461888209,45964
fednova_sgd,0.3,15,103,44,45,DoS,13,validation,0.9998912144815282,0.99978245262906,0.9998368305975264,1.0,0.9986947157743599,0.9993469316672835,0.9999347315290227,0.999869471577436,0.9999021004884098,14.299614822182217,13.923560482248135,14.680708060605978,0.022314547732640286,7,0.7186122461888209,45964
fednova_sgd,0.3,15,103,44,45,MITM,13,own_client_rows,1.0,0.10101801096319499,0.18349928876244664,1.0,0.010180109631949883,0.020155038759689922,0.9909638554216867,0.2576350822239624,0.4089496581727781,-2.0828391891395848,-2.866497329556578,-1.588821877141249,0.022314547732640286,3,0.20971182100364538,10363
fednova_sgd,0.3,15,103,44,45,MITM,13,validation,0.41303103171876787,0.26724457286804476,0.32451641925326136,0.35792393449618604,0.4971475142624287,0.4162014638382335,0.4190871369294606,0.32177520930577164,0.36404023470243085,-1.1816553400032184,-0.166359496627144,-1.1437765159474096,0.022314547732640286,3,0.20971182100364538,10363
fednova_sgd,0.3,15,103,44,45,Unauth,13,own_client_rows,0.0,0.0,0.0,0.3312302839116719,1.0,0.4976303317535545,0.399234693877551,0.9936507936507937,0.5696087352138307,-1.1319902692522321,3.8082798549107144,1.2475678943452382,0.022314547732640286,3,0.08081680946476526,2453
fednova_sgd,0.3,15,103,44,45,Unauth,13,validation,0.0,0.0,0.0,0.24451718494271685,1.0,0.3929510783798001,0.3004484304932735,0.9866131191432396,0.460625,-1.075221859626821,3.7097705601050035,1.3102461011853404,0.022314547732640286,3,0.08081680946476526,2453
fednova_sgd,0.3,15,103,44,45,Regular,14,own_client_rows,1.0,0.99322216890595,0.9965995606511991,1.0,0.9988843570057582,0.9994418671643851,1.0,0.992748320537428,0.9963609657136149,6.777569029473069,10.186481099485665,7.011965690510286,0.07795278593493765,10,0.7143478370064582,180246
fednova_sgd,0.3,15,103,44,45,Regular,14,validation,0.9309101167724128,0.9926153555777069,0.9607730075359671,0.879382663496579,0.9991624444824556,0.9354538551805066,0.9330803457496977,0.9919960363569874,0.9616366531632108,6.817141864375726,10.221843024880412,7.048243918967241,0.07795278593493765,10,0.7143478370064582,180246
fednova_sgd,0.3,15,103,44,45,Replay,14,own_client_rows,0.0,0.0,0.0,0.9070480081716037,1.0,0.9512587038028923,1.0,0.9594594594594594,0.9793103448275862,-1.1721592808628942,12.279444239161036,0.6614329020182291,0.07795278593493765,2,0.09851394479010958,2284
fednova_sgd,0.3,15,103,44,45,Replay,14,validation,1.0,0.0009216589861751152,0.001841620626151013,0.33653846153846156,1.0,0.5035971223021583,0.4426444833625219,0.9317972350230415,0.6001780943900267,-1.2387725689444125,12.45832013248848,0.6137364541330645,0.07795278593493765,2,0.09851394479010958,2284
fednova_sgd,0.3,15,103,55,45,Ip Spoofing,0,own_client_rows,0.9371633752244165,0.5918367346938775,0.7255038220986796,0.7724770642201835,0.9546485260770975,0.8539553752535497,0.9423963133640553,0.463718820861678,0.621580547112462,0.6140160247041525,2.4203738950007088,0.6074278262737387,0.09995339799323015,3,0.24641950549782757,256
fednova_sgd,0.3,15,103,55,45,Ip Spoofing,0,validation,0.6015625,0.17969661610268378,0.27672955974842767,0.5718701700154559,0.8634772462077013,0.6880520688052069,0.6796875,0.20303383897316218,0.31266846361185985,-1.0043530102510574,0.649462634234612,-0.6597060712104361,0.09995339799323015,3,0.24641950549782757,256
fednova_sgd,0.3,15,103,55,45,Manipulation,0,own_client_rows,0.7711864406779662,0.17105263157894737,0.28,0.95,0.7857142857142857,0.8600823045267489,0.6900393184796855,0.9896616541353384,0.8131274131274131,-0.8181163816523731,1.2626817746269972,1.339433827794584,0.09995339799323015,4,0.49856473260587075,2718
fednova_sgd,0.3,15,103,55,45,Manipulation,0,validation,0.7368421052631579,0.2446043165467626,0.36728395061728397,0.38002296211251435,0.6803699897225077,0.4876611418047882,0.3550404709345107,0.9917780061664954,0.5228935247900298,-0.7127942107809289,0.8205152866406652,1.2124295366998812,0.09995339799323015,4,0.49856473260587075,2718
fednova_sgd,0.3,15,103,55,45,Password Cracking,0,own_client_rows,1.0,0.9999929659198818,0.9999964829475713,1.0,0.9999929659198818,0.9999964829475713,1.0,0.9999929659198818,0.9999964829475713,12.903691655602644,14.816172442397479,13.306445868906728,0.09995339799323015,1,0.09995339799323015,0
fednova_sgd,0.3,15,103,55,45,Password Cracking,0,validation,0.0,0.0,0.0,0.0,0.0,0.0,0.0,0.0,0.0,nan,nan,nan,0.09995339799323015,1,0.09995339799323015,0
fednova_sgd,0.3,15,103,55,45,Regular,0,own_client_rows,1.0,0.9944633550373583,0.9972239926350825,1.0,0.9966525896526885,0.9983234888409437,1.0,0.9945622236974054,0.9972736993421472,6.336251747304947,7.356032568947649,6.404769425264121,0.09995339799323015,10,0.7143478370064582,180933
fednova_sgd,0.3,15,103,55,45,Regular,0,validation,0.9327554577650182,0.99266844008234,0.9617797995268192,0.9122948294591658,0.9956352740635008,0.95214485151028,0.9303554354374272,0.9928689815442873,0.9605962211176864,6.324242337353133,7.337621792534697,6.391430431788992,0.09995339799323015,10,0.7143478370064582,180933
fednova_sgd,0.3,15,103,55,45,Injection,1,own_client_rows,1.0,0.9980059820538385,0.999001996007984,0.9901283316880553,1.0,0.9950396825396826,0.0,0.0,0.0,1.3777455475370763,8.237394262524925,-1.2511007018008475,0.011585389108152933,3,0.042880822576579374,0
fednova_sgd,0.3,15,103,55,45,Injection,1,validation,0.2934027777777778,0.9976387249114522,0.4534478132546284,0.27580592640833607,1.0,0.43236345074017357,0.0,0.0,0.0,1.1787265025457496,8.549414408389906,-1.558920039477568,0.011585389108152933,3,0.042880822576579374,0
fednova_sgd,0.3,15,103,55,45,Regular,1,own_client_rows,1.0,0.9900029280127159,0.9949763531266421,1.0,0.9919688794077048,0.995968249968502,1.0,0.9903793867904798,0.9951664425016813,6.308057053193756,6.730816022601905,6.374583377041112,0.011585389108152933,10,0.7143478370064582,180933
fednova_sgd,0.3,15,103,55,45,Regular,1,validation,0.9327554577650182,0.99266844008234,0.9617797995268192,0.9240571600976439,0.9935708766611027,0.9575540876999511,0.9303554354374272,0.9928689815442873,0.9605962211176864,6.324242337353133,6.746694447019821,6.391430431788992,0.011585389108152933,10,0.7143478370064582,180933
fednova_sgd,0.3,15,103,55,45,DoS,2,own_client_rows,1.0,0.9998319978586846,0.9999159918725696,1.0,1.0,1.0,1.0,0.9998319978586846,0.9999159918725696,14.196561209506857,17.181574342905183,14.293083339384259,0.16333305737999984,7,0.7186122461888209,45959
fednova_sgd,0.3,15,103,55,45,DoS,2,validation,0.9999564857926113,0.999847716840342,0.9999020983585158,0.9969419623492669,1.0,0.9984686396959,0.9999564829521965,0.99978245262906,0.9998694602180014,16.34789623194357,19.496566405655145,16.412880435964933,0.16333305737999984,7,0.7186122461888209,45959
fednova_sgd,0.3,15,103,55,45,DoS,3,own_client_rows,1.0,0.9999799129561433,0.9999899563771983,0.9999933043635463,1.0,0.9999966521705652,1.0,0.9999799129561433,0.9999899563771983,22.795571172999665,24.758983747279878,22.911164970078673,0.09132365512282559,7,0.7186122461888209,45959
fednova_sgd,0.3,15,103,55,45,DoS,3,validation,0.9999564857926113,0.999847716840342,0.9999020983585158,0.9999564876860152,0.99989122631453,0.9999238559354299,0.9999564829521965,0.99978245262906,0.9998694602180014,16.34789623194357,16.637883520718667,16.412880435964933,0.09132365512282559,7,0.7186122461888209,45959
fednova_sgd,0.3,15,103,55,45,Regular,3,own_client_rows,1.0,0.9920011913119323,0.9959845361925714,1.0,0.9987874146403727,0.9993933395063699,1.0,0.9922777458676367,0.996123906845629,6.306001798934202,8.941367317965941,6.372390701949976,0.09132365512282559,10,0.7143478370064582,180933
fednova_sgd,0.3,15,103,55,45,Regular,3,validation,0.9327554577650182,0.99266844008234,0.9617797995268192,0.8908036000778509,0.9988616322895347,0.9417430376368005,0.9303554354374272,0.9928689815442873,0.9605962211176864,6.324242337353133,8.96062921127854,6.391430431788992,0.09132365512282559,10,0.7143478370064582,180933
fednova_sgd,0.3,15,103,55,45,DoS,4,own_client_rows,0.999994474435978,0.9998950247244399,0.999944747107511,1.0,0.9997734744053703,0.9998867243727707,0.999994474405446,0.9998894997099368,0.9999419843026098,14.504400808939819,12.981292527504213,14.61620618404514,0.14436762193029046,7,0.7186122461888209,45959
fednova_sgd,0.3,15,103,55,45,DoS,4,validation,0.9999564857926113,0.999847716840342,0.9999020983585158,0.99997820828521,0.9982813757695739,0.9991290715903153,0.9999564829521965,0.99978245262906,0.9998694602180014,16.34789623194357,14.609667584218027,16.412880435964933,0.14436762193029046,7,0.7186122461888209,45959
fednova_sgd,0.3,15,103,55,45,Ip Spoofing,4,own_client_rows,0.9366368805848904,0.5469639468690702,0.6906259359089548,0.8601674052191038,0.8287476280834914,0.8441652573085286,0.954119850187266,0.4833965844402277,0.6416876574307305,0.4806392894071691,1.7307478671282022,0.47834349311958907,0.14436762193029046,3,0.24641950549782757,256
fednova_sgd,0.3,15,103,55,45,Ip Spoofing,4,validation,0.6015625,0.17969661610268378,0.27672955974842767,0.5485008818342152,0.7257876312718786,0.6248116524359618,0.6796875,0.20303383897316218,0.31266846361185985,-1.0043530102510574,0.36271373699815856,-0.6597060712104361,0.14436762193029046,3,0.24641950549782757,256
fednova_sgd,0.3,15,103,55,45,MITM,4,own_client_rows,0.9805094003334675,0.29368509876181786,0.4519890805968567,0.8216363095996264,0.9997761283989737,0.9019949039835933,0.980511644744781,0.27985672217534313,0.435432659459025,-1.1082561927607135,5.356107739284299,-1.145727341039055,0.14436762193029046,3,0.20971182100364538,7934
fednova_sgd,0.3,15,103,55,45,MITM,4,validation,0.45158347452104786,0.2567237163814181,0.3273500236183278,0.22431025594119505,0.9993331851522561,0.36638235453903406,0.4083690446180993,0.2400533451878195,0.30236573188371985,-1.193779182193844,5.70804840311736,-1.2384953275206991,0.14436762193029046,3,0.20971182100364538,7934
fednova_sgd,0.3,15,103,55,45,Manipulation,4,own_client_rows,0.5468354430379747,0.216,0.3096774193548387,0.6828844483058211,0.786,0.7308228730822873,0.47468958930276983,0.994,0.6425339366515838,-0.7343500366210938,0.7166920013427734,1.2788533935546875,0.14436762193029046,4,0.49856473260587075,2718
fednova_sgd,0.3,15,103,55,45,Manipulation,4,validation,0.7368421052631579,0.2446043165467626,0.36728395061728397,0.389268805891636,0.7605344295991778,0.5149617258176757,0.3550404709345107,0.9917780061664954,0.5228935247900298,-0.7127942107809289,0.5593270187142697,1.2124295366998812,0.14436762193029046,4,0.49856473260587075,2718
fednova_sgd,0.3,15,103,55,45,Regular,4,own_client_rows,0.6421052631578947,0.9931854153232897,0.7799586836305465,0.9999100929638753,0.814936397209684,0.897996754111862,0.6341041327571046,0.9934198956562519,0.7740981397526522,6.369238086613005,2.4447021126586406,6.434855541567135,0.14436762193029046,10,0.7143478370064582,180933
fednova_sgd,0.3,15,103,55,45,Regular,4,validation,0.9327554577650182,0.99266844008234,0.9617797995268192,1.0,0.8049439368648291,0.8919323425225154,0.9303554354374272,0.9928689815442873,0.9605962211176864,6.324242337353133,2.350637089512087,6.391430431788992,0.14436762193029046,10,0.7143478370064582,180933
fednova_sgd,0.3,15,103,55,45,DoS,5,own_client_rows,0.999876859422717,0.9998276116830025,0.9998522349464352,0.9999261229314421,0.9999753730975718,0.9999507474080823,0.9998521803399852,0.9994582081465794,0.9996551554263757,25.637234568167266,24.532912700709254,25.78168154798552,0.15679854445468674,7,0.7186122461888209,45959
fednova_sgd,0.3,15,103,55,45,DoS,5,validation,0.9999564857926113,0.999847716840342,0.9999020983585158,0.9999564838990427,0.9998042073661539,0.999880339834869,0.9999564829521965,0.99978245262906,0.9998694602180014,16.34789623194357,14.280522278550373,16.412880435964933,0.15679854445468674,7,0.7186122461888209,45959
fednova_sgd,0.3,15,103,55,45,Manipulation,5,own_client_rows,1.0,0.16700201207243462,0.28620689655172415,0.9281045751633987,1.0,0.9627118644067797,0.9909182643794148,0.9879275653923542,0.9894206549118388,-0.836283355651487,7.967567367093184,1.2834721033721863,0.15679854445468674,4,0.49856473260587075,2718
fednova_sgd,0.3,15,103,55,45,Manipulation,5,validation,0.7368421052631579,0.2446043165467626,0.36728395061728397,0.32893847194050035,1.0,0.4950394301704401,0.3550404709345107,0.9917780061664954,0.5228935247900298,-0.7127942107809289,7.7558658987988185,1.2124295366998812,0.15679854445468674,4,0.49856473260587075,2718
fednova_sgd,0.3,15,103,55,45,Regular,5,own_client_rows,0.9537230184898579,0.9924994261749797,0.9727249330372036,0.9804029969612854,0.9865627686765456,0.9834732378143488,0.9517874994404739,0.9926550397398142,0.9717918005221554,6.346021570532335,4.294102711669704,6.412502549995721,0.15679854445468674,10,0.7143478370064582,180933
fednova_sgd,0.3,15,103,55,45,Regular,5,validation,0.9327554577650182,0.99266844008234,0.9617797995268192,0.956694420792164,0.9874366672368335,0.9718224828026587,0.9303554354374272,0.9928689815442873,0.9605962211176864,6.324242337353133,4.280869728091214,6.391430431788992,0.15679854445468674,10,0.7143478370064582,180933
fednova_sgd,0.3,15,103,55,45,Video,5,own_client_rows,0.9778813196229649,0.47439528176881707,0.6388621612637987,0.908194048104362,0.8682220894281483,0.8877583550289571,0.9765983112183353,0.42069162617890826,0.5880622491783036,-0.2724481172469224,3.1771803916378705,-0.5477675628444064,0.15679854445468674,2,0.1773597033098587,4817
fednova_sgd,0.3,15,103,55,45,Video,5,validation,0.8804483188044832,0.412004662004662,0.5613338626439063,0.4741299518696779,0.8528971028971029,0.6094586555621654,0.8972389454017023,0.3598068598068598,0.5136371739259611,-0.4736838377280272,3.1915648641722862,-0.7482341876873126,0.15679854445468674,2,0.1773597033098587,4817
fednova_sgd,0.3,15,103,55,45,Regular,6,own_client_rows,1.0,0.9926715900625142,0.9963223192551985,1.0,0.99800796812749,0.9990029910269193,1.0,0.9928497392543647,0.996412042210312,6.383019165082556,8.474411946345715,6.44883260719824,0.05804135765319363,10,0.7143478370064582,180933
fednova_sgd,0.3,15,103,55,45,Regular,6,validation,0.9327554577650182,0.99266844008234,0.9617797995268192,0.8969116408199597,0.9984841424788105,0.9449763035820945,0.9303554354374272,0.9928689815442873,0.9605962211176864,6.324242337353133,8.429043827341173,6.391430431788992,0.05804135765319363,10,0.7143478370064582,180933
fednova_sgd,0.3,15,103,55,45,Unauth,6,own_client_rows,0.0,0.0,0.0,0.9901290812452543,1.0,0.9950400610454025,0.998468606431853,1.0,0.9992337164750957,-1.290375317532592,9.439387222009202,1.3470375669514474,0.05804135765319363,3,0.08081680946476526,2909
fednova_sgd,0.3,15,103,55,45,Unauth,6,validation,0.0,0.0,0.0,0.24702380952380953,1.0,0.39618138424821003,0.2564455139223101,0.998661311914324,0.40809628008752735,-1.2687060497850777,9.435590424850444,1.3786203775061183,0.05804135765319363,3,0.08081680946476526,2909
fednova_sgd,0.3,15,103,55,45,DoS,7,own_client_rows,1.0,0.9999520296265026,0.9999760142379484,1.0,0.9999904059253005,0.9999952029396386,1.0,0.9999568266638524,0.9999784128659319,18.934722721497202,20.990794728925415,19.083085211573334,0.09744516822766336,7,0.7186122461888209,45959
fednova_sgd,0.3,15,103,55,45,DoS,7,validation,0.9999564857926113,0.999847716840342,0.9999020983585158,0.9998694829348937,0.999956490525812,0.9999129848376079,0.9999564829521965,0.99978245262906,0.9998694602180014,16.34789623194357,18.049545181529684,16.412880435964933,0.09744516822766336,7,0.7186122461888209,45959
fednova_sgd,0.3,15,103,55,45,Manipulation,7,own_client_rows,1.0,0.15515610217596973,0.26863226863226863,0.999054820415879,1.0,0.9995271867612293,1.0,0.9820245979186376,0.9909307875894988,-0.839183969777377,8.630956384519868,1.2422811603816817,0.09744516822766336,4,0.49856473260587075,2718
fednova_sgd,0.3,15,103,55,45,Manipulation,7,validation,0.7368421052631579,0.2446043165467626,0.36728395061728397,0.31849427168576105,1.0,0.48311817279046676,0.3550404709345107,0.9917780061664954,0.5228935247900298,-0.7127942107809289,8.404540388336653,1.2124295366998812,0.09744516822766336,4,0.49856473260587075,2718
fednova_sgd,0.3,15,103,55,45,Ip Spoofing,8,own_client_rows,1.0,0.4886968085106383,0.6565430995980348,1.0,0.9997783687943262,0.9998891721157043,1.0,0.41888297872340424,0.5904404873477038,0.19114196215960996,17.69155050507674,0.08614295763326875,0.0020984855743069464,3,0.24641950549782757,256
fednova_sgd,0.3,15,103,55,45,Ip Spoofing,8,validation,0.6015625,0.17969661610268378,0.27672955974842767,0.1495376025126505,1.0,0.2601700060716454,0.6796875,0.20303383897316218,0.31266846361185985,-1.0043530102510574,13.76204351115811,-0.6597060712104361,0.0020984855743069464,3,0.24641950549782757,256
fednova_sgd,0.3,15,103,55,45,Injection,9,own_client_rows,1.0,1.0,1.0,0.9935012185215272,1.0,0.9967400162999185,0.0,0.0,0.0,1.3381473419613654,8.089474844133278,-1.2819682485435404,0.010734274613254503,3,0.042880822576579374,0
fednova_sgd,0.3,15,103,55,45,Injection,9,validation,0.2934027777777778,0.9976387249114522,0.4534478132546284,0.2844190732034923,1.0,0.44287581699346407,0.0,0.0,0.0,1.1787265025457496,8.45768901730372,-1.558920039477568,0.010734274613254503,3,0.042880822576579374,0
fednova_sgd,0.3,15,103,55,45,Regular,9,own_client_rows,1.0,0.9912156288603193,0.9955884380313405,1.0,0.9921306675207028,0.9960497910063847,1.0,0.9913071327263577,0.9956345924087859,6.287710896752185,6.602104999971405,6.354537894753397,0.010734274613254503,10,0.7143478370064582,180933
fednova_sgd,0.3,15,103,55,45,Regular,9,validation,0.9327554577650182,0.99266844008234,0.9617797995268192,0.9253400127436117,0.9936239611657357,0.9582670872286991,0.9303554354374272,0.9928689815442873,0.9605962211176864,6.324242337353133,6.644542931355837,6.391430431788992,0.010734274613254503,10,0.7143478370064582,180933
fednova_sgd,0.3,15,103,55,45,DoS,10,own_client_rows,0.9998561668464581,1.0,0.999928078250863,0.9998561668464581,1.0,0.999928078250863,0.9998561668464581,1.0,0.999928078250863,36.3846297786449,35.61634910181256,36.80440316388549,0.04302965134071462,7,0.7186122461888209,45959
fednova_sgd,0.3,15,103,55,45,DoS,10,validation,0.9999564857926113,0.999847716840342,0.9999020983585158,0.9999347144846796,0.999608414732308,0.9997715379845299,0.9999564829521965,0.99978245262906,0.9998694602180014,16.34789623194357,16.21059724231514,16.412880435964933,0.04302965134071462,7,0.7186122461888209,45959
fednova_sgd,0.3,15,103,55,45,MITM,10,own_client_rows,0.9817789291882556,0.385376766889258,0.5534918818918722,0.7786780723659742,0.9935595403545643,0.8730917593792353,0.981845421697365,0.3776482153147351,0.5454857030943987,-0.6733742374464001,4.675453467149419,-0.6813363367846641,0.04302965134071462,3,0.20971182100364538,7934
fednova_sgd,0.3,15,103,55,45,MITM,10,validation,0.45158347452104786,0.2567237163814181,0.3273500236183278,0.23637436520992777,0.979402830258576,0.38083577015600467,0.4083690446180993,0.2400533451878195,0.30236573188371985,-1.193779182193844,4.598758780886493,-1.2384953275206991,0.04302965134071462,3,0.20971182100364538,7934
fednova_sgd,0.3,15,103,55,45,Regular,10,own_client_rows,0.7583436917339963,0.9937290033594625,0.8602247191011236,0.9954836189639178,0.8302351623740202,0.9053809518523042,0.7524663953631767,0.9938715260103838,0.8564836340986253,6.320504472125369,2.823438722815713,6.388162865532424,0.04302965134071462,10,0.7143478370064582,180933
fednova_sgd,0.3,15,103,55,45,Regular,10,validation,0.9327554577650182,0.99266844008234,0.9617797995268192,0.9970295200329737,0.8275284444470659,0.9044056739691677,0.9303554354374272,0.9928689815442873,0.9605962211176864,6.324242337353133,2.8237661061013632,6.391430431788992,0.04302965134071462,10,0.7143478370064582,180933
fednova_sgd,0.3,15,103,55,45,Unauth,11,own_client_rows,1.0,0.0010090817356205853,0.0020161290322580645,1.0,1.0,1.0,1.0,1.0,1.0,-1.287356102382379,5.910982041498486,1.3535709323363396,0.00046090407893133504,3,0.08081680946476526,2909
fednova_sgd,0.3,15,103,55,45,Unauth,11,validation,0.0,0.0,0.0,0.2505870513250587,1.0,0.4007510729613734,0.2564455139223101,0.998661311914324,0.40809628008752735,-1.2687060497850777,5.679675938454338,1.3786203775061183,0.00046090407893133504,3,0.08081680946476526,2909
fednova_sgd,0.3,15,103,55,45,Injection,12,own_client_rows,0.9972144846796658,0.9972144846796658,0.9972144846796658,0.9972144846796658,0.9972144846796658,0.9972144846796658,0.0,0.0,0.0,1.412732052603804,3.9393997404900767,-1.1492037547332,0.02056115885517194,3,0.042880822576579374,0
fednova_sgd,0.3,15,103,55,45,Injection,12,validation,0.2934027777777778,0.9976387249114522,0.4534478132546284,0.28898768809849523,0.9976387249114522,0.4481569875364625,0.0,0.0,0.0,1.1787265025457496,3.6848527892561984,-1.558920039477568,0.02056115885517194,3,0.042880822576579374,0
fednova_sgd,0.3,15,103,55,45,Regular,12,own_client_rows,0.8335175694235085,0.9919473789117003,0.9058575121045542,0.9997529155959676,0.8064979071158063,0.8927870082301803,0.8287931264153456,0.9921068367550329,0.9031263041387695,6.323833789335011,2.214819311606164,6.389260031517839,0.02056115885517194,10,0.7143478370064582,180933
fednova_sgd,0.3,15,103,55,45,Regular,12,validation,0.9327554577650182,0.99266844008234,0.9617797995268192,0.999860605704895,0.8038468571024118,0.8912030603737187,0.9303554354374272,0.9928689815442873,0.9605962211176864,6.324242337353133,2.215550112025815,6.391430431788992,0.02056115885517194,10,0.7143478370064582,180933
fednova_sgd,0.3,15,103,55,45,Replay,12,own_client_rows,1.0,0.8849023090586146,0.9389370523935168,0.9961075725406936,1.0,0.9980499911363233,0.0,0.0,0.0,0.9129776136489787,9.698320243117228,-1.5311566801731793,0.02056115885517194,2,0.09851394479010958,0
fednova_sgd,0.3,15,103,55,45,Replay,12,validation,0.44018534119629316,0.9631336405529954,0.6042208730847065,0.357495881383855,1.0,0.5266990291262136,0.0,0.0,0.0,1.0587677986391129,10.011193116359447,-1.421309313796083,0.02056115885517194,2,0.09851394479010958,0
fednova_sgd,0.3,15,103,55,45,Video,12,own_client_rows,0.9942511346444781,0.41203761755485896,0.5826241134751773,0.7671766743648961,0.9996865203761756,0.8681330647356672,0.9932167083184577,0.34884012539184955,0.5163325909428359,-0.5520667230970807,5.88989020559855,-0.8322548089580476,0.02056115885517194,2,0.1773597033098587,4817
fednova_sgd,0.3,15,103,55,45,Video,12,validation,0.8804483188044832,0.412004662004662,0.5613338626439063,0.20970388993644806,0.99991674991675,0.34669784089597044,0.8972389454017023,0.3598068598068598,0.5136371739259611,-0.4736838377280272,5.851960376862721,-0.7482341876873126,0.02056115885517194,2,0.1773597033098587,4817
fednova_sgd,0.3,15,103,55,45,DoS,13,own_client_rows,1.0,0.999869769057128,0.9999348802882633,1.0,0.9998914742142733,0.9999457341625153,1.0,0.9999131793714187,0.9999565878011721,17.349324621991123,17.482984259013065,17.47732281639336,0.022314547732640286,7,0.7186122461888209,45959
fednova_sgd,0.3,15,103,55,45,DoS,13,validation,0.9999564857926113,0.999847716840342,0.9999020983585158,0.9999564687445586,0.9994561315726499,0.9997062375558965,0.9999564829521965,0.99978245262906,0.9998694602180014,16.34789623194357,16.489704273242218,16.412880435964933,0.022314547732640286,7,0.7186122461888209,45959
fednova_sgd,0.3,15,103,55,45,MITM,13,own_client_rows,1.0,0.02427564604541895,0.047400611620795105,1.0,0.08065779169929523,0.1492753623188406,1.0,0.017227877838684416,0.03387220939183987,-2.0851280313968283,-2.0545288181528973,-1.8014033593138215,0.022314547732640286,3,0.20971182100364538,7934
fednova_sgd,0.3,15,103,55,45,MITM,13,validation,0.45158347452104786,0.2567237163814181,0.3273500236183278,0.3761901718959678,0.436171000963177,0.4039662389350168,0.4083690446180993,0.2400533451878195,0.30236573188371985,-1.193779182193844,-0.32404181271329974,-1.2384953275206991,0.022314547732640286,3,0.20971182100364538,7934
fednova_sgd,0.3,15,103,55,45,Unauth,13,own_client_rows,0.3333333333333333,0.0031746031746031746,0.006289308176100629,0.34980566352026654,1.0,0.5183052241875771,0.3361838588989845,0.9984126984126984,0.502998800479808,-1.30527828156002,3.5448001922123016,1.3001369900173612,0.022314547732640286,3,0.08081680946476526,2909
fednova_sgd,0.3,15,103,55,45,Unauth,13,validation,0.0,0.0,0.0,0.26030747728860937,0.9973226238286479,0.41285674702133557,0.2564455139223101,0.998661311914324,0.40809628008752735,-1.2687060497850777,3.305462899776188,1.3786203775061183,0.022314547732640286,3,0.08081680946476526,2909
fednova_sgd,0.3,15,103,55,45,Regular,14,own_client_rows,1.0,0.9930602207293666,0.9965180283071959,1.0,0.998614443378119,0.9993067414145477,1.0,0.9932701535508637,0.9966237158384439,6.3042373862239085,9.24627129084318,6.371900011527561,0.07795278593493765,10,0.7143478370064582,180933
fednova_sgd,0.3,15,103,55,45,Regular,14,validation,0.9327554577650182,0.99266844008234,0.9617797995268192,0.8865870896811685,0.9988557340112422,0.9393788950800303,0.9303554354374272,0.9928689815442873,0.9605962211176864,6.324242337353133,9.262608491456344,6.391430431788992,0.07795278593493765,10,0.7143478370064582,180933
fednova_sgd,0.3,15,103,55,45,Replay,14,own_client_rows,0.9942462600690449,0.972972972972973,0.983494593056346,0.9269311064718163,1.0,0.962080173347779,0.0,0.0,0.0,1.076986501882742,9.49902123803491,-1.3962809244791667,0.07795278593493765,2,0.09851394479010958,0
fednova_sgd,0.3,15,103,55,45,Replay,14,validation,0.44018534119629316,0.9631336405529954,0.6042208730847065,0.3573781291172596,1.0,0.5265712205775297,0.0,0.0,0.0,1.0587677986391129,9.653875648041474,-1.421309313796083,0.07795278593493765,2,0.09851394479010958,0
fedavg_sgd,1.0,10,101,11,45,DoS,0,own_client_rows,0.999899267168652,1.0,0.9999496310474224,0.9999496297788747,0.9999748142551316,0.9999622218584328,0.9998740744471868,0.9998992570205264,0.9998866655752982,22.25390241310918,20.298971418114846,22.24862688499559,0.044581656296712464,7,0.8264572894003224,45953
fedavg_sgd,1.0,10,101,11,45,DoS,0,validation,0.9998912334130955,0.999956490525812,0.9999238609047499,0.9999129602228218,0.9996736789435899,0.9997933052663642,0.9999129545405088,0.999608414732308,0.9997606614447345,22.838101034097832,20.190604638925752,22.939403921903214,0.044581656296712464,7,0.8264572894003224,45953
fedavg_sgd,1.0,10,101,11,45,Injection,0,own_client_rows,0.47587354409317806,0.7966573816155988,0.5958333333333333,0.352306182531894,1.0,0.521044992743106,0.4146919431279621,0.9749303621169917,0.5818786367414797,0.12045009687418393,4.903994249434192,0.5786739763775244,0.044581656296712464,4,0.21002761703754486,1461
fedavg_sgd,1.0,10,101,11,45,Injection,0,validation,0.27168367346938777,0.2514757969303424,0.2611894543225015,0.2986807387862797,0.6682408500590319,0.412837345003647,0.32306639288158795,0.5572609208972845,0.4090121317157712,-0.8903476395319879,1.5772262627287486,-0.37316271208816043,0.044581656296712464,4,0.21002761703754486,1461
fedavg_sgd,1.0,10,101,11,45,MITM,0,own_client_rows,0.06522240147499424,0.6179039301310044,0.1179904106733375,1.0,0.5276564774381368,0.6908051453072892,0.05221770021383734,0.5509461426491994,0.09539411505261168,0.19059053223900052,-0.19896816825589064,-0.0422146948490948,0.044581656296712464,6,0.6910203234979224,24032
fedavg_sgd,1.0,10,101,11,45,MITM,0,validation,0.4863063063063063,0.7998814551381789,0.6048687564781354,0.634906500445236,0.05282655404904794,0.09753761969904241,0.46096870838881493,0.8207749870341557,0.5903701137786779,0.8946034412450452,-7.09430538962362,0.9918697572261429,0.044581656296712464,6,0.6910203234979224,24032
fedavg_sgd,1.0,10,101,11,45,Regular,0,own_client_rows,0.962924071082391,0.9786820644737563,0.9707391221736652,0.9994981336846398,0.872010289529856,0.9314119521213627,0.9696730460349005,0.974741393465054,0.972200614124872,9.47585540616149,4.992620658864072,9.278464316852013,0.044581656296712464,9,0.9817219674046403,167892
fedavg_sgd,1.0,10,101,11,45,Regular,0,validation,0.9822858629949016,0.9795801605511352,0.9809311459917606,0.9999036456361797,0.8569195651789243,0.9229063836004548,0.9850082195697234,0.9754277726331684,0.9801945867772269,9.386614815885244,4.969115652933877,9.19139444192334,0.044581656296712464,9,0.9817219674046403,167892
fedavg_sgd,1.0,10,101,11,45,Video,0,own_client_rows,0.9915570390732378,0.28250167822779143,0.43972310505463885,0.7934942007732302,0.9988811814723652,0.8844201193689789,0.9884969325153374,0.216323562318192,0.35496603635028456,-0.8454698249781044,7.372406340466967,-0.883268672578632,0.044581656296712464,3,0.20639340465331735,2439
fedavg_sgd,1.0,10,101,11,45,Video,0,validation,0.8886153846153846,0.24042624042624042,0.3784562966845761,0.24852536374360992,0.9996669996669997,0.3980838402758209,0.8618286182861828,0.17499167499167498,0.29091412359006297,-1.051231910179664,7.282691917457543,-1.0961161234598735,0.044581656296712464,3,0.20639340465331735,2439
fedavg_sgd,1.0,10,101,11,45,Manipulation,1,own_client_rows,1.0,0.863,0.9264626945786366,0.9578544061302682,1.0,0.9784735812133072,1.0,0.941,0.9696032972694487,0.5582301025390625,8.19809375,0.9907576904296875,0.12168425791652752,4,0.4213681828286953,2461
fedavg_sgd,1.0,10,101,11,45,Manipulation,1,validation,0.38904363974001854,0.8612538540596094,0.5359769747361689,0.29333735302984626,1.0,0.4536130536130536,0.3734254368143031,0.9445015416238438,0.5352358765288293,0.6096255154428355,8.201186553547341,1.0765504592001622,0.12168425791652752,4,0.4213681828286953,2461
fedavg_sgd,1.0,10,101,11,45,Password Cracking,1,own_client_rows,1.0,0.9998944887982274,0.9999472416158135,1.0,0.9999507614391728,0.9999753801134625,1.0,0.9998944887982274,0.9999472416158135,13.906928706300777,21.03343704937924,14.771573606153062,0.12168425791652752,1,0.12168425791652752,0
fedavg_sgd,1.0,10,101,11,45,Password Cracking,1,validation,0.0,0.0,0.0,0.0,0.0,0.0,0.0,0.0,0.0,nan,nan,nan,0.12168425791652752,1,0.12168425791652752,0
fedavg_sgd,1.0,10,101,11,45,Regular,1,own_client_rows,0.9792870164957058,0.9811511757132954,0.9802182098002034,0.9980004284796115,0.9226350942441214,0.9588391014242506,0.9823121425647946,0.97712393129477,0.9797111682351254,9.31323759180747,6.0545062716371545,9.11449410890426,0.12168425791652752,9,0.9817219674046403,167892
fedavg_sgd,1.0,10,101,11,45,Regular,1,validation,0.9822858629949016,0.9795801605511352,0.9809311459917606,0.9976132429821025,0.9195769754808572,0.9570069363452213,0.9850082195697234,0.9754277726331684,0.9801945867772269,9.386614815885244,6.184280715099887,9.19139444192334,0.12168425791652752,9,0.9817219674046403,167892
fedavg_sgd,1.0,10,101,11,45,Unauth,1,own_client_rows,0.9961464354527938,0.6560913705583756,0.791124713083397,0.9227166276346604,1.0,0.9598051157125457,1.0,0.3401015228426396,0.5075757575757576,0.32566647602216847,7.8251643301871825,-0.1515760760621976,0.12168425791652752,3,0.20141182686377795,665
fedavg_sgd,1.0,10,101,11,45,Unauth,1,validation,0.364,0.6091030789825971,0.4556835252879319,0.2846515270164448,0.9732262382864793,0.4404725840654347,0.3473684210526316,0.3092369477911647,0.3271954674220963,0.2003165963822739,7.448421452738035,-0.26688151123373705,0.12168425791652752,3,0.20141182686377795,665
fedavg_sgd,1.0,10,101,11,45,Video,1,own_client_rows,0.977331189710611,0.22681143198268786,0.368178789897644,0.7918529113773168,0.9914558615028729,0.8804837640821737,0.9659756647138351,0.15995074994403402,0.2744558258642766,-1.089057174852273,7.7187497085105585,-1.1399123265346336,0.12168425791652752,3,0.20639340465331735,2439
fedavg_sgd,1.0,10,101,11,45,Video,1,validation,0.8886153846153846,0.24042624042624042,0.3784562966845761,0.31911650667165814,0.9935064935064936,0.4830698860531482,0.8618286182861828,0.17499167499167498,0.29091412359006297,-1.051231910179664,7.626377040927822,-1.0961161234598735,0.12168425791652752,3,0.20639340465331735,2439
fedavg_sgd,1.0,10,101,11,45,DoS,2,own_client_rows,0.9998634190758025,0.9997268754552076,0.9997951426035099,0.9992714025500911,0.9989075018208303,0.9990894190493534,0.9999544086805873,0.9984067734887109,0.999179991799918,30.71569815327977,31.940964912031138,31.08902028661007,0.11358750805768231,7,0.8264572894003224,45953
fedavg_sgd,1.0,10,101,11,45,DoS,2,validation,0.9998912334130955,0.999956490525812,0.9999238609047499,0.999608525445846,0.99989122631453,0.999749855895244,0.9999129545405088,0.999608414732308,0.9997606614447345,22.838101034097832,23.042147763613027,22.939403921903214,0.11358750805768231,7,0.8264572894003224,45953
fedavg_sgd,1.0,10,101,11,45,Injection,2,own_client_rows,0.989010989010989,0.6818181818181818,0.8071748878923767,0.9,1.0,0.9473684210526315,0.989821882951654,0.9823232323232324,0.9860583016476553,0.06391325863924893,11.120982776988637,0.5287117620911261,0.11358750805768231,4,0.21002761703754486,1461
fedavg_sgd,1.0,10,101,11,45,Injection,2,validation,0.27168367346938777,0.2514757969303424,0.2611894543225015,0.2878065395095368,0.9976387249114522,0.44673539518900346,0.32306639288158795,0.5572609208972845,0.4090121317157712,-0.8903476395319879,10.444070755239078,-0.37316271208816043,0.11358750805768231,4,0.21002761703754486,1461
fedavg_sgd,1.0,10,101,11,45,Manipulation,2,own_client_rows,1.0,0.8541247484909457,0.9213239283776451,0.9287054409005628,0.9959758551307847,0.9611650485436893,1.0,0.9185110663983903,0.9575249082328264,0.5681896555111922,11.173698440643863,0.9664829799107143,0.11358750805768231,4,0.4213681828286953,2461
fedavg_sgd,1.0,10,101,11,45,Manipulation,2,validation,0.38904363974001854,0.8612538540596094,0.5359769747361689,0.32836326668925786,0.9958890030832477,0.4938837920489297,0.3734254368143031,0.9445015416238438,0.5352358765288293,0.6096255154428355,11.188310707460817,1.0765504592001622,0.11358750805768231,4,0.4213681828286953,2461
fedavg_sgd,1.0,10,101,11,45,Regular,2,own_client_rows,1.0,0.9798613657869597,0.9898282604221454,1.0,0.9992936989799384,0.9996467247306277,1.0,0.9759902928885448,0.9878492788158604,9.437830296005494,13.2008681209931,9.235613679658531,0.11358750805768231,9,0.9817219674046403,167892
fedavg_sgd,1.0,10,101,11,45,Regular,2,validation,0.9822858629949016,0.9795801605511352,0.9809311459917606,0.891138894294746,0.9993216979963548,0.9421348814449041,0.9850082195697234,0.9754277726331684,0.9801945867772269,9.386614815885244,13.195905933612666,9.19139444192334,0.11358750805768231,9,0.9817219674046403,167892
fedavg_sgd,1.0,10,101,11,45,DoS,3,own_client_rows,0.9942857142857143,0.997134670487106,0.9957081545064378,0.9942857142857143,0.997134670487106,0.9957081545064378,0.9942857142857143,0.997134670487106,0.9957081545064378,45.471427851898284,39.963220809455585,44.45623936694126,0.04012749044007735,7,0.8264572894003224,45953
fedavg_sgd,1.0,10,101,11,45,DoS,3,validation,0.9998912334130955,0.999956490525812,0.9999238609047499,0.9999129640106184,0.999717188417778,0.9998150666304052,0.9999129545405088,0.999608414732308,0.9997606614447345,22.838101034097832,22.796580631213697,22.939403921903214,0.04012749044007735,7,0.8264572894003224,45953
fedavg_sgd,1.0,10,101,11,45,Manipulation,3,own_client_rows,0.4991652754590985,0.8486281929990539,0.6285914505956552,0.5146198830409356,0.9990539262062441,0.6793181087166291,0.5141806722689075,0.9262062440870388,0.6612630867950017,0.5602892800784945,0.6181088594636944,0.9981383411187322,0.04012749044007735,4,0.4213681828286953,2461
fedavg_sgd,1.0,10,101,11,45,Manipulation,3,validation,0.38904363974001854,0.8612538540596094,0.5359769747361689,0.3298233695652174,0.9979445015416238,0.4957875925453153,0.3734254368143031,0.9445015416238438,0.5352358765288293,0.6096255154428355,0.6740205457007162,1.0765504592001622,0.04012749044007735,4,0.4213681828286953,2461
fedavg_sgd,1.0,10,101,11,45,Regular,3,own_client_rows,0.9903652096983772,0.9770749802252953,0.9836752066342642,0.9997048362579141,0.9238060169653329,0.9602580004961548,0.9920746374494237,0.9730654883670186,0.9824781234724297,9.368896317898836,5.573227064805202,9.166850642805757,0.04012749044007735,9,0.9817219674046403,167892
fedavg_sgd,1.0,10,101,11,45,Regular,3,validation,0.9822858629949016,0.9795801605511352,0.9809311459917606,0.9970179870462876,0.9288372724001864,0.9617207348055501,0.9850082195697234,0.9754277726331684,0.9801945867772269,9.386614815885244,5.602082066893112,9.19139444192334,0.04012749044007735,9,0.9817219674046403,167892
fedavg_sgd,1.0,10,101,11,45,Replay,3,own_client_rows,0.5862068965517241,0.06882591093117409,0.12318840579710146,1.0,0.0010121457489878543,0.0020222446916076846,0.6206896551724138,0.05465587044534413,0.10046511627906977,-0.7476258683301177,-0.394857059123545,-0.9909331904731782,0.04012749044007735,4,0.3387365926212559,80
fedavg_sgd,1.0,10,101,11,45,Replay,3,validation,0.7452830188679245,0.0728110599078341,0.13266162888329136,0.0,0.0,0.0,0.7,0.05161290322580645,0.096137339055794,-0.6194845595118088,-0.33384106895341303,-0.8475650066604262,0.04012749044007735,4,0.3387365926212559,80
fedavg_sgd,1.0,10,101,11,45,Unauth,3,own_client_rows,1.0,0.6416040100250626,0.7816793893129771,0.9637681159420289,1.0,0.981549815498155,1.0,0.34210526315789475,0.5098039215686274,0.2702927171138295,9.29746362977757,-0.19332803520642428,0.04012749044007735,3,0.20141182686377795,665
fedavg_sgd,1.0,10,101,11,45,Unauth,3,validation,0.364,0.6091030789825971,0.4556835252879319,0.2505870513250587,1.0,0.4007510729613734,0.3473684210526316,0.3092369477911647,0.3271954674220963,0.2003165963822739,9.189055170878827,-0.26688151123373705,0.04012749044007735,3,0.20141182686377795,665
fedavg_sgd,1.0,10,101,11,45,Video,3,own_client_rows,0.9677519379844961,0.31974182973056037,0.4806714923764054,0.6367322911897443,0.9973363384899088,0.7772455089820359,0.9587901701323251,0.25980944575350884,0.4088344349508302,-0.7148741347026952,6.942382737464463,-0.7602041420566781,0.04012749044007735,3,0.20639340465331735,2439
fedavg_sgd,1.0,10,101,11,45,Video,3,validation,0.8886153846153846,0.24042624042624042,0.3784562966845761,0.33413663621588297,0.9926739926739927,0.4999790347603673,0.8618286182861828,0.17499167499167498,0.29091412359006297,-1.051231910179664,6.5519461007742255,-1.0961161234598735,0.04012749044007735,3,0.20639340465331735,2439
fedavg_sgd,1.0,10,101,11,45,DoS,4,own_client_rows,0.9999970889020212,0.9999126744328204,0.9999548798858898,0.9999883565571503,0.9999854457388034,0.9999869011458586,0.9999970884951888,0.9997729535253331,0.9998850084496955,24.329288328919752,27.020122494120077,24.469393548496253,0.2018606386056233,7,0.8264572894003224,45953
fedavg_sgd,1.0,10,101,11,45,DoS,4,validation,0.9998912334130955,0.999956490525812,0.9999238609047499,0.9990002825288505,1.0,0.9994998912807131,0.9999129545405088,0.999608414732308,0.9997606614447345,22.838101034097832,24.882727095661018,22.939403921903214,0.2018606386056233,7,0.8264572894003224,45953
fedavg_sgd,1.0,10,101,11,45,MITM,4,own_client_rows,0.9256658595641647,0.8191118967271949,0.8691352411264884,0.7352404380257102,0.9926080668487868,0.8447564561347526,0.9137752757352942,0.8520542075097756,0.8818360728441944,1.054328103984735,4.416993338304811,1.1676264738409512,0.2018606386056233,6,0.6910203234979224,24032
fedavg_sgd,1.0,10,101,11,45,MITM,4,validation,0.4863063063063063,0.7998814551381789,0.6048687564781354,0.3162344447610905,0.9865896125064829,0.4789497347360849,0.46096870838881493,0.8207749870341557,0.5903701137786779,0.8946034412450452,4.073921845190135,0.9918697572261429,0.2018606386056233,6,0.6910203234979224,24032
fedavg_sgd,1.0,10,101,11,45,Regular,4,own_client_rows,0.9596033886301109,0.9810900381541203,0.9702277672202484,0.9978853815507202,0.9068148271924694,0.9501728993098618,0.9657337169761967,0.9768011808282507,0.9712359208312854,9.346447669935529,8.509267267263347,9.145264508182597,0.2018606386056233,9,0.9817219674046403,167892
fedavg_sgd,1.0,10,101,11,45,Regular,4,validation,0.9822858629949016,0.9795801605511352,0.9809311459917606,0.997999856667253,0.9035100654119063,0.9484072686747361,0.9850082195697234,0.9754277726331684,0.9801945867772269,9.386614815885244,8.525130305869967,9.19139444192334,0.2018606386056233,9,0.9817219674046403,167892
fedavg_sgd,1.0,10,101,11,45,Injection,5,own_client_rows,0.44549125168236875,0.6316793893129771,0.5224940805051302,0.290788013318535,1.0,0.45055889939810834,0.42127659574468085,0.9446564885496184,0.5826957033549146,0.02407200099857709,5.298364537362834,0.4837320342318702,0.018278032595359706,4,0.21002761703754486,1461
fedavg_sgd,1.0,10,101,11,45,Injection,5,validation,0.27168367346938777,0.2514757969303424,0.2611894543225015,0.2961388593694651,0.987012987012987,0.4555858310626703,0.32306639288158795,0.5572609208972845,0.4090121317157712,-0.8903476395319879,3.602368423479929,-0.37316271208816043,0.018278032595359706,4,0.21002761703754486,1461
fedavg_sgd,1.0,10,101,11,45,MITM,5,own_client_rows,0.9994431877501305,0.7582574257425743,0.8623029575138869,0.999945335775002,0.9659405940594059,0.9826488678789181,0.9994643096290344,0.7881716171617161,0.8813309124189953,0.7997089166924505,8.621825391914191,0.9384514651660478,0.018278032595359706,6,0.6910203234979224,24032
fedavg_sgd,1.0,10,101,11,45,MITM,5,validation,0.4863063063063063,0.7998814551381789,0.6048687564781354,0.06446162161594853,0.9101281766318441,0.12039596197196903,0.46096870838881493,0.8207749870341557,0.5903701137786779,0.8946034412450452,7.998648860626435,0.9918697572261429,0.018278032595359706,6,0.6910203234979224,24032
fedavg_sgd,1.0,10,101,11,45,Replay,5,own_client_rows,1.0,0.08435072142064373,0.1555783009211873,0.9900552486187846,0.9944506104328524,0.9922480620155039,1.0,0.06104328523862375,0.11506276150627615,-0.7315627763856132,6.2353114594894565,-0.9637458623447905,0.018278032595359706,4,0.3387365926212559,80
fedavg_sgd,1.0,10,101,11,45,Replay,5,validation,0.7452830188679245,0.0728110599078341,0.13266162888329136,0.36514382402707274,0.9944700460829493,0.5341584158415842,0.7,0.05161290322580645,0.096137339055794,-0.6194845595118088,6.393692396313364,-0.8475650066604262,0.018278032595359706,4,0.3387365926212559,80
fedavg_sgd,1.0,10,101,11,45,Injection,6,own_client_rows,1.0,0.46324655436447165,0.6331763474620618,0.9977011494252873,0.996937212863706,0.9973190348525469,1.0,0.8231240428790199,0.9029819403611927,-0.12819520912345664,14.45264344850689,0.34331705230666154,0.033580420087790365,4,0.21002761703754486,1461
fedavg_sgd,1.0,10,101,11,45,Injection,6,validation,0.27168367346938777,0.2514757969303424,0.2611894543225015,0.2932776036224312,0.9940968122786304,0.45293168370091447,0.32306639288158795,0.5572609208972845,0.4090121317157712,-0.8903476395319879,14.888617685581464,-0.37316271208816043,0.033580420087790365,4,0.21002761703754486,1461
fedavg_sgd,1.0,10,101,11,45,Ip Spoofing,6,own_client_rows,0.9933829611248967,0.7294260552687519,0.8411836806163544,0.9797679262124368,1.0,0.9897805831079051,0.9801359121798223,0.5693896143334346,0.7203227045716482,1.5232103928729028,9.487499525508655,0.6072017143752269,0.033580420087790365,3,0.3139114896736092,543
fedavg_sgd,1.0,10,101,11,45,Ip Spoofing,6,validation,0.6964769647696477,0.5997666277712952,0.6445141065830721,0.26519164848862575,0.9929988331388565,0.41859321200196753,0.6040515653775322,0.38273045507584597,0.4685714285714286,0.2017304143382621,7.854029545288798,-0.6236456889950408,0.033580420087790365,3,0.3139114896736092,543
fedavg_sgd,1.0,10,101,11,45,Regular,6,own_client_rows,1.0,0.9787731313699096,0.9892727123218037,1.0,0.9972782272976052,0.9986372591133297,1.0,0.9748827714746388,0.9872816610240585,9.412474934082068,11.393136243260285,9.213706740778886,0.033580420087790365,9,0.9817219674046403,167892
fedavg_sgd,1.0,10,101,11,45,Regular,6,validation,0.9822858629949016,0.9795801605511352,0.9809311459917606,0.9264809088317214,0.9966851675995777,0.9603016517536208,0.9850082195697234,0.9754277726331684,0.9801945867772269,9.386614815885244,11.365998835643001,9.19139444192334,0.033580420087790365,9,0.9817219674046403,167892
fedavg_sgd,1.0,10,101,11,45,DoS,7,own_client_rows,0.9999496524079704,0.9999728891281531,0.9999612706330703,0.9999806321660986,0.9998295888055337,0.9999051047817507,0.9999728877630856,0.9999225403661517,0.9999477134308704,26.76597154487067,25.470176813641682,26.895449897429526,0.24073099107864576,7,0.8264572894003224,45953
fedavg_sgd,1.0,10,101,11,45,DoS,7,validation,0.9998912334130955,0.999956490525812,0.9999238609047499,0.9999129450683382,0.999499641046838,0.9997062503399881,0.9999129545405088,0.999608414732308,0.9997606614447345,22.838101034097832,21.641618834571542,22.939403921903214,0.24073099107864576,7,0.8264572894003224,45953
fedavg_sgd,1.0,10,101,11,45,Ip Spoofing,7,own_client_rows,0.9284467713787086,0.8137667304015297,0.8673323823109843,0.9025229357798165,0.902868068833652,0.9026954693175301,0.8673978065802592,0.6653919694072657,0.7530837481064705,1.7925493696223709,3.2209735002390056,0.9810082867770077,0.24073099107864576,3,0.3139114896736092,543
fedavg_sgd,1.0,10,101,11,45,Ip Spoofing,7,validation,0.6964769647696477,0.5997666277712952,0.6445141065830721,0.4282115869017632,0.793465577596266,0.556237218813906,0.6040515653775322,0.38273045507584597,0.4685714285714286,0.2017304143382621,1.4958271039964994,-0.6236456889950408,0.24073099107864576,3,0.3139114896736092,543
fedavg_sgd,1.0,10,101,11,45,MITM,7,own_client_rows,0.8035837015218459,0.8105873031593542,0.8070703086480623,0.5860776198188471,0.9676636624740022,0.730013448894202,0.7800756160889172,0.8480241655937407,0.812631978551261,0.963268853159509,3.562190284513655,1.0830497518794258,0.24073099107864576,6,0.6910203234979224,24032
fedavg_sgd,1.0,10,101,11,45,MITM,7,validation,0.4863063063063063,0.7998814551381789,0.6048687564781354,0.3564919954019121,0.9420611987849151,0.5172483931331869,0.46096870838881493,0.8207749870341557,0.5903701137786779,0.8946034412450452,3.1824290308147183,0.9918697572261429,0.24073099107864576,6,0.6910203234979224,24032
fedavg_sgd,1.0,10,101,11,45,Regular,7,own_client_rows,0.9862719167271021,0.9808531851254746,0.9835550875849526,0.9970729075335536,0.9408116077300015,0.9681255593634717,0.9887032091301772,0.9769287881037738,0.9827807333713185,9.472629114402139,8.302208256381123,9.274640568818809,0.24073099107864576,9,0.9817219674046403,167892
fedavg_sgd,1.0,10,101,11,45,Regular,7,validation,0.9822858629949016,0.9795801605511352,0.9809311459917606,0.9956909240086933,0.9376787915607434,0.96581451015176,0.9850082195697234,0.9754277726331684,0.9801945867772269,9.386614815885244,8.214682687834358,9.19139444192334,0.24073099107864576,9,0.9817219674046403,167892
fedavg_sgd,1.0,10,101,11,45,Replay,7,own_client_rows,0.991869918699187,0.1373873873873874,0.2413452027695351,0.7632311977715878,0.9256756756756757,0.8366412213740458,1.0,0.12725225225225226,0.22577422577422576,-0.5524429802422051,2.353512325802365,-0.7530034383138021,0.24073099107864576,4,0.3387365926212559,80
fedavg_sgd,1.0,10,101,11,45,Replay,7,validation,0.7452830188679245,0.0728110599078341,0.13266162888329136,0.5399433427762039,0.8783410138248848,0.6687719298245614,0.7,0.05161290322580645,0.096137339055794,-0.6194845595118088,2.2933814264112904,-0.8475650066604262,0.24073099107864576,4,0.3387365926212559,80
fedavg_sgd,1.0,10,101,11,45,DoS,8,own_client_rows,1.0,0.9999586291064921,0.9999793141253495,1.0,0.9999551815320331,0.9999775902638316,1.0,0.9998448591493455,0.9999224235570351,22.8331393893139,23.81670429011856,22.90954827832441,0.14596892641440812,7,0.8264572894003224,45953
fedavg_sgd,1.0,10,101,11,45,DoS,8,validation,0.9998912334130955,0.999956490525812,0.9999238609047499,0.9998911860718172,0.999521395783932,0.9997062567316166,0.9999129545405088,0.999608414732308,0.9997606614447345,22.838101034097832,23.476696087682466,22.939403921903214,0.14596892641440812,7,0.8264572894003224,45953
fedavg_sgd,1.0,10,101,11,45,MITM,8,own_client_rows,0.532015065913371,0.442443226311668,0.4831124412141941,0.9606060606060606,0.9929522317932654,0.9765113592606854,0.4447702834799609,0.35630383711824587,0.39565217391304347,-0.26673484091284505,7.401836732821065,-0.494652652516436,0.14596892641440812,6,0.6910203234979224,24032
fedavg_sgd,1.0,10,101,11,45,MITM,8,validation,0.4863063063063063,0.7998814551381789,0.6048687564781354,0.39720812182741116,0.3014744017189005,0.3427825281159176,0.46096870838881493,0.8207749870341557,0.5903701137786779,0.8946034412450452,-1.8275540904344485,0.9918697572261429,0.14596892641440812,6,0.6910203234979224,24032
fedavg_sgd,1.0,10,101,11,45,Manipulation,8,own_client_rows,0.9989212513484358,0.8703007518796992,0.9301858362631843,0.9769372693726938,0.9953007518796992,0.9860335195530726,0.9959308240081384,0.9201127819548872,0.9565217391304348,0.6369249731078184,11.923033291235901,1.0678261204769737,0.14596892641440812,4,0.4213681828286953,2461
fedavg_sgd,1.0,10,101,11,45,Manipulation,8,validation,0.38904363974001854,0.8612538540596094,0.5359769747361689,0.3271375464684015,0.9948612538540597,0.4923702950152594,0.3734254368143031,0.9445015416238438,0.5352358765288293,0.6096255154428355,11.65709257370889,1.0765504592001622,0.14596892641440812,4,0.4213681828286953,2461
fedavg_sgd,1.0,10,101,11,45,Regular,8,own_client_rows,0.9997131519816417,0.974826348421985,0.987112915407855,0.999953214185459,0.9963638058831756,0.9981552831290135,0.999712036859282,0.9710503006852828,0.9851727481259016,9.761232631200178,10.908868704401893,9.53785762828656,0.14596892641440812,9,0.9817219674046403,167892
fedavg_sgd,1.0,10,101,11,45,Regular,8,validation,0.9822858629949016,0.9795801605511352,0.9809311459917606,0.920326513720002,0.9968444211134769,0.9570584804263006,0.9850082195697234,0.9754277726331684,0.9801945867772269,9.386614815885244,10.694255970900844,9.19139444192334,0.14596892641440812,9,0.9817219674046403,167892
fedavg_sgd,1.0,10,101,11,45,DoS,9,own_client_rows,0.9998367657861088,0.9999727905964301,0.9999047735651417,1.0,0.9998367435785808,0.9999183651255816,0.9999727876347012,0.9998639529821506,0.9999183673469387,17.203641447234165,16.13324806303058,17.329273002999837,0.03960007850717308,7,0.8264572894003224,45953
fedavg_sgd,1.0,10,101,11,45,DoS,9,validation,0.9998912334130955,0.999956490525812,0.9999238609047499,1.0,0.9980420736615399,0.999020077522756,0.9999129545405088,0.999608414732308,0.9997606614447345,22.838101034097832,21.270080642091067,22.939403921903214,0.03960007850717308,7,0.8264572894003224,45953
fedavg_sgd,1.0,10,101,11,45,Ip Spoofing,9,own_client_rows,0.9540126239855726,0.6637390213299874,0.7828338882722901,0.8814729574223246,0.9611041405269761,0.9195678271308524,0.9358533791523482,0.5125470514429109,0.6623429266315363,1.314693072808432,3.183766440435814,0.3645974593599288,0.03960007850717308,3,0.3139114896736092,543
fedavg_sgd,1.0,10,101,11,45,Ip Spoofing,9,validation,0.6964769647696477,0.5997666277712952,0.6445141065830721,0.5372492836676218,0.8751458576429405,0.6657789613848203,0.6040515653775322,0.38273045507584597,0.4685714285714286,0.2017304143382621,1.3545950285334014,-0.6236456889950408,0.03960007850717308,3,0.3139114896736092,543
fedavg_sgd,1.0,10,101,11,45,MITM,9,own_client_rows,0.9292024832855779,0.8229012476210615,0.8728271840305035,0.7039922103213242,0.993761894692324,0.8241483624884914,0.9213470319634703,0.8533516599703954,0.8860467669338017,1.073653080973118,4.008320399232131,1.189171632769547,0.03960007850717308,6,0.6910203234979224,24032
fedavg_sgd,1.0,10,101,11,45,MITM,9,validation,0.4863063063063063,0.7998814551381789,0.6048687564781354,0.26796353935082257,0.8930132622064162,0.4122304495784668,0.46096870838881493,0.8207749870341557,0.5903701137786779,0.8946034412450452,2.8071617640291593,0.9918697572261429,0.03960007850717308,6,0.6910203234979224,24032
fedavg_sgd,1.0,10,101,11,45,Regular,9,own_client_rows,0.9546639307897072,0.9815543391492758,0.9679224065223503,0.9984900083531453,0.8860474398449082,0.938914232198423,0.9619976458718682,0.9786178583646938,0.9702365810226405,9.405697906421057,7.844681028004369,9.206788807696146,0.03960007850717308,9,0.9817219674046403,167892
fedavg_sgd,1.0,10,101,11,45,Regular,9,validation,0.9822858629949016,0.9795801605511352,0.9809311459917606,0.9986602574460064,0.8749329070844221,0.9327112617385098,0.9850082195697234,0.9754277726331684,0.9801945867772269,9.386614815885244,7.848598246515592,9.19139444192334,0.03960007850717308,9,0.9817219674046403,167892
fedavg_sgd,1.0,10,101,11,45,Replay,9,own_client_rows,0.9764705882352941,0.08963282937365011,0.1641938674579624,0.9255989911727617,0.7926565874730022,0.8539848749272833,0.9866666666666667,0.07991360691144708,0.14785214785214784,-0.7455852994651053,1.0098752378130063,-0.9877651535924001,0.03960007850717308,4,0.3387365926212559,80
fedavg_sgd,1.0,10,101,11,45,Replay,9,validation,0.7452830188679245,0.0728110599078341,0.13266162888329136,0.5686039544637508,0.8746543778801843,0.6891793754538853,0.7,0.05161290322580645,0.096137339055794,-0.6194845595118088,1.1515344857070853,-0.8475650066604262,0.03960007850717308,4,0.3387365926212559,80
fedavg_sgd,1.0,10,101,11,45,Unauth,9,own_client_rows,1.0,0.4391336818521285,0.610275038920602,0.9759475218658892,1.0,0.9878273699741793,1.0,0.10306198655713218,0.18686526743398782,-0.007650710113730513,11.77196135175504,-0.4739259088813947,0.03960007850717308,3,0.20141182686377795,665
fedavg_sgd,1.0,10,101,11,45,Unauth,9,validation,0.364,0.6091030789825971,0.4556835252879319,0.25287745429925523,1.0,0.4036746825182383,0.3473684210526316,0.3092369477911647,0.3271954674220963,0.2003165963822739,11.880167438961575,-0.26688151123373705,0.03960007850717308,3,0.20141182686377795,665
fedavg_sgd,1.0,10,101,22,45,DoS,0,own_client_rows,0.9998740744471868,0.9998992570205264,0.9998866655752982,0.9999748123520226,0.9998992570205264,0.9999370332590326,0.9998992519456968,0.9998488855307895,0.9998740681039694,18.604220383138145,16.63744874307392,18.779985104993074,0.044581656296712464,7,0.8264572894003224,45956
fedavg_sgd,1.0,10,101,22,45,DoS,0,validation,0.9998259583170169,0.9998042073661539,0.9998150827232876,1.0,0.9980420736615399,0.999020077522756,0.9998476803899382,0.999608414732308,0.9997280332452161,19.235389229637565,16.408635712848348,19.36674322747841,0.044581656296712464,7,0.8264572894003224,45956
fedavg_sgd,1.0,10,101,22,45,Injection,0,own_client_rows,0.433252427184466,0.9944289693593314,0.6035502958579881,0.34125475285171103,1.0,0.5088589652728561,0.46578947368421053,0.9860724233983287,0.6327077747989276,0.7269627138100627,4.107566727237117,0.6088452352454735,0.044581656296712464,4,0.21002761703754486,1215
fedavg_sgd,1.0,10,101,22,45,Injection,0,validation,0.29609793420045905,0.45690672963400236,0.3593314763231198,0.27154195011337867,0.5655253837072018,0.36690923018000765,0.2979423868312757,0.42739079102715466,0.3511154219204656,-1.4012135547336186,0.35858402905244613,-1.5206391065433147,0.044581656296712464,4,0.21002761703754486,1215
fedavg_sgd,1.0,10,101,22,45,MITM,0,own_client_rows,0.050753688261706224,0.4606986899563319,0.09143434927054744,1.0,0.5109170305676856,0.6763005780346821,0.0515815392385883,0.5946142649199417,0.09492825190263174,-0.3333355877250216,0.30657403715486264,0.15562481165279293,0.044581656296712464,6,0.6910203234979224,25282
fedavg_sgd,1.0,10,101,22,45,MITM,0,validation,0.48377932551319647,0.7822479069422835,0.5978313184790918,0.5327029156816391,0.05008520411943395,0.0915616957876202,0.43548769875800963,0.815736830406757,0.5678331055468165,0.7459140044720586,-8.05476571471901,1.0478634285628288,0.044581656296712464,6,0.6910203234979224,25282
fedavg_sgd,1.0,10,101,22,45,Regular,0,own_client_rows,0.9622118824130604,0.9790378194953752,0.9705519308763887,0.9987283517015866,0.9026873187017679,0.9482823055914906,0.9634440024893796,0.974385638443435,0.9688839303936108,8.378950138122315,5.258171064422659,8.061349575328133,0.044581656296712464,9,0.9817219674046403,167810
fedavg_sgd,1.0,10,101,22,45,Regular,0,validation,0.9823096811601063,0.9792852466365068,0.9807951323251418,0.9993027600178914,0.8960782347632726,0.9448796370296888,0.9836362552887193,0.9735934080841803,0.9785890659876508,8.322478400781375,5.227117231921408,7.992280420923257,0.044581656296712464,9,0.9817219674046403,167810
fedavg_sgd,1.0,10,101,22,45,Video,0,own_client_rows,0.9932985852568875,0.29850078317296935,0.459050240880936,0.8348628148703062,0.9974826583128217,0.9089565173064179,0.9863297431648715,0.13319534571492503,0.23469689502217841,-0.7934230105352498,6.536381596658928,-1.2824296215071884,0.044581656296712464,3,0.20639340465331735,1379
fedavg_sgd,1.0,10,101,22,45,Video,0,validation,0.9021612149532711,0.25715950715950714,0.40023322104172065,0.28806059877359624,0.9972527472527473,0.44700263074425806,0.854967367657723,0.09815184815184815,0.17608841759390637,-1.0004061083772997,6.563424856393606,-1.526438039499563,0.044581656296712464,3,0.20639340465331735,1379
fedavg_sgd,1.0,10,101,22,45,Manipulation,1,own_client_rows,1.0,0.983,0.9914271306101866,0.9569377990430622,1.0,0.9779951100244498,1.0,0.37,0.5401459854014599,1.39661865234375,8.17991064453125,-0.14311849975585939,0.12168425791652752,4,0.4213681828286953,701
fedavg_sgd,1.0,10,101,22,45,Manipulation,1,validation,0.3455137481910275,0.9815005138746146,0.5111051645705111,0.31692207368764264,0.998972250770812,0.48118811881188117,0.6048502139800286,0.4357656731757451,0.5065710872162486,1.4767842777953977,8.139176967577724,-0.05465193079039837,0.12168425791652752,4,0.4213681828286953,701
fedavg_sgd,1.0,10,101,22,45,Password Cracking,1,own_client_rows,1.0,0.9997397390356276,0.9998698525816675,1.0,0.9999085569584638,0.9999542763886788,1.0,0.9997256708753913,0.9998628166209975,12.413443500949601,18.14172803168853,11.868615912847748,0.12168425791652752,1,0.12168425791652752,0
fedavg_sgd,1.0,10,101,22,45,Password Cracking,1,validation,0.0,0.0,0.0,0.0,0.0,0.0,0.0,0.0,0.0,nan,nan,nan,0.12168425791652752,1,0.12168425791652752,0
fedavg_sgd,1.0,10,101,22,45,Regular,1,own_client_rows,0.9795463283352557,0.9812061927135485,0.980375557949823,0.9972167323502239,0.9382929325161475,0.9668579073880902,0.9810181190681622,0.9758475368888987,0.9784259969219398,8.219712402607016,6.2618455725133515,7.8860352954043265,0.12168425791652752,9,0.9817219674046403,167810
fedavg_sgd,1.0,10,101,22,45,Regular,1,validation,0.9823096811601063,0.9792852466365068,0.9807951323251418,0.9967643233666116,0.9357500545590742,0.9652940031152648,0.9836362552887193,0.9735934080841803,0.9785890659876508,8.322478400781375,6.382636438696982,7.992280420923257,0.12168425791652752,9,0.9817219674046403,167810
fedavg_sgd,1.0,10,101,22,45,Unauth,1,own_client_rows,1.0,0.4720812182741117,0.6413793103448275,0.9162790697674419,1.0,0.9563106796116505,1.0,0.49746192893401014,0.6644067796610169,0.23545852893500158,7.635984469186231,0.27506116683107945,0.12168425791652752,3,0.20141182686377795,921
fedavg_sgd,1.0,10,101,22,45,Unauth,1,validation,0.3058013765978368,0.41633199464524767,0.3526077097505669,0.2610854913089748,0.9852744310575636,0.4127874369040942,0.3561346362649294,0.4390896921017403,0.3932853717026379,0.08267003561119478,7.331134229300012,0.1347162841633461,0.12168425791652752,3,0.20141182686377795,921
fedavg_sgd,1.0,10,101,22,45,Video,1,own_client_rows,0.9814519634835531,0.2527050220132826,0.40192267750645344,0.8266579324973485,0.9887694948138198,0.900475705062861,0.9564541213063764,0.09178419520931273,0.1674950636617417,-1.0075193800398525,7.389913474274308,-1.5489466518939818,0.12168425791652752,3,0.20639340465331735,1379
fedavg_sgd,1.0,10,101,22,45,Video,1,validation,0.9021612149532711,0.25715950715950714,0.40023322104172065,0.3450255102040816,0.9908424908424909,0.5118259224219489,0.854967367657723,0.09815184815184815,0.17608841759390637,-1.0004061083772997,7.291286838161838,-1.526438039499563,0.12168425791652752,3,0.20639340465331735,1379
fedavg_sgd,1.0,10,101,22,45,DoS,2,own_client_rows,0.9998633879781421,0.9994992716678806,0.9996812966672737,0.9999543795620438,0.9977694828841952,0.9988607364199781,0.9998632260417617,0.9983157319737801,0.9990888797776867,27.239859717828203,23.672733493035324,27.242532461990166,0.11358750805768231,7,0.8264572894003224,45956
fedavg_sgd,1.0,10,101,22,45,DoS,2,validation,0.9998259583170169,0.9998042073661539,0.9998150827232876,0.9998694176025071,0.9994561315726499,0.9996627318718381,0.9998476803899382,0.999608414732308,0.9997280332452161,19.235389229637565,17.036448787309375,19.36674322747841,0.11358750805768231,7,0.8264572894003224,45956
fedavg_sgd,1.0,10,101,22,45,Injection,2,own_client_rows,0.9110070257611241,0.9823232323232324,0.945321992709599,0.8081632653061225,1.0,0.8939051918735892,0.8458149779735683,0.9696969696969697,0.9035294117647059,0.6543651542278252,9.138648447364268,0.5345878601074219,0.11358750805768231,4,0.21002761703754486,1215
fedavg_sgd,1.0,10,101,22,45,Injection,2,validation,0.29609793420045905,0.45690672963400236,0.3593314763231198,0.28412911903160726,0.9976387249114522,0.44229259356189476,0.2979423868312757,0.42739079102715466,0.3511154219204656,-1.4012135547336186,8.282852623229044,-1.5206391065433147,0.11358750805768231,4,0.21002761703754486,1215
fedavg_sgd,1.0,10,101,22,45,Manipulation,2,own_client_rows,1.0,0.959758551307847,0.9794661190965093,0.935666982024598,0.9949698189134809,0.9644076060458313,1.0,0.34507042253521125,0.5130890052356021,1.3555653992313255,10.230203486544266,-0.16120840030416878,0.11358750805768231,4,0.4213681828286953,701
fedavg_sgd,1.0,10,101,22,45,Manipulation,2,validation,0.3455137481910275,0.9815005138746146,0.5111051645705111,0.32869269949066215,0.9948612538540597,0.4941296579887698,0.6048502139800286,0.4357656731757451,0.5065710872162486,1.4767842777953977,10.133155250353289,-0.05465193079039837,0.11358750805768231,4,0.4213681828286953,701
fedavg_sgd,1.0,10,101,22,45,Regular,2,own_client_rows,1.0,0.9796802629613028,0.9897358490566037,1.0,0.9994702742349537,0.9997350669465447,1.0,0.974659187119967,0.9871669941601454,8.338152636043594,11.985458371605453,8.012806047858119,0.11358750805768231,9,0.9817219674046403,167810
fedavg_sgd,1.0,10,101,22,45,Regular,2,validation,0.9823096811601063,0.9792852466365068,0.9807951323251418,0.8887705975518938,0.9995753239629352,0.9409220501972412,0.9836362552887193,0.9735934080841803,0.9785890659876508,8.322478400781375,12.009603422346954,7.992280420923257,0.11358750805768231,9,0.9817219674046403,167810
fedavg_sgd,1.0,10,101,22,45,DoS,3,own_client_rows,0.9942857142857143,0.997134670487106,0.9957081545064378,0.997134670487106,0.997134670487106,0.997134670487106,0.9942857142857143,0.997134670487106,0.9957081545064378,28.766397295845273,24.04340526504298,28.53536331482808,0.04012749044007735,7,0.8264572894003224,45956
fedavg_sgd,1.0,10,101,22,45,DoS,3,validation,0.9998259583170169,0.9998042073661539,0.9998150827232876,0.9998476737607173,0.9995649052581199,0.9997062695140392,0.9998476803899382,0.999608414732308,0.9997280332452161,19.235389229637565,18.17569780018818,19.36674322747841,0.04012749044007735,7,0.8264572894003224,45956
fedavg_sgd,1.0,10,101,22,45,Manipulation,3,own_client_rows,0.5187436676798379,0.9687795648060549,0.6756845925437149,0.6046099290780141,0.6452223273415326,0.6242562929061785,0.5670553935860059,0.3680227057710501,0.4463568559954102,1.3901240151223984,0.2986167250879553,-0.14022685676221028,0.04012749044007735,4,0.4213681828286953,701
fedavg_sgd,1.0,10,101,22,45,Manipulation,3,validation,0.3455137481910275,0.9815005138746146,0.5111051645705111,0.3005720228809152,0.5940390544707091,0.39917127071823205,0.6048502139800286,0.4357656731757451,0.5065710872162486,1.4767842777953977,0.34370637209540406,-0.05465193079039837,0.04012749044007735,4,0.4213681828286953,701
fedavg_sgd,1.0,10,101,22,45,Regular,3,own_client_rows,0.989530097516506,0.9770067915882498,0.9832285690757872,0.9997640813919197,0.9246924692469247,0.9607640315701472,0.9894539391413089,0.9711562065297439,0.980219689461513,8.280301525358501,5.221400313859511,7.950304953702046,0.04012749044007735,9,0.9817219674046403,167810
fedavg_sgd,1.0,10,101,22,45,Regular,3,validation,0.9823096811601063,0.9792852466365068,0.9807951323251418,0.9959677674198135,0.9294919812906612,0.9615823483826876,0.9836362552887193,0.9735934080841803,0.9785890659876508,8.322478400781375,5.265714839303251,7.992280420923257,0.04012749044007735,9,0.9817219674046403,167810
fedavg_sgd,1.0,10,101,22,45,Replay,3,own_client_rows,0.5818181818181818,0.032388663967611336,0.061361457334611694,0.5954198473282443,0.5526315789473685,0.573228346456693,0.5655526992287918,0.6680161943319838,0.6125290023201856,-1.2821161061646003,-0.10331573177445755,0.11311405197328885,0.04012749044007735,4,0.3387365926212559,1312
fedavg_sgd,1.0,10,101,22,45,Replay,3,validation,0.6785714285714286,0.017511520737327188,0.034141958670260555,0.5802955665024631,0.5428571428571428,0.560952380952381,0.6326219512195121,0.7649769585253456,0.6925323320817689,-1.1683516120031683,-0.043619776431316606,0.2248922602921587,0.04012749044007735,4,0.3387365926212559,1312
fedavg_sgd,1.0,10,101,22,45,Unauth,3,own_client_rows,1.0,0.43609022556390975,0.6073298429319371,0.9214780600461894,1.0,0.9591346153846154,1.0,0.4799498746867168,0.6486028789161727,0.21928000390380248,8.656951215930452,0.23536624765037595,0.04012749044007735,3,0.20141182686377795,921
fedavg_sgd,1.0,10,101,22,45,Unauth,3,validation,0.3058013765978368,0.41633199464524767,0.3526077097505669,0.24253246753246754,1.0,0.39038411288215313,0.3561346362649294,0.4390896921017403,0.3932853717026379,0.08267003561119478,8.680630317493934,0.1347162841633461,0.04012749044007735,3,0.20141182686377795,921
fedavg_sgd,1.0,10,101,22,45,Video,3,own_client_rows,0.9704730340463995,0.32998668169244955,0.49250764525993884,0.6405684584512139,0.9974387870095277,0.7801282051282051,0.9502003434459073,0.1700645425673599,0.2884949600278067,-0.6718858301291492,6.536140891326132,-1.150750032715494,0.04012749044007735,3,0.20639340465331735,1379
fedavg_sgd,1.0,10,101,22,45,Video,3,validation,0.9021612149532711,0.25715950715950714,0.40023322104172065,0.33419212366580786,0.9826839826839827,0.49876407580335075,0.854967367657723,0.09815184815184815,0.17608841759390637,-1.0004061083772997,6.19481283690268,-1.526438039499563,0.04012749044007735,3,0.20639340465331735,1379
fedavg_sgd,1.0,10,101,22,45,DoS,4,own_client_rows,0.9999970887155705,0.9998486356835554,0.9999228566895623,0.9999621574888874,0.9999243178417777,0.9999432373073525,0.999997088469758,0.9997642209686152,0.9998806411607501,20.663350319065792,22.625111692584166,20.676391653440483,0.2018606386056233,7,0.8264572894003224,45956
fedavg_sgd,1.0,10,101,22,45,DoS,4,validation,0.9998259583170169,0.9998042073661539,0.9998150827232876,0.9976124327140129,0.99989122631453,0.9987505296667717,0.9998476803899382,0.999608414732308,0.9997280332452161,19.235389229637565,20.64131516053636,19.36674322747841,0.2018606386056233,7,0.8264572894003224,45956
fedavg_sgd,1.0,10,101,22,45,MITM,4,own_client_rows,0.9257413855204707,0.8260217472815898,0.8730432813428822,0.7176890544368137,0.9907868659274733,0.8324107825930426,0.9074869938927844,0.8596068348599282,0.8828982477374632,1.0225046762561139,4.413424365655465,1.2951450461305338,0.2018606386056233,6,0.6910203234979224,25282
fedavg_sgd,1.0,10,101,22,45,MITM,4,validation,0.48377932551319647,0.7822479069422835,0.5978313184790918,0.3046134062047902,0.9828109950359339,0.465079587686698,0.43548769875800963,0.815736830406757,0.5678331055468165,0.7459140044720586,3.92943187317089,1.0478634285628288,0.2018606386056233,6,0.6910203234979224,25282
fedavg_sgd,1.0,10,101,22,45,Regular,4,own_client_rows,0.9614765283842794,0.981103963015568,0.9711910899141246,0.997341165558819,0.8984042108781017,0.9452909804840883,0.9653770907387507,0.9757011167738882,0.9705116485221197,8.251530837258404,7.589887102010054,7.918361909759936,0.2018606386056233,9,0.9817219674046403,167810
fedavg_sgd,1.0,10,101,22,45,Regular,4,validation,0.9823096811601063,0.9792852466365068,0.9807951323251418,0.9972729483042996,0.8951463067930471,0.9434539350988437,0.9836362552887193,0.9735934080841803,0.9785890659876508,8.322478400781375,7.639377468060823,7.992280420923257,0.2018606386056233,9,0.9817219674046403,167810
fedavg_sgd,1.0,10,101,22,45,Injection,5,own_client_rows,0.36198738170347006,0.8759541984732825,0.5122767857142857,0.37110481586402266,1.0,0.5413223140495868,0.40607734806629836,0.8416030534351145,0.5478260869565217,0.5457291348289898,3.3402665698801286,0.43613614380814647,0.018278032595359706,4,0.21002761703754486,1215
fedavg_sgd,1.0,10,101,22,45,Injection,5,validation,0.29609793420045905,0.45690672963400236,0.3593314763231198,0.29062346588119786,0.6989374262101535,0.4105409153952843,0.2979423868312757,0.42739079102715466,0.3511154219204656,-1.4012135547336186,0.6152121803977273,-1.5206391065433147,0.018278032595359706,4,0.21002761703754486,1215
fedavg_sgd,1.0,10,101,22,45,MITM,5,own_client_rows,0.9999296789845645,0.7508646864686469,0.8576814041860185,1.0,0.9762904290429043,0.9880029925720087,0.9998658078368223,0.7869042904290429,0.8806938226733448,0.7344950011602723,8.33169085189769,1.017921004795792,0.018278032595359706,6,0.6910203234979224,25282
fedavg_sgd,1.0,10,101,22,45,MITM,5,validation,0.48377932551319647,0.7822479069422835,0.5978313184790918,0.06699775408850789,0.9415425650144477,0.12509413067552602,0.43548769875800963,0.815736830406757,0.5678331055468165,0.7459140044720586,7.853861622027117,1.0478634285628288,0.018278032595359706,6,0.6910203234979224,25282
fedavg_sgd,1.0,10,101,22,45,Replay,5,own_client_rows,1.0,0.03107658157602664,0.060279870828848225,0.9922907488986784,1.0,0.996130458817026,1.0,0.6659267480577137,0.7994670219853431,-1.2512139289678135,6.437166169533851,0.10920501946079876,0.018278032595359706,4,0.3387365926212559,1312
fedavg_sgd,1.0,10,101,22,45,Replay,5,validation,0.6785714285714286,0.017511520737327188,0.034141958670260555,0.3603723404255319,0.9990783410138249,0.5296848277547032,0.6326219512195121,0.7649769585253456,0.6925323320817689,-1.1683516120031683,6.57165763608871,0.2248922602921587,0.018278032595359706,4,0.3387365926212559,1312
fedavg_sgd,1.0,10,101,22,45,Injection,6,own_client_rows,0.9902491874322861,0.6998468606431854,0.8200986989681471,0.9916413373860182,0.9992343032159265,0.9954233409610984,0.9875846501128668,0.6699846860643185,0.7983576642335767,0.21513553636910174,11.869782195156969,0.11228199793770338,0.033580420087790365,4,0.21002761703754486,1215
fedavg_sgd,1.0,10,101,22,45,Injection,6,validation,0.29609793420045905,0.45690672963400236,0.3593314763231198,0.28888888888888886,0.9976387249114522,0.44803817603393425,0.2979423868312757,0.42739079102715466,0.3511154219204656,-1.4012135547336186,11.401947129574971,-1.5206391065433147,0.033580420087790365,4,0.21002761703754486,1215
fedavg_sgd,1.0,10,101,22,45,Ip Spoofing,6,own_client_rows,0.9928263988522238,0.4202854539933192,0.5905696607638148,0.9948562783661119,0.9984816276951108,0.9966656562594726,0.9970760233918129,0.8284239295475251,0.9049593630784541,0.14261655926233796,8.719125589555496,1.5004203140717527,0.033580420087790365,3,0.3139114896736092,950
fedavg_sgd,1.0,10,101,22,45,Ip Spoofing,6,validation,0.5819209039548022,0.12018669778296383,0.19922630560928434,0.28376125375125044,0.9929988331388565,0.4413900414937759,0.7389473684210527,0.8191365227537923,0.7769784172661871,-1.4161623372775671,7.634193589556593,0.1391457520955641,0.033580420087790365,3,0.3139114896736092,950
fedavg_sgd,1.0,10,101,22,45,Regular,6,own_client_rows,1.0,0.9785956244545361,0.989182036348956,1.0,0.9977367868289869,0.9988671114303274,1.0,0.9729301954055294,0.9862793905950096,8.334198920304942,10.492604225219296,8.006878335188528,0.033580420087790365,9,0.9817219674046403,167810
fedavg_sgd,1.0,10,101,22,45,Regular,6,validation,0.9823096811601063,0.9792852466365068,0.9807951323251418,0.9270551063619707,0.9968326245568918,0.9606784844376611,0.9836362552887193,0.9735934080841803,0.9785890659876508,8.322478400781375,10.480772787813862,7.992280420923257,0.033580420087790365,9,0.9817219674046403,167810
fedavg_sgd,1.0,10,101,22,45,DoS,7,own_client_rows,0.9999767613898238,0.9999457782563062,0.9999612695830671,0.9999806338914646,0.9999186673844592,0.9999496496779516,0.9999767603997212,0.9999031754576896,0.9999399665749382,23.406137006515564,24.061248270471612,23.497824222048084,0.24073099107864576,7,0.8264572894003224,45956
fedavg_sgd,1.0,10,101,22,45,DoS,7,validation,0.9998259583170169,0.9998042073661539,0.9998150827232876,0.9999347144846796,0.999608414732308,0.9997715379845299,0.9998476803899382,0.999608414732308,0.9997280332452161,19.235389229637565,19.277810627053103,19.36674322747841,0.24073099107864576,7,0.8264572894003224,45956
fedavg_sgd,1.0,10,101,22,45,Ip Spoofing,7,own_client_rows,0.8988416988416988,0.4451242829827916,0.5953964194373401,0.8966500356379188,0.9621414913957935,0.9282420217672016,0.9434416365824309,0.8994263862332696,0.9209083790133125,0.41690965583173994,4.312795396152008,1.714951302581262,0.24073099107864576,3,0.3139114896736092,950
fedavg_sgd,1.0,10,101,22,45,Ip Spoofing,7,validation,0.5819209039548022,0.12018669778296383,0.19922630560928434,0.4051383399209486,0.9568261376896149,0.5692467893092676,0.7389473684210527,0.8191365227537923,0.7769784172661871,-1.4161623372775671,2.377469324314469,0.1391457520955641,0.24073099107864576,3,0.3139114896736092,950
fedavg_sgd,1.0,10,101,22,45,MITM,7,own_client_rows,0.8013869219123895,0.8126176091908488,0.8069631924467064,0.680050003676741,0.9159156185005447,0.7805536799459825,0.7635665833630846,0.8472813707041695,0.8032486737711845,0.8673888972764962,2.826923471235268,1.1405381471600475,0.24073099107864576,6,0.6910203234979224,25282
fedavg_sgd,1.0,10,101,22,45,MITM,7,validation,0.48377932551319647,0.7822479069422835,0.5978313184790918,0.38227625317775893,0.8690079276876342,0.5309762556870912,0.43548769875800963,0.815736830406757,0.5678331055468165,0.7459140044720586,2.437532577407248,1.0478634285628288,0.24073099107864576,6,0.6910203234979224,25282
fedavg_sgd,1.0,10,101,22,45,Regular,7,own_client_rows,0.98632884170642,0.9807089370187311,0.9835108612176562,0.9925825113559782,0.9623003330434229,0.9772068786499476,0.9875810004766629,0.9756984366050784,0.9816037594915638,8.395059228895759,7.205057283891344,8.070760690004455,0.24073099107864576,9,0.9817219674046403,167810
fedavg_sgd,1.0,10,101,22,45,Regular,7,validation,0.9823096811601063,0.9792852466365068,0.9807951323251418,0.9897702253956283,0.9598858093322559,0.9745989825220159,0.9836362552887193,0.9735934080841803,0.9785890659876508,8.322478400781375,7.124385127528149,7.992280420923257,0.24073099107864576,9,0.9817219674046403,167810
fedavg_sgd,1.0,10,101,22,45,Replay,7,own_client_rows,1.0,0.07657657657657657,0.14225941422594143,0.887402452619844,0.8963963963963963,0.8918767507002802,0.8622386223862238,0.7894144144144144,0.8242210464432687,-1.0584292712512318,2.2608047347884996,0.306979480090442,0.24073099107864576,4,0.3387365926212559,1312
fedavg_sgd,1.0,10,101,22,45,Replay,7,validation,0.6785714285714286,0.017511520737327188,0.034141958670260555,0.6182432432432432,0.8433179723502304,0.7134502923976608,0.6326219512195121,0.7649769585253456,0.6925323320817689,-1.1683516120031683,2.0437362741215437,0.2248922602921587,0.24073099107864576,4,0.3387365926212559,1312
fedavg_sgd,1.0,10,101,22,45,DoS,8,own_client_rows,1.0,0.9998827824683943,0.9999413877990084,1.0,0.9998827824683943,0.9999413877990084,1.0,0.9998103834047556,0.9999051827129122,18.68899293441162,19.36430546242316,18.83912144274958,0.14596892641440812,7,0.8264572894003224,45956
fedavg_sgd,1.0,10,101,22,45,DoS,8,validation,0.9998259583170169,0.9998042073661539,0.9998150827232876,0.9998694573778338,0.999760697891966,0.9998150746771965,0.9998476803899382,0.999608414732308,0.9997280332452161,19.235389229637565,19.86232149218461,19.36674322747841,0.14596892641440812,7,0.8264572894003224,45956
fedavg_sgd,1.0,10,101,22,45,MITM,8,own_client_rows,0.21187800963081863,0.1033672670321065,0.13894736842105262,0.9621212121212122,0.9945184025058731,0.9780515979976896,0.41421319796954315,0.31949882537196556,0.36074270557029176,-0.9199266306758394,7.249816846735513,-0.5196162666673294,0.14596892641440812,6,0.6910203234979224,25282
fedavg_sgd,1.0,10,101,22,45,MITM,8,validation,0.48377932551319647,0.7822479069422835,0.5978313184790918,0.37366582573258295,0.2853226642957694,0.3235726589085409,0.43548769875800963,0.815736830406757,0.5678331055468165,0.7459140044720586,-2.0799718730898533,1.0478634285628288,0.14596892641440812,6,0.6910203234979224,25282
fedavg_sgd,1.0,10,101,22,45,Manipulation,8,own_client_rows,0.9970845481049563,0.9642857142857143,0.9804108934543717,0.9878731343283582,0.9953007518796992,0.9915730337078652,1.0,0.3843984962406015,0.5553292600135777,1.4239327566964286,10.882814335643797,-0.11674769838949792,0.14596892641440812,4,0.4213681828286953,701
fedavg_sgd,1.0,10,101,22,45,Manipulation,8,validation,0.3455137481910275,0.9815005138746146,0.5111051645705111,0.3282520325203252,0.9958890030832477,0.4937579617834395,0.6048502139800286,0.4357656731757451,0.5065710872162486,1.4767842777953977,10.621795309288284,-0.05465193079039837,0.14596892641440812,4,0.4213681828286953,701
fedavg_sgd,1.0,10,101,22,45,Regular,8,own_client_rows,0.9998566239724718,0.9752925271549112,0.9874218289085546,0.9999532295028296,0.9966901309962239,0.998319013821442,0.999904049126847,0.9716097151647942,0.9855538479725736,8.564166862121812,9.761655105676892,8.285371766613444,0.14596892641440812,9,0.9817219674046403,167810
fedavg_sgd,1.0,10,101,22,45,Regular,8,validation,0.9823096811601063,0.9792852466365068,0.9807951323251418,0.9177134109932581,0.9971806229761533,0.9557980908122105,0.9836362552887193,0.9735934080841803,0.9785890659876508,8.322478400781375,9.681906600486755,7.992280420923257,0.14596892641440812,9,0.9817219674046403,167810
fedavg_sgd,1.0,10,101,22,45,DoS,9,own_client_rows,0.9999727883751939,0.9998911623857205,0.9999319737146434,0.9999727883751939,0.9998911623857205,0.9999319737146434,0.9999727854129814,0.999782324771441,0.9998775460222866,15.37448769794841,15.074433342913311,14.859453971042392,0.03960007850717308,7,0.8264572894003224,45956
fedavg_sgd,1.0,10,101,22,45,DoS,9,validation,0.9998259583170169,0.9998042073661539,0.9998150827232876,0.9998912002785273,0.999651924206496,0.9997715479259816,0.9998476803899382,0.999608414732308,0.9997280332452161,19.235389229637565,19.320679781147344,19.36674322747841,0.03960007850717308,7,0.8264572894003224,45956
fedavg_sgd,1.0,10,101,22,45,Ip Spoofing,9,own_client_rows,0.9601226993865031,0.39272271016311167,0.5574354407836153,0.9207011686143572,0.6919698870765371,0.7901146131805158,0.9464958553127355,0.7879548306148055,0.8599794590893529,-0.13534451129295894,1.2616027678869002,1.2444054616739042,0.03960007850717308,3,0.3139114896736092,950
fedavg_sgd,1.0,10,101,22,45,Ip Spoofing,9,validation,0.5819209039548022,0.12018669778296383,0.19922630560928434,0.4542897327707454,0.37689614935822635,0.4119897959183674,0.7389473684210527,0.8191365227537923,0.7769784172661871,-1.4161623372775671,0.13739195281733155,0.1391457520955641,0.03960007850717308,3,0.3139114896736092,950
fedavg_sgd,1.0,10,101,22,45,MITM,9,own_client_rows,0.9323987168824998,0.8297737365193487,0.8780979020979021,0.7036704119850187,0.993233241700148,0.8237460540161347,0.9159606912910878,0.8573694227109325,0.8856971219485555,1.0554101386970687,4.062632473005657,1.3198023808383115,0.03960007850717308,6,0.6910203234979224,25282
fedavg_sgd,1.0,10,101,22,45,MITM,9,validation,0.48377932551319647,0.7822479069422835,0.5978313184790918,0.2679348308621149,0.8943468919019041,0.4123383832345557,0.43548769875800963,0.815736830406757,0.5678331055468165,0.7459140044720586,2.6876850454614916,1.0478634285628288,0.03960007850717308,6,0.6910203234979224,25282
fedavg_sgd,1.0,10,101,22,45,Regular,9,own_client_rows,0.9564734312935752,0.9816968867601779,0.9689210293062454,0.998489620155537,0.8858193636674649,0.9387859926881591,0.9622858747542825,0.9769357965560497,0.9695554989672637,8.310177392706196,6.967596839942197,7.981304240479601,0.03960007850717308,9,0.9817219674046403,167810
fedavg_sgd,1.0,10,101,22,45,Regular,9,validation,0.9823096811601063,0.9792852466365068,0.9807951323251418,0.9988069399695332,0.8740127756707817,0.932252067480552,0.9836362552887193,0.9735934080841803,0.9785890659876508,8.322478400781375,7.005351909945456,7.992280420923257,0.03960007850717308,9,0.9817219674046403,167810
fedavg_sgd,1.0,10,101,22,45,Replay,9,own_client_rows,0.9743589743589743,0.04103671706263499,0.07875647668393783,0.6350639578630549,0.9114470842332614,0.7485587583148559,0.7708860759493671,0.6576673866090713,0.7097902097902098,-1.2421650896834504,0.5849030002404495,0.09571545067410232,0.03960007850717308,4,0.3387365926212559,1312
fedavg_sgd,1.0,10,101,22,45,Replay,9,validation,0.6785714285714286,0.017511520737327188,0.034141958670260555,0.4658024139472508,0.96036866359447,0.6273329319686936,0.6326219512195121,0.7649769585253456,0.6925323320817689,-1.1683516120031683,0.622501946374568,0.2248922602921587,0.03960007850717308,4,0.3387365926212559,1312
fedavg_sgd,1.0,10,101,22,45,Unauth,9,own_client_rows,1.0,0.20313666915608664,0.3376784605834885,0.9702898550724638,1.0,0.9849209268113277,1.0,0.2352501867064974,0.3808948004836759,-0.38219038811613143,10.947946082664302,-0.2778769985253104,0.03960007850717308,3,0.20141182686377795,921
fedavg_sgd,1.0,10,101,22,45,Unauth,9,validation,0.3058013765978368,0.41633199464524767,0.3526077097505669,0.2503351206434316,1.0,0.4004288394532297,0.3561346362649294,0.4390896921017403,0.3932853717026379,0.08267003561119478,10.623043279890394,0.1347162841633461,0.03960007850717308,3,0.20141182686377795,921
fedavg_sgd,1.0,10,101,44,45,DoS,0,own_client_rows,0.9999244408623816,0.9998992570205264,0.9999118487828835,0.9999748104486259,0.9998236997859211,0.9998992494080903,0.9999244408623816,0.9998992570205264,0.9999118487828835,18.548472327162827,14.862550223917014,18.461497489296057,0.044581656296712464,7,0.8264572894003224,45952
fedavg_sgd,1.0,10,101,44,45,DoS,0,validation,0.9999129507518879,0.9995649052581199,0.9997388977131791,0.9999564687445586,0.9994561315726499,0.9997062375558965,0.9999129526462396,0.999586659995214,0.9997497796973422,19.151513883261362,14.738940902916767,19.048767024781366,0.044581656296712464,7,0.8264572894003224,45952
fedavg_sgd,1.0,10,101,44,45,Injection,0,own_client_rows,0.4557291666666667,0.9749303621169917,0.6211180124223602,0.4831763122476447,1.0,0.6515426497277677,0.46200607902735563,0.8467966573816156,0.5978367748279253,0.5384103249042479,3.876485925530989,0.24847004074904247,0.044581656296712464,4,0.21002761703754486,869
fedavg_sgd,1.0,10,101,44,45,Injection,0,validation,0.3131643499591169,0.45218417945690675,0.370048309178744,0.29333333333333333,0.5454545454545454,0.3815028901734104,0.27042577675489066,0.27744982290436837,0.2738927738927739,-0.4292663069795971,0.4902513812536895,-0.7625204939769038,0.044581656296712464,4,0.21002761703754486,869
fedavg_sgd,1.0,10,101,44,45,MITM,0,own_client_rows,0.03880515583441315,0.4141193595342067,0.07096090291201597,0.9875,0.74745269286754,0.8508699254349628,0.05149501661129568,0.4963609898107715,0.09330961827883431,-0.33532186227767924,0.6142417763344933,-0.11582839610448224,0.044581656296712464,6,0.6910203234979224,23433
fedavg_sgd,1.0,10,101,44,45,MITM,0,validation,0.4640800242497727,0.7940283025857598,0.585788466794206,0.6190228690228691,0.08824183151811514,0.15446469100577134,0.4605470917082747,0.799585092983626,0.584457080963986,0.8355169783099948,-9.15014114826443,0.8107981063210806,0.044581656296712464,6,0.6910203234979224,23433
fedavg_sgd,1.0,10,101,44,45,Regular,0,own_client_rows,0.9682780273913278,0.9789830879535877,0.9736011321576312,0.9988561107766406,0.908051009796946,0.951291534072991,0.9609853492701617,0.9746866619232664,0.9677875144351606,8.811681358575834,5.608027128885939,8.328066991380423,0.044581656296712464,9,0.9817219674046403,168044
fedavg_sgd,1.0,10,101,44,45,Regular,0,validation,0.9837006074528425,0.9799930400316148,0.9818433236911386,0.9993190107321289,0.9001657416200212,0.9471544715447154,0.9836530908571565,0.9749677069263482,0.9792911414902913,8.748178100171934,5.525923785581364,8.24001780911402,0.044581656296712464,9,0.9817219674046403,168044
fedavg_sgd,1.0,10,101,44,45,Video,0,own_client_rows,0.9910740850937221,0.1863392257775789,0.31369779159014927,0.8429368909073706,0.996755426269859,0.9134156969293075,0.9954022988505747,0.26644663235623184,0.42036979833193594,-1.1219397745668074,7.085450748384706,-0.8015342673137167,0.044581656296712464,3,0.20639340465331735,2923
fedavg_sgd,1.0,10,101,44,45,Video,0,validation,0.907563025210084,0.17082917082917082,0.2875359069571919,0.2955667456556082,0.9968364968364969,0.4559439494326403,0.918918918918919,0.22360972360972362,0.35969199866086377,-1.3364052126259158,6.992044576517233,-1.0142826127323197,0.044581656296712464,3,0.20639340465331735,2923
fedavg_sgd,1.0,10,101,44,45,Manipulation,1,own_client_rows,1.0,0.97,0.9847715736040609,0.9606147934678194,1.0,0.9799118079372856,1.0,0.148,0.2578397212543554,1.336354248046875,8.04077294921875,-0.2525170745849609,0.12168425791652752,4,0.4213681828286953,281
fedavg_sgd,1.0,10,101,44,45,Manipulation,1,validation,0.35676691729323307,0.9753340184994861,0.5224332507569501,0.30771663504111324,1.0,0.4706166868198307,0.6263345195729537,0.18088386433710174,0.2807017543859649,1.3929499188037961,7.9700375720628855,-0.21640178919573605,0.12168425791652752,4,0.4213681828286953,281
fedavg_sgd,1.0,10,101,44,45,Password Cracking,1,own_client_rows,1.0,0.9999718636795273,0.9999859316418478,1.0,0.9999929659198818,0.9999964829475713,1.0,0.9999718636795273,0.9999859316418478,14.72617024012591,20.588227752523476,14.377974756444976,0.12168425791652752,1,0.12168425791652752,0
fedavg_sgd,1.0,10,101,44,45,Password Cracking,1,validation,0.0,0.0,0.0,0.0,0.0,0.0,0.0,0.0,0.0,nan,nan,nan,0.12168425791652752,1,0.12168425791652752,0
fedavg_sgd,1.0,10,101,44,45,Regular,1,own_client_rows,0.982158384238622,0.981877400116636,0.9820178720781794,0.998609346152924,0.9165612174161816,0.9558277632749075,0.980575658803381,0.9765187442919863,0.9785429967031635,8.642796191650174,6.137351655040313,8.1457826718456,0.12168425791652752,9,0.9817219674046403,168044
fedavg_sgd,1.0,10,101,44,45,Regular,1,validation,0.9837006074528425,0.9799930400316148,0.9818433236911386,0.9983621356719112,0.9132068349248854,0.9538877645007563,0.9836530908571565,0.9749677069263482,0.9792911414902913,8.748178100171934,6.2375070836939885,8.24001780911402,0.12168425791652752,9,0.9817219674046403,168044
fedavg_sgd,1.0,10,101,44,45,Unauth,1,own_client_rows,1.0,0.46954314720812185,0.6390328151986183,0.9227166276346604,1.0,0.9598051157125457,1.0,0.6446700507614214,0.7839506172839507,-0.029642753794713674,7.784437460342639,0.2905718420967838,0.12168425791652752,3,0.20141182686377795,1317
fedavg_sgd,1.0,10,101,44,45,Unauth,1,validation,0.33042529989094876,0.40562248995983935,0.3641826923076923,0.26718118338846014,0.9732262382864793,0.41926182237600923,0.3348519362186788,0.5903614457831325,0.4273255813953488,-0.18034013240053312,7.4373779296875,0.18614990356935554,0.12168425791652752,3,0.20141182686377795,1317
fedavg_sgd,1.0,10,101,44,45,Video,1,own_client_rows,0.9771615008156607,0.15644354898888144,0.2697070080082334,0.7793325526932084,0.9932840832773674,0.8733965421081985,0.9859423811176675,0.2119617938959779,0.34891290996192115,-1.365239722009435,7.471106109152302,-1.040994692414512,0.12168425791652752,3,0.20639340465331735,2923
fedavg_sgd,1.0,10,101,44,45,Video,1,validation,0.907563025210084,0.17082917082917082,0.2875359069571919,0.30986864264061975,0.9956709956709957,0.4726432057539173,0.918918918918919,0.22360972360972362,0.35969199866086377,-1.3364052126259158,7.414676631961788,-1.0142826127323197,0.12168425791652752,3,0.20639340465331735,2923
fedavg_sgd,1.0,10,101,44,45,DoS,2,own_client_rows,0.9998632198057721,0.9982702112163147,0.9990660804993052,0.9999543899657924,0.9979970866715222,0.9989747795776092,0.9998632322771825,0.9983612527312454,0.9991116780174476,26.918633424185177,24.846884530908593,26.617228753186453,0.11358750805768231,7,0.8264572894003224,45952
fedavg_sgd,1.0,10,101,44,45,DoS,2,validation,0.9999129507518879,0.9995649052581199,0.9997388977131791,0.9998694289693594,0.9995431505210259,0.999706263122967,0.9999129526462396,0.999586659995214,0.9997497796973422,19.151513883261362,18.018804590793394,19.048767024781366,0.11358750805768231,7,0.8264572894003224,45952
fedavg_sgd,1.0,10,101,44,45,Injection,2,own_client_rows,0.9870801033591732,0.9646464646464646,0.9757343550446999,0.9773869346733668,0.9823232323232324,0.9798488664987406,0.9898648648648649,0.73989898989899,0.846820809248555,0.48047969317195394,9.110482264046718,0.18328780357283775,0.11358750805768231,4,0.21002761703754486,869
fedavg_sgd,1.0,10,101,44,45,Injection,2,validation,0.3131643499591169,0.45218417945690675,0.370048309178744,0.30369557263080865,0.9799291617473436,0.46368715083798884,0.27042577675489066,0.27744982290436837,0.2738927738927739,-0.4292663069795971,8.582356962994393,-0.7625204939769038,0.11358750805768231,4,0.21002761703754486,869
fedavg_sgd,1.0,10,101,44,45,Manipulation,2,own_client_rows,1.0,0.9849094567404426,0.9923973644196655,0.8971119133574007,1.0,0.9457659372026641,1.0,0.16498993963782696,0.28324697754749567,1.3664739904269365,9.964067608777667,-0.22966077102262009,0.11358750805768231,4,0.4213681828286953,281
fedavg_sgd,1.0,10,101,44,45,Manipulation,2,validation,0.35676691729323307,0.9753340184994861,0.5224332507569501,0.3094783715012723,1.0,0.47267427738644646,0.6263345195729537,0.18088386433710174,0.2807017543859649,1.3929499188037961,9.748910776512718,-0.21640178919573605,0.11358750805768231,4,0.4213681828286953,281
fedavg_sgd,1.0,10,101,44,45,Regular,2,own_client_rows,1.0,0.980155657878652,0.9899783928387694,1.0,0.9996377943486863,0.9998188643701688,1.0,0.9756461975197968,0.9876729940255615,8.787940502557511,12.848254875309289,8.286041230887992,0.11358750805768231,9,0.9817219674046403,168044
fedavg_sgd,1.0,10,101,44,45,Regular,2,validation,0.9837006074528425,0.9799930400316148,0.9818433236911386,0.8874584434962436,0.9998112550946379,0.9402905593183671,0.9836530908571565,0.9749677069263482,0.9792911414902913,8.748178100171934,12.860306421086936,8.24001780911402,0.11358750805768231,9,0.9817219674046403,168044
fedavg_sgd,1.0,10,101,44,45,DoS,3,own_client_rows,0.9942857142857143,0.997134670487106,0.9957081545064378,0.997134670487106,0.997134670487106,0.997134670487106,0.9942857142857143,0.997134670487106,0.9957081545064378,34.298716198065904,31.043676687858166,33.79132342406877,0.04012749044007735,7,0.8264572894003224,45952
fedavg_sgd,1.0,10,101,44,45,DoS,3,validation,0.9999129507518879,0.9995649052581199,0.9997388977131791,0.9998694602180014,0.99978245262906,0.9998259545306212,0.9999129526462396,0.999586659995214,0.9997497796973422,19.151513883261362,18.528937114533253,19.048767024781366,0.04012749044007735,7,0.8264572894003224,45952
fedavg_sgd,1.0,10,101,44,45,Manipulation,3,own_client_rows,0.5153617443012884,0.9839167455061495,0.6764227642276422,0.5131067961165049,1.0,0.6782162335579083,0.607773851590106,0.16272469252601704,0.25671641791044775,1.379789267605842,3.690907343897824,-0.22007862621585264,0.04012749044007735,4,0.4213681828286953,281
fedavg_sgd,1.0,10,101,44,45,Manipulation,3,validation,0.35676691729323307,0.9753340184994861,0.5224332507569501,0.3269489247311828,1.0,0.4927829830336794,0.6263345195729537,0.18088386433710174,0.2807017543859649,1.3929499188037961,3.7190924994379495,-0.21640178919573605,0.04012749044007735,4,0.4213681828286953,281
fedavg_sgd,1.0,10,101,44,45,Regular,3,own_client_rows,0.9912908844590672,0.9779341570520689,0.984567223198594,0.9993135796819586,0.9530043913482257,0.975609756097561,0.9882620324561039,0.9725336169980634,0.9803347424133072,8.724791300152743,6.530480793551656,8.216993050512437,0.04012749044007735,9,0.9817219674046403,168044
fedavg_sgd,1.0,10,101,44,45,Regular,3,validation,0.9837006074528425,0.9799930400316148,0.9818433236911386,0.991522987626987,0.956199385399402,0.9735408747245092,0.9836530908571565,0.9749677069263482,0.9792911414902913,8.748178100171934,6.56715180620027,8.24001780911402,0.04012749044007735,9,0.9817219674046403,168044
fedavg_sgd,1.0,10,101,44,45,Replay,3,own_client_rows,0.3333333333333333,0.0010121457489878543,0.0020181634712411706,0.0,0.0,0.0,0.5479002624671916,0.8451417004048583,0.6648089171974523,-1.4398923557296939,-3.390409523658907,0.02654767519066691,0.04012749044007735,4,0.3387365926212559,1828
fedavg_sgd,1.0,10,101,44,45,Replay,3,validation,0.0,0.0,0.0,0.0,0.0,0.0,0.5410284463894968,0.911520737327189,0.6790250600755235,-1.3113418508784562,-3.321285912298387,0.13087975286668346,0.04012749044007735,4,0.3387365926212559,1828
fedavg_sgd,1.0,10,101,44,45,Unauth,3,own_client_rows,1.0,0.4348370927318296,0.6061135371179039,0.9876237623762376,1.0,0.9937733499377335,1.0,0.6328320802005013,0.7751343054489639,-0.10316681443599232,8.8838906347901,0.2583353907840891,0.04012749044007735,3,0.20141182686377795,1317
fedavg_sgd,1.0,10,101,44,45,Unauth,3,validation,0.33042529989094876,0.40562248995983935,0.3641826923076923,0.2554719562243502,1.0,0.406973576682103,0.3348519362186788,0.5903614457831325,0.4273255813953488,-0.18034013240053312,8.823995526376338,0.18614990356935554,0.04012749044007735,3,0.20141182686377795,1317
fedavg_sgd,1.0,10,101,44,45,Video,3,own_client_rows,0.9695340501792115,0.22169859645528123,0.3608771783540399,0.7390741586721487,0.9944677799405799,0.8479580694474776,0.980477953550993,0.29843253764983096,0.45758718190386427,-1.021070316401848,6.134084302325581,-0.7149342835016664,0.04012749044007735,3,0.20639340465331735,2923
fedavg_sgd,1.0,10,101,44,45,Video,3,validation,0.907563025210084,0.17082917082917082,0.2875359069571919,0.3853907622931795,0.9676157176157176,0.5512318892129663,0.918918918918919,0.22360972360972362,0.35969199866086377,-1.3364052126259158,5.5613676687895435,-1.0142826127323197,0.04012749044007735,3,0.20639340465331735,2923
fedavg_sgd,1.0,10,101,44,45,DoS,4,own_client_rows,0.9999970884273722,0.9997496667074186,0.9998733622610805,0.9999912674941202,0.9999970891477606,0.9999941783124674,0.999997088546049,0.999790418638769,0.9998937429131618,20.973838817833773,22.630652226929314,20.803885003052756,0.2018606386056233,7,0.8264572894003224,45952
fedavg_sgd,1.0,10,101,44,45,DoS,4,validation,0.9999129507518879,0.9995649052581199,0.9997388977131791,0.9994346965842629,1.0,0.9997172683775555,0.9999129526462396,0.999586659995214,0.9997497796973422,19.151513883261362,20.344813517713796,19.048767024781366,0.2018606386056233,7,0.8264572894003224,45952
fedavg_sgd,1.0,10,101,44,45,MITM,4,own_client_rows,0.9261781042823867,0.8306283143178531,0.87580481192816,0.691576288812955,0.9973753280839895,0.8167920514114009,0.9078388614713646,0.8473940757405324,0.8765757030059566,1.092179569908672,4.653506742879238,1.0281443014813578,0.2018606386056233,6,0.6910203234979224,23433
fedavg_sgd,1.0,10,101,44,45,MITM,4,validation,0.4640800242497727,0.7940283025857598,0.585788466794206,0.2878322339442642,0.9925168555975402,0.44625070788500615,0.4605470917082747,0.799585092983626,0.584457080963986,0.8355169783099948,4.14629719509428,0.8107981063210806,0.2018606386056233,6,0.6910203234979224,23433
fedavg_sgd,1.0,10,101,44,45,Regular,4,own_client_rows,0.9603405994550409,0.9815495585818921,0.9708292588868842,0.9992288807755256,0.8841590776171777,0.9381787555962706,0.9660216238551064,0.9766619322137745,0.9713126389187018,8.693468570934986,8.239284846313044,8.189653866020205,0.2018606386056233,9,0.9817219674046403,168044
fedavg_sgd,1.0,10,101,44,45,Regular,4,validation,0.9837006074528425,0.9799930400316148,0.9818433236911386,0.9985271177703241,0.8797105125014009,0.9353606682805072,0.9836530908571565,0.9749677069263482,0.9792911414902913,8.748178100171934,8.268049641661161,8.24001780911402,0.2018606386056233,9,0.9817219674046403,168044
fedavg_sgd,1.0,10,101,44,45,Injection,5,own_client_rows,0.439143135345667,0.8606870229007634,0.5815602836879432,0.4727608494921514,0.9770992366412213,0.6372121966397013,0.42375,0.6469465648854962,0.5120845921450151,0.38969619401538647,3.8871289901151003,0.10531077494148079,0.018278032595359706,4,0.21002761703754486,869
fedavg_sgd,1.0,10,101,44,45,Injection,5,validation,0.3131643499591169,0.45218417945690675,0.370048309178744,0.3709940249864204,0.8063754427390791,0.5081845238095238,0.27042577675489066,0.27744982290436837,0.2738927738927739,-0.4292663069795971,1.9359390276804163,-0.7625204939769038,0.018278032595359706,4,0.21002761703754486,869
fedavg_sgd,1.0,10,101,44,45,MITM,5,own_client_rows,0.9999648827082456,0.7518151815181519,0.8583141173456316,0.9995711490525074,0.9846336633663366,0.992046180038306,0.99945452066003,0.774019801980198,0.8724091240495782,0.7463306147509282,8.541196885313532,0.7864240859632838,0.018278032595359706,6,0.6910203234979224,23433
fedavg_sgd,1.0,10,101,44,45,MITM,5,validation,0.4640800242497727,0.7940283025857598,0.585788466794206,0.06837535175471234,0.9667333481514411,0.12771747110010473,0.4605470917082747,0.799585092983626,0.584457080963986,0.8355169783099948,8.082802037605578,0.8107981063210806,0.018278032595359706,6,0.6910203234979224,23433
fedavg_sgd,1.0,10,101,44,45,Replay,5,own_client_rows,1.0,0.0022197558268590455,0.004429678848283499,0.9922480620155039,0.9944506104328524,0.9933481152993349,1.0,0.832408435072142,0.9085402786190188,-1.4157977681048834,6.569727754751665,0.01896456211441497,0.018278032595359706,4,0.3387365926212559,1828
fedavg_sgd,1.0,10,101,44,45,Replay,5,validation,0.0,0.0,0.0,0.35978659553184394,0.9944700460829493,0.5284035259549461,0.5410284463894968,0.911520737327189,0.6790250600755235,-1.3113418508784562,6.696451072868664,0.13087975286668346,0.018278032595359706,4,0.3387365926212559,1828
fedavg_sgd,1.0,10,101,44,45,Injection,6,own_client_rows,1.0,0.6906584992343032,0.8170289855072463,0.9908952959028832,1.0,0.9954268292682927,1.0,0.48238897396630936,0.6508264462809917,0.21719521585321352,14.229876531393568,-0.08389260611891929,0.033580420087790365,4,0.21002761703754486,869
fedavg_sgd,1.0,10,101,44,45,Injection,6,validation,0.3131643499591169,0.45218417945690675,0.370048309178744,0.2791694133157548,1.0,0.43648544189641847,0.27042577675489066,0.27744982290436837,0.2738927738927739,-0.4292663069795971,14.601654737308147,-0.7625204939769038,0.033580420087790365,4,0.21002761703754486,869
fedavg_sgd,1.0,10,101,44,45,Ip Spoofing,6,own_client_rows,0.9811738648947951,0.5381111448527179,0.6950382427927044,0.9960606060606061,0.998177953234133,0.9971181556195965,0.9965156794425087,0.7816580625569389,0.8761061946902655,0.5978963454009333,7.518087684221265,1.7274942638444712,0.033580420087790365,3,0.3139114896736092,879
fedavg_sgd,1.0,10,101,44,45,Ip Spoofing,6,validation,0.4260700389105058,0.2555425904317386,0.31947483588621445,0.2863391655450875,0.9929988331388565,0.44450248106555235,0.6177474402730375,0.6336056009334889,0.6255760368663594,-1.0814851384735997,6.5593224684582845,0.16787520311816292,0.033580420087790365,3,0.3139114896736092,879
fedavg_sgd,1.0,10,101,44,45,Regular,6,own_client_rows,1.0,0.9789950150141266,0.9893860344131673,1.0,0.9970415514104404,0.9985185843592137,1.0,0.973906483440084,0.9867807736694594,8.76432989868238,10.407111243676317,8.269482424041833,0.033580420087790365,9,0.9817219674046403,168044
fedavg_sgd,1.0,10,101,44,45,Regular,6,validation,0.9837006074528425,0.9799930400316148,0.9818433236911386,0.9318124137931034,0.9961661191098319,0.9629152401287376,0.9836530908571565,0.9749677069263482,0.9792911414902913,8.748178100171934,10.391710386886505,8.24001780911402,0.033580420087790365,9,0.9817219674046403,168044
fedavg_sgd,1.0,10,101,44,45,DoS,7,own_client_rows,0.9999806336664343,0.999907048439382,0.9999438396991357,0.9999922535865894,0.999934159311229,0.999963205605142,0.9999806341164896,0.9999302863295365,0.9999554595892599,23.63941129490662,23.19461392700162,23.41903239407274,0.24073099107864576,7,0.8264572894003224,45952
fedavg_sgd,1.0,10,101,44,45,DoS,7,validation,0.9999129507518879,0.9995649052581199,0.9997388977131791,0.9999564810583806,0.999738943154872,0.9998477002741395,0.9999129526462396,0.999586659995214,0.9997497796973422,19.151513883261362,18.679173969233364,19.048767024781366,0.24073099107864576,7,0.8264572894003224,45952
fedavg_sgd,1.0,10,101,44,45,Ip Spoofing,7,own_client_rows,0.9166666666666666,0.5889101338432122,0.7171129220023282,0.9310631229235881,0.8573613766730401,0.8926936093967749,0.9407979407979408,0.838623326959847,0.8867771936918722,0.9517131856477056,3.05111137667304,1.9002251882170171,0.24073099107864576,3,0.3139114896736092,879
fedavg_sgd,1.0,10,101,44,45,Ip Spoofing,7,validation,0.4260700389105058,0.2555425904317386,0.31947483588621445,0.33554216867469877,0.6499416569428238,0.44259038537941997,0.6177474402730375,0.6336056009334889,0.6255760368663594,-1.0814851384735997,0.6567679085837222,0.16787520311816292,0.24073099107864576,3,0.3139114896736092,879
fedavg_sgd,1.0,10,101,44,45,MITM,7,own_client_rows,0.8049360407056921,0.8382192730514014,0.8212405695849404,0.4912038364304517,0.9332970189165098,0.6436487201816847,0.7622704962734048,0.8305932455184708,0.7949665860941277,1.0214429917495604,1.8897111954471315,0.9041932657518942,0.24073099107864576,6,0.6910203234979224,23433
fedavg_sgd,1.0,10,101,44,45,MITM,7,validation,0.4640800242497727,0.7940283025857598,0.585788466794206,0.2997960224375319,0.8711565533081426,0.4460800121402963,0.4605470917082747,0.799585092983626,0.584457080963986,0.8355169783099948,1.635594512901015,0.8107981063210806,0.24073099107864576,6,0.6910203234979224,23433
fedavg_sgd,1.0,10,101,44,45,Regular,7,own_client_rows,0.9875438229403751,0.981158651704461,0.9843408826821824,0.9938136458553727,0.9166924757641968,0.9536964903259408,0.9876212134214365,0.9765384696972911,0.9820485744456178,8.835370349639247,5.395890882455691,8.335063157435936,0.24073099107864576,9,0.9817219674046403,168044
fedavg_sgd,1.0,10,101,44,45,Regular,7,validation,0.9837006074528425,0.9799930400316148,0.9818433236911386,0.9905217825969931,0.9116555877339405,0.9494537491208079,0.9836530908571565,0.9749677069263482,0.9792911414902913,8.748178100171934,5.288131113473289,8.24001780911402,0.24073099107864576,9,0.9817219674046403,168044
fedavg_sgd,1.0,10,101,44,45,Replay,7,own_client_rows,1.0,0.01126126126126126,0.022271714922048998,0.700652528548124,0.9673423423423423,0.8126773888363292,0.6969192339716903,0.9425675675675675,0.8013403542364768,-1.2275323266381617,3.3814298612577423,0.22069666407129787,0.24073099107864576,4,0.3387365926212559,1828
fedavg_sgd,1.0,10,101,44,45,Replay,7,validation,0.0,0.0,0.0,0.5190258751902588,0.9428571428571428,0.6695026178010471,0.5410284463894968,0.911520737327189,0.6790250600755235,-1.3113418508784562,3.115228074596774,0.13087975286668346,0.24073099107864576,4,0.3387365926212559,1828
fedavg_sgd,1.0,10,101,44,45,DoS,8,own_client_rows,1.0,0.9998345164259685,0.9999172513662145,1.0,0.9998827824683943,0.9999413877990084,1.0,0.9998448591493455,0.9999224235570351,18.79817637855574,19.80482451415057,18.73722812373948,0.14596892641440812,7,0.8264572894003224,45952
fedavg_sgd,1.0,10,101,44,45,DoS,8,validation,0.9999129507518879,0.9995649052581199,0.9997388977131791,0.9999782168296774,0.9986729610372659,0.9993251627228595,0.9999129526462396,0.999586659995214,0.9997497796973422,19.151513883261362,19.968761727162963,19.048767024781366,0.14596892641440812,7,0.8264572894003224,45952
fedavg_sgd,1.0,10,101,44,45,MITM,8,own_client_rows,0.2692307692307692,0.14252153484729835,0.1863799283154122,0.9664634146341463,0.9929522317932654,0.9795287755890305,0.39979013641133265,0.2983555207517619,0.3417040358744395,-0.7930174538560836,6.785669385033281,-0.579729717974562,0.14596892641440812,6,0.6910203234979224,23433
fedavg_sgd,1.0,10,101,44,45,MITM,8,validation,0.4640800242497727,0.7940283025857598,0.585788466794206,0.33959298477829253,0.3041416611098763,0.32089114715653705,0.4605470917082747,0.799585092983626,0.584457080963986,0.8355169783099948,-2.0070649109090213,0.8107981063210806,0.14596892641440812,6,0.6910203234979224,23433
fedavg_sgd,1.0,10,101,44,45,Manipulation,8,own_client_rows,0.9981060606060606,0.9906015037593985,0.9943396226415094,0.9644808743169399,0.9953007518796992,0.9796484736355227,1.0,0.17857142857142858,0.30303030303030304,1.4543379016388627,11.192408511513158,-0.17362783905258752,0.14596892641440812,4,0.4213681828286953,281
fedavg_sgd,1.0,10,101,44,45,Manipulation,8,validation,0.35676691729323307,0.9753340184994861,0.5224332507569501,0.3226773226773227,0.9958890030832477,0.4874245472837022,0.6263345195729537,0.18088386433710174,0.2807017543859649,1.3929499188037961,10.757412039118705,-0.21640178919573605,0.14596892641440812,4,0.4213681828286953,281
fedavg_sgd,1.0,10,101,44,45,Regular,8,own_client_rows,0.9998566445262101,0.9754323807747891,0.9874935107838974,0.9999065595215848,0.9977157242086616,0.9988099404970249,0.9997122992088229,0.9719360402778425,0.9856285160497329,9.131965456884295,10.935782240629807,8.675325542078458,0.14596892641440812,9,0.9817219674046403,168044
fedavg_sgd,1.0,10,101,44,45,Regular,8,validation,0.9837006074528425,0.9799930400316148,0.9818433236911386,0.9193686887900956,0.9977645525271174,0.9569637296026746,0.9836530908571565,0.9749677069263482,0.9792911414902913,8.748178100171934,10.728247045976342,8.24001780911402,0.14596892641440812,9,0.9817219674046403,168044
fedavg_sgd,1.0,10,101,44,45,DoS,9,own_client_rows,0.9999727876347012,0.9998639529821506,0.9999183673469387,1.0,0.999782324771441,0.9998911505388048,0.9999727868941682,0.9998367435785808,0.9999047606089879,15.249377691180072,14.21747764152291,15.189354703485524,0.03960007850717308,7,0.8264572894003224,45952
fedavg_sgd,1.0,10,101,44,45,DoS,9,validation,0.9999129507518879,0.9995649052581199,0.9997388977131791,1.0,0.9976287336567538,0.9988129594337054,0.9999129526462396,0.999586659995214,0.9997497796973422,19.151513883261362,17.151995164329847,19.048767024781366,0.03960007850717308,7,0.8264572894003224,45952
fedavg_sgd,1.0,10,101,44,45,Ip Spoofing,9,own_client_rows,0.9291521486643438,0.5018820577164367,0.6517311608961304,0.8928778228141285,0.9673776662484316,0.928635953026197,0.9357870007830854,0.7496863237139272,0.8324625566004876,0.3240817272229356,2.2292630089122047,1.5368826182902682,0.03960007850717308,3,0.3139114896736092,879
fedavg_sgd,1.0,10,101,44,45,Ip Spoofing,9,validation,0.4260700389105058,0.2555425904317386,0.31947483588621445,0.5594405594405595,0.9334889148191365,0.6996064713598601,0.6177474402730375,0.6336056009334889,0.6255760368663594,-1.0814851384735997,1.0039457768514806,0.16787520311816292,0.03960007850717308,3,0.3139114896736092,879
fedavg_sgd,1.0,10,101,44,45,MITM,9,own_client_rows,0.9338200095739588,0.8250158595897653,0.8760525429437521,0.7326538612308898,0.9880524423768239,0.8413991806599739,0.9143990929705216,0.8527172763797843,0.8824816719553562,1.080179131794843,3.9251500672380524,1.061861718626097,0.03960007850717308,6,0.6910203234979224,23433
fedavg_sgd,1.0,10,101,44,45,MITM,9,validation,0.4640800242497727,0.7940283025857598,0.585788466794206,0.285166301343753,0.8867896569608061,0.43155636481638393,0.4605470917082747,0.799585092983626,0.584457080963986,0.8355169783099948,2.692442685469456,0.8107981063210806,0.03960007850717308,6,0.6910203234979224,23433
fedavg_sgd,1.0,10,101,44,45,Regular,9,own_client_rows,0.9546109111049571,0.982751739080853,0.9684769477144383,0.9969421852342223,0.9016136389554111,0.9468846372645887,0.961975267098511,0.9780191583989052,0.9699308706900208,8.732064197430223,7.544561914441142,8.23024988930287,0.03960007850717308,9,0.9817219674046403,168044
fedavg_sgd,1.0,10,101,44,45,Regular,9,validation,0.9837006074528425,0.9799930400316148,0.9818433236911386,0.9979480073898126,0.8921086934723754,0.9420649577547251,0.9836530908571565,0.9749677069263482,0.9792911414902913,8.748178100171934,7.570321975261515,8.24001780911402,0.03960007850717308,9,0.9817219674046403,168044
fedavg_sgd,1.0,10,101,44,45,Replay,9,own_client_rows,1.0,0.004319654427645789,0.008602150537634409,0.9357231149567367,0.8174946004319654,0.8726224783861671,0.7036036036036036,0.8434125269978402,0.7671905697445972,-1.4012047786177106,0.48781066630880465,0.04884344970175823,0.03960007850717308,4,0.3387365926212559,1828
fedavg_sgd,1.0,10,101,44,45,Replay,9,validation,0.0,0.0,0.0,0.5809987819732034,0.8792626728110599,0.6996699669966997,0.5410284463894968,0.911520737327189,0.6790250600755235,-1.3113418508784562,0.5504017069592454,0.13087975286668346,0.03960007850717308,4,0.3387365926212559,1828
fedavg_sgd,1.0,10,101,44,45,Unauth,9,own_client_rows,1.0,0.20089619118745333,0.3345771144278607,0.9773722627737226,1.0,0.9885566629752677,1.0,0.4107542942494399,0.5823186871360508,-0.4062333167534074,11.483507835838312,-0.05801885033650929,0.03960007850717308,3,0.20141182686377795,1317
fedavg_sgd,1.0,10,101,44,45,Unauth,9,validation,0.33042529989094876,0.40562248995983935,0.3641826923076923,0.2542545949625596,1.0,0.40542740841248304,0.3348519362186788,0.5903614457831325,0.4273255813953488,-0.18034013240053312,11.603634958126777,0.18614990356935554,0.03960007850717308,3,0.20141182686377795,1317
fedavg_sgd,1.0,10,101,55,45,DoS,0,own_client_rows,0.9999244389592726,0.999874071275658,0.9998992544831755,0.9999496247040451,0.999874071275658,0.9999118465626456,0.9998992570205264,0.9998992570205264,0.9998992570205264,20.794510983345926,19.008021954886033,22.17679143448558,0.044581656296712464,7,0.8264572894003224,45965
fedavg_sgd,1.0,10,101,55,45,DoS,0,validation,0.999912965904393,0.999738943154872,0.9998259469573353,0.9999347130639159,0.999586659995214,0.9997606562370809,0.9998041988469487,0.999760697891966,0.9997824478962711,22.277580205296733,19.789715906927796,23.81907180015011,0.044581656296712464,7,0.8264572894003224,45965
fedavg_sgd,1.0,10,101,55,45,Injection,0,own_client_rows,0.46494992846924177,0.9052924791086351,0.6143667296786389,0.616871704745167,0.9777158774373259,0.7564655172413793,0.45794392523364486,0.9554317548746518,0.6191335740072202,0.32886940788757835,3.886756153159819,0.5456564220545351,0.044581656296712464,4,0.21002761703754486,1183
fedavg_sgd,1.0,10,101,55,45,Injection,0,validation,0.3126967471143757,0.35182998819362454,0.33111111111111113,0.32019308125502816,0.46989374262101535,0.38086124401913873,0.3338968723584108,0.46635182998819363,0.3891625615763547,-0.8937003215623155,-0.21143406819565377,-0.932115430955763,0.044581656296712464,4,0.21002761703754486,1183
fedavg_sgd,1.0,10,101,55,45,MITM,0,own_client_rows,0.0749902761571373,0.7016011644832606,0.13549792676927402,0.9899244332493703,0.8580786026200873,0.9192982456140351,0.07892555131818936,0.6928675400291121,0.14170884191723726,0.46700508070477925,1.814509673583629,0.8534926146572507,0.044581656296712464,6,0.6910203234979224,21150
fedavg_sgd,1.0,10,101,55,45,MITM,0,validation,0.4792253220714956,0.8323331110617174,0.6082460272340886,0.6058666666666667,0.08416685189301326,0.14780119698152486,0.5044917257683215,0.7905460472697636,0.615926342829105,0.8792151746250324,-6.494611143332778,0.778499334487525,0.044581656296712464,6,0.6910203234979224,21150
fedavg_sgd,1.0,10,101,55,45,Regular,0,own_client_rows,0.9663409337676439,0.9742214438180724,0.9702651876481971,0.999800279608548,0.8219582945651579,0.9021987264207617,0.9584235136940548,0.9815828361884954,0.9698649397704382,9.198090182535037,2.6179448573970747,9.21622586173316,0.044581656296712464,9,0.9817219674046403,169804
fedavg_sgd,1.0,10,101,55,45,Regular,0,validation,0.9852413932983756,0.9741419479653889,0.9796602327595412,0.9999341797332085,0.8064538961077261,0.8928323053967487,0.9806895008362583,0.9822107926696197,0.9814495572352621,9.108731281260875,2.668159980361498,9.130397016798296,0.044581656296712464,9,0.9817219674046403,169804
fedavg_sgd,1.0,10,101,55,45,Video,0,own_client_rows,0.9920396249778879,0.31371671514880284,0.4766883420459858,0.7339140438819952,0.9992168270306556,0.8462595347515043,0.9923247484223094,0.32546430968896845,0.49016386536922363,-0.6357786836280576,5.246763402222253,-0.5972542531219844,0.044581656296712464,3,0.20639340465331735,3667
fedavg_sgd,1.0,10,101,55,45,Video,0,validation,0.8958453548759376,0.2584915084915085,0.4012146272128182,0.21142162818955043,0.9995004995004995,0.3490167008241399,0.8952822470684483,0.2733100233100233,0.418776707698195,-0.8651983392583978,5.393649644626207,-0.8075973912155553,0.044581656296712464,3,0.20639340465331735,3667
fedavg_sgd,1.0,10,101,55,45,Manipulation,1,own_client_rows,1.0,0.534,0.6962190352020861,0.9615384615384616,1.0,0.9803921568627451,1.0,0.897,0.9457037427517132,-0.016032115936279297,7.7971396484375,0.8654332275390625,0.12168425791652752,4,0.4213681828286953,2530
fedavg_sgd,1.0,10,101,55,45,Manipulation,1,validation,0.39221938775510207,0.632065775950668,0.48406139315230223,0.32574489454301975,1.0,0.4914141414141414,0.3648221343873518,0.9486125385405961,0.5269768769626035,0.09674462360566347,7.7698586945176,0.9867745347527781,0.12168425791652752,4,0.4213681828286953,2530
fedavg_sgd,1.0,10,101,55,45,Password Cracking,1,own_client_rows,1.0,0.9998874547181092,0.9999437241922663,1.0,0.9999718636795273,0.9999859316418478,1.0,0.9997889775964548,0.999894477664439,12.049367482326874,19.331889359415115,12.434671832685611,0.12168425791652752,1,0.12168425791652752,0
fedavg_sgd,1.0,10,101,55,45,Password Cracking,1,validation,0.0,0.0,0.0,0.0,0.0,0.0,0.0,0.0,0.0,nan,nan,nan,0.12168425791652752,1,0.12168425791652752,0
fedavg_sgd,1.0,10,101,55,45,Regular,1,own_client_rows,0.9831763271639145,0.9761336252902146,0.9796423187989686,0.9977779353710139,0.9288850254728711,0.9620997566771328,0.9786805365453052,0.9834618897239247,0.9810653875284019,9.036137935420873,5.8706285715919035,9.069064896839256,0.12168425791652752,9,0.9817219674046403,169804
fedavg_sgd,1.0,10,101,55,45,Regular,1,validation,0.9852413932983756,0.9741419479653889,0.9796602327595412,0.9972711580443723,0.9268908405636395,0.9607938444042957,0.9806895008362583,0.9822107926696197,0.9814495572352621,9.108731281260875,5.980746712124574,9.130397016798296,0.12168425791652752,9,0.9817219674046403,169804
fedavg_sgd,1.0,10,101,55,45,Unauth,1,own_client_rows,1.0,0.5964467005076142,0.7472178060413355,0.8834080717488789,1.0,0.9380952380952381,1.0,0.48984771573604063,0.6575809199318569,0.23121724394977394,9.084958458914974,0.018628696499742227,0.12168425791652752,3,0.20141182686377795,744
fedavg_sgd,1.0,10,101,55,45,Unauth,1,validation,0.44842562432138977,0.5528781793842035,0.4952038369304556,0.252282718971931,0.998661311914324,0.40280777537796975,0.4314516129032258,0.42971887550200805,0.4305835010060362,0.10680409320387017,8.715965465050305,-0.09747643579281318,0.12168425791652752,3,0.20141182686377795,744
fedavg_sgd,1.0,10,101,55,45,Video,1,own_client_rows,0.9782640408460977,0.2502052085665249,0.39849065573283415,0.8061332928495522,0.9905977165883143,0.8888963289083818,0.9794351521798739,0.26654727259159766,0.41905208822149226,-0.8936705272256967,6.956595983392098,-0.8322258920742855,0.12168425791652752,3,0.20639340465331735,3667
fedavg_sgd,1.0,10,101,55,45,Video,1,validation,0.8958453548759376,0.2584915084915085,0.4012146272128182,0.33035540881724607,0.9912587412587412,0.49555717407137656,0.8952822470684483,0.2733100233100233,0.418776707698195,-0.8651983392583978,6.8359279067286876,-0.8075973912155553,0.12168425791652752,3,0.20639340465331735,3667
fedavg_sgd,1.0,10,101,55,45,DoS,2,own_client_rows,0.9999544190710606,0.9986343772760379,0.9992939622383674,0.999908796570751,0.9981336489439184,0.9990204341982368,0.9999088506061434,0.9987254187909687,0.9993167843315873,32.456824272805896,33.03591694453296,34.02687111651038,0.11358750805768231,7,0.8264572894003224,45965
fedavg_sgd,1.0,10,101,55,45,DoS,2,validation,0.999912965904393,0.999738943154872,0.9998259469573353,0.9998694318107632,0.9995649052581199,0.9997171453437772,0.9998041988469487,0.999760697891966,0.9997824478962711,22.277580205296733,22.5653701806459,23.81907180015011,0.11358750805768231,7,0.8264572894003224,45965
fedavg_sgd,1.0,10,101,55,45,Injection,2,own_client_rows,0.9938650306748467,0.8181818181818182,0.8975069252077562,0.7888446215139442,1.0,0.8819599109131403,0.9892761394101877,0.9318181818181818,0.9596879063719116,0.2636292390149049,10.059228145714963,0.49163024594085386,0.11358750805768231,4,0.21002761703754486,1183
fedavg_sgd,1.0,10,101,55,45,Injection,2,validation,0.3126967471143757,0.35182998819362454,0.33111111111111113,0.2831769436997319,0.9976387249114522,0.44113808405116156,0.3338968723584108,0.46635182998819363,0.3891625615763547,-0.8937003215623155,8.774788776564344,-0.932115430955763,0.11358750805768231,4,0.21002761703754486,1183
fedavg_sgd,1.0,10,101,55,45,Manipulation,2,own_client_rows,0.9982394366197183,0.5704225352112676,0.7259923175416133,0.9466158245948523,0.9989939637826962,0.9720998531571219,1.0,0.9054325955734407,0.9503695881731784,0.030086739921953598,10.717637858400403,0.8920682910942216,0.11358750805768231,4,0.4213681828286953,2530
fedavg_sgd,1.0,10,101,55,45,Manipulation,2,validation,0.39221938775510207,0.632065775950668,0.48406139315230223,0.329487614523244,0.9979445015416238,0.4954081632653061,0.3648221343873518,0.9486125385405961,0.5269768769626035,0.09674462360566347,10.596874397803186,0.9867745347527781,0.11358750805768231,4,0.4213681828286953,2530
fedavg_sgd,1.0,10,101,55,45,Regular,2,own_client_rows,1.0,0.9748221796630582,0.9872505886371817,1.0,0.9991850372845442,0.999592352533529,1.0,0.9820481824067661,0.9909427945533416,9.148191065744854,12.970756717464594,9.160475620588448,0.11358750805768231,9,0.9817219674046403,169804
fedavg_sgd,1.0,10,101,55,45,Regular,2,validation,0.9852413932983756,0.9741419479653889,0.9796602327595412,0.8952252118957537,0.9992627152134292,0.9443873071616706,0.9806895008362583,0.9822107926696197,0.9814495572352621,9.108731281260875,12.982611069188279,9.130397016798296,0.11358750805768231,9,0.9817219674046403,169804
fedavg_sgd,1.0,10,101,55,45,DoS,3,own_client_rows,0.9942857142857143,0.997134670487106,0.9957081545064378,1.0,0.997134670487106,0.9985652797704447,0.9942857142857143,0.997134670487106,0.9957081545064378,44.47100252954871,39.36984016833811,52.4704736747851,0.04012749044007735,7,0.8264572894003224,45965
fedavg_sgd,1.0,10,101,55,45,DoS,3,validation,0.999912965904393,0.999738943154872,0.9998259469573353,0.999978230107761,0.9992820936758979,0.9996300406955235,0.9998041988469487,0.999760697891966,0.9997824478962711,22.277580205296733,21.230776460558662,23.81907180015011,0.04012749044007735,7,0.8264572894003224,45965
fedavg_sgd,1.0,10,101,55,45,Manipulation,3,own_client_rows,0.5441941074523396,0.5941343424787133,0.5680687471732248,0.5116166505324298,1.0,0.6769132244636568,0.5186587344510546,0.9072847682119205,0.660013764624914,0.053984130455168665,2.1911397047954115,0.9226978486060194,0.04012749044007735,4,0.4213681828286953,2530
fedavg_sgd,1.0,10,101,55,45,Manipulation,3,validation,0.39221938775510207,0.632065775950668,0.48406139315230223,0.3264005367326401,1.0,0.4921598381385938,0.3648221343873518,0.9486125385405961,0.5269768769626035,0.09674462360566347,2.2319052403166753,0.9867745347527781,0.04012749044007735,4,0.4213681828286953,2530
fedavg_sgd,1.0,10,101,55,45,Regular,3,own_client_rows,0.9904889037210078,0.9714425988053351,0.9808733011112488,0.9995057852200709,0.9377574121048469,0.9676475141075978,0.9883089196066295,0.9799389029812072,0.98410611445515,9.071688498750444,5.924885368508442,9.08876913969806,0.04012749044007735,9,0.9817219674046403,169804
fedavg_sgd,1.0,10,101,55,45,Regular,3,validation,0.9852413932983756,0.9741419479653889,0.9796602327595412,0.9935932922391755,0.9421850761762641,0.9672065635312282,0.9806895008362583,0.9822107926696197,0.9814495572352621,9.108731281260875,5.961808434934249,9.130397016798296,0.04012749044007735,9,0.9817219674046403,169804
fedavg_sgd,1.0,10,101,55,45,Replay,3,own_client_rows,0.5902306648575305,0.4402834008097166,0.5043478260869565,0.0,0.0,0.0,0.5668789808917197,0.09008097165991903,0.1554585152838428,-0.05656947394614278,-2.017638171732667,-0.7900184291577049,0.04012749044007735,4,0.3387365926212559,107
fedavg_sgd,1.0,10,101,55,45,Replay,3,validation,0.6936813186813187,0.46543778801843316,0.5570876999448428,0.0,0.0,0.0,0.8411214953271028,0.08294930875576037,0.15100671140939598,0.01966617426015265,-1.9852876584101382,-0.6897013721378168,0.04012749044007735,4,0.3387365926212559,107
fedavg_sgd,1.0,10,101,55,45,Unauth,3,own_client_rows,1.0,0.5839598997493735,0.7373417721518988,0.9300699300699301,1.0,0.9637681159420289,1.0,0.46867167919799496,0.6382252559726962,0.1605910298818335,8.778498981829573,-0.03471126891019052,0.04012749044007735,3,0.20141182686377795,744
fedavg_sgd,1.0,10,101,55,45,Unauth,3,validation,0.44842562432138977,0.5528781793842035,0.4952038369304556,0.24379895561357703,1.0,0.3920230910522173,0.4314516129032258,0.42971887550200805,0.4305835010060362,0.10680409320387017,8.648128565695073,-0.09747643579281318,0.04012749044007735,3,0.20141182686377795,744
fedavg_sgd,1.0,10,101,55,45,Video,3,own_client_rows,0.9683168316831683,0.3506812826554656,0.5148916967509025,0.6838882241148729,0.9953898166171499,0.8107476635514018,0.9684239428885227,0.36133592869583037,0.5263000820711781,-0.49241419329944663,6.093268847125999,-0.44779373761413405,0.04012749044007735,3,0.20639340465331735,3667
fedavg_sgd,1.0,10,101,55,45,Video,3,validation,0.8958453548759376,0.2584915084915085,0.4012146272128182,0.3578825182515197,0.9753579753579753,0.5236318130014078,0.8952822470684483,0.2733100233100233,0.418776707698195,-0.8651983392583978,5.693750910547785,-0.8075973912155553,0.04012749044007735,3,0.20639340465331735,3667
fedavg_sgd,1.0,10,101,55,45,DoS,4,own_client_rows,0.9999941768208354,0.9997409341507006,0.9998675394506817,0.9999505173844071,0.9999883565910427,0.9999694366297626,0.9999941772277199,0.9998107946044443,0.9999024775079656,24.378911014246437,30.760385545562844,25.714055022748312,0.2018606386056233,7,0.8264572894003224,45965
fedavg_sgd,1.0,10,101,55,45,DoS,4,validation,0.999912965904393,0.999738943154872,0.9998259469573353,0.9873697776823113,1.0,0.9936447547610298,0.9998041988469487,0.999760697891966,0.9997824478962711,22.277580205296733,29.24606936090021,23.81907180015011,0.2018606386056233,7,0.8264572894003224,45965
fedavg_sgd,1.0,10,101,55,45,MITM,4,own_client_rows,0.9122039865977625,0.8604103058546253,0.8855504713600529,0.8020016828306984,0.9700573142642884,0.8780606060606061,0.9369079313974367,0.8105415394504258,0.8691556576680068,1.0790459348186248,4.03828637369687,0.8674242780896807,0.2018606386056233,6,0.6910203234979224,21150
fedavg_sgd,1.0,10,101,55,45,MITM,4,validation,0.4792253220714956,0.8323331110617174,0.6082460272340886,0.35848061929469216,0.9572497592057494,0.5216197666437886,0.5044917257683215,0.7905460472697636,0.615926342829105,0.8792151746250324,3.694019135328684,0.778499334487525,0.2018606386056233,6,0.6910203234979224,21150
fedavg_sgd,1.0,10,101,55,45,Regular,4,own_client_rows,0.9700672552655615,0.976118862617317,0.9730836502956772,0.9917792477569721,0.9374077477929095,0.9638273045507585,0.9586612036685299,0.9839446347508842,0.9711383845741537,9.06997419657901,8.150233834323739,9.094997906919264,0.2018606386056233,9,0.9817219674046403,169804
fedavg_sgd,1.0,10,101,55,45,Regular,4,validation,0.9852413932983756,0.9741419479653889,0.9796602327595412,0.9946925639433121,0.9351897181212804,0.9640238341338846,0.9806895008362583,0.9822107926696197,0.9814495572352621,9.108731281260875,8.15869284337933,9.130397016798296,0.2018606386056233,9,0.9817219674046403,169804
fedavg_sgd,1.0,10,101,55,45,Injection,5,own_client_rows,0.4413793103448276,0.732824427480916,0.5509325681492109,0.32954545454545453,0.9961832061068703,0.4952561669829222,0.4544544544544545,0.8664122137404581,0.5961917268548916,0.1937265905715127,5.607526240458015,0.42647063277149927,0.018278032595359706,4,0.21002761703754486,1183
fedavg_sgd,1.0,10,101,55,45,Injection,5,validation,0.3126967471143757,0.35182998819362454,0.33111111111111113,0.36130434782608695,0.9811097992916175,0.5281220209723546,0.3338968723584108,0.46635182998819363,0.3891625615763547,-0.8937003215623155,3.619955483969156,-0.932115430955763,0.018278032595359706,4,0.21002761703754486,1183
fedavg_sgd,1.0,10,101,55,45,MITM,5,own_client_rows,0.9994708819736102,0.79796699669967,0.8874240244296326,0.9999456595571254,0.9716963696369637,0.9856186395286556,0.9994264205054669,0.7360792079207921,0.8477725406720389,0.8032126360096947,9.96097449979373,0.5868824483034241,0.018278032595359706,6,0.6910203234979224,21150
fedavg_sgd,1.0,10,101,55,45,MITM,5,validation,0.4792253220714956,0.8323331110617174,0.6082460272340886,0.06687358916478556,0.9482107134918871,0.12493593592127807,0.5044917257683215,0.7905460472697636,0.615926342829105,0.8792151746250324,9.4331381365998,0.778499334487525,0.018278032595359706,6,0.6910203234979224,21150
fedavg_sgd,1.0,10,101,55,45,Replay,5,own_client_rows,1.0,0.46059933407325193,0.6306990881458967,0.9911504424778761,0.9944506104328524,0.992797783933518,1.0,0.11875693673695893,0.2123015873015873,-0.05439280722699605,6.809098831159822,-0.7757084684551887,0.018278032595359706,4,0.3387365926212559,107
fedavg_sgd,1.0,10,101,55,45,Replay,5,validation,0.6936813186813187,0.46543778801843316,0.5570876999448428,0.3600266933600267,0.9944700460829493,0.5286624203821656,0.8411214953271028,0.08294930875576037,0.15100671140939598,0.01966617426015265,6.898342093894009,-0.6897013721378168,0.018278032595359706,4,0.3387365926212559,107
fedavg_sgd,1.0,10,101,55,45,Injection,6,own_client_rows,1.0,0.5597243491577335,0.7177221404025528,0.9977081741787625,1.0,0.9988527724665393,1.0,0.7082695252679939,0.8292245629762438,0.009695805232703776,12.259717768950996,0.22617149645117487,0.033580420087790365,4,0.21002761703754486,1183
fedavg_sgd,1.0,10,101,55,45,Injection,6,validation,0.3126967471143757,0.35182998819362454,0.33111111111111113,0.2881991814461119,0.9976387249114522,0.44720825615242127,0.3338968723584108,0.46635182998819363,0.3891625615763547,-0.8937003215623155,11.720659312278631,-0.932115430955763,0.033580420087790365,4,0.21002761703754486,1183
fedavg_sgd,1.0,10,101,55,45,Ip Spoofing,6,own_client_rows,0.977986139421117,0.7285150318858185,0.8350156630699617,0.9803512950282822,1.0,0.9900781719783524,0.9890590809628009,0.5490434254479198,0.7061120874829135,1.3133267455646922,8.356731638371166,0.5136511808755077,0.033580420087790365,3,0.3139114896736092,376
fedavg_sgd,1.0,10,101,55,45,Ip Spoofing,6,validation,0.5256410256410257,0.5262543757292882,0.5259475218658892,0.23347050754458162,0.9929988331388565,0.3780541981341626,0.6170212765957447,0.2707117852975496,0.37631792376317924,-0.04384308573523647,6.905512735195449,-1.066717337004084,0.033580420087790365,3,0.3139114896736092,376
fedavg_sgd,1.0,10,101,55,45,Regular,6,own_client_rows,1.0,0.9735662618522847,0.9866061055771667,1.0,0.9972782272976052,0.9986372591133297,1.0,0.9815096963152523,0.9906685777419452,9.134983579454683,10.949641889043386,9.151296563207254,0.033580420087790365,9,0.9817219674046403,169804
fedavg_sgd,1.0,10,101,55,45,Regular,6,validation,0.9852413932983756,0.9741419479653889,0.9796602327595412,0.924076727069914,0.9967913366088439,0.9590577232473476,0.9806895008362583,0.9822107926696197,0.9814495572352621,9.108731281260875,10.925870991382615,9.130397016798296,0.033580420087790365,9,0.9817219674046403,169804
fedavg_sgd,1.0,10,101,55,45,DoS,7,own_client_rows,0.9999728877630856,0.9999225403661517,0.9999477134308704,0.9999961264182151,0.9998412077506109,0.9999186610839766,0.9999728879731049,0.9999302863295365,0.9999515866975737,27.167209976531545,28.138486273509905,28.550511449925736,0.24073099107864576,7,0.8264572894003224,45965
fedavg_sgd,1.0,10,101,55,45,DoS,7,validation,0.999912965904393,0.999738943154872,0.9998259469573353,0.999978204960551,0.9981290926099158,0.9990527931714008,0.9998041988469487,0.999760697891966,0.9997824478962711,22.277580205296733,21.940190194188222,23.81907180015011,0.24073099107864576,7,0.8264572894003224,45965
fedavg_sgd,1.0,10,101,55,45,Ip Spoofing,7,own_client_rows,0.8638067471886713,0.7931166347992352,0.8269537480063796,0.9035683942225998,0.8133843212237094,0.8561078687864762,0.8953619909502263,0.6053537284894838,0.7223362993383527,1.5041507640714626,2.3595256856477054,0.8472524610121893,0.24073099107864576,3,0.3139114896736092,376
fedavg_sgd,1.0,10,101,55,45,Ip Spoofing,7,validation,0.5256410256410257,0.5262543757292882,0.5259475218658892,0.4030075187969925,0.6254375729288215,0.49016918152720623,0.6170212765957447,0.2707117852975496,0.37631792376317924,-0.04384308573523647,0.3665370874393779,-1.066717337004084,0.24073099107864576,3,0.3139114896736092,376
fedavg_sgd,1.0,10,101,55,45,MITM,7,own_client_rows,0.7713754646840149,0.8425770030702189,0.8054056612704724,0.5015756964578344,0.9851936218678815,0.664728779298017,0.8219851913219075,0.7861245914628108,0.8036550484724226,0.9445876704946395,3.997320425466723,0.7470176132336647,0.24073099107864576,6,0.6910203234979224,21150
fedavg_sgd,1.0,10,101,55,45,MITM,7,validation,0.4792253220714956,0.8323331110617174,0.6082460272340886,0.3162562783290457,0.9563606727420908,0.47532773604359996,0.5044917257683215,0.7905460472697636,0.615926342829105,0.8792151746250324,3.634694283914944,0.778499334487525,0.24073099107864576,6,0.6910203234979224,21150
fedavg_sgd,1.0,10,101,55,45,Regular,7,own_client_rows,0.988970493382296,0.9757663180670754,0.9823240358516475,0.9986207981783428,0.9154196983517533,0.9552119210575246,0.9844462288158996,0.983076303005876,0.98376078899215,9.189767333637386,8.378293933028043,9.19747878207134,0.24073099107864576,9,0.9817219674046403,169804
fedavg_sgd,1.0,10,101,55,45,Regular,7,validation,0.9852413932983756,0.9741419479653889,0.9796602327595412,0.9976549781648104,0.9108888115559068,0.9522996142900748,0.9806895008362583,0.9822107926696197,0.9814495572352621,9.108731281260875,8.267850309807068,9.130397016798296,0.24073099107864576,9,0.9817219674046403,169804
fedavg_sgd,1.0,10,101,55,45,Replay,7,own_client_rows,0.9871794871794872,0.5202702702702703,0.6814159292035398,0.6317343173431734,0.963963963963964,0.76326348640214,0.9915254237288136,0.13175675675675674,0.23260437375745527,0.08990791252067497,4.746047561233108,-0.6149079606339738,0.24073099107864576,4,0.3387365926212559,107
fedavg_sgd,1.0,10,101,55,45,Replay,7,validation,0.6936813186813187,0.46543778801843316,0.5570876999448428,0.4752708431464908,0.9299539170506912,0.6290523690773068,0.8411214953271028,0.08294930875576037,0.15100671140939598,0.01966617426015265,4.678914800547235,-0.6897013721378168,0.24073099107864576,4,0.3387365926212559,107
fedavg_sgd,1.0,10,101,55,45,DoS,8,own_client_rows,1.0,0.9998069358302966,0.9999034585958053,1.0,0.9998414115748865,0.9999206994993725,1.0,0.9998586494471814,0.999929319728243,21.054528345957202,23.016110892525315,22.341026631650802,0.14596892641440812,7,0.8264572894003224,45965
fedavg_sgd,1.0,10,101,55,45,DoS,8,validation,0.999912965904393,0.999738943154872,0.9998259469573353,0.9999564744287269,0.999586659995214,0.9997715330134795,0.9998041988469487,0.999760697891966,0.9997824478962711,22.277580205296733,24.120270299209217,23.81907180015011,0.14596892641440812,7,0.8264572894003224,45965
fedavg_sgd,1.0,10,101,55,45,MITM,8,own_client_rows,0.5743707093821511,0.5896632732967894,0.5819165378670789,0.9687261632341724,0.9945184025058731,0.98145285935085,0.6225279449699054,0.566953797963978,0.5934426229508196,0.25611486711255627,10.530439384299138,0.19008797187775303,0.14596892641440812,6,0.6910203234979224,21150
fedavg_sgd,1.0,10,101,55,45,MITM,8,validation,0.4792253220714956,0.8323331110617174,0.6082460272340886,0.3470104333868379,0.2562791731495888,0.2948220754314937,0.5044917257683215,0.7905460472697636,0.615926342829105,0.8792151746250324,-1.8711949009502111,0.778499334487525,0.14596892641440812,6,0.6910203234979224,21150
fedavg_sgd,1.0,10,101,55,45,Manipulation,8,own_client_rows,1.0,0.5986842105263158,0.7489711934156379,0.970722781335773,0.9971804511278195,0.9837737598516458,1.0,0.9351503759398496,0.9664885866925692,0.09695152770307727,11.456109756813909,0.982167408878642,0.14596892641440812,4,0.4213681828286953,2530
fedavg_sgd,1.0,10,101,55,45,Manipulation,8,validation,0.39221938775510207,0.632065775950668,0.48406139315230223,0.329487614523244,0.9979445015416238,0.4954081632653061,0.3648221343873518,0.9486125385405961,0.5269768769626035,0.09674462360566347,11.22134044996146,0.9867745347527781,0.14596892641440812,4,0.4213681828286953,2530
fedavg_sgd,1.0,10,101,55,45,Regular,8,own_client_rows,0.9997121335700235,0.9713766257983311,0.9853407102662316,0.999906480875339,0.9968766024893945,0.9983892429441837,0.9998092422146979,0.9773437135797864,0.9884488448844885,9.423168281781734,10.52806232081255,9.377738071651672,0.14596892641440812,9,0.9817219674046403,169804
fedavg_sgd,1.0,10,101,55,45,Regular,8,validation,0.9852413932983756,0.9741419479653889,0.9796602327595412,0.9145813164882829,0.9974401472210261,0.954215358225041,0.9806895008362583,0.9822107926696197,0.9814495572352621,9.108731281260875,10.432655946791632,9.130397016798296,0.14596892641440812,9,0.9817219674046403,169804
fedavg_sgd,1.0,10,101,55,45,DoS,9,own_client_rows,0.9999727868941682,0.9998367435785808,0.9999047606089879,0.9999727868941682,0.9998367435785808,0.9999047606089879,0.9999727876347012,0.9998639529821506,0.9999183673469387,17.081082322050502,16.60502861663991,18.11928538752993,0.03960007850717308,7,0.8264572894003224,45965
fedavg_sgd,1.0,10,101,55,45,DoS,9,validation,0.999912965904393,0.999738943154872,0.9998259469573353,0.9999347130639159,0.999586659995214,0.9997606562370809,0.9998041988469487,0.999760697891966,0.9997824478962711,22.277580205296733,22.028195159027128,23.81907180015011,0.03960007850717308,7,0.8264572894003224,45965
fedavg_sgd,1.0,10,101,55,45,Ip Spoofing,9,own_client_rows,0.9310631229235881,0.7032622333751568,0.8012866333095068,0.9167822468793343,0.8293601003764115,0.8708827404479579,0.954225352112676,0.5100376411543287,0.6647587898609976,1.1053302530362885,1.9160569405166836,0.17409278458005362,0.03960007850717308,3,0.3139114896736092,376
fedavg_sgd,1.0,10,101,55,45,Ip Spoofing,9,validation,0.5256410256410257,0.5262543757292882,0.5259475218658892,0.5335429769392034,0.5939323220536756,0.5621203754831585,0.6170212765957447,0.2707117852975496,0.37631792376317924,-0.04384308573523647,0.202412270331188,-1.066717337004084,0.03960007850717308,3,0.3139114896736092,376
fedavg_sgd,1.0,10,101,55,45,MITM,9,own_client_rows,0.9198128967591046,0.8732290124762107,0.8959158214460053,0.7033955475601529,0.9921759357157961,0.8231939997368306,0.9398350315380883,0.81920067667583,0.8753813128460061,1.1085752058442588,4.051509180389617,0.8982941854779023,0.03960007850717308,6,0.6910203234979224,21150
fedavg_sgd,1.0,10,101,55,45,MITM,9,validation,0.4792253220714956,0.8323331110617174,0.6082460272340886,0.2674333251773917,0.8907905460472698,0.4113662024840045,0.5044917257683215,0.7905460472697636,0.615926342829105,0.8792151746250324,2.7770963941422746,0.778499334487525,0.03960007850717308,6,0.6910203234979224,21150
fedavg_sgd,1.0,10,101,55,45,Regular,9,own_client_rows,0.9679650014112334,0.9777340631771011,0.9728250078007545,0.997976618705036,0.8858763827118258,0.9385911919289555,0.9543394140409066,0.9843767818451363,0.9691254069832715,9.128088661495752,7.738948467479545,9.157003748333976,0.03960007850717308,9,0.9817219674046403,169804
fedavg_sgd,1.0,10,101,55,45,Regular,9,validation,0.9852413932983756,0.9741419479653889,0.9796602327595412,0.9985055738058054,0.8748916191363741,0.9326203343047473,0.9806895008362583,0.9822107926696197,0.9814495572352621,9.108731281260875,7.755105443705357,9.130397016798296,0.03960007850717308,9,0.9817219674046403,169804
fedavg_sgd,1.0,10,101,55,45,Replay,9,own_client_rows,0.9828080229226361,0.37041036717062636,0.5380392156862746,0.7552130553037172,0.8995680345572354,0.8210941350418925,1.0,0.0734341252699784,0.13682092555331993,-0.1094943184574531,1.3332532713789147,-0.8359850889663202,0.03960007850717308,4,0.3387365926212559,107
fedavg_sgd,1.0,10,101,55,45,Replay,9,validation,0.6936813186813187,0.46543778801843316,0.5570876999448428,0.5068493150684932,0.9548387096774194,0.6621923937360179,0.8411214953271028,0.08294930875576037,0.15100671140939598,0.01966617426015265,1.403555677563364,-0.6897013721378168,0.03960007850717308,4,0.3387365926212559,107
fedavg_sgd,1.0,10,101,55,45,Unauth,9,own_client_rows,1.0,0.380134428678118,0.5508658008658008,0.9823399558498896,0.9970126960418223,0.9896219421793921,1.0,0.2337565347274085,0.3789346246973366,-0.10496734094940254,11.862096830657206,-0.3173739010936917,0.03960007850717308,3,0.20141182686377795,744
fedavg_sgd,1.0,10,101,55,45,Unauth,9,validation,0.44842562432138977,0.5528781793842035,0.4952038369304556,0.25168463611859837,1.0,0.40215343203230147,0.4314516129032258,0.42971887550200805,0.4305835010060362,0.10680409320387017,11.64788005374362,-0.09747643579281318,0.03960007850717308,3,0.20141182686377795,744
fednova_sgd,1.0,10,101,11,45,DoS,0,own_client_rows,0.9995971904030614,1.0,0.9997985546294664,0.9999496310474224,1.0,0.9999748148894374,0.9999244484738592,1.0,0.9999622228098674,16.47332327871175,15.741281600239265,16.099982192891325,0.044581656296712464,7,0.8264572894003224,45965
fednova_sgd,1.0,10,101,11,45,DoS,0,validation,0.9988483268144285,1.0,0.9994238316283822,0.9999129867304763,0.999978245262906,0.9999456149319643,0.9999129772653106,0.999869471577436,0.9998912239481356,17.213366467384212,16.225225178524813,16.729037653710815,0.044581656296712464,7,0.8264572894003224,45965
fednova_sgd,1.0,10,101,11,45,Injection,0,own_client_rows,0.3435700575815739,0.9972144846796658,0.5110635260528195,0.6243478260869565,1.0,0.7687366167023555,0.5714285714285714,0.033426183844011144,0.06315789473684211,2.971535515320334,5.267770581258705,-0.6798776610648067,0.044581656296712464,4,0.21002761703754486,23
fednova_sgd,1.0,10,101,11,45,Injection,0,validation,0.37006802721088433,0.9634002361275088,0.5347313237221494,0.4032809295967191,0.6965761511216056,0.5108225108225108,0.4782608695652174,0.012987012987012988,0.02528735632183908,2.046764315230224,2.013014107696281,-1.6478961822978158,0.044581656296712464,4,0.21002761703754486,23
fednova_sgd,1.0,10,101,11,45,MITM,0,own_client_rows,0.031838120843356445,0.4912663755458515,0.059800664451827246,0.9982698961937716,0.8398835516739447,0.9122529644268774,0.519438444924406,0.7001455604075691,0.5964042157470552,0.2861153548461381,2.197840039560021,1.4392227550434407,0.044581656296712464,6,0.6910203234979224,4589
fednova_sgd,1.0,10,101,11,45,MITM,0,validation,0.1750744376219851,0.9104986293250352,0.2936790536503764,0.7605156037991859,0.08305549381344002,0.14975619531093448,0.6393549792983221,0.21738164036452545,0.3244498507132589,1.4233256985348597,-7.260800866627769,-1.5587265196664073,0.044581656296712464,6,0.6910203234979224,4589
fednova_sgd,1.0,10,101,11,45,Regular,0,own_client_rows,0.9970770628431489,0.6907941546713371,0.8161463974522705,0.9990956716976425,0.8767719336653713,0.9339454889957732,0.854660458991723,0.9946636746757156,0.9193625901100291,2.6056812197226074,4.482567714983252,9.292436674163035,0.044581656296712464,9,0.9817219674046403,181562
fednova_sgd,1.0,10,101,11,45,Regular,0,validation,0.9988705803025834,0.6990108587303366,0.8224618822565982,0.9996992090565419,0.8625465226700326,0.9260722812217008,0.92847071523777,0.9943022631693809,0.9602595249826974,2.6992375507620574,4.461091275718337,9.276710238047139,0.044581656296712464,9,0.9817219674046403,181562
fednova_sgd,1.0,10,101,11,45,Video,0,own_client_rows,0.9877077967689066,0.47197359588274784,0.6387311681429328,0.7991581209977162,0.9983217722085478,0.887706120824732,0.9960877081248294,0.6124412620272992,0.7585131811410953,0.06368920221027845,7.3944477210191035,0.7742284167450423,0.044581656296712464,3,0.20639340465331735,8574
fednova_sgd,1.0,10,101,11,45,Video,0,validation,0.8224927325581395,0.37687312687312685,0.5168988353505366,0.2531755074482002,0.9989177489177489,0.40396592936740394,0.7614882202006065,0.5435397935397935,0.6343145827261245,-0.3440566391616196,7.38449050949051,0.5463149318129786,0.044581656296712464,3,0.20639340465331735,8574
fednova_sgd,1.0,10,101,11,45,Manipulation,1,own_client_rows,1.0,0.008,0.015873015873015872,0.9514747859181731,1.0,0.9751340809361287,0.995004995004995,0.996,0.9955022488755623,-1.53677880859375,6.8377119140625,1.8400933837890625,0.12168425791652752,4,0.4213681828286953,2924
fednova_sgd,1.0,10,101,11,45,Manipulation,1,validation,0.5,0.0010277492291880781,0.0020512820512820513,0.3279406808223795,1.0,0.4939086294416244,0.3313953488372093,0.9958890030832477,0.4973056197074673,-1.543616613405704,6.84746555434224,1.9258304294064748,0.12168425791652752,4,0.4213681828286953,2924
fednova_sgd,1.0,10,101,11,45,Password Cracking,1,own_client_rows,1.0,0.9998804206379911,0.9999402067439759,1.0,0.999915591038582,0.9999577937379976,1.0,0.9998944887982274,0.9999472416158135,10.65625296750255,16.373885428023776,12.853536740978793,0.12168425791652752,1,0.12168425791652752,0
fednova_sgd,1.0,10,101,11,45,Password Cracking,1,validation,0.0,0.0,0.0,0.0,0.0,0.0,0.0,0.0,0.0,nan,nan,nan,0.12168425791652752,1,0.12168425791652752,0
fednova_sgd,1.0,10,101,11,45,Regular,1,own_client_rows,0.9987267431681813,0.6904743565761821,0.8164749661705006,0.998200157033279,0.9092769665826741,0.9516658413276059,0.9049545805081776,0.9942342183734774,0.9474959104064427,2.53266339627314,4.951881724592548,9.20850538995749,0.12168425791652752,9,0.9817219674046403,181562
fednova_sgd,1.0,10,101,11,45,Regular,1,validation,0.9988705803025834,0.6990108587303366,0.8224618822565982,0.9980061050854062,0.9063471372706307,0.9499707892467335,0.92847071523777,0.9943022631693809,0.9602595249826974,2.6992375507620574,5.034069221502837,9.276710238047139,0.12168425791652752,9,0.9817219674046403,181562
fednova_sgd,1.0,10,101,11,45,Unauth,1,own_client_rows,0.0,0.0,0.0,0.9227166276346604,1.0,0.9598051157125457,0.9286563614744352,0.9911167512690355,0.9588704726826274,-2.488649319876269,7.129958409343274,1.3500304246311865,0.12168425791652752,3,0.20141182686377795,1865
fednova_sgd,1.0,10,101,11,45,Unauth,1,validation,0.0,0.0,0.0,0.25705437026841016,1.0,0.4089789214344374,0.38605898123324395,0.963855421686747,0.5513016845329249,-2.5266778785062125,6.862268205308212,1.199247898985264,0.12168425791652752,3,0.20141182686377795,1865
fednova_sgd,1.0,10,101,11,45,Video,1,own_client_rows,0.9700108513366874,0.36687560629803745,0.532391239611251,0.7646077754773407,0.9920901425266772,0.8636201240702849,0.9910790986585608,0.5595851055891351,0.7152974842017408,-0.421649307468455,7.713365242682449,0.5774955057793612,0.12168425791652752,3,0.20639340465331735,8574
fednova_sgd,1.0,10,101,11,45,Video,1,validation,0.8224927325581395,0.37687312687312685,0.5168988353505366,0.30084660350735737,0.994005994005994,0.4618955512572534,0.7614882202006065,0.5435397935397935,0.6343145827261245,-0.3440566391616196,7.610234817266067,0.5463149318129786,0.12168425791652752,3,0.20639340465331735,8574
fednova_sgd,1.0,10,101,11,45,DoS,2,own_client_rows,0.9978197674418605,1.0,0.9989086940705711,0.9998634501593081,0.9999544792425346,0.9999089626291593,0.9998633132859486,0.9989530225782957,0.9994079606521541,23.036606157251455,21.8216999940254,21.839468915012745,0.11358750805768231,7,0.8264572894003224,45965
fednova_sgd,1.0,10,101,11,45,DoS,2,validation,0.9988483268144285,1.0,0.9994238316283822,0.9999347400478573,1.0,0.9999673689591786,0.9999129772653106,0.999869471577436,0.9998912239481356,17.213366467384212,15.995966025899014,16.729037653710815,0.11358750805768231,7,0.8264572894003224,45965
fednova_sgd,1.0,10,101,11,45,Injection,2,own_client_rows,0.9850746268656716,1.0,0.9924812030075187,0.9705882352941176,1.0,0.9850746268656716,0.5454545454545454,0.015151515151515152,0.029484029484029485,2.921493992660985,7.71649108270202,-0.8048484108664773,0.11358750805768231,4,0.21002761703754486,23
fednova_sgd,1.0,10,101,11,45,Injection,2,validation,0.37006802721088433,0.9634002361275088,0.5347313237221494,0.2899794097460535,0.9976387249114522,0.44934857750598245,0.4782608695652174,0.012987012987012988,0.02528735632183908,2.046764315230224,7.641957829102715,-1.6478961822978158,0.11358750805768231,4,0.21002761703754486,23
fednova_sgd,1.0,10,101,11,45,Manipulation,2,own_client_rows,1.0,0.012072434607645875,0.02385685884691849,0.9237918215613383,1.0,0.9603864734299516,0.9724950884086444,0.9959758551307847,0.9840954274353877,-1.4460262551873742,8.908491967429578,1.7971488599566148,0.11358750805768231,4,0.4213681828286953,2924
fednova_sgd,1.0,10,101,11,45,Manipulation,2,validation,0.5,0.0010277492291880781,0.0020512820512820513,0.3280512474713419,1.0,0.49403401878649406,0.3313953488372093,0.9958890030832477,0.4973056197074673,-1.543616613405704,8.998890703285586,1.9258304294064748,0.11358750805768231,4,0.4213681828286953,2924
fednova_sgd,1.0,10,101,11,45,Regular,2,own_client_rows,1.0,0.7050016072875777,0.8269805779352173,1.0,0.9992212578496756,0.9996104772559481,1.0,0.9942092371496226,0.9970962109980724,2.7570202900956,11.455557640714066,9.320035557700493,0.11358750805768231,9,0.9817219674046403,181562
fednova_sgd,1.0,10,101,11,45,Regular,2,validation,0.9988705803025834,0.6990108587303366,0.8224618822565982,0.8797642538165957,0.9993157997180623,0.935736949804071,0.92847071523777,0.9943022631693809,0.9602595249826974,2.6992375507620574,11.446820120667715,9.276710238047139,0.11358750805768231,9,0.9817219674046403,181562
fednova_sgd,1.0,10,101,11,45,DoS,3,own_client_rows,0.9306666666666666,1.0,0.9640883977900553,0.9830508474576272,0.997134670487106,0.9900426742532006,0.9942857142857143,0.997134670487106,0.9957081545064378,38.683302739971346,36.362788771489974,37.57135901683381,0.04012749044007735,7,0.8264572894003224,45965
fednova_sgd,1.0,10,101,11,45,DoS,3,validation,0.9988483268144285,1.0,0.9994238316283822,0.9996955065466092,0.9999347357887179,0.9998151068573604,0.9999129772653106,0.999869471577436,0.9998912239481356,17.213366467384212,16.65229590657428,16.729037653710815,0.04012749044007735,7,0.8264572894003224,45965
fednova_sgd,1.0,10,101,11,45,Manipulation,3,own_client_rows,0.5384615384615384,0.006622516556291391,0.013084112149532711,0.5706558485463151,0.7984862819299905,0.6656151419558359,0.5156709108716944,0.9962157048249763,0.6795740561471443,-1.4797975365125355,0.5118426681128785,1.8582459939687797,0.04012749044007735,4,0.4213681828286953,2924
fednova_sgd,1.0,10,101,11,45,Manipulation,3,validation,0.5,0.0010277492291880781,0.0020512820512820513,0.32768122085629503,0.7944501541623844,0.4639855942376951,0.3313953488372093,0.9958890030832477,0.4973056197074673,-1.543616613405704,0.5366396301206803,1.9258304294064748,0.04012749044007735,4,0.4213681828286953,2924
fednova_sgd,1.0,10,101,11,45,Regular,3,own_client_rows,0.9992226368159204,0.7011973924665194,0.8240932185731916,0.9993160850964756,0.9365709298202548,0.9669266726740257,0.9511014250665553,0.9939312113029485,0.9720447603931872,2.729362489249635,5.031872847263419,9.282423803459892,0.04012749044007735,9,0.9817219674046403,181562
fednova_sgd,1.0,10,101,11,45,Regular,3,validation,0.9988705803025834,0.6990108587303366,0.8224618822565982,0.9953927393562304,0.9417191121911515,0.9678123295144572,0.92847071523777,0.9943022631693809,0.9602595249826974,2.6992375507620574,5.034818757888948,9.276710238047139,0.04012749044007735,9,0.9817219674046403,181562
fednova_sgd,1.0,10,101,11,45,Replay,3,own_client_rows,0.552317880794702,0.8441295546558705,0.6677341873498799,0.6295652173913043,0.36639676113360325,0.46321177223288545,0.0,0.0,0.0,0.7188417998402707,-0.16062096352519295,-1.4547255048867662,0.04012749044007735,4,0.3387365926212559,1
fednova_sgd,1.0,10,101,11,45,Replay,3,validation,0.562183455261677,0.9207373271889401,0.6981132075471698,0.6395939086294417,0.34838709677419355,0.4510739856801909,0.0,0.0,0.0,0.871714114703341,-0.12483633015012961,-1.3652142362111175,0.04012749044007735,4,0.3387365926212559,1
fednova_sgd,1.0,10,101,11,45,Unauth,3,own_client_rows,0.0,0.0,0.0,0.9864029666254636,1.0,0.9931549471064095,0.9948586118251928,0.9699248120300752,0.9822335025380711,-2.4825069264959274,6.956344719219925,1.2871280373786027,0.04012749044007735,3,0.20141182686377795,1865
fednova_sgd,1.0,10,101,11,45,Unauth,3,validation,0.0,0.0,0.0,0.25434708489601093,0.998661311914324,0.40543478260869564,0.38605898123324395,0.963855421686747,0.5513016845329249,-2.5266778785062125,6.856833870311977,1.199247898985264,0.04012749044007735,3,0.20141182686377795,1865
fednova_sgd,1.0,10,101,11,45,Video,3,own_client_rows,0.9517173699705593,0.4967728716320049,0.6528002154011847,0.6771291065076376,0.9945702284601987,0.8057100174288323,0.9819059107358263,0.5837516647884438,0.7322025186327422,0.2538376987841442,6.178112291481246,0.759287112048141,0.04012749044007735,3,0.20639340465331735,8574
fednova_sgd,1.0,10,101,11,45,Video,3,validation,0.8224927325581395,0.37687312687312685,0.5168988353505366,0.35530430598989654,0.9836829836829837,0.522046478748785,0.7614882202006065,0.5435397935397935,0.6343145827261245,-0.3440566391616196,5.845332564570846,0.5463149318129786,0.04012749044007735,3,0.20639340465331735,8574
fednova_sgd,1.0,10,101,11,45,DoS,4,own_client_rows,0.9999708910539477,0.9999563372164102,0.9999636140822235,0.9999883567266101,1.0,0.9999941783294134,0.9999970888596481,0.9998981201716238,0.9999476020668073,18.49503988504317,20.38731312101213,17.78234313872103,0.2018606386056233,7,0.8264572894003224,45965
fednova_sgd,1.0,10,101,11,45,DoS,4,validation,0.9988483268144285,1.0,0.9994238316283822,0.9992391635146298,1.0,0.9996194369842012,0.9999129772653106,0.999869471577436,0.9998912239481356,17.213366467384212,18.36542077740553,16.729037653710815,0.2018606386056233,7,0.8264572894003224,45965
fednova_sgd,1.0,10,101,11,45,MITM,4,own_client_rows,0.45164405143060427,0.9520595639830736,0.612653602881616,0.6878212951662414,0.9961969039584337,0.8137743939791722,0.9384332644153457,0.21881193422250791,0.3548779428372861,1.7041456527092875,4.3559646422545395,-1.507237705690667,0.2018606386056233,6,0.6910203234979224,4589
fednova_sgd,1.0,10,101,11,45,MITM,4,validation,0.1750744376219851,0.9104986293250352,0.2936790536503764,0.2874481751197611,0.9914054975179669,0.44567679189981346,0.6393549792983221,0.21738164036452545,0.3244498507132589,1.4233256985348597,4.210206724179447,-1.5587265196664073,0.2018606386056233,6,0.6910203234979224,4589
fednova_sgd,1.0,10,101,11,45,Regular,4,own_client_rows,0.9989004837871337,0.695783551953658,0.8202337568534752,0.998880567599527,0.882195672153062,0.9369190839920437,0.8546150625112161,0.9946946277884535,0.9193495453638698,2.6488636497148885,6.235584912717228,9.259769486973292,0.2018606386056233,9,0.9817219674046403,181562
fednova_sgd,1.0,10,101,11,45,Regular,4,validation,0.9988705803025834,0.6990108587303366,0.8224618822565982,0.9987379331641627,0.8775104546982736,0.9342078410564422,0.92847071523777,0.9943022631693809,0.9602595249826974,2.6992375507620574,6.234488104094289,9.276710238047139,0.2018606386056233,9,0.9817219674046403,181562
fednova_sgd,1.0,10,101,11,45,Injection,5,own_client_rows,0.40809968847352024,1.0,0.5796460176991151,0.4649511978704525,1.0,0.6347668079951545,0.2857142857142857,0.015267175572519083,0.028985507246376812,2.8207541895276718,4.906252329586116,-0.8726026811672531,0.018278032595359706,4,0.21002761703754486,23
fednova_sgd,1.0,10,101,11,45,Injection,5,validation,0.37006802721088433,0.9634002361275088,0.5347313237221494,0.41416625676340385,0.9940968122786304,0.5847222222222223,0.4782608695652174,0.012987012987012988,0.02528735632183908,2.046764315230224,4.018874059179457,-1.6478961822978158,0.018278032595359706,4,0.21002761703754486,23
fednova_sgd,1.0,10,101,11,45,MITM,5,own_client_rows,1.0,0.9504422442244225,0.9745915287046688,1.0,0.9838151815181518,0.9918415693998962,0.9979542258023271,0.20607260726072607,0.34160539215686275,1.6128786613036303,7.224977181311881,-1.7553153748968646,0.018278032595359706,6,0.6910203234979224,4589
fednova_sgd,1.0,10,101,11,45,MITM,5,validation,0.1750744376219851,0.9104986293250352,0.2936790536503764,0.09392794154698916,0.9667333481514411,0.1712201139017925,0.6393549792983221,0.21738164036452545,0.3244498507132589,1.4233256985348597,6.982797681892272,-1.5587265196664073,0.018278032595359706,6,0.6910203234979224,4589
fednova_sgd,1.0,10,101,11,45,Replay,5,own_client_rows,1.0,0.8601553829078802,0.9248210023866349,0.989010989010989,0.9988901220865705,0.9939260077305356,0.0,0.0,0.0,0.7549661346333935,5.657106253468369,-1.4152063841825056,0.018278032595359706,4,0.3387365926212559,1
fednova_sgd,1.0,10,101,11,45,Replay,5,validation,0.562183455261677,0.9207373271889401,0.6981132075471698,0.366497461928934,0.9981566820276497,0.5361386138613862,0.0,0.0,0.0,0.871714114703341,5.758128870247696,-1.3652142362111175,0.018278032595359706,4,0.3387365926212559,1
fednova_sgd,1.0,10,101,11,45,Injection,6,own_client_rows,1.0,0.9977029096477795,0.9988501341510158,0.9992348890589136,1.0,0.9996172981247609,0.9629629629629629,0.019908116385911178,0.03900975243810953,2.6414714538667687,7.417578424100307,-1.0911162348655246,0.033580420087790365,4,0.21002761703754486,23
fednova_sgd,1.0,10,101,11,45,Injection,6,validation,0.37006802721088433,0.9634002361275088,0.5347313237221494,0.28869149299624186,0.9976387249114522,0.447800741918389,0.4782608695652174,0.012987012987012988,0.02528735632183908,2.046764315230224,7.560196373229044,-1.6478961822978158,0.033580420087790365,4,0.21002761703754486,23
fednova_sgd,1.0,10,101,11,45,Ip Spoofing,6,own_client_rows,0.9970355731225297,0.9192225933798968,0.956549217885922,0.9930639324487334,1.0,0.9965198971100016,0.9972489683631361,0.22016398420892802,0.36069651741293535,2.323311804277065,8.239949383635743,-1.6481524344964698,0.033580420087790365,3,0.3139114896736092,23
fednova_sgd,1.0,10,101,11,45,Ip Spoofing,6,validation,0.5457627118644067,0.751458576429405,0.6323024054982818,0.2820682797480941,0.9929988331388565,0.43933918430562724,0.08695652173913043,0.002333722287047841,0.004545454545454545,0.9151345679195231,6.6126408437864646,-2.646690057066803,0.033580420087790365,3,0.3139114896736092,23
fednova_sgd,1.0,10,101,11,45,Regular,6,own_client_rows,1.0,0.6954277177048356,0.8203566692259371,1.0,0.9926038785261009,0.9962882128487224,1.0,0.9954439891720782,0.9977167934291093,2.671632249759164,8.175897392220019,9.290937590140231,0.033580420087790365,9,0.9817219674046403,181562
fednova_sgd,1.0,10,101,11,45,Regular,6,validation,0.9988705803025834,0.6990108587303366,0.8224618822565982,0.937932650203879,0.9917719017818699,0.9641012115339407,0.92847071523777,0.9943022631693809,0.9602595249826974,2.6992375507620574,8.1663559280093,9.276710238047139,0.033580420087790365,9,0.9817219674046403,181562
fednova_sgd,1.0,10,101,11,45,DoS,7,own_client_rows,0.9997715462831742,1.0,0.9998857600923213,0.9999961263281852,0.9998179698604565,0.9999070401586515,0.9999690165064562,0.9999806350915379,0.9999748257652483,20.231134093458436,19.590825775900445,19.461999020362565,0.24073099107864576,7,0.8264572894003224,45965
fednova_sgd,1.0,10,101,11,45,DoS,7,validation,0.9988483268144285,1.0,0.9994238316283822,0.9999782087600785,0.9983031305066679,0.99913996755827,0.9999129772653106,0.999869471577436,0.9998912239481356,17.213366467384212,15.44342646626928,16.729037653710815,0.24073099107864576,7,0.8264572894003224,45965
fednova_sgd,1.0,10,101,11,45,Ip Spoofing,7,own_client_rows,0.9281225451688924,0.9036328871892926,0.9157140089130014,0.89119804400978,0.8363288718929255,0.8628920891694615,0.9340796019900498,0.28718929254302106,0.43930973968996784,2.327116507827438,2.968066032803537,-1.3949450286806884,0.24073099107864576,3,0.3139114896736092,23
fednova_sgd,1.0,10,101,11,45,Ip Spoofing,7,validation,0.5457627118644067,0.751458576429405,0.6323024054982818,0.5152041702867072,0.691948658109685,0.5906374501992032,0.08695652173913043,0.002333722287047841,0.004545454545454545,0.9151345679195231,0.9277594442823804,-2.646690057066803,0.24073099107864576,3,0.3139114896736092,23
fednova_sgd,1.0,10,101,11,45,MITM,7,own_client_rows,0.21617943087199196,0.935971080518966,0.35123483173210934,0.572434666201036,0.9740516985243142,0.7210939218417772,0.7520336605890603,0.13276220659601862,0.2256828991119155,1.4985214827307927,3.3419421697425595,-1.9963963325276073,0.24073099107864576,6,0.6910203234979224,4589
fednova_sgd,1.0,10,101,11,45,MITM,7,validation,0.1750744376219851,0.9104986293250352,0.2936790536503764,0.35985503665266455,0.9711046899310958,0.5251201923076924,0.6393549792983221,0.21738164036452545,0.3244498507132589,1.4233256985348597,3.2541500107662813,-1.5587265196664073,0.24073099107864576,6,0.6910203234979224,4589
fednova_sgd,1.0,10,101,11,45,Regular,7,own_client_rows,0.9994827036553603,0.7049617106128423,0.826776198271444,0.9976149391538455,0.9369763051271717,0.9663452808352093,0.9435736172234548,0.994230075730256,0.968239736894295,2.7519944571206594,6.943680128787507,9.329604065131733,0.24073099107864576,9,0.9817219674046403,181562
fednova_sgd,1.0,10,101,11,45,Regular,7,validation,0.9988705803025834,0.6990108587303366,0.8224618822565982,0.9964890424146328,0.9341280280286185,0.964301371197545,0.92847071523777,0.9943022631693809,0.9602595249826974,2.6992375507620574,6.865721023279399,9.276710238047139,0.24073099107864576,9,0.9817219674046403,181562
fednova_sgd,1.0,10,101,11,45,Replay,7,own_client_rows,0.7627118644067796,0.9121621621621622,0.8307692307692308,0.6472491909385113,0.9009009009009009,0.7532956685499058,0.0,0.0,0.0,0.959966161229589,1.9461340002111487,-1.2691908827773086,0.24073099107864576,4,0.3387365926212559,1
fednova_sgd,1.0,10,101,11,45,Replay,7,validation,0.562183455261677,0.9207373271889401,0.6981132075471698,0.48304642670839854,0.8534562211981567,0.6169220519653564,0.0,0.0,0.0,0.871714114703341,1.944137699812788,-1.3652142362111175,0.24073099107864576,4,0.3387365926212559,1
fednova_sgd,1.0,10,101,11,45,DoS,8,own_client_rows,0.9999965523779972,0.9999827621277051,0.999989657205308,1.0,0.9999793145532461,0.99998965716965,1.0,0.9999793145532461,0.99998965716965,16.631748963680664,17.19973148243116,16.26651351804719,0.14596892641440812,7,0.8264572894003224,45965
fednova_sgd,1.0,10,101,11,45,DoS,8,validation,0.9988483268144285,1.0,0.9994238316283822,0.9999129753720303,0.999847716840342,0.9998803450413898,0.9999129772653106,0.999869471577436,0.9998912239481356,17.213366467384212,17.28075788405269,16.729037653710815,0.14596892641440812,7,0.8264572894003224,45965
fednova_sgd,1.0,10,101,11,45,MITM,8,own_client_rows,0.09224665233922963,0.43696162881754114,0.15233415233415235,0.9296703296703297,0.9937353171495693,0.9606358819076457,0.8857782754759238,0.6194205168363351,0.7290322580645161,0.023407627664325567,8.688606949270751,0.7338279299933927,0.14596892641440812,6,0.6910203234979224,4589
fednova_sgd,1.0,10,101,11,45,MITM,8,validation,0.1750744376219851,0.9104986293250352,0.2936790536503764,0.5049714143673876,0.3010298584870712,0.3771990901917096,0.6393549792983221,0.21738164036452545,0.3244498507132589,1.4233256985348597,-0.5566233685610691,-1.5587265196664073,0.14596892641440812,6,0.6910203234979224,4589
fednova_sgd,1.0,10,101,11,45,Manipulation,8,own_client_rows,1.0,0.0018796992481203006,0.00375234521575985,0.9797421731123389,1.0,0.9897674418604652,0.9943714821763602,0.9962406015037594,0.9953051643192489,-1.413969111621828,9.542317096452068,1.8814456337376644,0.14596892641440812,4,0.4213681828286953,2924
fednova_sgd,1.0,10,101,11,45,Manipulation,8,validation,0.5,0.0010277492291880781,0.0020512820512820513,0.3280512474713419,1.0,0.49403401878649406,0.3313953488372093,0.9958890030832477,0.4973056197074673,-1.543616613405704,9.515021548609328,1.9258304294064748,0.14596892641440812,4,0.4213681828286953,2924
fednova_sgd,1.0,10,101,11,45,Regular,8,own_client_rows,1.0,0.739406088294252,0.8501822469982847,1.0,0.9941261479651299,0.9970544230409576,0.999906129728715,0.9931471726259848,0.9965151904951236,3.1891723934417393,8.856224924682998,9.553567214232437,0.14596892641440812,9,0.9817219674046403,181562
fednova_sgd,1.0,10,101,11,45,Regular,8,validation,0.9988705803025834,0.6990108587303366,0.8224618822565982,0.9181226391474261,0.994939277224978,0.954988719580374,0.92847071523777,0.9943022631693809,0.9602595249826974,2.6992375507620574,8.613798777839873,9.276710238047139,0.14596892641440812,9,0.9817219674046403,181562
fednova_sgd,1.0,10,101,11,45,DoS,9,own_client_rows,0.9995648389904265,1.0,0.9997823721436344,0.9999727883751939,0.9998911623857205,0.9999319737146434,0.9999183784519113,1.0,0.9999591875603684,13.114777129475947,12.525429419657433,12.925085762764612,0.03960007850717308,7,0.8264572894003224,45965
fednova_sgd,1.0,10,101,11,45,DoS,9,validation,0.9988483268144285,1.0,0.9994238316283822,0.9999347187465999,0.9996736789435899,0.999804181806314,0.9999129772653106,0.999869471577436,0.9998912239481356,17.213366467384212,16.854761721044444,16.729037653710815,0.03960007850717308,7,0.8264572894003224,45965
fednova_sgd,1.0,10,101,11,45,Ip Spoofing,9,own_client_rows,0.8999382334774553,0.9140526976160602,0.9069405539993776,0.7003530450132391,0.9956085319949812,0.822279792746114,0.9640718562874252,0.20200752823086573,0.33402489626556015,2.2736592980819186,3.880790834893546,-1.8234510673034745,0.03960007850717308,3,0.3139114896736092,23
fednova_sgd,1.0,10,101,11,45,Ip Spoofing,9,validation,0.5457627118644067,0.751458576429405,0.6323024054982818,0.33294163728946335,0.9918319719953326,0.49853372434017595,0.08695652173913043,0.002333722287047841,0.004545454545454545,0.9151345679195231,2.099190319154755,-2.646690057066803,0.03960007850717308,3,0.3139114896736092,23
fednova_sgd,1.0,10,101,11,45,MITM,9,own_client_rows,0.4748935733702621,0.9789596109113977,0.6395441201864963,0.7020576131687243,0.992070205117361,0.8222407220786049,0.9391374445787989,0.24635229435398603,0.3903174470223637,1.8415591360323271,3.9506347552997463,-1.39243491373044,0.03960007850717308,6,0.6910203234979224,4589
fednova_sgd,1.0,10,101,11,45,MITM,9,validation,0.1750744376219851,0.9104986293250352,0.2936790536503764,0.2700141474478453,0.890864636585908,0.41442062452609085,0.6393549792983221,0.21738164036452545,0.3244498507132589,1.4233256985348597,2.950574809448396,-1.5587265196664073,0.03960007850717308,6,0.6910203234979224,4589
fednova_sgd,1.0,10,101,11,45,Regular,9,own_client_rows,0.9982212879492258,0.703985631200821,0.8256733486031465,0.9977496302964058,0.8848215303911506,0.937898522256807,0.8473888753947049,0.9946117003079028,0.915116858589303,2.596780612322172,5.618271404748795,9.27673622433252,0.03960007850717308,9,0.9817219674046403,181562
fednova_sgd,1.0,10,101,11,45,Regular,9,validation,0.9988705803025834,0.6990108587303366,0.8224618822565982,0.9986087494203123,0.8763661887095157,0.9335025508280766,0.92847071523777,0.9943022631693809,0.9602595249826974,2.6992375507620574,5.612350773559198,9.276710238047139,0.03960007850717308,9,0.9817219674046403,181562
fednova_sgd,1.0,10,101,11,45,Replay,9,own_client_rows,0.8509933774834437,0.8326133909287257,0.8417030567685589,0.9850187265917603,0.2840172786177106,0.44090528080469404,0.0,0.0,0.0,0.6600333228224554,-0.6603855602684597,-1.4773294601275648,0.03960007850717308,4,0.3387365926212559,1
fednova_sgd,1.0,10,101,11,45,Replay,9,validation,0.562183455261677,0.9207373271889401,0.6981132075471698,0.7132530120481928,0.2728110599078341,0.39466666666666667,0.0,0.0,0.0,0.871714114703341,-0.5763507614487328,-1.3652142362111175,0.03960007850717308,4,0.3387365926212559,1
fednova_sgd,1.0,10,101,11,45,Unauth,9,own_client_rows,1.0,0.0022404779686333084,0.004470938897168405,0.9831130690161527,1.0,0.9914846353202518,1.0,0.9596713965646004,0.979420731707317,-2.7374680556852127,8.304602898618372,0.9073521882584952,0.03960007850717308,3,0.20141182686377795,1865
fednova_sgd,1.0,10,101,11,45,Unauth,9,validation,0.0,0.0,0.0,0.2521974306964165,0.998661311914324,0.40269905533063427,0.38605898123324395,0.963855421686747,0.5513016845329249,-2.5266778785062125,8.23503895137843,1.199247898985264,0.03960007850717308,3,0.20141182686377795,1865
fednova_sgd,1.0,10,101,22,45,DoS,0,own_client_rows,0.9998992570205264,0.9998992570205264,0.9998992570205264,0.9999244408623816,0.9998992570205264,0.9999118487828835,0.9998992570205264,0.9998992570205264,0.9998992570205264,15.964576053078957,14.923654628667673,15.276671507052008,0.044581656296712464,7,0.8264572894003224,45959
fednova_sgd,1.0,10,101,22,45,DoS,0,validation,0.9999347315290227,0.999869471577436,0.9999021004884098,0.9999564772702544,0.999651924206496,0.999804177545692,0.9999347244282948,0.999760697891966,0.9998477035876684,16.67455261723084,15.47885057146975,16.226104120891073,0.044581656296712464,7,0.8264572894003224,45959
fednova_sgd,1.0,10,101,22,45,Injection,0,own_client_rows,0.5428571428571428,0.052924791086350974,0.09644670050761421,0.30475382003395585,1.0,0.4671437865972674,0.28685897435897434,0.9972144846796658,0.44555071561916615,-0.6033508810824338,4.904466889362813,2.7857547005571033,0.044581656296712464,4,0.21002761703754486,2470
fednova_sgd,1.0,10,101,22,45,Injection,0,validation,0.38636363636363635,0.020070838252656435,0.038159371492704826,0.25233248515691264,0.7024793388429752,0.3712948517940718,0.3396761133603239,0.9905548996458088,0.5058788061501357,-1.7052301724376475,1.7468029684271693,1.8640626729449528,0.044581656296712464,4,0.21002761703754486,2470
fednova_sgd,1.0,10,101,22,45,MITM,0,own_client_rows,0.05616185359301545,0.4868995633187773,0.10070751166641577,0.9983164983164983,0.4315866084425036,0.6026422764227642,0.10671067106710672,0.3529839883551674,0.163879033620544,0.5468390518921431,0.5153544729974072,-0.25526417117278477,0.044581656296712464,6,0.6910203234979224,8049
fednova_sgd,1.0,10,101,22,45,MITM,0,validation,0.21738274413720687,0.7362376824479514,0.33565843030620346,0.6267837541163557,0.04230569756242128,0.07926152137701277,0.4606783451360417,0.27472771727050455,0.3441938178780284,0.5143473542442302,-6.049230919949804,-1.2744554671003279,0.044581656296712464,6,0.6910203234979224,8049
fednova_sgd,1.0,10,101,22,45,Regular,0,own_client_rows,0.9982737027383813,0.8070713151989491,0.8925474767345086,0.997950004589542,0.8925619834710744,0.9423185265438787,0.846837391547719,0.9936237753817525,0.9143770933541514,3.0955492234387934,4.788206918793785,9.131634375502419,0.044581656296712464,9,0.9817219674046403,181262
fednova_sgd,1.0,10,101,22,45,Regular,0,validation,0.9992444525949019,0.8034752655699802,0.8907299274845848,0.9940218689455665,0.8836505624008352,0.9355923523919852,0.9294115699926074,0.9936652491137837,0.9604649903222037,3.179924200096695,4.810526058224855,9.1276805255624,0.044581656296712464,9,0.9817219674046403,181262
fednova_sgd,1.0,10,101,22,45,Video,0,own_client_rows,0.9594743410909625,0.7310919668829716,0.8298568117598502,0.8209079165897767,0.9954128440366973,0.8997775080906149,0.9952950665412018,0.4141866189304095,0.5849496346039897,1.0309009018507707,7.220736339925039,-0.606168211320018,0.044581656296712464,3,0.20639340465331735,4776
fednova_sgd,1.0,10,101,22,45,Video,0,validation,0.5692892990124656,0.5854978354978355,0.5772798161372404,0.2802138535853304,0.9948384948384948,0.4372644443631307,0.9013819095477387,0.3583916083916084,0.5128663330950679,0.6871225291635448,7.266477662962038,-0.9353919192786381,0.044581656296712464,3,0.20639340465331735,4776
fednova_sgd,1.0,10,101,22,45,Manipulation,1,own_client_rows,0.9938962360122076,0.977,0.9853756933938477,0.9478672985781991,1.0,0.9732360097323601,1.0,0.297,0.4579799537393986,1.07338818359375,6.96723046875,-0.3107142333984375,0.12168425791652752,4,0.4213681828286953,828
fednova_sgd,1.0,10,101,22,45,Manipulation,1,validation,0.3353188507358094,0.9835560123329907,0.5001306506401881,0.3279406808223795,1.0,0.4939086294416244,0.4311594202898551,0.3669064748201439,0.39644641865630204,1.161139759718453,6.967274743263425,-0.25332865073036437,0.12168425791652752,4,0.4213681828286953,828
fednova_sgd,1.0,10,101,22,45,Password Cracking,1,own_client_rows,1.0,0.9998663524777547,0.9999331717731639,1.0,0.9999085569584638,0.9999542763886788,1.0,0.9998944887982274,0.9999472416158135,13.684255530545492,17.79689522298034,13.094159982458763,0.12168425791652752,1,0.12168425791652752,0
fednova_sgd,1.0,10,101,22,45,Password Cracking,1,validation,0.0,0.0,0.0,0.0,0.0,0.0,0.0,0.0,0.0,nan,nan,nan,0.12168425791652752,1,0.12168425791652752,0
fednova_sgd,1.0,10,101,22,45,Regular,1,own_client_rows,0.9989606269060872,0.8037433566972194,0.8907818197339057,0.9973748269772326,0.9197081898306577,0.9569682571485817,0.9154999543790996,0.9936510381707948,0.9529759392148586,3.0201173825309677,5.3126425431913535,9.038884575880822,0.12168425791652752,9,0.9817219674046403,181262
fednova_sgd,1.0,10,101,22,45,Regular,1,validation,0.9992444525949019,0.8034752655699802,0.8907299274845848,0.9972457260714446,0.9183088456479553,0.9561508557952724,0.9294115699926074,0.9936652491137837,0.9604649903222037,3.179924200096695,5.424920487291791,9.1276805255624,0.12168425791652752,9,0.9817219674046403,181262
fednova_sgd,1.0,10,101,22,45,Unauth,1,own_client_rows,0.9290012033694344,0.9796954314720813,0.9536751080914144,0.9216374269005848,1.0,0.9592209373097992,0.0,0.0,0.0,1.2304589131156805,7.500155531210343,-2.2930322637412752,0.12168425791652752,3,0.20141182686377795,0
fednova_sgd,1.0,10,101,22,45,Unauth,1,validation,0.3270469181232751,0.9518072289156626,0.48681958233481687,0.25617283950617287,1.0,0.40786240786240785,0.0,0.0,0.0,1.1112544048263366,7.2333984375,-2.3562914172967915,0.12168425791652752,3,0.20141182686377795,0
fednova_sgd,1.0,10,101,22,45,Video,1,own_client_rows,0.9220332958113633,0.5806656219685098,0.7125752615553673,0.7854456061368954,0.9894410864860831,0.8757203005035912,0.9867914716588664,0.3540034325796582,0.5210753219650164,0.6402500853699701,7.436266708174763,-0.9336163222135941,0.12168425791652752,3,0.20639340465331735,4776
fednova_sgd,1.0,10,101,22,45,Video,1,validation,0.5692892990124656,0.5854978354978355,0.5772798161372404,0.3169627400324926,0.9907592407592407,0.480276034625396,0.9013819095477387,0.3583916083916084,0.5128663330950679,0.6871225291635448,7.31481441735348,-0.9353919192786381,0.12168425791652752,3,0.20639340465331735,4776
fednova_sgd,1.0,10,101,22,45,DoS,2,own_client_rows,0.9999544792425346,0.9999544792425346,0.9999544792425346,0.9999089501957571,0.9998179169701383,0.9998634315109027,0.9999544294567991,0.9988619810633649,0.999407906722536,23.83505375716952,22.669848615030954,24.384127978764568,0.11358750805768231,7,0.8264572894003224,45959
fednova_sgd,1.0,10,101,22,45,DoS,2,validation,0.9999347315290227,0.999869471577436,0.9999021004884098,0.9999564857926113,0.999847716840342,0.9999020983585158,0.9999347244282948,0.999760697891966,0.9998477035876684,16.67455261723084,15.113638376104053,16.226104120891073,0.11358750805768231,7,0.8264572894003224,45959
fednova_sgd,1.0,10,101,22,45,Injection,2,own_client_rows,0.4,0.015151515151515152,0.029197080291970802,0.9565217391304348,1.0,0.9777777777777777,0.9166666666666666,1.0,0.9565217391304348,-0.727854179613518,7.584493001302083,2.71328766177399,0.11358750805768231,4,0.21002761703754486,2470
fednova_sgd,1.0,10,101,22,45,Injection,2,validation,0.38636363636363635,0.020070838252656435,0.038159371492704826,0.2885928961748634,0.9976387249114522,0.447682119205298,0.3396761133603239,0.9905548996458088,0.5058788061501357,-1.7052301724376475,7.501425066410862,1.8640626729449528,0.11358750805768231,4,0.21002761703754486,2470
fednova_sgd,1.0,10,101,22,45,Manipulation,2,own_client_rows,0.9832810867293625,0.9466800804828974,0.964633521271143,0.9212233549582948,1.0,0.9589966232513266,1.0,0.32796780684104626,0.49393939393939396,1.055677694094253,9.137620645749497,-0.24142813730527699,0.11358750805768231,4,0.4213681828286953,828
fednova_sgd,1.0,10,101,22,45,Manipulation,2,validation,0.3353188507358094,0.9835560123329907,0.5001306506401881,0.3280512474713419,1.0,0.49403401878649406,0.4311594202898551,0.3669064748201439,0.39644641865630204,1.161139759718453,9.15447251573741,-0.25332865073036437,0.11358750805768231,4,0.4213681828286953,828
fednova_sgd,1.0,10,101,22,45,Regular,2,own_client_rows,1.0,0.8082121076294093,0.8939350690323453,1.0,0.9990944858717158,0.9995470378540465,1.0,0.9936297081075207,0.9968046764820101,3.2270240513395385,11.020903143697453,9.164379230979392,0.11358750805768231,9,0.9817219674046403,181262
fednova_sgd,1.0,10,101,22,45,Regular,2,validation,0.9992444525949019,0.8034752655699802,0.8907299274845848,0.8849864957345328,0.999197834152211,0.9386306591829611,0.9294115699926074,0.9936652491137837,0.9604649903222037,3.179924200096695,11.03024778805348,9.1276805255624,0.11358750805768231,9,0.9817219674046403,181262
fednova_sgd,1.0,10,101,22,45,DoS,3,own_client_rows,0.9942857142857143,0.997134670487106,0.9957081545064378,0.997134670487106,0.997134670487106,0.997134670487106,0.997134670487106,0.997134670487106,0.997134670487106,33.573843794770774,30.49843582109599,34.75384189201289,0.04012749044007735,7,0.8264572894003224,45959
fednova_sgd,1.0,10,101,22,45,DoS,3,validation,0.9999347315290227,0.999869471577436,0.9999021004884098,0.9999782400557055,0.999738943154872,0.9998585772875124,0.9999347244282948,0.999760697891966,0.9998477035876684,16.67455261723084,16.17573136706768,16.226104120891073,0.04012749044007735,7,0.8264572894003224,45959
fednova_sgd,1.0,10,101,22,45,Manipulation,3,own_client_rows,0.5226693835965359,0.9706717123935666,0.6794701986754967,0.5141050583657587,1.0,0.6790876967555413,0.5534124629080118,0.35288552507095555,0.43096476025418834,1.1133908476599457,2.263919942200804,-0.22976222620217893,0.04012749044007735,4,0.4213681828286953,828
fednova_sgd,1.0,10,101,22,45,Manipulation,3,validation,0.3353188507358094,0.9835560123329907,0.5001306506401881,0.32904971254649984,1.0,0.4951653944020356,0.4311594202898551,0.3669064748201439,0.39644641865630204,1.161139759718453,2.283969420445786,-0.25332865073036437,0.04012749044007735,4,0.4213681828286953,828
fednova_sgd,1.0,10,101,22,45,Regular,3,own_client_rows,0.9995060466700733,0.800275482093664,0.888863643248811,0.9990622520377984,0.9444126230804899,0.9709690762123092,0.9500300237579302,0.9925265253798107,0.970813435424059,3.194147206801646,5.481768742392705,9.127421402474054,0.04012749044007735,9,0.9817219674046403,181262
fednova_sgd,1.0,10,101,22,45,Regular,3,validation,0.9992444525949019,0.8034752655699802,0.8907299274845848,0.992066282936339,0.948484437392725,0.9697859688692957,0.9294115699926074,0.9936652491137837,0.9604649903222037,3.179924200096695,5.48910477406645,9.1276805255624,0.04012749044007735,9,0.9817219674046403,181262
fednova_sgd,1.0,10,101,22,45,Replay,3,own_client_rows,0.6351351351351351,0.04757085020242915,0.08851224105461393,0.0,0.0,0.0,0.5666973321067157,0.6234817813765182,0.5937349397590361,-0.7441285785875822,-1.989934017783717,0.04789602611711633,0.04012749044007735,4,0.3387365926212559,1221
fednova_sgd,1.0,10,101,22,45,Replay,3,validation,0.5853658536585366,0.022119815668202765,0.04262877442273535,0.0,0.0,0.0,0.6273546273546273,0.7059907834101382,0.6643538594969645,-0.6861999230450749,-1.9538434709821428,0.12478505499351958,0.04012749044007735,4,0.3387365926212559,1221
fednova_sgd,1.0,10,101,22,45,Unauth,3,own_client_rows,0.9948051948051948,0.9598997493734336,0.9770408163265306,0.953405017921147,1.0,0.9761467889908257,0.0,0.0,0.0,1.2023068382626487,7.762253534226191,-2.3014348921620456,0.04012749044007735,3,0.20141182686377795,0
fednova_sgd,1.0,10,101,22,45,Unauth,3,validation,0.3270469181232751,0.9518072289156626,0.48681958233481687,0.24941569282136894,1.0,0.39925173703901656,0.0,0.0,0.0,1.1112544048263366,7.605521614452602,-2.3562914172967915,0.04012749044007735,3,0.20141182686377795,0
fednova_sgd,1.0,10,101,22,45,Video,3,own_client_rows,0.873047330380042,0.7672369634258785,0.8167293745569552,0.7060924063547588,0.9926237065874398,0.8251926925861262,0.9782010096374484,0.4367380391353345,0.6038671294000991,1.1970328334999456,5.752290884963118,-0.574622072263424,0.04012749044007735,3,0.20639340465331735,4776
fednova_sgd,1.0,10,101,22,45,Video,3,validation,0.5692892990124656,0.5854978354978355,0.5772798161372404,0.3687049788975978,0.9672827172827173,0.5339000574382539,0.9013819095477387,0.3583916083916084,0.5128663330950679,0.6871225291635448,5.399759420267233,-0.9353919192786381,0.04012749044007735,3,0.20639340465331735,4776
fednova_sgd,1.0,10,101,22,45,DoS,4,own_client_rows,0.9999970887579477,0.999863189944752,0.9999301348688137,0.9999708923248882,1.0,0.9999854459506269,0.9999970886308122,0.9998195271611623,0.9999083000132456,18.072149202280944,20.206729772123932,17.816001812096484,0.2018606386056233,7,0.8264572894003224,45959
fednova_sgd,1.0,10,101,22,45,DoS,4,validation,0.9999347315290227,0.999869471577436,0.9999021004884098,0.9993477835511012,1.0,0.9996737853942848,0.9999347244282948,0.999760697891966,0.9998477035876684,16.67455261723084,18.275816669431332,16.226104120891073,0.2018606386056233,7,0.8264572894003224,45959
fednova_sgd,1.0,10,101,22,45,MITM,4,own_client_rows,0.5528292783789372,0.8592854464620494,0.6728039088221108,0.7107244372743335,0.9911082543253522,0.82781916202492,0.9630185589519651,0.3780063206384916,0.5429087971689041,0.6422966682212994,4.512420073990472,-0.8711867297977262,0.2018606386056233,6,0.6910203234979224,8049
fednova_sgd,1.0,10,101,22,45,MITM,4,validation,0.21738274413720687,0.7362376824479514,0.33565843030620346,0.3047418045009291,0.98421871527006,0.4653867713004484,0.4606783451360417,0.27472771727050455,0.3441938178780284,0.5143473542442302,4.199785209791991,-1.2744554671003279,0.2018606386056233,6,0.6910203234979224,8049
fednova_sgd,1.0,10,101,22,45,Regular,4,own_client_rows,0.9982713317660075,0.8041328988776562,0.8907467106785334,0.9974235204643872,0.8948533712089565,0.9433585578708631,0.868604792604306,0.9943465062522628,0.9272321196696619,3.1248787557962237,6.787910992829566,9.097120523592196,0.2018606386056233,9,0.9817219674046403,181262
fednova_sgd,1.0,10,101,22,45,Regular,4,validation,0.9992444525949019,0.8034752655699802,0.8907299274845848,0.9975779414482194,0.8915660518694593,0.9415974958341768,0.9294115699926074,0.9936652491137837,0.9604649903222037,3.179924200096695,6.7876601612957925,9.1276805255624,0.2018606386056233,9,0.9817219674046403,181262
fednova_sgd,1.0,10,101,22,45,Injection,5,own_client_rows,0.4418604651162791,0.03625954198473282,0.06701940035273368,0.42601626016260163,1.0,0.5974914481185861,0.37189496096522356,1.0,0.5421624418003104,-0.7726879556670444,4.5215109322817275,2.6563177909559874,0.018278032595359706,4,0.21002761703754486,2470
fednova_sgd,1.0,10,101,22,45,Injection,5,validation,0.38636363636363635,0.020070838252656435,0.038159371492704826,0.3528368794326241,0.9397874852420307,0.5130518852723172,0.3396761133603239,0.9905548996458088,0.5058788061501357,-1.7052301724376475,2.862405860297373,1.8640626729449528,0.018278032595359706,4,0.21002761703754486,2470
fednova_sgd,1.0,10,101,22,45,MITM,5,own_client_rows,0.9996074582924436,0.8068118811881189,0.8929213236905544,1.0,0.981016501650165,0.9904172941850702,1.0,0.28295709570957095,0.4411014158709253,0.6164248046875,7.530714263613861,-1.3588257625567244,0.018278032595359706,6,0.6910203234979224,8049
fednova_sgd,1.0,10,101,22,45,MITM,5,validation,0.21738274413720687,0.7362376824479514,0.33565843030620346,0.09122349149303327,0.947840260798696,0.16642924512960613,0.4606783451360417,0.27472771727050455,0.3441938178780284,0.5143473542442302,7.306263371026895,-1.2744554671003279,0.018278032595359706,6,0.6910203234979224,8049
fednova_sgd,1.0,10,101,22,45,Replay,5,own_client_rows,1.0,0.04661487236403995,0.08907741251325557,0.9868565169769989,1.0,0.9933847850055126,1.0,0.6426193118756937,0.7824324324324324,-0.698353757868861,5.208381745976692,0.06756773852349386,0.018278032595359706,4,0.3387365926212559,1221
fednova_sgd,1.0,10,101,22,45,Replay,5,validation,0.5853658536585366,0.022119815668202765,0.04262877442273535,0.357495881383855,1.0,0.5266990291262136,0.6273546273546273,0.7059907834101382,0.6643538594969645,-0.6861999230450749,5.268735149049539,0.12478505499351958,0.018278032595359706,4,0.3387365926212559,1221
fednova_sgd,1.0,10,101,22,45,Injection,6,own_client_rows,0.9090909090909091,0.030627871362940276,0.05925925925925926,0.9916413373860182,0.9992343032159265,0.9954233409610984,0.9954233409610984,0.9992343032159265,0.9973251815055407,-1.0012777191208844,9.571389261102603,2.4975576590615427,0.033580420087790365,4,0.21002761703754486,2470
fednova_sgd,1.0,10,101,22,45,Injection,6,validation,0.38636363636363635,0.020070838252656435,0.038159371492704826,0.28556944913822235,0.9976387249114522,0.4440357330530741,0.3396761133603239,0.9905548996458088,0.5058788061501357,-1.7052301724376475,9.105048493764757,1.8640626729449528,0.033580420087790365,4,0.21002761703754486,2470
fednova_sgd,1.0,10,101,22,45,Ip Spoofing,6,own_client_rows,0.9957698815566836,0.357424840570908,0.5260335195530726,0.9942632850241546,1.0,0.9971233913701741,0.9942508084800575,0.8402672335256605,0.9107965766951942,-0.7577773116476949,8.423818338616003,1.9082161364423589,0.033580420087790365,3,0.3139114896736092,961
fednova_sgd,1.0,10,101,22,45,Ip Spoofing,6,validation,0.3448275862068966,0.023337222870478413,0.04371584699453552,0.28414023372287145,0.9929988331388565,0.4418483904465213,0.5879292403746098,0.6592765460910152,0.6215621562156216,-2.244994689870187,7.005444592327888,0.3885489500528734,0.033580420087790365,3,0.3139114896736092,961
fednova_sgd,1.0,10,101,22,45,Regular,6,own_client_rows,1.0,0.8034998446814491,0.8910450944046193,1.0,0.9970859281392838,0.9985408380182061,1.0,0.994719169267636,0.9973525943833473,3.159940534605528,7.970298071784906,9.150403452648181,0.033580420087790365,9,0.9817219674046403,181262
fednova_sgd,1.0,10,101,22,45,Regular,6,validation,0.9992444525949019,0.8034752655699802,0.8907299274845848,0.9201120240611992,0.9960422552656879,0.9565727200890467,0.9294115699926074,0.9936652491137837,0.9604649903222037,3.179924200096695,7.958882479938481,9.1276805255624,0.033580420087790365,9,0.9817219674046403,181262
fednova_sgd,1.0,10,101,22,45,DoS,7,own_client_rows,0.9999806344915199,0.9999496512379986,0.9999651426247603,0.9999961263732007,0.9998295888055337,0.9999128506550726,0.9999806343415095,0.9999419052746138,0.999961269433062,20.07127812624359,20.453827624689435,19.708555682447816,0.24073099107864576,7,0.8264572894003224,45959
fednova_sgd,1.0,10,101,22,45,DoS,7,validation,0.9999347315290227,0.999869471577436,0.9999021004884098,0.999978204960551,0.9981290926099158,0.9990527931714008,0.9999347244282948,0.999760697891966,0.9998477035876684,16.67455261723084,15.444868864824222,16.226104120891073,0.24073099107864576,7,0.8264572894003224,45959
fednova_sgd,1.0,10,101,22,45,Ip Spoofing,7,own_client_rows,0.929633300297324,0.3586998087954111,0.5176600441501104,0.8711967545638946,0.9854684512428298,0.9248160775165979,0.921552436003303,0.8535372848948375,0.8862418106015485,-0.6236140934960565,4.4142137458174,1.9672125209130018,0.24073099107864576,3,0.3139114896736092,961
fednova_sgd,1.0,10,101,22,45,Ip Spoofing,7,validation,0.3448275862068966,0.023337222870478413,0.04371584699453552,0.3620689655172414,0.9801633605600933,0.5288007554296507,0.5879292403746098,0.6592765460910152,0.6215621562156216,-2.244994689870187,2.429547339921237,0.3885489500528734,0.24073099107864576,3,0.3139114896736092,961
fednova_sgd,1.0,10,101,22,45,MITM,7,own_client_rows,0.2689053317283863,0.7522531444983659,0.3961870484834259,0.6941950028179598,0.9149252253144499,0.7894208378730586,0.8537313432835821,0.2690898286619788,0.40920215369554575,0.4123559245097941,2.6973898593796424,-1.3668618502092205,0.24073099107864576,6,0.6910203234979224,8049
fednova_sgd,1.0,10,101,22,45,MITM,7,validation,0.21738274413720687,0.7362376824479514,0.33565843030620346,0.3937879810938555,0.8641920426761502,0.541039497182086,0.4606783451360417,0.27472771727050455,0.3441938178780284,0.5143473542442302,2.1926497265596057,-1.2744554671003279,0.24073099107864576,6,0.6910203234979224,8049
fednova_sgd,1.0,10,101,22,45,Regular,7,own_client_rows,0.9995703229389911,0.8093124880677117,0.894435770116236,0.9925175710481512,0.9645786046116969,0.9783486633317197,0.9443557555087922,0.993848242506523,0.9684700979611918,3.233418766928934,7.268467237913918,9.188275136773854,0.24073099107864576,9,0.9817219674046403,181262
fednova_sgd,1.0,10,101,22,45,Regular,7,validation,0.9992444525949019,0.8034752655699802,0.8907299274845848,0.9903239913991034,0.9616611910983184,0.9757821500710705,0.9294115699926074,0.9936652491137837,0.9604649903222037,3.179924200096695,7.186912533786075,9.1276805255624,0.24073099107864576,9,0.9817219674046403,181262
fednova_sgd,1.0,10,101,22,45,Replay,7,own_client_rows,0.8775510204081632,0.09684684684684684,0.1744421906693712,0.9388264669163545,0.8468468468468469,0.8904677323860273,0.8371794871794872,0.7353603603603603,0.7829736211031175,-0.6017597645252675,1.4702287278733812,0.19629270536405546,0.24073099107864576,4,0.3387365926212559,1221
fednova_sgd,1.0,10,101,22,45,Replay,7,validation,0.5853658536585366,0.022119815668202765,0.04262877442273535,0.6106071179344034,0.8064516129032258,0.6949960285941224,0.6273546273546273,0.7059907834101382,0.6643538594969645,-0.6861999230450749,1.217346922703053,0.12478505499351958,0.24073099107864576,4,0.3387365926212559,1221
fednova_sgd,1.0,10,101,22,45,DoS,8,own_client_rows,1.0,0.9998827824683943,0.9999413877990084,1.0,0.9999793145532461,0.99998965716965,1.0,0.9998689921705584,0.9999344917942353,15.939139779536232,16.649840514666845,15.761145940890474,0.14596892641440812,7,0.8264572894003224,45959
fednova_sgd,1.0,10,101,22,45,DoS,8,validation,0.9999347315290227,0.999869471577436,0.9999021004884098,0.999956457371767,0.9991950747275219,0.9995756210622532,0.9999347244282948,0.999760697891966,0.9998477035876684,16.67455261723084,17.148726770019795,16.226104120891073,0.14596892641440812,7,0.8264572894003224,45959
fednova_sgd,1.0,10,101,22,45,MITM,8,own_client_rows,0.10891089108910891,0.3014878621769773,0.1600166251039069,0.9599395313681028,0.9945184025058731,0.9769230769230769,0.7684391080617495,0.350822239624119,0.4817204301075269,-0.4110767660238076,9.398913927907204,-0.510147560734999,0.14596892641440812,6,0.6910203234979224,8049
fednova_sgd,1.0,10,101,22,45,MITM,8,validation,0.21738274413720687,0.7362376824479514,0.33565843030620346,0.5341089370703331,0.22449433207379418,0.3161189358372457,0.4606783451360417,0.27472771727050455,0.3441938178780284,0.5143473542442302,-0.9025544087922316,-1.2744554671003279,0.14596892641440812,6,0.6910203234979224,8049
fednova_sgd,1.0,10,101,22,45,Manipulation,8,own_client_rows,0.9941291585127201,0.9548872180451128,0.9741131351869607,0.9860982391102873,1.0,0.9930004666355576,1.0,0.3731203007518797,0.5434633812457221,1.1377440717883576,9.61503245418233,-0.18051543271631226,0.14596892641440812,4,0.4213681828286953,828
fednova_sgd,1.0,10,101,22,45,Manipulation,8,validation,0.3353188507358094,0.9835560123329907,0.5001306506401881,0.32444148049349786,1.0,0.48992950654582074,0.4311594202898551,0.3669064748201439,0.39644641865630204,1.161139759718453,9.432643282695272,-0.25332865073036437,0.14596892641440812,4,0.4213681828286953,828
fednova_sgd,1.0,10,101,22,45,Regular,8,own_client_rows,0.9998881056282869,0.8331546314857117,0.9089383343928799,0.9999531857122794,0.9957577735303715,0.9978510697935158,0.9999529986839631,0.9917952543004989,0.9958574203665129,3.6030751225175983,8.317299819938464,9.4247150482495,0.14596892641440812,9,0.9817219674046403,181262
fednova_sgd,1.0,10,101,22,45,Regular,8,validation,0.9992444525949019,0.8034752655699802,0.8907299274845848,0.9145777060858175,0.996573100312019,0.9538164513015056,0.9294115699926074,0.9936652491137837,0.9604649903222037,3.179924200096695,8.145523957884818,9.1276805255624,0.14596892641440812,9,0.9817219674046403,181262
fednova_sgd,1.0,10,101,22,45,DoS,9,own_client_rows,0.9999727883751939,0.9998911623857205,0.9999319737146434,0.9999727876347012,0.9998639529821506,0.9999183673469387,0.9999727883751939,0.9998911623857205,0.9999319737146434,12.734851111419106,12.536016747387897,11.722658641451485,0.03960007850717308,7,0.8264572894003224,45959
fednova_sgd,1.0,10,101,22,45,DoS,9,validation,0.9999347315290227,0.999869471577436,0.9999021004884098,0.999978237687972,0.999630169469402,0.9998041732848844,0.9999347244282948,0.999760697891966,0.9998477035876684,16.67455261723084,16.655106771569823,16.226104120891073,0.03960007850717308,7,0.8264572894003224,45959
fednova_sgd,1.0,10,101,22,45,Ip Spoofing,9,own_client_rows,0.9659863945578231,0.35633626097867,0.5206232813932172,0.9456521739130435,0.6549560853199499,0.7739065974796145,0.930835734870317,0.8105395232120451,0.8665325285043595,-0.8841563455732434,1.0072219590171516,1.816047869482483,0.03960007850717308,3,0.3139114896736092,961
fednova_sgd,1.0,10,101,22,45,Ip Spoofing,9,validation,0.3448275862068966,0.023337222870478413,0.04371584699453552,0.47608695652173916,0.2555425904317386,0.3325740318906606,0.5879292403746098,0.6592765460910152,0.6215621562156216,-2.244994689870187,-0.5985360963480892,0.3885489500528734,0.03960007850717308,3,0.3139114896736092,961
fednova_sgd,1.0,10,101,22,45,MITM,9,own_client_rows,0.5820651061216133,0.9017762740537112,0.707477914644768,0.6771080866997912,0.9941848170860647,0.805568644249304,0.9647759647759647,0.39384647917107213,0.5593513026503492,0.7713668477991515,4.118084041783411,-0.8307986212069148,0.03960007850717308,6,0.6910203234979224,8049
fednova_sgd,1.0,10,101,22,45,MITM,9,validation,0.21738274413720687,0.7362376824479514,0.33565843030620346,0.25605874114001953,0.8939764392087131,0.39809300714297496,0.4606783451360417,0.27472771727050455,0.3441938178780284,0.5143473542442302,3.0439810192195487,-1.2744554671003279,0.03960007850717308,6,0.6910203234979224,8049
fednova_sgd,1.0,10,101,22,45,Regular,9,own_client_rows,0.9977251251181185,0.8127494583190785,0.8957878364153404,0.9983653720413234,0.8706237883453073,0.9301291423001949,0.861468116658428,0.9936993955981298,0.9228712137259055,3.084636794812514,5.022961663824623,9.108279387971832,0.03960007850717308,9,0.9817219674046403,181262
fednova_sgd,1.0,10,101,22,45,Regular,9,validation,0.9992444525949019,0.8034752655699802,0.8907299274845848,0.9987217870374168,0.8618033396051693,0.9252245606147436,0.9294115699926074,0.9936652491137837,0.9604649903222037,3.179924200096695,5.040669296991583,9.1276805255624,0.03960007850717308,9,0.9817219674046403,181262
fednova_sgd,1.0,10,101,22,45,Replay,9,own_client_rows,0.9642857142857143,0.058315334773218146,0.109979633401222,0.6172148355493352,0.9524838012958964,0.7490445859872611,0.9376996805111821,0.6339092872570194,0.7564432989690721,-0.7994101341033343,1.8674851617339363,-0.019464824421101975,0.03960007850717308,4,0.3387365926212559,1221
fednova_sgd,1.0,10,101,22,45,Replay,9,validation,0.5853658536585366,0.022119815668202765,0.04262877442273535,0.42296918767507,0.9741935483870968,0.58984375,0.6273546273546273,0.7059907834101382,0.6643538594969645,-0.6861999230450749,1.9341970136088709,0.12478505499351958,0.03960007850717308,4,0.3387365926212559,1221
fednova_sgd,1.0,10,101,22,45,Unauth,9,own_client_rows,0.9992169146436961,0.9529499626587006,0.9755351681957186,0.9874631268436578,1.0,0.9936920222634509,0.0,0.0,0.0,0.8398952583842887,7.506104427277819,-2.5645386380344473,0.03960007850717308,3,0.20141182686377795,0
fednova_sgd,1.0,10,101,22,45,Unauth,9,validation,0.3270469181232751,0.9518072289156626,0.48681958233481687,0.25322033898305085,1.0,0.4041114417094942,0.0,0.0,0.0,1.1112544048263366,7.709047126004016,-2.3562914172967915,0.03960007850717308,3,0.20141182686377795,0
fednova_sgd,1.0,10,101,33,45,DoS,0,own_client_rows,0.9998488931422671,0.9998992570205264,0.9998740744471868,0.9999496259728484,0.9998992570205264,0.9999244408623816,0.9998992570205264,0.9998992570205264,0.9998992570205264,16.32182403821937,15.181797691569072,16.389610093187255,0.044581656296712464,7,0.8264572894003224,45948
fednova_sgd,1.0,10,101,33,45,DoS,0,validation,0.9994781020310529,0.99989122631453,0.9996846214914141,0.9999564829521965,0.99978245262906,0.9998694602180014,0.9999347088012536,0.999521395783932,0.999728009574063,17.392589342286314,16.04626926653904,17.316438032311222,0.044581656296712464,7,0.8264572894003224,45948
fednova_sgd,1.0,10,101,33,45,Injection,0,own_client_rows,0.2887096774193548,0.9972144846796658,0.44777986241400874,0.5409090909090909,0.9944289693593314,0.7006869479882237,0.09649122807017543,0.03064066852367688,0.046511627906976744,3.024913904726671,5.272068544350627,-0.6108949284035515,0.044581656296712464,4,0.21002761703754486,141
fednova_sgd,1.0,10,101,33,45,Injection,0,validation,0.34553681612505144,0.9917355371900827,0.5125076266015863,0.37790697674418605,0.6906729634002361,0.48851774530271397,0.09929078014184398,0.01652892561983471,0.02834008097165992,2.3027180893502806,1.916448707985906,-1.5386114019148465,0.044581656296712464,4,0.21002761703754486,141
fednova_sgd,1.0,10,101,33,45,MITM,0,own_client_rows,0.27838616714697406,0.35152838427947597,0.3107108394982309,0.9862132352941176,0.7809315866084425,0.8716490658001624,0.062245396773667916,0.834061135371179,0.11584533737680061,-0.4412885996278543,2.0981177895003182,1.098955934571734,0.044581656296712464,6,0.6910203234979224,54191
fednova_sgd,1.0,10,101,33,45,MITM,0,validation,0.5790668348045397,0.1701118767133437,0.2629710227923491,0.7097212780421482,0.0773505223382974,0.13949759486905397,0.23455924415493348,0.9417648366303623,0.3755761730291928,-1.8334016898141716,-5.114465106829296,1.2805475869637697,0.044581656296712464,6,0.6910203234979224,54191
fednova_sgd,1.0,10,101,33,45,Regular,0,own_client_rows,0.8338107569264614,0.9957035739696787,0.9075942578480649,0.9988868881977411,0.8349570357396968,0.9095950035029141,0.9959137421880365,0.7936894532318975,0.8833759746588694,9.137559876654132,2.2462866666588277,3.03765239280261,0.044581656296712464,9,0.9817219674046403,135464
fednova_sgd,1.0,10,101,33,45,Regular,0,validation,0.9210945686342997,0.9954760205496016,0.9568419351821142,0.9995568896512292,0.8249214054417515,0.9038812645212159,0.9982135475107777,0.7975769872774138,0.8866871034901067,9.118873670306888,2.2712504570013667,3.1351890626290246,0.044581656296712464,9,0.9817219674046403,135464
fednova_sgd,1.0,10,101,33,45,Video,0,own_client_rows,0.9964240639461506,0.5299843365406132,0.6919368974583698,0.7483115902512689,0.9979301857238756,0.8552798753446003,0.9874906179634726,0.44159767285746254,0.6102821801314263,0.18184063092631017,6.205661571380622,-0.05301853537586184,0.044581656296712464,3,0.20639340465331735,5119
fednova_sgd,1.0,10,101,33,45,Video,0,validation,0.8332135154565061,0.48243423243423245,0.6110613170243053,0.22345380029806258,0.9985847485847485,0.3651890641173963,0.8193006446571596,0.34915084915084915,0.4896386667444983,0.016180924483231614,6.292628920558608,-0.37860773056695907,0.044581656296712464,3,0.20639340465331735,5119
fednova_sgd,1.0,10,101,33,45,Manipulation,1,own_client_rows,0.9900497512437811,0.995,0.9925187032418953,0.946969696969697,1.0,0.9727626459143969,0.9104477611940298,0.061,0.11433926897844424,1.2053721923828125,7.069478515625,-0.8352880859375,0.12168425791652752,4,0.4213681828286953,76
fednova_sgd,1.0,10,101,33,45,Manipulation,1,validation,0.337521815008726,0.9938335046248715,0.5039082855653987,0.3283833952075599,1.0,0.49441056910569103,0.881578947368421,0.06885919835560124,0.12774070543374644,1.2749888781775918,7.078794442124871,-0.7970496213938447,0.12168425791652752,4,0.4213681828286953,76
fednova_sgd,1.0,10,101,33,45,Password Cracking,1,own_client_rows,1.0,0.9999296591988183,0.9999648283624085,1.0,0.9999085569584638,0.9999542763886788,1.0,0.9999226251187001,0.9999613110625741,12.639272698097281,16.481050243115394,12.53306781512679,0.12168425791652752,1,0.12168425791652752,0
fednova_sgd,1.0,10,101,33,45,Password Cracking,1,validation,0.0,0.0,0.0,0.0,0.0,0.0,0.0,0.0,0.0,nan,nan,nan,0.12168425791652752,1,0.12168425791652752,0
fednova_sgd,1.0,10,101,33,45,Regular,1,own_client_rows,0.8960902598238785,0.9954005787788427,0.9431383383550361,0.9982725481131846,0.9029390081535195,0.9482155959857409,0.9977306691758455,0.7933891572495901,0.8839036708775414,9.050048026241475,4.847746518981983,2.98996556604692,0.12168425791652752,9,0.9817219674046403,135464
fednova_sgd,1.0,10,101,33,45,Regular,1,validation,0.9210945686342997,0.9954760205496016,0.9568419351821142,0.9980701926536486,0.8999003190968556,0.946446406084254,0.9982135475107777,0.7975769872774138,0.8866871034901067,9.118873670306888,4.938782587526763,3.1351890626290246,0.12168425791652752,9,0.9817219674046403,135464
fednova_sgd,1.0,10,101,33,45,Unauth,1,own_client_rows,0.0,0.0,0.0,0.9227166276346604,1.0,0.9598051157125457,0.9278959810874704,0.9961928934010152,0.9608323133414932,-2.6137936974539975,6.96267870598033,1.1455297324863183,0.12168425791652752,3,0.20141182686377795,1647
fednova_sgd,1.0,10,101,33,45,Unauth,1,validation,0.0,0.0,0.0,0.2562607204116638,1.0,0.4079737848170399,0.4365513054037644,0.9625167336010709,0.6006683375104428,-2.657370612005313,6.68158400202372,1.06151833081022,0.12168425791652752,3,0.20141182686377795,1647
fednova_sgd,1.0,10,101,33,45,Video,1,own_client_rows,0.990380245417361,0.4878367286023431,0.6536846315368463,0.7520144759535187,0.9923886277143497,0.8556400894307635,0.9689229459344402,0.33967614357137527,0.5030112160892867,0.0445034595560951,7.509673004230095,-0.430309586289765,0.12168425791652752,3,0.20639340465331735,5119
fednova_sgd,1.0,10,101,33,45,Video,1,validation,0.8332135154565061,0.48243423243423245,0.6110613170243053,0.29277557221977163,0.9945887445887446,0.4523836570865993,0.8193006446571596,0.34915084915084915,0.4896386667444983,0.016180924483231614,7.399953887258575,-0.37860773056695907,0.12168425791652752,3,0.20639340465331735,5119
fednova_sgd,1.0,10,101,33,45,DoS,2,own_client_rows,0.999135813699627,0.9999544792425346,0.9995449788415162,0.9999089584850692,0.9999089584850692,0.9999089584850692,0.9999543753992153,0.9976784413692644,0.998815111880782,25.757597343294794,25.036038925937728,24.983696100578115,0.11358750805768231,7,0.8264572894003224,45948
fednova_sgd,1.0,10,101,33,45,DoS,2,validation,0.9994781020310529,0.99989122631453,0.9996846214914141,0.9999782433696669,0.99989122631453,0.9999347329489829,0.9999347088012536,0.999521395783932,0.999728009574063,17.392589342286314,16.182571872212673,17.316438032311222,0.11358750805768231,7,0.8264572894003224,45948
fednova_sgd,1.0,10,101,33,45,Injection,2,own_client_rows,0.9753694581280788,1.0,0.9875311720698254,0.9658536585365853,1.0,0.9826302729528535,0.5,0.022727272727272728,0.043478260869565216,3.015973331952336,7.586095328282828,-0.7080925835503472,0.11358750805768231,4,0.21002761703754486,141
fednova_sgd,1.0,10,101,33,45,Injection,2,validation,0.34553681612505144,0.9917355371900827,0.5125076266015863,0.2895819054146676,0.9976387249114522,0.448871181938911,0.09929078014184398,0.01652892561983471,0.02834008097165992,2.3027180893502806,7.355050223214286,-1.5386114019148465,0.11358750805768231,4,0.21002761703754486,141
fednova_sgd,1.0,10,101,33,45,Manipulation,2,own_client_rows,1.0,0.993963782696177,0.9969727547931383,0.9229340761374187,1.0,0.9599227426364075,1.0,0.08048289738430583,0.148975791433892,1.1896456866197183,9.449875031438632,-0.7648482447418888,0.11358750805768231,4,0.4213681828286953,76
fednova_sgd,1.0,10,101,33,45,Manipulation,2,validation,0.337521815008726,0.9938335046248715,0.5039082855653987,0.3279406808223795,1.0,0.4939086294416244,0.881578947368421,0.06885919835560124,0.12774070543374644,1.2749888781775918,9.472064591630268,-0.7970496213938447,0.11358750805768231,4,0.4213681828286953,76
fednova_sgd,1.0,10,101,33,45,Regular,2,own_client_rows,1.0,0.9953456573806193,0.9976674003312836,1.0,0.9990220447414531,0.9995107831546333,1.0,0.8016109096342175,0.8898823884197828,9.181856533524963,11.679947835311882,3.1954745165067444,0.11358750805768231,9,0.9817219674046403,135464
fednova_sgd,1.0,10,101,33,45,Regular,2,validation,0.9210945686342997,0.9954760205496016,0.9568419351821142,0.8846876958429079,0.9991683427607482,0.9384495638757856,0.9982135475107777,0.7975769872774138,0.8866871034901067,9.118873670306888,11.634100421321392,3.1351890626290246,0.11358750805768231,9,0.9817219674046403,135464
fednova_sgd,1.0,10,101,33,45,DoS,3,own_client_rows,0.9748603351955307,1.0,0.9872701555869873,0.997134670487106,0.997134670487106,0.997134670487106,0.9942857142857143,0.997134670487106,0.9957081545064378,38.493354338287965,37.03488482718481,37.770079691977074,0.04012749044007735,7,0.8264572894003224,45948
fednova_sgd,1.0,10,101,33,45,DoS,3,validation,0.9994781020310529,0.99989122631453,0.9996846214914141,0.999934725848564,0.99978245262906,0.9998585834412088,0.9999347088012536,0.999521395783932,0.999728009574063,17.392589342286314,17.374919779406966,17.316438032311222,0.04012749044007735,7,0.8264572894003224,45948
fednova_sgd,1.0,10,101,33,45,Manipulation,3,own_client_rows,0.5174618789965568,0.9952696310312205,0.6809061488673139,0.8017817371937639,0.34058656575212864,0.47808764940239046,0.7196969696969697,0.08987701040681173,0.159798149705635,1.2379156165001182,0.053074680642350845,-0.7588304647772292,0.04012749044007735,4,0.4213681828286953,76
fednova_sgd,1.0,10,101,33,45,Manipulation,3,validation,0.337521815008726,0.9938335046248715,0.5039082855653987,0.35753575357535755,0.3340184994861254,0.34537725823591925,0.881578947368421,0.06885919835560124,0.12774070543374644,1.2749888781775918,0.054034390895486735,-0.7970496213938447,0.04012749044007735,4,0.4213681828286953,76
fednova_sgd,1.0,10,101,33,45,Regular,3,own_client_rows,0.9461541454304945,0.9949676785860404,0.9699471532555589,0.9991344614186177,0.94456263808199,0.9710824623020463,0.9990071893187265,0.7959250470501595,0.8859775628861597,9.145881331741128,5.147576218914505,3.167664451548138,0.04012749044007735,9,0.9817219674046403,135464
fednova_sgd,1.0,10,101,33,45,Regular,3,validation,0.9210945686342997,0.9954760205496016,0.9568419351821142,0.993153222122069,0.948826537533694,0.9704839901663574,0.9982135475107777,0.7975769872774138,0.8866871034901067,9.118873670306888,5.154430484827416,3.1351890626290246,0.04012749044007735,9,0.9817219674046403,135464
fednova_sgd,1.0,10,101,33,45,Replay,3,own_client_rows,1.0,0.0010121457489878543,0.0020222446916076846,0.5650280024891101,0.9190283400809717,0.6998073217726397,0.548995739500913,0.9129554655870445,0.685670847586469,-0.9225324252356402,0.46780037204263664,0.6898541778688007,0.04012749044007735,4,0.3387365926212559,2093
fednova_sgd,1.0,10,101,33,45,Replay,3,validation,0.0,0.0,0.0,0.4880312652662433,0.9207373271889401,0.6379310344827587,0.49498327759197325,0.9548387096774194,0.6519823788546255,-0.8487115675403226,0.47163212508100516,0.7447688089537731,0.04012749044007735,4,0.3387365926212559,2093
fednova_sgd,1.0,10,101,33,45,Unauth,3,own_client_rows,0.0,0.0,0.0,0.9876237623762376,1.0,0.9937733499377335,0.9948453608247423,0.9674185463659147,0.9809402795425667,-2.6053329123590228,8.22608278508772,1.0960040176123904,0.04012749044007735,3,0.20141182686377795,1647
fednova_sgd,1.0,10,101,33,45,Unauth,3,validation,0.0,0.0,0.0,0.2548618219037871,1.0,0.4061990212071778,0.4365513054037644,0.9625167336010709,0.6006683375104428,-2.657370612005313,8.110278352995314,1.06151833081022,0.04012749044007735,3,0.20141182686377795,1647
fednova_sgd,1.0,10,101,33,45,Video,3,own_client_rows,0.9826963301007796,0.5294539493904313,0.6881491344873502,0.7053473990542015,0.9932383977051532,0.824895771292436,0.9492543496271748,0.46952156541337975,0.6282815820138461,0.1656169017896876,5.8498113206414555,0.09207665926363975,0.04012749044007735,3,0.20639340465331735,5119
fednova_sgd,1.0,10,101,33,45,Video,3,validation,0.8332135154565061,0.48243423243423245,0.6110613170243053,0.36937590711175616,0.9746087246087246,0.5357159200109824,0.8193006446571596,0.34915084915084915,0.4896386667444983,0.016180924483231614,5.497615177790959,-0.37860773056695907,0.04012749044007735,3,0.20639340465331735,5119
fednova_sgd,1.0,10,101,33,45,DoS,4,own_client_rows,0.999988355065692,0.9998573682402734,0.9999228573632647,0.9999679815573771,0.9999970891477606,0.9999825351407522,0.999997088300208,0.9997060039238288,0.9998515249263448,19.249523939212672,21.735539875310007,19.029180293093713,0.2018606386056233,7,0.8264572894003224,45948
fednova_sgd,1.0,10,101,33,45,DoS,4,validation,0.9994781020310529,0.99989122631453,0.9996846214914141,0.9993912381780629,1.0,0.9996955264130837,0.9999347088012536,0.999521395783932,0.999728009574063,17.392589342286314,19.009412747868037,17.316438032311222,0.2018606386056233,7,0.8264572894003224,45948
fednova_sgd,1.0,10,101,33,45,MITM,4,own_client_rows,0.9556638811513464,0.2205260056778617,0.35835835835835833,0.7190118068815026,0.9883764529433821,0.8324460886041686,0.5506903107177361,0.9464888317531737,0.6962723618882497,-1.5154349145077568,4.357706411489301,1.389250491158262,0.2018606386056233,6,0.6910203234979224,54191
fednova_sgd,1.0,10,101,33,45,MITM,4,validation,0.5790668348045397,0.1701118767133437,0.2629710227923491,0.3087543584583343,0.9775505667926205,0.4692868575493509,0.23455924415493348,0.9417648366303623,0.3755761730291928,-1.8334016898141716,3.996266893221642,1.2805475869637697,0.2018606386056233,6,0.6910203234979224,54191
fednova_sgd,1.0,10,101,33,45,Regular,4,own_client_rows,0.8457217195907989,0.995766842119921,0.9146314167130314,0.996651337921669,0.8993371765950928,0.9454968671312292,0.99503605392413,0.795513409641574,0.8841582319621135,9.1135065771037,6.1952355732996,3.0995168236259643,0.2018606386056233,9,0.9817219674046403,135464
fednova_sgd,1.0,10,101,33,45,Regular,4,validation,0.9210945686342997,0.9954760205496016,0.9568419351821142,0.9973415602743773,0.8961844037725388,0.9440609408299833,0.9982135475107777,0.7975769872774138,0.8866871034901067,9.118873670306888,6.183543695275037,3.1351890626290246,0.2018606386056233,9,0.9817219674046403,135464
fednova_sgd,1.0,10,101,33,45,Injection,5,own_client_rows,0.3283208020050125,1.0,0.49433962264150944,0.3137724550898204,1.0,0.47766636280765723,0.11042944785276074,0.03435114503816794,0.05240174672489083,2.920328387777314,5.117490346195134,-0.7406373933981393,0.018278032595359706,4,0.21002761703754486,141
fednova_sgd,1.0,10,101,33,45,Injection,5,validation,0.34553681612505144,0.9917355371900827,0.5125076266015863,0.2912923289564616,0.9952774498229043,0.45068163592622296,0.09929078014184398,0.01652892561983471,0.02834008097165992,2.3027180893502806,4.070263787171635,-1.5386114019148465,0.018278032595359706,4,0.21002761703754486,141
fednova_sgd,1.0,10,101,33,45,MITM,5,own_client_rows,1.0,0.15192079207920792,0.26376951110499897,1.0,0.9694785478547855,0.9845027750221197,1.0,0.9495445544554455,0.974119367813757,-1.9509963773721122,7.28031010210396,1.345299775680693,0.018278032595359706,6,0.6910203234979224,54191
fednova_sgd,1.0,10,101,33,45,MITM,5,validation,0.5790668348045397,0.1701118767133437,0.2629710227923491,0.06382483353080262,0.9139808846410313,0.11931752234301853,0.23455924415493348,0.9417648366303623,0.3755761730291928,-1.8334016898141716,6.772677059022375,1.2805475869637697,0.018278032595359706,6,0.6910203234979224,54191
fednova_sgd,1.0,10,101,33,45,Replay,5,own_client_rows,0.0,0.0,0.0,0.9890230515916575,1.0,0.9944812362030905,1.0,0.9089900110987791,0.9523255813953488,-0.8889135769284129,5.984414561077969,0.7028295790050985,0.018278032595359706,4,0.3387365926212559,2093
fednova_sgd,1.0,10,101,33,45,Replay,5,validation,0.0,0.0,0.0,0.36400268636668903,0.9990783410138249,0.5335958651242924,0.49498327759197325,0.9548387096774194,0.6519823788546255,-0.8487115675403226,6.033303931451613,0.7447688089537731,0.018278032595359706,4,0.3387365926212559,2093
fednova_sgd,1.0,10,101,33,45,Injection,6,own_client_rows,0.999231950844854,0.9961715160796325,0.9976993865030674,0.9893939393939394,1.0,0.9946686976389947,1.0,0.020673813169984685,0.04051012753188297,2.7958374958125956,7.873109686064319,-0.9377297464227603,0.033580420087790365,4,0.21002761703754486,141
fednova_sgd,1.0,10,101,33,45,Injection,6,validation,0.34553681612505144,0.9917355371900827,0.5125076266015863,0.28374748153122903,0.9976387249114522,0.4418300653594771,0.09929078014184398,0.01652892561983471,0.02834008097165992,2.3027180893502806,8.001688519222254,-1.5386114019148465,0.033580420087790365,4,0.21002761703754486,141
fednova_sgd,1.0,10,101,33,45,Ip Spoofing,6,own_client_rows,0.9919289749798225,0.37321591254175523,0.5423654015887026,0.9921521279806822,0.998177953234133,0.9951559188616409,0.9918667699457785,0.7777102945642271,0.8718297872340426,-0.43873110115799613,7.5878863249221835,1.5814724066972081,0.033580420087790365,3,0.3139114896736092,847
fednova_sgd,1.0,10,101,33,45,Ip Spoofing,6,validation,0.4942528735632184,0.050175029171528586,0.09110169491525423,0.28475935828877,0.9941656942823804,0.4427123928293063,0.5489964580873672,0.5425904317386231,0.545774647887324,-2.0358365391627773,6.581611909276546,0.22788287488832773,0.033580420087790365,3,0.3139114896736092,847
fednova_sgd,1.0,10,101,33,45,Regular,6,own_client_rows,1.0,0.9964350694495806,0.9982143518690031,1.0,0.9975149031847699,0.9987559057450496,1.0,0.7938109255506413,0.8850552912169015,9.15303291828765,10.141953586101948,3.1097603205941304,0.033580420087790365,9,0.9817219674046403,135464
fednova_sgd,1.0,10,101,33,45,Regular,6,validation,0.9210945686342997,0.9954760205496016,0.9568419351821142,0.9122589211976617,0.9968444211134769,0.9526778315793034,0.9982135475107777,0.7975769872774138,0.8866871034901067,9.118873670306888,10.100624961753352,3.1351890626290246,0.033580420087790365,9,0.9817219674046403,135464
fednova_sgd,1.0,10,101,33,45,DoS,7,own_client_rows,0.9998683303514031,0.9999573972013834,0.9999128617929944,0.9999883791196021,0.9998218428421489,0.9999051040466346,0.9999806338164551,0.9999147944027669,0.9999477130258472,21.011707393918428,20.169453792635476,20.664278839500067,0.24073099107864576,7,0.8264572894003224,45948
fednova_sgd,1.0,10,101,33,45,DoS,7,validation,0.9994781020310529,0.99989122631453,0.9996846214914141,0.9999782282118831,0.9991950747275219,0.9995864980739515,0.9999347088012536,0.999521395783932,0.999728009574063,17.392589342286314,15.250894238665781,17.316438032311222,0.24073099107864576,7,0.8264572894003224,45948
fednova_sgd,1.0,10,101,33,45,Ip Spoofing,7,own_client_rows,0.9016393442622951,0.37858508604206503,0.5332615136008618,0.6428985507246376,0.8481835564053537,0.7314097279472382,0.9102341717259324,0.8026768642447418,0.8530786425523268,-0.19873060879242352,2.463436230282027,1.6594650005975145,0.24073099107864576,3,0.3139114896736092,847
fednova_sgd,1.0,10,101,33,45,Ip Spoofing,7,validation,0.4942528735632184,0.050175029171528586,0.09110169491525423,0.21071556993887092,0.6837806301050176,0.32215503023639364,0.5489964580873672,0.5425904317386231,0.545774647887324,-2.0358365391627773,0.7693435864799081,0.22788287488832773,0.24073099107864576,3,0.3139114896736092,847
fednova_sgd,1.0,10,101,33,45,MITM,7,own_client_rows,0.8233977050097957,0.1456868376745568,0.24757016030630707,0.6562773722627737,0.8904625136179063,0.7556414674118587,0.2925093227288904,0.9361196394968803,0.4457386732059278,-1.9927230522138382,2.502892753281451,1.2351047258583923,0.24073099107864576,6,0.6910203234979224,54191
fednova_sgd,1.0,10,101,33,45,MITM,7,validation,0.5790668348045397,0.1701118767133437,0.2629710227923491,0.3651253042162731,0.8225531599614729,0.5057513153998587,0.23455924415493348,0.9417648366303623,0.3755761730291928,-1.8334016898141716,2.1040410962274025,1.2805475869637697,0.24073099107864576,6,0.6910203234979224,54191
fednova_sgd,1.0,10,101,33,45,Regular,7,own_client_rows,0.939406436939931,0.9953670902187056,0.9665774712586852,0.9930773019950037,0.9579516768842409,0.9751982948692755,0.9989535436816236,0.8019006809359157,0.889646164527023,9.181869623426927,7.447624148830106,3.1816258914206514,0.24073099107864576,9,0.9817219674046403,135464
fednova_sgd,1.0,10,101,33,45,Regular,7,validation,0.9210945686342997,0.9954760205496016,0.9568419351821142,0.9909097582460605,0.9554385074996609,0.972850909724245,0.9982135475107777,0.7975769872774138,0.8866871034901067,9.118873670306888,7.373218898516805,3.1351890626290246,0.24073099107864576,9,0.9817219674046403,135464
fednova_sgd,1.0,10,101,33,45,Replay,7,own_client_rows,0.6666666666666666,0.0045045045045045045,0.008948545861297539,0.6702127659574468,0.9222972972972973,0.776303317535545,0.6241758241758242,0.9594594594594594,0.7563249001331558,-0.7789340319934192,1.9348413965723537,0.8051910400390625,0.24073099107864576,4,0.3387365926212559,2093
fednova_sgd,1.0,10,101,33,45,Replay,7,validation,0.0,0.0,0.0,0.49393779652082237,0.8635944700460829,0.6284372904091214,0.49498327759197325,0.9548387096774194,0.6519823788546255,-0.8487115675403226,1.954130139328917,0.7447688089537731,0.24073099107864576,4,0.3387365926212559,2093
fednova_sgd,1.0,10,101,33,45,DoS,8,own_client_rows,1.0,0.9998862300428534,0.9999431117853418,1.0,0.9999827621277051,0.9999913809895659,1.0,0.9998414115748865,0.9999206994993725,16.529219661452498,17.37120667153062,16.731963960349447,0.14596892641440812,7,0.8264572894003224,45948
fednova_sgd,1.0,10,101,33,45,DoS,8,validation,0.9994781020310529,0.99989122631453,0.9996846214914141,0.9999347329489829,0.99989122631453,0.9999129791585084,0.9999347088012536,0.999521395783932,0.999728009574063,17.392589342286314,17.962792303785868,17.316438032311222,0.14596892641440812,7,0.8264572894003224,45948
fednova_sgd,1.0,10,101,33,45,MITM,8,own_client_rows,0.7294520547945206,0.1667971808927173,0.27151051625239003,0.9746543778801844,0.9937353171495693,0.9841023652578519,0.20794443238550034,0.750195771339076,0.3256288239292998,-1.0390686895479517,9.41368089883516,0.9717285586411634,0.14596892641440812,6,0.6910203234979224,54191
fednova_sgd,1.0,10,101,33,45,MITM,8,validation,0.5790668348045397,0.1701118767133437,0.2629710227923491,0.5295728368017525,0.21493665258946432,0.30577075098814227,0.23455924415493348,0.9417648366303623,0.3755761730291928,-1.8334016898141716,-1.8781658872689302,1.2805475869637697,0.14596892641440812,6,0.6910203234979224,54191
fednova_sgd,1.0,10,101,33,45,Manipulation,8,own_client_rows,0.9953007518796992,0.9953007518796992,0.9953007518796992,0.9806451612903225,1.0,0.990228013029316,1.0,0.09774436090225563,0.1780821917808219,1.268329706407131,9.958802646264099,-0.7022619032322016,0.14596892641440812,4,0.4213681828286953,76
fednova_sgd,1.0,10,101,33,45,Manipulation,8,validation,0.337521815008726,0.9938335046248715,0.5039082855653987,0.3283833952075599,1.0,0.49441056910569103,0.881578947368421,0.06885919835560124,0.12774070543374644,1.2749888781775918,9.817914251188334,-0.7970496213938447,0.14596892641440812,4,0.4213681828286953,76
fednova_sgd,1.0,10,101,33,45,Regular,8,own_client_rows,0.9999531286618233,0.9945457088247635,0.9972420885336325,1.0,0.9970630739825649,0.9985293774364481,1.0,0.8256025360123072,0.9044712852072214,9.50962932235094,9.537118206901777,3.5976903484248988,0.14596892641440812,9,0.9817219674046403,135464
fednova_sgd,1.0,10,101,33,45,Regular,8,validation,0.9210945686342997,0.9954760205496016,0.9568419351821142,0.908175155046044,0.9975994007349255,0.9507892606583918,0.9982135475107777,0.7975769872774138,0.8866871034901067,9.118873670306888,9.189294274688718,3.1351890626290246,0.14596892641440812,9,0.9817219674046403,135464
fednova_sgd,1.0,10,101,33,45,DoS,9,own_client_rows,0.9998367524623171,0.9998911623857205,0.9998639566838081,0.9999727854129814,0.999782324771441,0.9998775460222866,0.9999727883751939,0.9998911623857205,0.9999319737146434,13.291272838893121,13.24813604956873,13.193105934285889,0.03960007850717308,7,0.8264572894003224,45948
fednova_sgd,1.0,10,101,33,45,DoS,9,validation,0.9994781020310529,0.99989122631453,0.9996846214914141,0.9999564725341691,0.9995431505210259,0.9997497688081379,0.9999347088012536,0.999521395783932,0.999728009574063,17.392589342286314,17.328549259863053,17.316438032311222,0.03960007850717308,7,0.8264572894003224,45948
fednova_sgd,1.0,10,101,33,45,Ip Spoofing,9,own_client_rows,0.9715719063545151,0.3644918444165621,0.5301094890510949,0.9408825978351374,0.7089084065244667,0.8085867620751341,0.9277478862413528,0.7572145545796738,0.8338514680483592,-0.6237211634254216,1.6755751414759694,1.4951697795872707,0.03960007850717308,3,0.3139114896736092,847
fednova_sgd,1.0,10,101,33,45,Ip Spoofing,9,validation,0.4942528735632184,0.050175029171528586,0.09110169491525423,0.5481927710843374,0.42473745624270715,0.47863247863247865,0.5489964580873672,0.5425904317386231,0.545774647887324,-2.0358365391627773,-0.09084964605306939,0.22788287488832773,0.03960007850717308,3,0.3139114896736092,847
fednova_sgd,1.0,10,101,33,45,MITM,9,own_client_rows,0.9564056939501779,0.22732078663565236,0.36733299162822486,0.6884392639835789,0.9929160499048425,0.8131087925884237,0.5757575757575758,0.9662719390991753,0.7215664600686905,-1.473764640177297,3.9936595714276275,1.4785179998083633,0.03960007850717308,6,0.6910203234979224,54191
fednova_sgd,1.0,10,101,33,45,MITM,9,validation,0.5790668348045397,0.1701118767133437,0.2629710227923491,0.2608356449375867,0.8917537230495666,0.40361496286111903,0.23455924415493348,0.9417648366303623,0.3755761730291928,-1.8334016898141716,2.867522010823007,1.2805475869637697,0.03960007850717308,6,0.6910203234979224,54191
fednova_sgd,1.0,10,101,33,45,Regular,9,own_client_rows,0.8358316172597098,0.9951533812293306,0.9085608683203623,0.9979896890502902,0.8774945831907858,0.9338713837098169,0.9934108527131783,0.80376895883225,0.888584215834594,9.118747533258139,5.419154052873582,3.053917568892815,0.03960007850717308,9,0.9817219674046403,135464
fednova_sgd,1.0,10,101,33,45,Regular,9,validation,0.9210945686342997,0.9954760205496016,0.9568419351821142,0.9985812521637601,0.8676603299496877,0.9285285967669652,0.9982135475107777,0.7975769872774138,0.8866871034901067,9.118873670306888,5.405604415008759,3.1351890626290246,0.03960007850717308,9,0.9817219674046403,135464
fednova_sgd,1.0,10,101,33,45,Replay,9,own_client_rows,0.0,0.0,0.0,0.6547085201793722,0.9460043196544277,0.773851590106007,0.6836820083682008,0.8822894168466523,0.7703913248467704,-0.9511064896058316,1.9811191764815064,0.6256325641409625,0.03960007850717308,4,0.3387365926212559,2093
fednova_sgd,1.0,10,101,33,45,Replay,9,validation,0.0,0.0,0.0,0.45379965457685667,0.9686635944700461,0.6180535136724493,0.49498327759197325,0.9548387096774194,0.6519823788546255,-0.8487115675403226,2.0828944052419356,0.7447688089537731,0.03960007850717308,4,0.3387365926212559,2093
fednova_sgd,1.0,10,101,33,45,Unauth,9,own_client_rows,0.0,0.0,0.0,0.9867354458364038,1.0,0.9933234421364985,0.9954163483575248,0.9731142643764003,0.9841389728096677,-2.84769599806292,9.24243401092233,0.8522127819559839,0.03960007850717308,3,0.20141182686377795,1647
fednova_sgd,1.0,10,101,33,45,Unauth,9,validation,0.0,0.0,0.0,0.254168084382443,1.0,0.4053174172544764,0.4365513054037644,0.9625167336010709,0.6006683375104428,-2.657370612005313,9.044084704704234,1.06151833081022,0.03960007850717308,3,0.20141182686377795,1647
fednova_sgd,1.0,10,101,44,45,DoS,0,own_client_rows,0.9999496259728484,0.9998992570205264,0.9999244408623816,0.9997481806048701,0.9998992570205264,0.9998237131056714,0.9999496259728484,0.9998992570205264,0.9999244408623816,16.397558852002266,15.053271884051128,16.68665362123788,0.044581656296712464,7,0.8264572894003224,45952
fednova_sgd,1.0,10,101,44,45,DoS,0,validation,0.9999129640106184,0.999717188417778,0.9998150666304052,0.9986743453221776,0.999717188417778,0.999195494770716,0.9999347144846796,0.999608414732308,0.9997715379845299,16.8258105849033,15.05931352587182,17.0235707477647,0.044581656296712464,7,0.8264572894003224,45952
fednova_sgd,1.0,10,101,44,45,Injection,0,own_client_rows,0.0,0.0,0.0,0.6054421768707483,0.9916434540389972,0.7518479408658922,0.36262626262626263,1.0,0.5322461082283173,-1.1045861204354543,4.601175547310237,2.744500715420439,0.044581656296712464,4,0.21002761703754486,2181
fednova_sgd,1.0,10,101,44,45,Injection,0,validation,0.0,0.0,0.0,0.36741214057507987,0.5430932703659976,0.4383039542639352,0.37551581843191195,0.9669421487603306,0.5409511228533685,-1.8318665199324824,0.3899517397109283,2.0884792143226094,0.044581656296712464,4,0.21002761703754486,2181
fednova_sgd,1.0,10,101,44,45,MITM,0,own_client_rows,0.37410071942446044,0.7190684133915575,0.4921544209215442,0.996524761077324,0.8347889374090247,0.9085148514851485,0.04013341352725682,0.5342066957787481,0.07465798708233738,0.6435347241952777,2.2654380742812954,0.09213718819652929,0.044581656296712464,6,0.6910203234979224,61439
fednova_sgd,1.0,10,101,44,45,MITM,0,validation,0.6054998270494638,0.25939097577239384,0.3631931116759168,0.6436448055716774,0.08216640734978144,0.1457293035479632,0.1975618092742395,0.8993109579906646,0.323956442831216,-1.5014581148241275,-5.600835486589612,1.2066622082106209,0.044581656296712464,6,0.6910203234979224,61439
fednova_sgd,1.0,10,101,44,45,Regular,0,own_client_rows,0.840472776055882,0.994390016966778,0.9109757320497393,0.9994161862365906,0.7495484647802528,0.8566335147307187,0.9965710950609178,0.7476328608176892,0.8543373569328914,8.988353118554079,1.717964467584229,3.057350424682557,0.044581656296712464,9,0.9817219674046403,126816
fednova_sgd,1.0,10,101,44,45,Regular,0,validation,0.9242914313908229,0.994449720126695,0.9580879156473486,0.9995956264222453,0.743595944343846,0.8527981275916418,0.9986752460257381,0.7470051491969494,0.854698893564181,8.94182841466076,1.728325782807514,3.1352752875088106,0.044581656296712464,9,0.9817219674046403,126816
fednova_sgd,1.0,10,101,44,45,Video,0,own_client_rows,0.9968460891505467,0.5304318639516671,0.6924200379728348,0.662043389579084,0.9986574177668383,0.7962355879663701,0.9869496021220159,0.5203624972029537,0.6814402402842387,0.36192298901110426,5.7026954457967385,0.30052683214182074,0.044581656296712464,3,0.20639340465331735,6141
fednova_sgd,1.0,10,101,44,45,Video,0,validation,0.8628695248413558,0.46411921411921414,0.6035836085097169,0.17812671603912197,0.9991674991674991,0.302351651950473,0.8013352874124735,0.40967365967365965,0.5421693384013662,0.14410149380242154,5.762873031916,-0.06786741116346219,0.044581656296712464,3,0.20639340465331735,6141
fednova_sgd,1.0,10,101,44,45,Manipulation,1,own_client_rows,1.0,0.947,0.9727786337955829,0.9578544061302682,1.0,0.9784735812133072,1.0,0.115,0.2062780269058296,1.229947021484375,6.8247177734375,-0.676476318359375,0.12168425791652752,4,0.4213681828286953,193
fednova_sgd,1.0,10,101,44,45,Manipulation,1,validation,0.3578621223857475,0.9496402877697842,0.5198312236286919,0.3281618887015177,1.0,0.4941594718131031,0.7823834196891192,0.1551901336073998,0.25900514579759865,1.2749742937235033,6.814693501894912,-0.6323294095610789,0.12168425791652752,4,0.4213681828286953,193
fednova_sgd,1.0,10,101,44,45,Password Cracking,1,own_client_rows,1.0,0.999957795519291,0.9999788973143315,1.0,0.9999788977596454,0.9999894487684954,1.0,0.9999226251187001,0.9999613110625741,14.445108621584074,18.109237285900186,14.115358996368656,0.12168425791652752,1,0.12168425791652752,0
fednova_sgd,1.0,10,101,44,45,Password Cracking,1,validation,0.0,0.0,0.0,0.0,0.0,0.0,0.0,0.0,0.0,nan,nan,nan,0.12168425791652752,1,0.12168425791652752,0
fednova_sgd,1.0,10,101,44,45,Regular,1,own_client_rows,0.900034851879512,0.9945533169749453,0.9449363846403145,0.9982696240364952,0.907758497375689,0.9508650199974643,0.9981858139500582,0.7446661018254641,0.8529871439374842,8.844049176429891,5.202219226219418,2.9398061673176152,0.12168425791652752,9,0.9817219674046403,126816
fednova_sgd,1.0,10,101,44,45,Regular,1,validation,0.9242914313908229,0.994449720126695,0.9580879156473486,0.998118954946042,0.9044950778867649,0.9490034934200552,0.9986752460257381,0.7470051491969494,0.854698893564181,8.94182841466076,5.318237941891637,3.1352752875088106,0.12168425791652752,9,0.9817219674046403,126816
fednova_sgd,1.0,10,101,44,45,Unauth,1,own_client_rows,0.9246171967020024,0.9961928934010152,0.9590714722052535,0.9205607476635514,1.0,0.9586374695863747,0.0,0.0,0.0,1.4639492906289657,7.2566587186706855,-2.4802311156606915,0.12168425791652752,3,0.20141182686377795,0
fednova_sgd,1.0,10,101,44,45,Unauth,1,validation,0.38613861386138615,0.9919678714859438,0.5558889722430608,0.25573433755563163,1.0,0.40730643402399125,0.0,0.0,0.0,1.4038819462419994,7.025268472980463,-2.498732090634674,0.12168425791652752,3,0.20141182686377795,0
fednova_sgd,1.0,10,101,44,45,Video,1,own_client_rows,0.9910278608531402,0.46981568539661217,0.6374405183760251,0.7614889047959914,0.9922766957689725,0.8616974743629207,0.967838376517485,0.39858965748824715,0.5646405919661733,0.17154397274894365,7.355572447368666,-0.14892857231832993,0.12168425791652752,3,0.20639340465331735,6141
fednova_sgd,1.0,10,101,44,45,Video,1,validation,0.8628695248413558,0.46411921411921414,0.6035836085097169,0.298293822287727,0.994089244089244,0.45888976423342237,0.8013352874124735,0.40967365967365965,0.5421693384013662,0.14410149380242154,7.285899647227772,-0.06786741116346219,0.12168425791652752,3,0.20639340465331735,6141
fednova_sgd,1.0,10,101,44,45,DoS,2,own_client_rows,0.999954421148587,0.9986798980335033,0.9993167532112599,0.999863188617293,0.9980426074289876,0.998952068525606,0.9999544086805873,0.9984067734887109,0.999179991799918,22.563177476898215,20.185022675027312,21.917323013161187,0.11358750805768231,7,0.8264572894003224,45952
fednova_sgd,1.0,10,101,44,45,DoS,2,validation,0.9999129640106184,0.999717188417778,0.9998150666304052,0.9999129564346956,0.999630169469402,0.9997715429553639,0.9999347144846796,0.999608414732308,0.9997715379845299,16.8258105849033,15.136833344777232,17.0235707477647,0.11358750805768231,7,0.8264572894003224,45952
fednova_sgd,1.0,10,101,44,45,Injection,2,own_client_rows,0.0,0.0,0.0,0.974937343358396,0.9823232323232324,0.9786163522012579,0.9753694581280788,1.0,0.9875311720698254,-1.1675547590159407,7.454235346630366,2.7397627397017046,0.11358750805768231,4,0.21002761703754486,2181
fednova_sgd,1.0,10,101,44,45,Injection,2,validation,0.0,0.0,0.0,0.3111194309247473,0.9811097992916175,0.4724275156338829,0.37551581843191195,0.9669421487603306,0.5409511228533685,-1.8318665199324824,7.371036101682408,2.0884792143226094,0.11358750805768231,4,0.21002761703754486,2181
fednova_sgd,1.0,10,101,44,45,Manipulation,2,own_client_rows,1.0,0.9708249496981891,0.9851965288412455,0.889087656529517,1.0,0.9412878787878788,1.0,0.1267605633802817,0.225,1.2981571067027162,8.394700232645874,-0.6141613474794076,0.11358750805768231,4,0.4213681828286953,193
fednova_sgd,1.0,10,101,44,45,Manipulation,2,validation,0.3578621223857475,0.9496402877697842,0.5198312236286919,0.30849714648065946,1.0,0.47152895565786285,0.7823834196891192,0.1551901336073998,0.25900514579759865,1.2749742937235033,8.37517538982207,-0.6323294095610789,0.11358750805768231,4,0.4213681828286953,193
fednova_sgd,1.0,10,101,44,45,Regular,2,own_client_rows,1.0,0.9942907334211682,0.9971371944505616,1.0,0.9993887779634082,0.9996942955550574,1.0,0.7537771258076054,0.8596042390055634,8.961007208670637,11.833963709116038,3.171999972445488,0.11358750805768231,9,0.9817219674046403,126816
fednova_sgd,1.0,10,101,44,45,Regular,2,validation,0.9242914313908229,0.994449720126695,0.9580879156473486,0.8817527135735918,0.9995045446234244,0.93694346226256,0.9986752460257381,0.7470051491969494,0.854698893564181,8.94182841466076,11.842136959127881,3.1352752875088106,0.11358750805768231,9,0.9817219674046403,126816
fednova_sgd,1.0,10,101,44,45,DoS,3,own_client_rows,0.9942857142857143,0.997134670487106,0.9957081545064378,0.997134670487106,0.997134670487106,0.997134670487106,0.997134670487106,0.997134670487106,0.997134670487106,35.3369140625,34.84919804351719,34.26930459795845,0.04012749044007735,7,0.8264572894003224,45952
fednova_sgd,1.0,10,101,44,45,DoS,3,validation,0.9999129640106184,0.999717188417778,0.9998150666304052,0.9999129791585084,0.99989122631453,0.9999021026182111,0.9999347144846796,0.999608414732308,0.9997715379845299,16.8258105849033,17.28714434404029,17.0235707477647,0.04012749044007735,7,0.8264572894003224,45952
fednova_sgd,1.0,10,101,44,45,Manipulation,3,own_client_rows,0.5085427135678392,0.9574266792809839,0.6642599277978339,0.5141050583657587,1.0,0.6790876967555413,0.570281124497992,0.13434247871333965,0.21745788667687596,1.2650300082781456,2.3630380332751892,-0.6490830752572138,0.04012749044007735,4,0.4213681828286953,193
fednova_sgd,1.0,10,101,44,45,Manipulation,3,validation,0.3578621223857475,0.9496402877697842,0.5198312236286919,0.33005427408412485,1.0,0.4963019637847488,0.7823834196891192,0.1551901336073998,0.25900514579759865,1.2749742937235033,2.365664569348985,-0.6323294095610789,0.04012749044007735,4,0.4213681828286953,193
fednova_sgd,1.0,10,101,44,45,Regular,3,own_client_rows,0.946203189113385,0.9937675585740392,0.9694022801952933,0.9983862748428741,0.9618689141641437,0.9797874557199416,0.9990700727531316,0.7472383601996563,0.8549961379116635,8.91947321507719,5.99976301785008,3.140905871925971,0.04012749044007735,9,0.9817219674046403,126816
fednova_sgd,1.0,10,101,44,45,Regular,3,validation,0.9242914313908229,0.994449720126695,0.9580879156473486,0.988498866213152,0.9642092473207071,0.9762029882119696,0.9986752460257381,0.7470051491969494,0.854698893564181,8.94182841466076,6.021737747524935,3.1352752875088106,0.04012749044007735,9,0.9817219674046403,126816
fednova_sgd,1.0,10,101,44,45,Replay,3,own_client_rows,0.0,0.0,0.0,0.0,0.0,0.0,0.5427461139896373,0.8481781376518218,0.6619273301737757,-1.3988034638316043,-2.1829759852606276,0.5019368777873545,0.04012749044007735,4,0.3387365926212559,2163
fednova_sgd,1.0,10,101,44,45,Replay,3,validation,0.0,0.0,0.0,0.0,0.0,0.0,0.46601941747572817,0.9290322580645162,0.6206896551724138,-1.2803460046442972,-2.153025093605991,0.5875753235707085,0.04012749044007735,4,0.3387365926212559,2163
fednova_sgd,1.0,10,101,44,45,Unauth,3,own_client_rows,0.9937185929648241,0.9912280701754386,0.9924717691342535,0.9767441860465116,1.0,0.9882352941176471,0.0,0.0,0.0,1.4249184974154134,6.880066376879699,-2.4661080496651784,0.04012749044007735,3,0.20141182686377795,0
fednova_sgd,1.0,10,101,44,45,Unauth,3,validation,0.38613861386138615,0.9919678714859438,0.5558889722430608,0.2530487804878049,1.0,0.40389294403892945,0.0,0.0,0.0,1.4038819462419994,6.787091317744938,-2.498732090634674,0.04012749044007735,3,0.20141182686377795,0
fednova_sgd,1.0,10,101,44,45,Video,3,own_client_rows,0.9851417399804496,0.5162380903595943,0.6774670610379134,0.7766857326995892,0.987706177645733,0.8695769820510508,0.9488422186322025,0.5415428747054605,0.6895382207148447,0.32861398236329725,5.409727371883324,0.49385147634044485,0.04012749044007735,3,0.20639340465331735,6141
fednova_sgd,1.0,10,101,44,45,Video,3,validation,0.8628695248413558,0.46411921411921414,0.6035836085097169,0.4071597863383919,0.9582084582084582,0.571485315657506,0.8013352874124735,0.40967365967365965,0.5421693384013662,0.14410149380242154,4.987844512258575,-0.06786741116346219,0.04012749044007735,3,0.20639340465331735,6141
fednova_sgd,1.0,10,101,44,45,DoS,4,own_client_rows,0.9999970885969075,0.999807883752205,0.9999024772240651,0.9999912673416042,0.9999796240343247,0.9999854456540723,0.9999970884782349,0.9997671318208545,0.9998820969279699,18.022095864324815,20.061760461602947,17.80008988848161,0.2018606386056233,7,0.8264572894003224,45952
fednova_sgd,1.0,10,101,44,45,DoS,4,validation,0.9999129640106184,0.999717188417778,0.9998150666304052,0.9995433591371662,1.0,0.9997716274264586,0.9999347144846796,0.999608414732308,0.9997715379845299,16.8258105849033,18.1530193365621,17.0235707477647,0.2018606386056233,7,0.8264572894003224,45952
fednova_sgd,1.0,10,101,44,45,MITM,4,own_client_rows,0.9553508150248051,0.28882104022711447,0.4435487187924156,0.7442457326760907,0.9785741068080775,0.8454738985560903,0.494066366704162,0.9410787937222133,0.6479558907595567,-1.2700653215118478,4.1019957649336805,1.4051351251468844,0.2018606386056233,6,0.6910203234979224,61439
fednova_sgd,1.0,10,101,44,45,MITM,4,validation,0.6054998270494638,0.25939097577239384,0.3631931116759168,0.3204493385559087,0.9637697266059124,0.4809761508596783,0.1975618092742395,0.8993109579906646,0.323956442831216,-1.5014581148241275,3.754787088102912,1.2066622082106209,0.2018606386056233,6,0.6910203234979224,61439
fednova_sgd,1.0,10,101,44,45,Regular,4,own_client_rows,0.8578220103965329,0.9949870498788537,0.9213273075410513,0.9939170534874548,0.9123708469100732,0.9513997792879131,0.9984889187374076,0.7453003592614253,0.8535138496866479,8.878898145295485,6.8997801340529,3.0463999568873237,0.2018606386056233,9,0.9817219674046403,126816
fednova_sgd,1.0,10,101,44,45,Regular,4,validation,0.9242914313908229,0.994449720126695,0.9580879156473486,0.9952676092710956,0.9092608867471585,0.9503222565044648,0.9986752460257381,0.7470051491969494,0.854698893564181,8.94182841466076,6.933244507412661,3.1352752875088106,0.2018606386056233,9,0.9817219674046403,126816
fednova_sgd,1.0,10,101,44,45,Injection,5,own_client_rows,0.0,0.0,0.0,0.45133505598621876,1.0,0.6219584569732938,0.41573926868044514,0.9980916030534351,0.5869809203142536,-1.2073693894247972,4.703878854067271,2.6502112468690364,0.018278032595359706,4,0.21002761703754486,2181
fednova_sgd,1.0,10,101,44,45,Injection,5,validation,0.0,0.0,0.0,0.34545454545454546,0.8299881936245572,0.4878556557945871,0.37551581843191195,0.9669421487603306,0.5409511228533685,-1.8318665199324824,2.8028854135920898,2.0884792143226094,0.018278032595359706,4,0.21002761703754486,2181
fednova_sgd,1.0,10,101,44,45,MITM,5,own_client_rows,1.0,0.23815181518151815,0.384689199274976,1.0,0.9829174917491749,0.9913851643742594,0.9999719101123595,0.9399075907590759,0.9690098673018034,-1.6079006871390265,8.768702067863037,1.3457385906559407,0.018278032595359706,6,0.6910203234979224,61439
fednova_sgd,1.0,10,101,44,45,MITM,5,validation,0.6054998270494638,0.25939097577239384,0.3631931116759168,0.06645181250966843,0.9548047714306883,0.12425576226817145,0.1975618092742395,0.8993109579906646,0.323956442831216,-1.5014581148241275,8.314470200553826,1.2066622082106209,0.018278032595359706,6,0.6910203234979224,61439
fednova_sgd,1.0,10,101,44,45,Replay,5,own_client_rows,0.0,0.0,0.0,0.9901098901098901,1.0,0.9950303699613473,1.0,0.8379578246392897,0.9118357487922706,-1.3815809582235017,6.37522815361404,0.466159020359323,0.018278032595359706,4,0.3387365926212559,2163
fednova_sgd,1.0,10,101,44,45,Replay,5,validation,0.0,0.0,0.0,0.35894039735099337,0.9990783410138249,0.528136419001218,0.46601941747572817,0.9290322580645162,0.6206896551724138,-1.2803460046442972,6.463297451036866,0.5875753235707085,0.018278032595359706,4,0.3387365926212559,2163
fednova_sgd,1.0,10,101,44,45,Injection,6,own_client_rows,0.0,0.0,0.0,0.9977081741787625,1.0,0.9988527724665393,1.0,0.9923430321592649,0.9961568024596464,-1.3481283611396917,10.244846501722817,2.5744010142491387,0.033580420087790365,4,0.21002761703754486,2181
fednova_sgd,1.0,10,101,44,45,Injection,6,validation,0.0,0.0,0.0,0.2887901572112098,0.9976387249114522,0.44791942751126423,0.37551581843191195,0.9669421487603306,0.5409511228533685,-1.8318665199324824,10.18566678350059,2.0884792143226094,0.033580420087790365,4,0.21002761703754486,2181
fednova_sgd,1.0,10,101,44,45,Ip Spoofing,6,own_client_rows,0.9935675408213755,0.6097783176434862,0.7557395558901017,0.9924630690382876,0.9996963255390222,0.9960665658093797,0.9939288811795317,0.6960218645611904,0.8187176281478835,0.8257233602023942,8.48251143524142,1.4457561123381983,0.033580420087790365,3,0.3139114896736092,641
fednova_sgd,1.0,10,101,44,45,Ip Spoofing,6,validation,0.6773399014778325,0.3208868144690782,0.43547110055423593,0.2803030303030303,0.9929988331388565,0.4371949653223735,0.45709828393135726,0.3418903150525088,0.39118825100133514,-0.6396809848353632,7.564240036099767,-0.14938539663023265,0.033580420087790365,3,0.3139114896736092,641
fednova_sgd,1.0,10,101,44,45,Regular,6,own_client_rows,1.0,0.9954291969291303,0.9977093634402544,1.0,0.998535567948168,0.9992672474409172,1.0,0.7459876041004098,0.8545164952471321,8.963865208459683,9.092253152134521,3.1075013255236454,0.033580420087790365,9,0.9817219674046403,126816
fednova_sgd,1.0,10,101,44,45,Regular,6,validation,0.9242914313908229,0.994449720126695,0.9580879156473486,0.9027890444880882,0.9977586542488248,0.9479010526256805,0.9986752460257381,0.7470051491969494,0.854698893564181,8.94182841466076,9.06892566731646,3.1352752875088106,0.033580420087790365,9,0.9817219674046403,126816
fednova_sgd,1.0,10,101,44,45,DoS,7,own_client_rows,0.9999806341914969,0.999934159311229,0.9999573962113613,0.9999961264932369,0.999860572659073,0.9999283449821152,0.9999806341164896,0.9999302863295365,0.9999554595892599,20.03221858298523,19.945523655983067,19.359618254642616,0.24073099107864576,7,0.8264572894003224,45952
fednova_sgd,1.0,10,101,44,45,DoS,7,validation,0.9999129640106184,0.999717188417778,0.9998150666304052,0.999978206385529,0.9981943568211978,0.9990854853459914,0.9999347144846796,0.999608414732308,0.9997715379845299,16.8258105849033,15.714784264390758,17.0235707477647,0.24073099107864576,7,0.8264572894003224,45952
fednova_sgd,1.0,10,101,44,45,Ip Spoofing,7,own_client_rows,0.9176533907427341,0.6520076481835564,0.7623518891124524,0.9176365264100269,0.7839388145315488,0.8455351618890493,0.9172069825436409,0.7032504780114722,0.7961038961038961,1.0122705171486617,2.48874208293499,1.4344284028441683,0.24073099107864576,3,0.3139114896736092,641
fednova_sgd,1.0,10,101,44,45,Ip Spoofing,7,validation,0.6773399014778325,0.3208868144690782,0.43547110055423593,0.2857142857142857,0.4690781796966161,0.3551236749116608,0.45709828393135726,0.3418903150525088,0.39118825100133514,-0.6396809848353632,0.18911249968663396,-0.14938539663023265,0.24073099107864576,3,0.3139114896736092,641
fednova_sgd,1.0,10,101,44,45,MITM,7,own_client_rows,0.8200446337999594,0.20015846290977518,0.3217768578593321,0.5174606483894506,0.9832623551549965,0.6780726018509032,0.24654121388815267,0.9212637417054571,0.38898530118970454,-1.7711210293357558,3.651616671799173,1.2389579259890005,0.24073099107864576,6,0.6910203234979224,61439
fednova_sgd,1.0,10,101,44,45,MITM,7,validation,0.6054998270494638,0.25939097577239384,0.3631931116759168,0.32555564140204485,0.9365784989256872,0.4831632458051447,0.1975618092742395,0.8993109579906646,0.323956442831216,-1.5014581148241275,3.288918623988201,1.2066622082106209,0.24073099107864576,6,0.6910203234979224,61439
fednova_sgd,1.0,10,101,44,45,Regular,7,own_client_rows,0.9417474167992416,0.9945312997178677,0.9674199013249529,0.9984406265093494,0.920879913451136,0.9580931361730303,0.9993366127898805,0.7541503150124096,0.8596015281203153,9.008268926597866,6.792659407498912,3.1953519842732443,0.24073099107864576,9,0.9817219674046403,126816
fednova_sgd,1.0,10,101,44,45,Regular,7,validation,0.9242914313908229,0.994449720126695,0.9580879156473486,0.9975816746101492,0.9172766469467563,0.9557452509571833,0.9986752460257381,0.7470051491969494,0.854698893564181,8.94182841466076,6.70888321146323,3.1352752875088106,0.24073099107864576,9,0.9817219674046403,126816
fednova_sgd,1.0,10,101,44,45,Replay,7,own_client_rows,0.0,0.0,0.0,0.6002785515320335,0.9707207207207207,0.7418244406196214,0.5119647355163728,0.9155405405405406,0.6567043618739903,-1.2707219854131475,2.8904259484093466,0.5537900151433172,0.24073099107864576,4,0.3387365926212559,2163
fednova_sgd,1.0,10,101,44,45,Replay,7,validation,0.0,0.0,0.0,0.4652622142536979,0.9566820276497696,0.6260554885404102,0.46601941747572817,0.9290322580645162,0.6206896551724138,-1.2803460046442972,2.7831439462125576,0.5875753235707085,0.24073099107864576,4,0.3387365926212559,2163
fednova_sgd,1.0,10,101,44,45,DoS,8,own_client_rows,1.0,0.9998827824683943,0.9999413877990084,1.0,0.9999827621277051,0.9999913809895659,1.0,0.9998552018727225,0.9999275956943573,16.357655010489246,17.234740968109076,16.664290012980118,0.14596892641440812,7,0.8264572894003224,45952
fednova_sgd,1.0,10,101,44,45,DoS,8,validation,0.9999129640106184,0.999717188417778,0.9998150666304052,0.9999129715852225,0.9998042073661539,0.9998585865178562,0.9999347144846796,0.999608414732308,0.9997715379845299,16.8258105849033,17.460918677053648,17.0235707477647,0.14596892641440812,7,0.8264572894003224,45952
fednova_sgd,1.0,10,101,44,45,MITM,8,own_client_rows,0.85785536159601,0.5387627251370399,0.6618566618566618,0.9761538461538461,0.9937353171495693,0.9848661233993015,0.11104319478402608,0.4267815191855912,0.17623282134195634,0.23599126064506656,9.254074873360414,-0.4081941632992977,0.14596892641440812,6,0.6910203234979224,61439
fednova_sgd,1.0,10,101,44,45,MITM,8,validation,0.6054998270494638,0.25939097577239384,0.3631931116759168,0.5452642595499738,0.23160702378306292,0.3251170046801872,0.1975618092742395,0.8993109579906646,0.323956442831216,-1.5014581148241275,-1.8952881456295843,1.2066622082106209,0.14596892641440812,6,0.6910203234979224,61439
fednova_sgd,1.0,10,101,44,45,Manipulation,8,own_client_rows,1.0,0.9840225563909775,0.9919469445760303,0.987012987012987,1.0,0.9934640522875817,1.0,0.13345864661654136,0.23548922056384744,1.3504068475020559,9.33463052161654,-0.6092957804973861,0.14596892641440812,4,0.4213681828286953,193
fednova_sgd,1.0,10,101,44,45,Manipulation,8,validation,0.3578621223857475,0.9496402877697842,0.5198312236286919,0.32849426063470627,1.0,0.4945362134688691,0.7823834196891192,0.1551901336073998,0.25900514579759865,1.2749742937235033,9.197830686343782,-0.6323294095610789,0.14596892641440812,4,0.4213681828286953,193
fednova_sgd,1.0,10,101,44,45,Regular,8,own_client_rows,0.999906129728715,0.9931471726259848,0.9965151904951236,0.9999532688443385,0.9975292527154911,0.9987397899649941,0.9998821449616971,0.7910120740291828,0.8832669633794019,9.245558919164608,9.663182951843737,3.6299958062124142,0.14596892641440812,9,0.9817219674046403,126816
fednova_sgd,1.0,10,101,44,45,Regular,8,validation,0.9242914313908229,0.994449720126695,0.9580879156473486,0.9077060162322326,0.9974106558295633,0.950446412261794,0.9986752460257381,0.7470051491969494,0.854698893564181,8.94182841466076,9.460168776929327,3.1352752875088106,0.14596892641440812,9,0.9817219674046403,126816
fednova_sgd,1.0,10,101,44,45,DoS,9,own_client_rows,0.9999727883751939,0.9998911623857205,0.9999319737146434,0.999972786153595,0.9998095341750108,0.9998911535007755,0.9999727876347012,0.9998639529821506,0.9999183673469387,13.347375971885883,13.14370731524815,13.844249760217131,0.03960007850717308,7,0.8264572894003224,45952
fednova_sgd,1.0,10,101,44,45,DoS,9,validation,0.9999129640106184,0.999717188417778,0.9998150666304052,0.9999564687445586,0.9994561315726499,0.9997062375558965,0.9999347144846796,0.999608414732308,0.9997715379845299,16.8258105849033,16.963787030641548,17.0235707477647,0.03960007850717308,7,0.8264572894003224,45952
fednova_sgd,1.0,10,101,44,45,Ip Spoofing,9,own_client_rows,0.9658848614072495,0.5683814303638645,0.7156398104265402,0.9621928166351607,0.6386449184441656,0.7677224736048266,0.9307432432432432,0.6913425345043914,0.7933765298776098,0.6221296485125495,0.7562482994204034,1.3832941091195254,0.03960007850717308,3,0.3139114896736092,641
fednova_sgd,1.0,10,101,44,45,Ip Spoofing,9,validation,0.6773399014778325,0.3208868144690782,0.43547110055423593,0.49876543209876545,0.23570595099183198,0.3201267828843106,0.45709828393135726,0.3418903150525088,0.39118825100133514,-0.6396809848353632,-1.3144092537558343,-0.14938539663023265,0.03960007850717308,3,0.3139114896736092,641
fednova_sgd,1.0,10,101,44,45,MITM,9,own_client_rows,0.9602888086642599,0.30936773102135756,0.46797281087564974,0.7010455563853623,0.9924931275111017,0.8216911764705882,0.5218354250667272,0.9715584690209347,0.6789817859385968,-1.1944393707294751,4.026032546025851,1.5422483570456227,0.03960007850717308,6,0.6910203234979224,61439
fednova_sgd,1.0,10,101,44,45,MITM,9,validation,0.6054998270494638,0.25939097577239384,0.3631931116759168,0.2677807486631016,0.8904200933540787,0.4117374993576237,0.1975618092742395,0.8993109579906646,0.323956442831216,-1.5014581148241275,2.8159262894647883,1.2066622082106209,0.03960007850717308,6,0.6910203234979224,61439
fednova_sgd,1.0,10,101,44,45,Regular,9,own_client_rows,0.8505399673338047,0.9946972288744441,0.9169875290747336,0.9978770626266525,0.8844509066028053,0.9377465427340739,0.9980417262935904,0.7555593568251796,0.86003569690086,8.913304547625156,5.232660544803605,3.006037155814339,0.03960007850717308,9,0.9817219674046403,126816
fednova_sgd,1.0,10,101,44,45,Regular,9,validation,0.9242914313908229,0.994449720126695,0.9580879156473486,0.9982690688668125,0.8742310119676067,0.932141779029986,0.9986752460257381,0.7470051491969494,0.854698893564181,8.94182841466076,5.2723156866370084,3.1352752875088106,0.03960007850717308,9,0.9817219674046403,126816
fednova_sgd,1.0,10,101,44,45,Replay,9,own_client_rows,0.0,0.0,0.0,0.612424037812289,0.9794816414686826,0.7536352305774824,0.6168371361132966,0.8466522678185745,0.7137005006827492,-1.4043793976950594,2.8595495368183044,0.4145753007728132,0.03960007850717308,4,0.3387365926212559,2163
fednova_sgd,1.0,10,101,44,45,Replay,9,validation,0.0,0.0,0.0,0.41246633320507886,0.9880184331797235,0.5819761129207384,0.46601941747572817,0.9290322580645162,0.6206896551724138,-1.2803460046442972,2.9890755508352536,0.5875753235707085,0.03960007850717308,4,0.3387365926212559,2163
fednova_sgd,1.0,10,101,44,45,Unauth,9,own_client_rows,0.9992537313432835,1.0,0.9996267263904441,0.9896526237989652,1.0,0.9947994056463596,0.0,0.0,0.0,1.2618802948795742,7.140636669156087,-2.6325479383518484,0.03960007850717308,3,0.20141182686377795,0
fednova_sgd,1.0,10,101,44,45,Unauth,9,validation,0.38613861386138615,0.9919678714859438,0.5558889722430608,0.25573433755563163,1.0,0.40730643402399125,0.0,0.0,0.0,1.4038819462419994,7.323647290986864,-2.498732090634674,0.03960007850717308,3,0.20141182686377795,0
fednova_sgd,1.0,10,101,55,45,DoS,0,own_client_rows,0.9999496272415878,0.9999244427653948,0.9999370348449168,0.9999748123520226,0.9998992570205264,0.9999370332590326,0.9999244427653948,0.9999244427653948,0.9999244427653948,15.516516044106536,14.828404404357133,15.37461345784536,0.044581656296712464,7,0.8264572894003224,45967
fednova_sgd,1.0,10,101,55,45,DoS,0,validation,0.9999347315290227,0.999869471577436,0.9999021004884098,0.9999564753759439,0.999608414732308,0.9997824147609826,0.99989122631453,0.99989122631453,0.99989122631453,16.76355770511998,15.61503794502034,16.613088006749408,0.044581656296712464,7,0.8264572894003224,45967
fednova_sgd,1.0,10,101,55,45,Injection,0,own_client_rows,0.47354497354497355,0.9972144846796658,0.6421524663677131,0.6912621359223301,0.9916434540389972,0.8146453089244852,0.125,0.005571030640668524,0.010666666666666666,3.297143622693245,3.618359919045961,-0.6748704830584088,0.044581656296712464,4,0.21002761703754486,22
fednova_sgd,1.0,10,101,55,45,Injection,0,validation,0.42040185471406494,0.9634002361275088,0.5853658536585366,0.3920595533498759,0.5596221959858324,0.46108949416342415,0.045454545454545456,0.0011806375442739079,0.0023014959723820483,2.474245902357586,0.20967525405613563,-1.4121204723011365,0.044581656296712464,4,0.21002761703754486,22
fednova_sgd,1.0,10,101,55,45,MITM,0,own_client_rows,0.05218746640868537,0.7066957787481805,0.0971971971971972,0.9910496338486574,0.8864628820960698,0.9358432577794852,0.16733312826822516,0.39592430858806404,0.23524324324324325,1.0793318658242927,3.2804214499749818,-0.23464359466686,0.044581656296712464,6,0.6910203234979224,5968
fednova_sgd,1.0,10,101,55,45,MITM,0,validation,0.15604211257013942,0.7994369119063496,0.2611168249742876,0.6558370044052864,0.08824183151811514,0.15555410435577613,0.5020107238605898,0.22197525376009483,0.30783457487798616,0.7162766494406164,-5.758249518411499,-1.7459816012354596,0.044581656296712464,6,0.6910203234979224,5968
fednova_sgd,1.0,10,101,55,45,Regular,0,own_client_rows,0.9981189346329785,0.6389086530567566,0.7791033320541271,0.9981331864365284,0.8925346177001806,0.942384928775752,0.8252365501123188,0.9952657216353785,0.9023110416434074,2.084697162802926,4.322474619717338,9.188153594959012,0.044581656296712464,9,0.9817219674046403,183085
fednova_sgd,1.0,10,101,55,45,Regular,0,validation,0.999225477242699,0.6468051975628314,0.7852881991936581,0.9987782161956457,0.8823706360113482,0.9369727109312856,0.9216156430073463,0.9952400894178989,0.9570139467878148,2.1611741033280665,4.3103677608771624,9.154570119653949,0.044581656296712464,9,0.9817219674046403,183085
fednova_sgd,1.0,10,101,55,45,Video,0,own_client_rows,0.8792703894744711,0.6579771761020362,0.752695741208844,0.8205222677658546,0.9966435444170956,0.9000479931294046,0.9956567517767834,0.42319310807786975,0.5939389181125854,0.6600911107792047,6.829063321632356,-0.5837702496149417,0.044581656296712464,3,0.20639340465331735,5067
fednova_sgd,1.0,10,101,55,45,Video,0,validation,0.4146913423754595,0.5447052947052947,0.4708888089240734,0.27318152779045357,0.9967532467532467,0.4288323782234957,0.8952042628774423,0.3776223776223776,0.5311786404356227,0.41625226580060565,6.815787727897103,-0.7936780016858141,0.044581656296712464,3,0.20639340465331735,5067
fednova_sgd,1.0,10,101,55,45,Manipulation,1,own_client_rows,0.9976133651551312,0.836,0.9096844396082698,0.9478672985781991,1.0,0.9732360097323601,0.997134670487106,0.348,0.5159377316530763,0.401623046875,6.90280126953125,0.06325446701049804,0.12168425791652752,4,0.4213681828286953,736
fednova_sgd,1.0,10,101,55,45,Manipulation,1,validation,0.3577981651376147,0.881808838643371,0.5090477603085138,0.3279406808223795,1.0,0.4939086294416244,0.5448369565217391,0.41212744090441933,0.4692802808660035,0.4636504436935942,6.940630419771326,0.123919111116572,0.12168425791652752,4,0.4213681828286953,736
fednova_sgd,1.0,10,101,55,45,Password Cracking,1,own_client_rows,1.0,0.9999015228783456,0.9999507590146175,1.0,0.9999437273590546,0.9999718628878526,1.0,0.999915591038582,0.9999577937379976,12.465631731834488,17.758018796380966,12.998052906174165,0.12168425791652752,1,0.12168425791652752,0
fednova_sgd,1.0,10,101,55,45,Password Cracking,1,validation,0.0,0.0,0.0,0.0,0.0,0.0,0.0,0.0,0.0,nan,nan,nan,0.12168425791652752,1,0.12168425791652752,0
fednova_sgd,1.0,10,101,55,45,Regular,1,own_client_rows,0.9992415754546238,0.6378781043342393,0.7786777347947561,0.9984432958346002,0.9033461339553922,0.9485170935727242,0.8976970418900139,0.9950814801773749,0.9438840210624097,2.0026176406380665,4.689946118826792,9.08266325510403,0.12168425791652752,9,0.9817219674046403,183085
fednova_sgd,1.0,10,101,55,45,Regular,1,validation,0.999225477242699,0.6468051975628314,0.7852881991936581,0.9982784916182833,0.8995464223993016,0.9463442481555253,0.9216156430073463,0.9952400894178989,0.9570139467878148,2.1611741033280665,4.771982422393403,9.154570119653949,0.12168425791652752,9,0.9817219674046403,183085
fednova_sgd,1.0,10,101,55,45,Unauth,1,own_client_rows,0.0,0.0,0.0,0.9194865810968494,1.0,0.9580547112462006,0.9259694477085781,1.0,0.961561928004881,-3.1321271712404823,7.371687371113579,1.09456847524885,0.12168425791652752,3,0.20141182686377795,2348
fednova_sgd,1.0,10,101,55,45,Unauth,1,validation,0.0,0.0,0.0,0.256085018854988,1.0,0.4077510917030568,0.3164395229982964,0.9946452476572959,0.4801292407108239,-3.167253384468865,7.151106828028259,1.0266474017816056,0.12168425791652752,3,0.20141182686377795,2348
fednova_sgd,1.0,10,101,55,45,Video,1,own_client_rows,0.7877007653336208,0.5452951272293113,0.6444571831731193,0.7530350623991849,0.9928363554958585,0.8564669531212282,0.9886429819452534,0.38000895455563016,0.5489974126778784,0.37940392722995253,7.336555166125662,-0.7578444909661592,0.12168425791652752,3,0.20639340465331735,5067
fednova_sgd,1.0,10,101,55,45,Video,1,validation,0.4146913423754595,0.5447052947052947,0.4708888089240734,0.2922301841571083,0.9947552447552448,0.4517494943384813,0.8952042628774423,0.3776223776223776,0.5311786404356227,0.41625226580060565,7.233597132034632,-0.7936780016858141,0.12168425791652752,3,0.20639340465331735,5067
fednova_sgd,1.0,10,101,55,45,DoS,2,own_client_rows,0.999954477170301,0.9999089584850692,0.999931717309662,0.9999544813145796,1.0,0.9999772401392903,0.9999544792425346,0.9999544792425346,0.9999544792425346,24.002464877890567,23.78301143993536,23.766617565891295,0.11358750805768231,7,0.8264572894003224,45967
fednova_sgd,1.0,10,101,55,45,DoS,2,validation,0.9999347315290227,0.999869471577436,0.9999021004884098,0.9999347357887179,0.9999347357887179,0.9999347357887179,0.99989122631453,0.99989122631453,0.99989122631453,16.76355770511998,15.517172348165532,16.613088006749408,0.11358750805768231,7,0.8264572894003224,45967
fednova_sgd,1.0,10,101,55,45,Injection,2,own_client_rows,0.9753694581280788,1.0,0.9875311720698254,0.9705882352941176,1.0,0.9850746268656716,0.0,0.0,0.0,3.324471830117582,7.773382630011048,-0.7334281073676215,0.11358750805768231,4,0.21002761703754486,22
fednova_sgd,1.0,10,101,55,45,Injection,2,validation,0.42040185471406494,0.9634002361275088,0.5853658536585366,0.28987993138936535,0.9976387249114522,0.44922913343965976,0.045454545454545456,0.0011806375442739079,0.0023014959723820483,2.474245902357586,7.873486155180047,-1.4121204723011365,0.11358750805768231,4,0.21002761703754486,22
fednova_sgd,1.0,10,101,55,45,Manipulation,2,own_client_rows,0.9896788990825688,0.8682092555331992,0.92497320471597,0.9186691312384473,1.0,0.9576107899807321,0.9823008849557522,0.335010060362173,0.49962490622655664,0.45849818147164234,8.98260362959004,0.08976825430119781,0.11358750805768231,4,0.4213681828286953,736
fednova_sgd,1.0,10,101,55,45,Manipulation,2,validation,0.3577981651376147,0.881808838643371,0.5090477603085138,0.3278301886792453,1.0,0.4937833037300178,0.5448369565217391,0.41212744090441933,0.4692802808660035,0.4636504436935942,9.024113465923689,0.123919111116572,0.11358750805768231,4,0.4213681828286953,736
fednova_sgd,1.0,10,101,55,45,Regular,2,own_client_rows,1.0,0.6549583689879521,0.7915103863168176,1.0,0.9993344471157112,0.9996671127808311,1.0,0.9950377825770027,0.9975127200766155,2.2033013917646036,10.629988383597857,9.205652144908294,0.11358750805768231,9,0.9817219674046403,183085
fednova_sgd,1.0,10,101,55,45,Regular,2,validation,0.999225477242699,0.6468051975628314,0.7852881991936581,0.8777556771092325,0.9994986463451319,0.9346795478175495,0.9216156430073463,0.9952400894178989,0.9570139467878148,2.1611741033280665,10.606685638540235,9.154570119653949,0.11358750805768231,9,0.9817219674046403,183085
fednova_sgd,1.0,10,101,55,45,DoS,3,own_client_rows,0.9942857142857143,0.997134670487106,0.9957081545064378,0.9858356940509915,0.997134670487106,0.9914529914529915,0.9914772727272727,1.0,0.9957203994293866,41.299925008954155,36.47155097152579,41.701647564469916,0.04012749044007735,7,0.8264572894003224,45967
fednova_sgd,1.0,10,101,55,45,DoS,3,validation,0.9999347315290227,0.999869471577436,0.9999021004884098,0.9998259696752159,0.999869471577436,0.99984772015315,0.99989122631453,0.99989122631453,0.99989122631453,16.76355770511998,16.349299030078644,16.613088006749408,0.04012749044007735,7,0.8264572894003224,45967
fednova_sgd,1.0,10,101,55,45,Manipulation,3,own_client_rows,0.5071551230681167,0.8382213812677389,0.6319543509272468,0.55627425614489,0.8136234626300851,0.6607760276603919,0.6422182468694096,0.33964049195837276,0.4443069306930693,0.4649873009918992,0.6434739617209674,0.10623537783591164,0.04012749044007735,4,0.4213681828286953,736
fednova_sgd,1.0,10,101,55,45,Manipulation,3,validation,0.3577981651376147,0.881808838643371,0.5090477603085138,0.3336029114435908,0.8478931140801644,0.4788160185722577,0.5448369565217391,0.41212744090441933,0.4692802808660035,0.4636504436935942,0.6929505711836781,0.123919111116572,0.04012749044007735,4,0.4213681828286953,736
fednova_sgd,1.0,10,101,55,45,Regular,3,own_client_rows,0.9996443812233285,0.651706079698879,0.7890200610913894,0.9991196801985771,0.944167143987126,0.9708664343460549,0.943752183533248,0.9946812863104493,0.9685476963528076,2.1718481257527387,4.989937314931777,9.162462437650015,0.04012749044007735,9,0.9817219674046403,183085
fednova_sgd,1.0,10,101,55,45,Regular,3,validation,0.999225477242699,0.6468051975628314,0.7852881991936581,0.9920918870904066,0.9486200977934541,0.9698691101844398,0.9216156430073463,0.9952400894178989,0.9570139467878148,2.1611741033280665,5.003527890423629,9.154570119653949,0.04012749044007735,9,0.9817219674046403,183085
fednova_sgd,1.0,10,101,55,45,Replay,3,own_client_rows,0.5576923076923077,0.11740890688259109,0.1939799331103679,0.6167315175097277,0.3208502024291498,0.422103861517976,0.5444287729196051,0.7813765182186235,0.6417290108063175,-0.47438274800536123,-0.2167934155174595,0.0959652889112712,0.04012749044007735,4,0.3387365926212559,1915
fednova_sgd,1.0,10,101,55,45,Replay,3,validation,0.8542713567839196,0.15668202764976957,0.26479750778816197,0.6883910386965377,0.31152073732718893,0.4289340101522843,0.5159268929503916,0.9105990783410138,0.6586666666666666,-0.3999151133172523,-0.1515619374639977,0.1898048084452405,0.04012749044007735,4,0.3387365926212559,1915
fednova_sgd,1.0,10,101,55,45,Unauth,3,own_client_rows,0.0,0.0,0.0,0.9864029666254636,1.0,0.9931549471064095,0.9949937421777222,0.9962406015037594,0.9956167814652473,-3.141313978305138,7.59236408893327,1.078206686148966,0.04012749044007735,3,0.20141182686377795,2348
fednova_sgd,1.0,10,101,55,45,Unauth,3,validation,0.0,0.0,0.0,0.25373641304347827,1.0,0.4047683554592251,0.3164395229982964,0.9946452476572959,0.4801292407108239,-3.167253384468865,7.494858543876025,1.0266474017816056,0.04012749044007735,3,0.20141182686377795,2348
fednova_sgd,1.0,10,101,55,45,Video,3,own_client_rows,0.6866795563244124,0.6913226103882799,0.6889932611803145,0.7043010752688172,0.9931359491855343,0.824144527098831,0.9808126410835214,0.4451388177440836,0.6123599464449299,0.801054138615048,5.479571199920282,-0.589871556919357,0.04012749044007735,3,0.20639340465331735,5067
fednova_sgd,1.0,10,101,55,45,Video,3,validation,0.4146913423754595,0.5447052947052947,0.4708888089240734,0.3696465960281708,0.97002997002997,0.5353057380438279,0.8952042628774423,0.3776223776223776,0.5311786404356227,0.41625226580060565,5.210507591366967,-0.7936780016858141,0.04012749044007735,3,0.20639340465331735,5067
fednova_sgd,1.0,10,101,55,45,DoS,4,own_client_rows,0.999997088766423,0.9998661007969913,0.9999315904919517,0.9999708923248882,1.0,0.9999854459506269,0.9999970887748982,0.9998690116492307,0.9999330461108523,18.44640269375724,21.162009519123572,18.46858989175632,0.2018606386056233,7,0.8264572894003224,45967
fednova_sgd,1.0,10,101,55,45,DoS,4,validation,0.9999347315290227,0.999869471577436,0.9999021004884098,0.9983493690680451,1.0,0.9991740028257798,0.99989122631453,0.99989122631453,0.99989122631453,16.76355770511998,18.718417645403225,16.613088006749408,0.2018606386056233,7,0.8264572894003224,45967
fednova_sgd,1.0,10,101,55,45,MITM,4,own_client_rows,0.4202533597142637,0.8760512078847287,0.5680200048622929,0.694861334630787,0.99448283250308,0.8181017008901031,0.9642251929956693,0.27430499758958704,0.4271059216013344,0.7406492270567183,4.452834657177339,-1.331533553074281,0.2018606386056233,6,0.6910203234979224,5968
fednova_sgd,1.0,10,101,55,45,MITM,4,validation,0.15604211257013942,0.7994369119063496,0.2611168249742876,0.292817679558011,0.9895532340520116,0.45191087651626655,0.5020107238605898,0.22197525376009483,0.30783457487798616,0.7162766494406164,4.254580155543825,-1.7459816012354596,0.2018606386056233,6,0.6910203234979224,5968
fednova_sgd,1.0,10,101,55,45,Regular,4,own_client_rows,0.9990714547928049,0.6442476397359846,0.7833529456583392,0.998399924702339,0.886247806834322,0.9389868767565893,0.849852598545005,0.9955301194753112,0.9169413484846541,2.1065888990351813,6.007240683179812,9.141473274274516,0.2018606386056233,9,0.9817219674046403,183085
fednova_sgd,1.0,10,101,55,45,Regular,4,validation,0.999225477242699,0.6468051975628314,0.7852881991936581,0.998618452666987,0.8825298895252476,0.9369921690311955,0.9216156430073463,0.9952400894178989,0.9570139467878148,2.1611741033280665,5.99650054688099,9.154570119653949,0.2018606386056233,9,0.9817219674046403,183085
fednova_sgd,1.0,10,101,55,45,Injection,5,own_client_rows,0.47079964061096136,1.0,0.6401954795357361,0.37110481586402266,1.0,0.5413223140495868,0.08,0.003816793893129771,0.007285974499089253,3.2287010600548665,4.944107638060592,-0.7828846705778865,0.018278032595359706,4,0.21002761703754486,22
fednova_sgd,1.0,10,101,55,45,Injection,5,validation,0.42040185471406494,0.9634002361275088,0.5853658536585366,0.3695556533216014,0.9917355371900827,0.5384615384615384,0.045454545454545456,0.0011806375442739079,0.0023014959723820483,2.474245902357586,4.141126828604634,-1.4121204723011365,0.018278032595359706,4,0.21002761703754486,22
fednova_sgd,1.0,10,101,55,45,MITM,5,own_client_rows,1.0,0.8656897689768976,0.9280104156347735,1.0,0.9762904290429043,0.9880029925720087,1.0,0.198996699669967,0.3319386946181626,0.7906364480198019,8.287538495255776,-1.8837379267223597,0.018278032595359706,6,0.6910203234979224,5968
fednova_sgd,1.0,10,101,55,45,MITM,5,validation,0.15604211257013942,0.7994369119063496,0.2611168249742876,0.09087812182849195,0.9487293472623546,0.1658678756476684,0.5020107238605898,0.22197525376009483,0.30783457487798616,0.7162766494406164,8.007850702933986,-1.7459816012354596,0.018278032595359706,6,0.6910203234979224,5968
fednova_sgd,1.0,10,101,55,45,Replay,5,own_client_rows,1.0,0.09655937846836848,0.17611336032388664,0.9911991199119912,1.0,0.9955801104972376,1.0,0.7835738068812431,0.8786558805227132,-0.477296412189581,5.824018776879856,0.10334234205917037,0.018278032595359706,4,0.3387365926212559,1915
fednova_sgd,1.0,10,101,55,45,Replay,5,validation,0.8542713567839196,0.15668202764976957,0.26479750778816197,0.3593905266644584,1.0,0.5287524366471735,0.5159268929503916,0.9105990783410138,0.6586666666666666,-0.3999151133172523,5.913580519153226,0.1898048084452405,0.018278032595359706,4,0.3387365926212559,1915
fednova_sgd,1.0,10,101,55,45,Injection,6,own_client_rows,0.9961597542242704,0.9931087289433385,0.9946319018404908,0.9969465648854962,1.0,0.9984709480122325,0.8,0.0030627871362940277,0.006102212051868803,3.11762063463103,7.803932271726646,-0.9217247020960949,0.033580420087790365,4,0.21002761703754486,22
fednova_sgd,1.0,10,101,55,45,Injection,6,validation,0.42040185471406494,0.9634002361275088,0.5853658536585366,0.28721957851801494,0.9976387249114522,0.4460279757191871,0.045454545454545456,0.0011806375442739079,0.0023014959723820483,2.474245902357586,8.047761631124557,-1.4121204723011365,0.033580420087790365,4,0.21002761703754486,22
fednova_sgd,1.0,10,101,55,45,Ip Spoofing,6,own_client_rows,0.9966539196940727,0.6331612511387792,0.7743732590529248,0.9942598187311178,0.9993926510780443,0.9968196274420718,0.9842733188720173,0.5511691466747647,0.7066381156316917,0.8347527080852138,8.41540293805041,0.5160298282311674,0.033580420087790365,3,0.3139114896736092,418
fednova_sgd,1.0,10,101,55,45,Ip Spoofing,6,validation,0.6260623229461756,0.25787631271878647,0.3652892561983471,0.2849966510381782,0.9929988331388565,0.4428831641946396,0.5047846889952153,0.24620770128354727,0.33098039215686276,-0.8235297720518524,7.415247593348892,-0.8608315822819428,0.033580420087790365,3,0.3139114896736092,418
fednova_sgd,1.0,10,101,55,45,Regular,6,own_client_rows,1.0,0.6424862801946659,0.7823338166557093,1.0,0.9958137952457731,0.9979025073560476,1.0,0.9962279780483114,0.9981104252654667,2.1451300541511658,7.684176512368164,9.190611282505953,0.033580420087790365,9,0.9817219674046403,183085
fednova_sgd,1.0,10,101,55,45,Regular,6,validation,0.999225477242699,0.6468051975628314,0.7852881991936581,0.9252109785674308,0.994544092579376,0.95862553192699,0.9216156430073463,0.9952400894178989,0.9570139467878148,2.1611741033280665,7.672419392654284,9.154570119653949,0.033580420087790365,9,0.9817219674046403,183085
fednova_sgd,1.0,10,101,55,45,DoS,7,own_client_rows,0.9999845076532193,0.9999573972013834,0.9999709522435519,0.9999961262981744,0.9998102238970716,0.9999031664568606,0.9999728889181516,0.9999651431647683,0.9999690160264603,19.99732845202489,21.03479713495877,20.072336837370653,0.24073099107864576,7,0.8264572894003224,45967
fednova_sgd,1.0,10,101,55,45,DoS,7,validation,0.9999347315290227,0.999869471577436,0.9999021004884098,0.9999782044855169,0.9981073378728218,0.999041895305287,0.99989122631453,0.99989122631453,0.99989122631453,16.76355770511998,16.06599851863837,16.613088006749408,0.24073099107864576,7,0.8264572894003224,45967
fednova_sgd,1.0,10,101,55,45,Ip Spoofing,7,own_client_rows,0.9446290143964563,0.6523900573613767,0.7717710925130061,0.5855181023720349,0.7173996175908222,0.6447843272039869,0.8800880088008801,0.6118546845124283,0.7218587863749154,0.8681916975382409,1.3972286538001912,0.716559129645674,0.24073099107864576,3,0.3139114896736092,418
fednova_sgd,1.0,10,101,55,45,Ip Spoofing,7,validation,0.6260623229461756,0.25787631271878647,0.3652892561983471,0.13599062133645956,0.40606767794632437,0.20374707259953162,0.5047846889952153,0.24620770128354727,0.33098039215686276,-0.8235297720518524,-0.5471102381809728,-0.8608315822819428,0.24073099107864576,3,0.3139114896736092,418
fednova_sgd,1.0,10,101,55,45,MITM,7,own_client_rows,0.18626767405443095,0.806972368030108,0.30267178053695637,0.537959532630379,0.9347826086956522,0.6829100643947615,0.8653241032095658,0.20426859463206892,0.3305156043427747,0.579264266497784,3.1123189534174753,-1.890871401410227,0.24073099107864576,6,0.6910203234979224,5968
fednova_sgd,1.0,10,101,55,45,MITM,7,validation,0.15604211257013942,0.7994369119063496,0.2611168249742876,0.31892057651027295,0.8475957620211899,0.46345811051693403,0.5020107238605898,0.22197525376009483,0.30783457487798616,0.7162766494406164,2.0610832716876897,-1.7459816012354596,0.24073099107864576,6,0.6910203234979224,5968
fednova_sgd,1.0,10,101,55,45,Regular,7,own_client_rows,0.9996628171626064,0.6540675844806008,0.7907540956699254,0.9976945717644271,0.9290256888907745,0.9621364406276981,0.9400247692412516,0.9950531384569695,0.9667565250366853,2.207377949781805,6.041975875896248,9.22278954774639,0.24073099107864576,9,0.9817219674046403,183085
fednova_sgd,1.0,10,101,55,45,Regular,7,validation,0.999225477242699,0.6468051975628314,0.7852881991936581,0.9967734764520944,0.9256581004004931,0.9599004238713584,0.9216156430073463,0.9952400894178989,0.9570139467878148,2.1611741033280665,5.956436560699182,9.154570119653949,0.24073099107864576,9,0.9817219674046403,183085
fednova_sgd,1.0,10,101,55,45,Replay,7,own_client_rows,0.9852941176470589,0.07545045045045046,0.1401673640167364,0.5305250305250305,0.9786036036036037,0.6880443388756928,0.5980538922155688,0.8997747747747747,0.7185251798561151,-0.43027929357580236,3.935342874612894,0.18399367461333405,0.24073099107864576,4,0.3387365926212559,1915
fednova_sgd,1.0,10,101,55,45,Replay,7,validation,0.8542713567839196,0.15668202764976957,0.26479750778816197,0.440084388185654,0.9612903225806452,0.6037626628075253,0.5159268929503916,0.9105990783410138,0.6586666666666666,-0.3999151133172523,3.9543382776497698,0.1898048084452405,0.24073099107864576,4,0.3387365926212559,1915
fednova_sgd,1.0,10,101,55,45,DoS,8,own_client_rows,1.0,0.9999103630640662,0.9999551795232481,1.0,1.0,1.0,1.0,0.9999034679151483,0.9999517316278509,15.465734665188807,16.36873295605377,15.465767848092975,0.14596892641440812,7,0.8264572894003224,45967
fednova_sgd,1.0,10,101,55,45,DoS,8,validation,0.9999347315290227,0.999869471577436,0.9999021004884098,0.9999129829446571,0.9999347357887179,0.999923859248382,0.99989122631453,0.99989122631453,0.99989122631453,16.76355770511998,17.636863300030456,16.613088006749408,0.14596892641440812,7,0.8264572894003224,45967
fednova_sgd,1.0,10,101,55,45,MITM,8,own_client_rows,0.11272009215073227,0.5364134690681285,0.18629317378297525,0.9754035357417371,0.9937353171495693,0.9844840961986036,0.8120950323974082,0.29444009397024273,0.432183908045977,0.4777136125318128,10.062298493172474,-0.6648999395646803,0.14596892641440812,6,0.6910203234979224,5968
fednova_sgd,1.0,10,101,55,45,MITM,8,validation,0.15604211257013942,0.7994369119063496,0.2611168249742876,0.5113680154142581,0.196636289545825,0.2840477337186279,0.5020107238605898,0.22197525376009483,0.30783457487798616,0.7162766494406164,-0.6242908218608765,-1.7459816012354596,0.14596892641440812,6,0.6910203234979224,5968
fednova_sgd,1.0,10,101,55,45,Manipulation,8,own_client_rows,1.0,0.8693609022556391,0.930115635997989,0.9824561403508771,1.0,0.9911504424778761,0.9973614775725593,0.35526315789473684,0.5239085239085239,0.48162394358699484,10.003216965754229,0.15724729953851915,0.14596892641440812,4,0.4213681828286953,736
fednova_sgd,1.0,10,101,55,45,Manipulation,8,validation,0.3577981651376147,0.881808838643371,0.5090477603085138,0.3279406808223795,1.0,0.4939086294416244,0.5448369565217391,0.41212744090441933,0.4692802808660035,0.4636504436935942,9.834370282791625,0.123919111116572,0.14596892641440812,4,0.4213681828286953,736
fednova_sgd,1.0,10,101,55,45,Regular,8,own_client_rows,1.0,0.6975898559507715,0.8218591239873678,1.0,0.9970630739825649,0.9985293774364481,1.0,0.9941727658384224,0.9970778689482666,2.596455270696879,7.940260287981912,9.539736273949933,0.14596892641440812,9,0.9817219674046403,183085
fednova_sgd,1.0,10,101,55,45,Regular,8,validation,0.999225477242699,0.6468051975628314,0.7852881991936581,0.9072597296036295,0.9978353318666281,0.9503943731601537,0.9216156430073463,0.9952400894178989,0.9570139467878148,2.1611741033280665,7.624471574169375,9.154570119653949,0.14596892641440812,9,0.9817219674046403,183085
fednova_sgd,1.0,10,101,55,45,DoS,9,own_client_rows,0.9999727876347012,0.9998639529821506,0.9999183673469387,1.0,0.9998367435785808,0.9999183651255816,0.9999183673469387,0.9998639529821506,0.9998911594242333,12.981647151005387,12.56101724693554,12.726062420922672,0.03960007850717308,7,0.8264572894003224,45967
fednova_sgd,1.0,10,101,55,45,DoS,9,validation,0.9999347315290227,0.999869471577436,0.9999021004884098,0.9999564706394463,0.999499641046838,0.9997280036556309,0.99989122631453,0.99989122631453,0.99989122631453,16.76355770511998,16.459393763460742,16.613088006749408,0.03960007850717308,7,0.8264572894003224,45967
fednova_sgd,1.0,10,101,55,45,Ip Spoofing,9,own_client_rows,0.9731800766283525,0.6373902132998746,0.7702805155420773,0.9283536585365854,0.7641154328732748,0.8382656572608397,0.9431171786120591,0.5200752823086575,0.6704407602102709,0.7534964021804791,1.9572439445007401,0.3653277465360826,0.03960007850717308,3,0.3139114896736092,418
fednova_sgd,1.0,10,101,55,45,Ip Spoofing,9,validation,0.6260623229461756,0.25787631271878647,0.3652892561983471,0.5721040189125296,0.5647607934655776,0.5684086905460951,0.5047846889952153,0.24620770128354727,0.33098039215686276,-0.8235297720518524,0.20402220611394217,-0.8608315822819428,0.03960007850717308,3,0.3139114896736092,418
fednova_sgd,1.0,10,101,55,45,MITM,9,own_client_rows,0.4437577255871446,0.9109748361175725,0.596799889173651,0.6789580025977775,0.9948192006766758,0.80708526333848,0.9664478482859227,0.28018608585324595,0.4344262295081967,0.8365064731080831,3.9618322864902726,-1.3042419911136736,0.03960007850717308,6,0.6910203234979224,5968
fednova_sgd,1.0,10,101,55,45,MITM,9,validation,0.15604211257013942,0.7994369119063496,0.2611168249742876,0.2548460661345496,0.8941987108246277,0.396647769287651,0.5020107238605898,0.22197525376009483,0.30783457487798616,0.7162766494406164,2.9259796266936635,-1.7459816012354596,0.03960007850717308,6,0.6910203234979224,5968
fednova_sgd,1.0,10,101,55,45,Regular,9,own_client_rows,0.9986848450309062,0.6494754247918805,0.7870851832017551,0.9985954597419565,0.8715931120994412,0.9307819944893516,0.8403948001925855,0.9952674193180522,0.911297901221677,2.047290243000244,5.225608892676795,9.148873606597103,0.03960007850717308,9,0.9817219674046403,183085
fednova_sgd,1.0,10,101,55,45,Regular,9,validation,0.999225477242699,0.6468051975628314,0.7852881991936581,0.9989733902759527,0.8609244961395769,0.9248256788308681,0.9216156430073463,0.9952400894178989,0.9570139467878148,2.1611741033280665,5.235821829233047,9.154570119653949,0.03960007850717308,9,0.9817219674046403,183085
fednova_sgd,1.0,10,101,55,45,Replay,9,own_client_rows,0.9655172413793104,0.06047516198704104,0.11382113821138211,0.6942622950819672,0.9146868250539957,0.7893755824790307,0.768025078369906,0.7937365010799136,0.7806691449814126,-0.5544960236188917,1.584826739251485,0.03760003322658992,0.03960007850717308,4,0.3387365926212559,1915
fednova_sgd,1.0,10,101,55,45,Replay,9,validation,0.8542713567839196,0.15668202764976957,0.26479750778816197,0.491725768321513,0.9585253456221198,0.65,0.5159268929503916,0.9105990783410138,0.6586666666666666,-0.3999151133172523,1.6886914512528801,0.1898048084452405,0.03960007850717308,4,0.3387365926212559,1915
fednova_sgd,1.0,10,101,55,45,Unauth,9,own_client_rows,0.0,0.0,0.0,0.9788011695906432,1.0,0.9892870336165497,0.9992464204973625,0.9902912621359223,0.994748687171793,-3.2272794237770723,8.327541542195668,0.8321764762941094,0.03960007850717308,3,0.20141182686377795,2348
fednova_sgd,1.0,10,101,55,45,Unauth,9,validation,0.0,0.0,0.0,0.24974924774322968,1.0,0.3996789727126806,0.3164395229982964,0.9946452476572959,0.4801292407108239,-3.167253384468865,8.306290592055722,1.0266474017816056,0.03960007850717308,3,0.20141182686377795,2348
