algorithm,alpha,n_clients,partition_seed,model_seed,round,val_macro_f1,val_loss,diverged,diverged_at
fedavg_sgd,0.1,30,102,11,1,0.200407734644438,0.15235053023262832,False,
fedavg_sgd,0.1,30,102,11,2,0.22964633225488212,0.1326807128335613,False,
fedavg_sgd,0.1,30,102,11,3,0.22252063416311157,0.1378931406626752,False,
fedavg_sgd,0.1,30,102,11,4,0.323399252152527,0.11810297238656138,False,
fedavg_sgd,0.1,30,102,11,5,0.3112933327343239,0.1216174892640998,False,
fedavg_sgd,0.1,30,102,11,6,0.36338481550024915,0.1146871724922403,False,
fedavg_sgd,0.1,30,102,11,7,0.35794271659494925,0.11010921323621882,False,
fedavg_sgd,0.1,30,102,11,8,0.37167051732989415,0.10703278645132885,False,
fedavg_sgd,0.1,30,102,11,9,0.37268178761394277,0.10815723861342962,False,
fedavg_sgd,0.1,30,102,11,10,0.372440391586899,0.10410066874575498,False,
fedavg_sgd,0.1,30,102,11,11,0.3769528023615252,0.10210247817801316,False,
fedavg_sgd,0.1,30,102,11,12,0.3769648469065473,0.09924144000952731,False,
fedavg_sgd,0.1,30,102,11,13,0.3777846933834175,0.09790516985708664,False,
fedavg_sgd,0.1,30,102,11,14,0.37908906616238436,0.09830257412453774,False,
fedavg_sgd,0.1,30,102,11,15,0.3803002498664101,0.09786893041297576,False,
fedavg_sgd,0.1,30,102,11,16,0.38060126486189944,0.09610844140718762,False,
fedavg_sgd,0.1,30,102,11,17,0.3821558319136636,0.09714852508676912,False,
fedavg_sgd,0.1,30,102,11,18,0.38121049749095565,0.09754089084721257,False,
fedavg_sgd,0.1,30,102,11,19,0.3815512233797877,0.09580129952582642,False,
fedavg_sgd,0.1,30,102,11,20,0.3823496942847464,0.09668707217421796,False,
fedavg_sgd,0.1,30,102,11,21,0.3847194895529707,0.0991700188337457,False,
fedavg_sgd,0.1,30,102,11,22,0.38378424512471343,0.09777366940252478,False,
fedavg_sgd,0.1,30,102,11,23,0.3865520595347475,0.10037149407369142,False,
fedavg_sgd,0.1,30,102,11,24,0.3880402479275373,0.09954315673941577,False,
fedavg_sgd,0.1,30,102,11,25,0.3870441967739255,0.10362569160726749,False,
fedavg_sgd,0.1,30,102,11,26,0.39140593078646,0.09768304605743915,False,
fedavg_sgd,0.1,30,102,11,27,0.3923220488733907,0.1011558381434995,False,
fedavg_sgd,0.1,30,102,11,28,0.39038782996373256,0.10294648612550415,False,
fedavg_sgd,0.1,30,102,11,29,0.39010021063585887,0.10474229384955774,False,
fedavg_sgd,0.1,30,102,11,30,0.3966924019460183,0.10413453039579611,False,
fedavg_sgd,0.1,30,102,11,31,0.40316097318913946,0.10466431655119356,False,
fedavg_sgd,0.1,30,102,11,32,0.4118109939850747,0.10484562280129943,False,
fedavg_sgd,0.1,30,102,11,33,0.40875693691805787,0.10728114738521162,False,
fedavg_sgd,0.1,30,102,11,34,0.4350739243491677,0.10398406823026936,False,
fedavg_sgd,0.1,30,102,11,35,0.4079642807182827,0.10520511010120619,False,
fedavg_sgd,0.1,30,102,11,36,0.4326314503874234,0.10205521660871257,False,
fedavg_sgd,0.1,30,102,11,37,0.41609449603950643,0.10374437635179797,False,
fedavg_sgd,0.1,30,102,11,38,0.4404767793045932,0.09917349271732032,False,
fedavg_sgd,0.1,30,102,11,39,0.44031309145484154,0.10127833900447519,False,
fedavg_sgd,0.1,30,102,11,40,0.44546973175934457,0.10378080066461653,False,
fedavg_sgd,0.1,30,102,11,41,0.44280094555904,0.10527636272710375,False,
fedavg_sgd,0.1,30,102,11,42,0.4496129961022091,0.10479919582273717,False,
fedavg_sgd,0.1,30,102,11,43,0.4482943871937714,0.10508828741972366,False,
fedavg_sgd,0.1,30,102,11,44,0.4545140092473799,0.10439776757531302,False,
fedavg_sgd,0.1,30,102,11,45,0.46313663565276986,0.10339136186163886,False,
fedavg_sgd,0.1,30,102,22,1,0.18902815160513908,0.16437201121888895,False,
fedavg_sgd,0.1,30,102,22,2,0.23727331464263113,0.1390758581849703,False,
fedavg_sgd,0.1,30,102,22,3,0.23265238028947133,0.15945152020442366,False,
fedavg_sgd,0.1,30,102,22,4,0.2954473867794287,0.12552760582162562,False,
fedavg_sgd,0.1,30,102,22,5,0.31758277231871157,0.12584330564498294,False,
fedavg_sgd,0.1,30,102,22,6,0.3338475315132289,0.12331126696507733,False,
fedavg_sgd,0.1,30,102,22,7,0.35726801675686787,0.11546035632954789,False,
fedavg_sgd,0.1,30,102,22,8,0.3514707780886871,0.11826185843540747,False,
fedavg_sgd,0.1,30,102,22,9,0.36521096088520316,0.11545622853690096,False,
fedavg_sgd,0.1,30,102,22,10,0.36891898491967534,0.11184071150767742,False,
fedavg_sgd,0.1,30,102,22,11,0.3703532803399448,0.11338824869530974,False,
fedavg_sgd,0.1,30,102,22,12,0.3749933507861938,0.11185109886673966,False,
fedavg_sgd,0.1,30,102,22,13,0.3756560531330245,0.10875379213111716,False,
fedavg_sgd,0.1,30,102,22,14,0.3775027272406135,0.10565879855747021,False,
fedavg_sgd,0.1,30,102,22,15,0.3880463259845334,0.10183076136273946,False,
fedavg_sgd,0.1,30,102,22,16,0.39129617530469285,0.10076866431046479,False,
fedavg_sgd,0.1,30,102,22,17,0.3917291394962909,0.1023347885870986,False,
fedavg_sgd,0.1,30,102,22,18,0.38735432109257034,0.1003861271730675,False,
fedavg_sgd,0.1,30,102,22,19,0.3929212786439114,0.10268864777989356,False,
fedavg_sgd,0.1,30,102,22,20,0.3941868902947806,0.10179049271825087,False,
fedavg_sgd,0.1,30,102,22,21,0.38959209430314085,0.1015332449396863,False,
fedavg_sgd,0.1,30,102,22,22,0.3884525801162929,0.10031768550583474,False,
fedavg_sgd,0.1,30,102,22,23,0.3879087572704336,0.09885022393635548,False,
fedavg_sgd,0.1,30,102,22,24,0.3899662693362036,0.10238044709306182,False,
fedavg_sgd,0.1,30,102,22,25,0.3908534428015722,0.10366064850318041,False,
fedavg_sgd,0.1,30,102,22,26,0.39419995836746236,0.10135292923532799,False,
fedavg_sgd,0.1,30,102,22,27,0.39649551378208703,0.09977163439146908,False,
fedavg_sgd,0.1,30,102,22,28,0.3944626654846898,0.10225990904494114,False,
fedavg_sgd,0.1,30,102,22,29,0.3947905071192037,0.10147289912202316,False,
fedavg_sgd,0.1,30,102,22,30,0.4035143574916091,0.10203825223031181,False,
fedavg_sgd,0.1,30,102,22,31,0.4149397204369346,0.10519376995715121,False,
fedavg_sgd,0.1,30,102,22,32,0.417206333122921,0.10483500419754208,False,
fedavg_sgd,0.1,30,102,22,33,0.42844869917564865,0.1031829607341395,False,
fedavg_sgd,0.1,30,102,22,34,0.4272658374637006,0.10719156832742259,False,
fedavg_sgd,0.1,30,102,22,35,0.4181578298926266,0.10948564757624903,False,
fedavg_sgd,0.1,30,102,22,36,0.42649211015872235,0.11083750367640059,False,
fedavg_sgd,0.1,30,102,22,37,0.43758558711639217,0.10912069754633923,False,
fedavg_sgd,0.1,30,102,22,38,0.44689940027940317,0.10867210609704565,False,
fedavg_sgd,0.1,30,102,22,39,0.4380942757097844,0.11175969592280625,False,
fedavg_sgd,0.1,30,102,22,40,0.4307764496783854,0.11110004352022555,False,
fedavg_sgd,0.1,30,102,22,41,0.43194051026320274,0.11099821460142464,False,
fedavg_sgd,0.1,30,102,22,42,0.4540263960733191,0.11045831577354195,False,
fedavg_sgd,0.1,30,102,22,43,0.48181473689836146,0.1078031585968881,False,
fedavg_sgd,0.1,30,102,22,44,0.45790322397105027,0.11206772734189908,False,
fedavg_sgd,0.1,30,102,22,45,0.4651948178857544,0.11189394301396086,False,
fedavg_sgd,0.1,30,102,33,1,0.20000848948754946,0.15399566553805882,False,
fedavg_sgd,0.1,30,102,33,2,0.22633769430738132,0.13111487585283882,False,
fedavg_sgd,0.1,30,102,33,3,0.24007720657330855,0.1426128880468003,False,
fedavg_sgd,0.1,30,102,33,4,0.2787570650509803,0.12390943699210573,False,
fedavg_sgd,0.1,30,102,33,5,0.3082600934792764,0.12732491610404403,False,
fedavg_sgd,0.1,30,102,33,6,0.36240456303386615,0.11248773700652229,False,
fedavg_sgd,0.1,30,102,33,7,0.36149217313317167,0.11539947926027329,False,
fedavg_sgd,0.1,30,102,33,8,0.3693249164911869,0.11058548443422316,False,
fedavg_sgd,0.1,30,102,33,9,0.3716994146221241,0.10888097453937837,False,
fedavg_sgd,0.1,30,102,33,10,0.37452842909678025,0.10852864139696043,False,
fedavg_sgd,0.1,30,102,33,11,0.3744220248412602,0.10670881786913224,False,
fedavg_sgd,0.1,30,102,33,12,0.3724647511388417,0.10427638283277625,False,
fedavg_sgd,0.1,30,102,33,13,0.3729260647577576,0.10182638948279572,False,
fedavg_sgd,0.1,30,102,33,14,0.37262100643129414,0.10045765857599556,False,
fedavg_sgd,0.1,30,102,33,15,0.3782075814101187,0.10005193398936835,False,
fedavg_sgd,0.1,30,102,33,16,0.37726797039154175,0.09915615031908075,False,
fedavg_sgd,0.1,30,102,33,17,0.37879319597511696,0.10007544851391775,False,
fedavg_sgd,0.1,30,102,33,18,0.37940255317543103,0.09960290924307344,False,
fedavg_sgd,0.1,30,102,33,19,0.3814061711502925,0.1001154867106376,False,
fedavg_sgd,0.1,30,102,33,20,0.3810443059301801,0.09837705035880026,False,
fedavg_sgd,0.1,30,102,33,21,0.3831669918441769,0.10181306906079898,False,
fedavg_sgd,0.1,30,102,33,22,0.38599861498034405,0.09864321792625237,False,
fedavg_sgd,0.1,30,102,33,23,0.3860009009234145,0.10072039564339617,False,
fedavg_sgd,0.1,30,102,33,24,0.3869758308084886,0.10158881732611308,False,
fedavg_sgd,0.1,30,102,33,25,0.3876372294359751,0.09861291521581549,False,
fedavg_sgd,0.1,30,102,33,26,0.38599361753571176,0.09701805582397813,False,
fedavg_sgd,0.1,30,102,33,27,0.38793830844211696,0.100241937504446,False,
fedavg_sgd,0.1,30,102,33,28,0.3856974837771452,0.10359703861406605,False,
fedavg_sgd,0.1,30,102,33,29,0.38763922838895154,0.10016428824350594,False,
fedavg_sgd,0.1,30,102,33,30,0.3902527851964319,0.10361187557629281,False,
fedavg_sgd,0.1,30,102,33,31,0.4034802776568014,0.09991722668617727,False,
fedavg_sgd,0.1,30,102,33,32,0.3960659186060377,0.10328032815751902,False,
fedavg_sgd,0.1,30,102,33,33,0.4241678602713198,0.10060196342858918,False,
fedavg_sgd,0.1,30,102,33,34,0.3983705371429174,0.10471045837178417,False,
fedavg_sgd,0.1,30,102,33,35,0.4029099934151189,0.10576577786160635,False,
fedavg_sgd,0.1,30,102,33,36,0.4052431823474804,0.10521084361018107,False,
fedavg_sgd,0.1,30,102,33,37,0.41746790812445195,0.10389392366685479,False,
fedavg_sgd,0.1,30,102,33,38,0.39933650519671116,0.10252824276171343,False,
fedavg_sgd,0.1,30,102,33,39,0.41232617962395823,0.09964564799449982,False,
fedavg_sgd,0.1,30,102,33,40,0.4100074493515241,0.10123112560539947,False,
fedavg_sgd,0.1,30,102,33,41,0.40616001713853017,0.10175491963690549,False,
fedavg_sgd,0.1,30,102,33,42,0.42454790842263407,0.10008270317725863,False,
fedavg_sgd,0.1,30,102,33,43,0.4628117960890992,0.09873028947579017,False,
fedavg_sgd,0.1,30,102,33,44,0.42159400091325144,0.10178215026774945,False,
fedavg_sgd,0.1,30,102,33,45,0.45178890716203973,0.09999489466160677,False,
fedavg_sgd,0.1,30,102,44,1,0.17936853761675187,0.14001341145674237,False,
fedavg_sgd,0.1,30,102,44,2,0.22857438360722102,0.12871707959514317,False,
fedavg_sgd,0.1,30,102,44,3,0.25209892899307834,0.13107230493986888,False,
fedavg_sgd,0.1,30,102,44,4,0.29221695922868307,0.11602153272876518,False,
fedavg_sgd,0.1,30,102,44,5,0.36312531929177794,0.11336820356258155,False,
fedavg_sgd,0.1,30,102,44,6,0.33743964633275625,0.11131805299765324,False,
fedavg_sgd,0.1,30,102,44,7,0.3715754580470312,0.10632900306356341,False,
fedavg_sgd,0.1,30,102,44,8,0.37249632244222763,0.10199289962909527,False,
fedavg_sgd,0.1,30,102,44,9,0.3776463230678143,0.10080756597445545,False,
fedavg_sgd,0.1,30,102,44,10,0.3722936551483207,0.0981228284093126,False,
fedavg_sgd,0.1,30,102,44,11,0.3827758088781699,0.09961682873677473,False,
fedavg_sgd,0.1,30,102,44,12,0.3790384743507247,0.09793049338429095,False,
fedavg_sgd,0.1,30,102,44,13,0.38111862524420215,0.09648056326824152,False,
fedavg_sgd,0.1,30,102,44,14,0.3915645763135657,0.09385904848503125,False,
fedavg_sgd,0.1,30,102,44,15,0.38786068451152445,0.09427446738422945,False,
fedavg_sgd,0.1,30,102,44,16,0.38540667213483576,0.09656462333597089,False,
fedavg_sgd,0.1,30,102,44,17,0.38670076530127784,0.09654851933418186,False,
fedavg_sgd,0.1,30,102,44,18,0.38689219548752507,0.10066730652696637,False,
fedavg_sgd,0.1,30,102,44,19,0.3883271283075191,0.09718702854909748,False,
fedavg_sgd,0.1,30,102,44,20,0.38865404979289675,0.09919390975461972,False,
fedavg_sgd,0.1,30,102,44,21,0.38687876329803206,0.09728036465677463,False,
fedavg_sgd,0.1,30,102,44,22,0.3894513410276135,0.09694578759654754,False,
fedavg_sgd,0.1,30,102,44,23,0.3905238667677801,0.1015859387969388,False,
fedavg_sgd,0.1,30,102,44,24,0.38861679966490953,0.09881272749045927,False,
fedavg_sgd,0.1,30,102,44,25,0.3930735582320899,0.10195704950352945,False,
fedavg_sgd,0.1,30,102,44,26,0.4051768639885448,0.10252031543513565,False,
fedavg_sgd,0.1,30,102,44,27,0.4139152325175497,0.10068210990463626,False,
fedavg_sgd,0.1,30,102,44,28,0.40493712382218366,0.10329303486206687,False,
fedavg_sgd,0.1,30,102,44,29,0.4056675992779557,0.10529906096370976,False,
fedavg_sgd,0.1,30,102,44,30,0.4060102076517581,0.10469367334699675,False,
fedavg_sgd,0.1,30,102,44,31,0.4163177900209025,0.10208541822280862,False,
fedavg_sgd,0.1,30,102,44,32,0.41964736856236745,0.10510424328691884,False,
fedavg_sgd,0.1,30,102,44,33,0.4194186091637387,0.10470076812377653,False,
fedavg_sgd,0.1,30,102,44,34,0.4366072783450667,0.1050233382966012,False,
fedavg_sgd,0.1,30,102,44,35,0.4232014089455041,0.10690703044854577,False,
fedavg_sgd,0.1,30,102,44,36,0.45643438036103223,0.10766573284012619,False,
fedavg_sgd,0.1,30,102,44,37,0.4166287516463358,0.10986484591605178,False,
fedavg_sgd,0.1,30,102,44,38,0.43381398235732366,0.10447958661351148,False,
fedavg_sgd,0.1,30,102,44,39,0.44125082512242053,0.10532617126765607,False,
fedavg_sgd,0.1,30,102,44,40,0.43179275888801755,0.10624591958341234,False,
fedavg_sgd,0.1,30,102,44,41,0.4301285533095586,0.10637946894791454,False,
fedavg_sgd,0.1,30,102,44,42,0.4409582690697306,0.10340461822152758,False,
fedavg_sgd,0.1,30,102,44,43,0.4583559597451196,0.10438762956594973,False,
fedavg_sgd,0.1,30,102,44,44,0.4412183353439086,0.10204212028652786,False,
fedavg_sgd,0.1,30,102,44,45,0.4567638950532682,0.10248711309744919,False,
fedavg_sgd,0.1,30,102,55,1,0.20433983538294326,0.16218739844378036,False,
fedavg_sgd,0.1,30,102,55,2,0.2250294866368636,0.14114104752242942,False,
fedavg_sgd,0.1,30,102,55,3,0.222479082939111,0.14361094406774152,False,
fedavg_sgd,0.1,30,102,55,4,0.30319371371878884,0.12452568009670646,False,
fedavg_sgd,0.1,30,102,55,5,0.3347877863674032,0.12607859702344917,False,
fedavg_sgd,0.1,30,102,55,6,0.35769402072175355,0.11861301268355198,False,
fedavg_sgd,0.1,30,102,55,7,0.3602896718685307,0.11751016247537638,False,
fedavg_sgd,0.1,30,102,55,8,0.36558329107790766,0.1174206902157209,False,
fedavg_sgd,0.1,30,102,55,9,0.3655250846170533,0.11273935219635159,False,
fedavg_sgd,0.1,30,102,55,10,0.3717874150835932,0.10892244131274714,False,
fedavg_sgd,0.1,30,102,55,11,0.38875691141892976,0.10914082683517774,False,
fedavg_sgd,0.1,30,102,55,12,0.3950864098574606,0.10695925591465326,False,
fedavg_sgd,0.1,30,102,55,13,0.3844535813510107,0.1077149386168762,False,
fedavg_sgd,0.1,30,102,55,14,0.3829670431605527,0.10320202468507099,False,
fedavg_sgd,0.1,30,102,55,15,0.3977952503239802,0.10444773763808299,False,
fedavg_sgd,0.1,30,102,55,16,0.3913930273369149,0.10646424708095499,False,
fedavg_sgd,0.1,30,102,55,17,0.39124563270964285,0.1070840947945677,False,
fedavg_sgd,0.1,30,102,55,18,0.4074023206272914,0.10193173948195935,False,
fedavg_sgd,0.1,30,102,55,19,0.3945721372642469,0.10449865536771753,False,
fedavg_sgd,0.1,30,102,55,20,0.3863096833535783,0.10392744223497791,False,
fedavg_sgd,0.1,30,102,55,21,0.3929909032571683,0.10334409825208553,False,
fedavg_sgd,0.1,30,102,55,22,0.39444884732147145,0.10147432381091302,False,
fedavg_sgd,0.1,30,102,55,23,0.39669260594607647,0.10635289931747874,False,
fedavg_sgd,0.1,30,102,55,24,0.40021681594869735,0.10889256501614722,False,
fedavg_sgd,0.1,30,102,55,25,0.40046790513269187,0.10847574340935337,False,
fedavg_sgd,0.1,30,102,55,26,0.4202364582970379,0.10727100680852693,False,
fedavg_sgd,0.1,30,102,55,27,0.41629545184789707,0.10593686513334845,False,
fedavg_sgd,0.1,30,102,55,28,0.42196554300762634,0.1067976940330058,False,
fedavg_sgd,0.1,30,102,55,29,0.41588479013482005,0.11050455221719044,False,
fedavg_sgd,0.1,30,102,55,30,0.4224314525815744,0.10937248584391107,False,
fedavg_sgd,0.1,30,102,55,31,0.4160191078864252,0.11223158033860753,False,
fedavg_sgd,0.1,30,102,55,32,0.43610322703898013,0.10672531553860291,False,
fedavg_sgd,0.1,30,102,55,33,0.433879264529855,0.11032580390369774,False,
fedavg_sgd,0.1,30,102,55,34,0.43303414979885496,0.11035358216761063,False,
fedavg_sgd,0.1,30,102,55,35,0.41926076381006927,0.11189829893304166,False,
fedavg_sgd,0.1,30,102,55,36,0.43571745788419286,0.10837719407102056,False,
fedavg_sgd,0.1,30,102,55,37,0.4133745719487818,0.1161195872094417,False,
fedavg_sgd,0.1,30,102,55,38,0.4609781210646812,0.10505551839702387,False,
fedavg_sgd,0.1,30,102,55,39,0.42619969839432936,0.11136366201492133,False,
fedavg_sgd,0.1,30,102,55,40,0.4517785564579619,0.11077902777972078,False,
fedavg_sgd,0.1,30,102,55,41,0.43009272355776074,0.11173605443836641,False,
fedavg_sgd,0.1,30,102,55,42,0.4740506397203191,0.1072731175687766,False,
fedavg_sgd,0.1,30,102,55,43,0.4252702143584374,0.11087421144098422,False,
fedavg_sgd,0.1,30,102,55,44,0.45992818966650806,0.10209880536776811,False,
fedavg_sgd,0.1,30,102,55,45,0.43530136587769097,0.10726535036512864,False,
fednova_sgd,0.1,30,102,11,1,0.20780455101520295,0.21338900567522695,False,
fednova_sgd,0.1,30,102,11,2,0.016921828187090773,0.1606591320851195,False,
fednova_sgd,0.1,30,102,11,3,0.21012797211202358,0.13598893196378503,False,
fednova_sgd,0.1,30,102,11,4,0.1777753805218781,0.09394303843085641,False,
fednova_sgd,0.1,30,102,11,5,0.31876360303284934,0.11102343171301596,False,
fednova_sgd,0.1,30,102,11,6,0.206376634325382,0.09422995372569476,False,
fednova_sgd,0.1,30,102,11,7,0.24237608252104068,0.14463143828638253,False,
fednova_sgd,0.1,30,102,11,8,0.26629724981456865,0.08026211820207799,False,
fednova_sgd,0.1,30,102,11,9,0.35089407297686276,0.0929339340263782,False,
fednova_sgd,0.1,30,102,11,10,0.30543845765307426,0.07130154648093198,False,
fednova_sgd,0.1,30,102,11,11,0.41227268002733264,0.07665138654427302,False,
fednova_sgd,0.1,30,102,11,12,0.27562436125428996,0.06629758963953233,False,
fednova_sgd,0.1,30,102,11,13,0.40907711603905256,0.06791643488387042,False,
fednova_sgd,0.1,30,102,11,14,0.29715486064391194,0.081713015687606,False,
fednova_sgd,0.1,30,102,11,15,0.377522235054386,0.07183117022614824,False,
fednova_sgd,0.1,30,102,11,16,0.2898077019048656,0.08779543586962552,False,
fednova_sgd,0.1,30,102,11,17,0.4340507701513114,0.06558028989493532,False,
fednova_sgd,0.1,30,102,11,18,0.31333235645058743,0.06959040622053964,False,
fednova_sgd,0.1,30,102,11,19,0.38620723138852436,0.06210807925499132,False,
fednova_sgd,0.1,30,102,11,20,0.3193675751391376,0.07544710366900578,False,
fednova_sgd,0.1,30,102,11,21,0.38982798189432627,0.0653048207363605,False,
fednova_sgd,0.1,30,102,11,22,0.32347569622598565,0.07457601335236827,False,
fednova_sgd,0.1,30,102,11,23,0.40282539425531905,0.06399299701551417,False,
fednova_sgd,0.1,30,102,11,24,0.33108545824443847,0.06835958530387391,False,
fednova_sgd,0.1,30,102,11,25,0.4023365505931848,0.0616338836022975,False,
fednova_sgd,0.1,30,102,11,26,0.33210157631158155,0.07131563374630123,False,
fednova_sgd,0.1,30,102,11,27,0.4030726145026393,0.06257238235525169,False,
fednova_sgd,0.1,30,102,11,28,0.3317081454824363,0.06886712332371311,False,
fednova_sgd,0.1,30,102,11,29,0.4058622245812922,0.05956594048976832,False,
fednova_sgd,0.1,30,102,11,30,0.33018229483478945,0.06560218730284445,False,
fednova_sgd,0.1,30,102,11,31,0.4070095234297582,0.061005330552438675,False,
fednova_sgd,0.1,30,102,11,32,0.34574286618193556,0.06729266448011079,False,
fednova_sgd,0.1,30,102,11,33,0.41133141190048467,0.05524201583742415,False,
fednova_sgd,0.1,30,102,11,34,0.3282131566339837,0.06338004381095436,False,
fednova_sgd,0.1,30,102,11,35,0.4117805919094373,0.05866416042529134,False,
fednova_sgd,0.1,30,102,11,36,0.3263328169017469,0.06729954511719895,False,
fednova_sgd,0.1,30,102,11,37,0.4054905668737103,0.05855204557418222,False,
fednova_sgd,0.1,30,102,11,38,0.3396319889290835,0.06652551732320991,False,
fednova_sgd,0.1,30,102,11,39,0.4181526279447661,0.05770940862353709,False,
fednova_sgd,0.1,30,102,11,40,0.3412987940100612,0.06391882098274056,False,
fednova_sgd,0.1,30,102,11,41,0.4163016023440147,0.056569671359113595,False,
fednova_sgd,0.1,30,102,11,42,0.33970477838661,0.06591691290779675,False,
fednova_sgd,0.1,30,102,11,43,0.42066662226357754,0.055733775703968855,False,
fednova_sgd,0.1,30,102,11,44,0.35307797515716444,0.06441711583221899,False,
fednova_sgd,0.1,30,102,11,45,0.41954436829727204,0.059199306630607344,False,
fednova_sgd,0.1,30,102,22,1,0.20637151398548023,0.24456144080796688,False,
fednova_sgd,0.1,30,102,22,2,0.016598548502431566,0.11575955884636455,False,
fednova_sgd,0.1,30,102,22,3,0.21711617074995523,0.12632510812310355,False,
fednova_sgd,0.1,30,102,22,4,0.15133525184933708,0.10470472407072216,False,
fednova_sgd,0.1,30,102,22,5,0.3156296270738359,0.09530668788921007,False,
fednova_sgd,0.1,30,102,22,6,0.15160173563608423,0.11863533133694916,False,
fednova_sgd,0.1,30,102,22,7,0.2745301755206319,0.09289095066003476,False,
fednova_sgd,0.1,30,102,22,8,0.2596139358647567,0.09127161682480377,False,
fednova_sgd,0.1,30,102,22,9,0.39229269112080295,0.07692144394036393,False,
fednova_sgd,0.1,30,102,22,10,0.2820652545298221,0.07836446914665948,False,
fednova_sgd,0.1,30,102,22,11,0.4056846978513328,0.07346057526249646,False,
fednova_sgd,0.1,30,102,22,12,0.2736621109212579,0.08686712566321321,False,
fednova_sgd,0.1,30,102,22,13,0.3932539395386763,0.0694405721641329,False,
fednova_sgd,0.1,30,102,22,14,0.23150267184325724,0.09315485904231811,False,
fednova_sgd,0.1,30,102,22,15,0.3870852248355026,0.06807185263941806,False,
fednova_sgd,0.1,30,102,22,16,0.3262187869760537,0.06829245984304264,False,
fednova_sgd,0.1,30,102,22,17,0.4088176156734588,0.06273004734278141,False,
fednova_sgd,0.1,30,102,22,18,0.3282438044099712,0.07319639710666564,False,
fednova_sgd,0.1,30,102,22,19,0.3987133865377465,0.06773595633096681,False,
fednova_sgd,0.1,30,102,22,20,0.3190110984423444,0.07507905206865732,False,
fednova_sgd,0.1,30,102,22,21,0.3945867884201695,0.0688696502837116,False,
fednova_sgd,0.1,30,102,22,22,0.3232031748162417,0.07206960868235064,False,
fednova_sgd,0.1,30,102,22,23,0.38829617437444697,0.06345115145582059,False,
fednova_sgd,0.1,30,102,22,24,0.32777159030959446,0.06715982466803226,False,
fednova_sgd,0.1,30,102,22,25,0.3880660283888912,0.060472985405808866,False,
fednova_sgd,0.1,30,102,22,26,0.34259473140325003,0.06649426689220019,False,
fednova_sgd,0.1,30,102,22,27,0.39095597530833026,0.06163773528040358,False,
fednova_sgd,0.1,30,102,22,28,0.34165159131316636,0.06872462973807997,False,
fednova_sgd,0.1,30,102,22,29,0.39335664096873624,0.05968503679830843,False,
fednova_sgd,0.1,30,102,22,30,0.3299350563161874,0.06615152097297512,False,
fednova_sgd,0.1,30,102,22,31,0.3996409818953715,0.05841331792738182,False,
fednova_sgd,0.1,30,102,22,32,0.3460961982971645,0.06532491717884063,False,
fednova_sgd,0.1,30,102,22,33,0.4048627775224737,0.05875284668093674,False,
fednova_sgd,0.1,30,102,22,34,0.3459816801519017,0.0638914058757447,False,
fednova_sgd,0.1,30,102,22,35,0.4155808455928576,0.05686683199590228,False,
fednova_sgd,0.1,30,102,22,36,0.3422405466377183,0.06432719682977818,False,
fednova_sgd,0.1,30,102,22,37,0.418881740242359,0.058322067398582346,False,
fednova_sgd,0.1,30,102,22,38,0.3628430425413857,0.06432457911996152,False,
fednova_sgd,0.1,30,102,22,39,0.427226169362676,0.0549537437252003,False,
fednova_sgd,0.1,30,102,22,40,0.3503180252888049,0.06306477173716847,False,
fednova_sgd,0.1,30,102,22,41,0.42204864595755825,0.056941101308099734,False,
fednova_sgd,0.1,30,102,22,42,0.3330009308154297,0.06385986143332098,False,
fednova_sgd,0.1,30,102,22,43,0.4247191550037719,0.05769279236523901,False,
fednova_sgd,0.1,30,102,22,44,0.35622153131215684,0.061056378848960605,False,
fednova_sgd,0.1,30,102,22,45,0.4111323641449626,0.0569277976143593,False,
fednova_sgd,0.1,30,102,33,1,0.2078396639171686,0.22066379046295048,False,
fednova_sgd,0.1,30,102,33,2,0.016850904093573715,0.1284945662850935,False,
fednova_sgd,0.1,30,102,33,3,0.21004600868999457,0.13135907319991494,False,
fednova_sgd,0.1,30,102,33,4,0.1725220799161057,0.09251338840681642,False,
fednova_sgd,0.1,30,102,33,5,0.315927401125143,0.10929603358095712,False,
fednova_sgd,0.1,30,102,33,6,0.1927141573934849,0.09295347022800313,False,
fednova_sgd,0.1,30,102,33,7,0.24285472878658576,0.13791459182061155,False,
fednova_sgd,0.1,30,102,33,8,0.2804474879582498,0.07401787113796232,False,
fednova_sgd,0.1,30,102,33,9,0.34242868351443595,0.09494844381228071,False,
fednova_sgd,0.1,30,102,33,10,0.3025522107308945,0.06533622279541305,False,
fednova_sgd,0.1,30,102,33,11,0.3534494064535498,0.09675238556626596,False,
fednova_sgd,0.1,30,102,33,12,0.2976410802052671,0.06368084764695814,False,
fednova_sgd,0.1,30,102,33,13,0.3237968995976753,0.09971800433020275,False,
fednova_sgd,0.1,30,102,33,14,0.3245382748063868,0.05959274178005737,False,
fednova_sgd,0.1,30,102,33,15,0.36826037445298676,0.0864511483779177,False,
fednova_sgd,0.1,30,102,33,16,0.32380253543072945,0.054471844360462714,False,
fednova_sgd,0.1,30,102,33,17,0.38118658561032465,0.08032612490950647,False,
fednova_sgd,0.1,30,102,33,18,0.3112482225654122,0.05871133616445335,False,
fednova_sgd,0.1,30,102,33,19,0.3794930209161004,0.08935935663098322,False,
fednova_sgd,0.1,30,102,33,20,0.3225796229958604,0.05712644765285089,False,
fednova_sgd,0.1,30,102,33,21,0.37968945513212005,0.07892138353419657,False,
fednova_sgd,0.1,30,102,33,22,0.35904989630981565,0.05333567640008712,False,
fednova_sgd,0.1,30,102,33,23,0.3800307789539685,0.07448671601431965,False,
fednova_sgd,0.1,30,102,33,24,0.34662230491013374,0.056367115472650726,False,
fednova_sgd,0.1,30,102,33,25,0.3795854599059715,0.07993444956060212,False,
fednova_sgd,0.1,30,102,33,26,0.35006101279621554,0.053948924220795114,False,
fednova_sgd,0.1,30,102,33,27,0.3830322265106219,0.07511022648199317,False,
fednova_sgd,0.1,30,102,33,28,0.3559440940788129,0.05355268685607743,False,
fednova_sgd,0.1,30,102,33,29,0.3870987772979456,0.07483039869463287,False,
fednova_sgd,0.1,30,102,33,30,0.3568534914126029,0.05177435120103237,False,
fednova_sgd,0.1,30,102,33,31,0.3851081046979252,0.07237433225548713,False,
fednova_sgd,0.1,30,102,33,32,0.369953678886029,0.0523120742783875,False,
fednova_sgd,0.1,30,102,33,33,0.38822677208121975,0.07389719052931229,False,
fednova_sgd,0.1,30,102,33,34,0.3562789096941033,0.05230183088914506,False,
fednova_sgd,0.1,30,102,33,35,0.38380645110907685,0.07222281641847753,False,
fednova_sgd,0.1,30,102,33,36,0.3707785394558533,0.05027224728854853,False,
fednova_sgd,0.1,30,102,33,37,0.38373057688839396,0.07291045348565373,False,
fednova_sgd,0.1,30,102,33,38,0.37276897053383823,0.050128663604372056,False,
fednova_sgd,0.1,30,102,33,39,0.3901942542229993,0.07086566307837702,False,
fednova_sgd,0.1,30,102,33,40,0.4059876752431449,0.04944992660806906,False,
fednova_sgd,0.1,30,102,33,41,0.3885158498621706,0.06860169906556848,False,
fednova_sgd,0.1,30,102,33,42,0.3632373356610961,0.05096273158309097,False,
fednova_sgd,0.1,30,102,33,43,0.3899700715780831,0.07064915201359902,False,
fednova_sgd,0.1,30,102,33,44,0.372554041387758,0.05078580355482307,False,
fednova_sgd,0.1,30,102,33,45,0.39176616059226,0.06507262378988996,False,
fednova_sgd,0.1,30,102,44,1,0.20751373465241313,0.193536456773233,False,
fednova_sgd,0.1,30,102,44,2,0.01761094831230177,0.13600641566955876,False,
fednova_sgd,0.1,30,102,44,3,0.26612648225842844,0.12578029561555307,False,
fednova_sgd,0.1,30,102,44,4,0.19677423427673785,0.0914222982228999,False,
fednova_sgd,0.1,30,102,44,5,0.31914882117943655,0.10068351769769619,False,
fednova_sgd,0.1,30,102,44,6,0.26490194501819975,0.08608855221795261,False,
fednova_sgd,0.1,30,102,44,7,0.3149481501172214,0.09524140877833734,False,
fednova_sgd,0.1,30,102,44,8,0.3142701650075322,0.06792694828510545,False,
fednova_sgd,0.1,30,102,44,9,0.3603069852495106,0.0951899931218533,False,
fednova_sgd,0.1,30,102,44,10,0.3012584340386251,0.06508795055886696,False,
fednova_sgd,0.1,30,102,44,11,0.3701112688501083,0.09035559988056473,False,
fednova_sgd,0.1,30,102,44,12,0.3225331235844273,0.05881266318909975,False,
fednova_sgd,0.1,30,102,44,13,0.38088045195313824,0.08240042606287191,False,
fednova_sgd,0.1,30,102,44,14,0.33335118726104074,0.054027623143824005,False,
fednova_sgd,0.1,30,102,44,15,0.3733932495047588,0.07751715905067096,False,
fednova_sgd,0.1,30,102,44,16,0.31685978344631693,0.058784332641469726,False,
fednova_sgd,0.1,30,102,44,17,0.3749526557427669,0.08676959448132945,False,
fednova_sgd,0.1,30,102,44,18,0.31737715811642186,0.0639286787928883,False,
fednova_sgd,0.1,30,102,44,19,0.37735996769047236,0.08270943411486774,False,
fednova_sgd,0.1,30,102,44,20,0.32877155506189104,0.054662625233936585,False,
fednova_sgd,0.1,30,102,44,21,0.38216906295653785,0.0774797224046641,False,
fednova_sgd,0.1,30,102,44,22,0.3266157638979103,0.05546459399968237,False,
fednova_sgd,0.1,30,102,44,23,0.38422742920505687,0.08032331134598929,False,
fednova_sgd,0.1,30,102,44,24,0.33732721524974846,0.05629847058807308,False,
fednova_sgd,0.1,30,102,44,25,0.3899435223943565,0.07846470368778094,False,
fednova_sgd,0.1,30,102,44,26,0.3333463974044839,0.0511803438661897,False,
fednova_sgd,0.1,30,102,44,27,0.403387767806979,0.07527816728210396,False,
fednova_sgd,0.1,30,102,44,28,0.3522069821520799,0.05378665243500846,False,
fednova_sgd,0.1,30,102,44,29,0.39646295292435496,0.07294981719843727,False,
fednova_sgd,0.1,30,102,44,30,0.342185771423765,0.053250531391251577,False,
fednova_sgd,0.1,30,102,44,31,0.3944480865111911,0.07525193217326513,False,
fednova_sgd,0.1,30,102,44,32,0.34983068289437824,0.05459572959980387,False,
fednova_sgd,0.1,30,102,44,33,0.3888157654697752,0.07373829765971422,False,
fednova_sgd,0.1,30,102,44,34,0.3717752905885285,0.050437498030041036,False,
fednova_sgd,0.1,30,102,44,35,0.39210425209892974,0.07034138335377237,False,
fednova_sgd,0.1,30,102,44,36,0.3557364499574535,0.05477324570564912,False,
fednova_sgd,0.1,30,102,44,37,0.3976231710566843,0.07264140503293394,False,
fednova_sgd,0.1,30,102,44,38,0.366459329613124,0.04967491487353082,False,
fednova_sgd,0.1,30,102,44,39,0.3937898413219897,0.06840570980426096,False,
fednova_sgd,0.1,30,102,44,40,0.3689440128235569,0.04970023608012418,False,
fednova_sgd,0.1,30,102,44,41,0.4013719583493194,0.0698938973397484,False,
fednova_sgd,0.1,30,102,44,42,0.35252785938629383,0.05185955540786298,False,
fednova_sgd,0.1,30,102,44,43,0.4096846000286746,0.06720904750882137,False,
fednova_sgd,0.1,30,102,44,44,0.3767509003354833,0.04819571135492934,False,
fednova_sgd,0.1,30,102,44,45,0.4124190785924641,0.06695331217239994,False,
fednova_sgd,0.1,30,102,55,1,0.20762791109868037,0.23077818581862247,False,
fednova_sgd,0.1,30,102,55,2,0.016816258997273313,0.1276419963460523,False,
fednova_sgd,0.1,30,102,55,3,0.26190021888688825,0.12556601357959338,False,
fednova_sgd,0.1,30,102,55,4,0.22387832892356402,0.08942574818643548,False,
fednova_sgd,0.1,30,102,55,5,0.3154270391110479,0.10106848258275603,False,
fednova_sgd,0.1,30,102,55,6,0.2783660917353104,0.07976681534105774,False,
fednova_sgd,0.1,30,102,55,7,0.3041501174856437,0.10457563123664317,False,
fednova_sgd,0.1,30,102,55,8,0.28288101105526364,0.07026203043855322,False,
fednova_sgd,0.1,30,102,55,9,0.3298732167820851,0.09859133013947091,False,
fednova_sgd,0.1,30,102,55,10,0.2874897530567093,0.06123845968046917,False,
fednova_sgd,0.1,30,102,55,11,0.3588908257240578,0.09190666978496295,False,
fednova_sgd,0.1,30,102,55,12,0.30521359809536064,0.05686003075063867,False,
fednova_sgd,0.1,30,102,55,13,0.38143012616741934,0.08596792131392621,False,
fednova_sgd,0.1,30,102,55,14,0.33130507680767196,0.05530262802298203,False,
fednova_sgd,0.1,30,102,55,15,0.37545124192284407,0.0815673418497088,False,
fednova_sgd,0.1,30,102,55,16,0.33909686028721736,0.059175732732094824,False,
fednova_sgd,0.1,30,102,55,17,0.3779609619962103,0.08228690707146864,False,
fednova_sgd,0.1,30,102,55,18,0.3195794791363991,0.058692575270328624,False,
fednova_sgd,0.1,30,102,55,19,0.38363451649476515,0.07928445118314506,False,
fednova_sgd,0.1,30,102,55,20,0.33814675054985405,0.06072283444142981,False,
fednova_sgd,0.1,30,102,55,21,0.38513699440603133,0.07814230977569454,False,
fednova_sgd,0.1,30,102,55,22,0.33664771365531254,0.05512582267462762,False,
fednova_sgd,0.1,30,102,55,23,0.38796745312732084,0.07829112957805275,False,
fednova_sgd,0.1,30,102,55,24,0.34580502280582,0.05623310520419762,False,
fednova_sgd,0.1,30,102,55,25,0.3812871448586939,0.0771613617208983,False,
fednova_sgd,0.1,30,102,55,26,0.34770032479588014,0.05303196074059127,False,
fednova_sgd,0.1,30,102,55,27,0.3806829549224876,0.07563742306565649,False,
fednova_sgd,0.1,30,102,55,28,0.3495063796231281,0.05151980730143826,False,
fednova_sgd,0.1,30,102,55,29,0.38411893815390147,0.07454490369219646,False,
fednova_sgd,0.1,30,102,55,30,0.3700628411731193,0.05312234419966212,False,
fednova_sgd,0.1,30,102,55,31,0.38745837903674546,0.07286615539814541,False,
fednova_sgd,0.1,30,102,55,32,0.3667855913443516,0.050813944306783244,False,
fednova_sgd,0.1,30,102,55,33,0.3917110909851095,0.07238330828545851,False,
fednova_sgd,0.1,30,102,55,34,0.35118782674707727,0.05116889116046054,False,
fednova_sgd,0.1,30,102,55,35,0.3894894214158346,0.07305345859843813,False,
fednova_sgd,0.1,30,102,55,36,0.3692863243868288,0.051157808894225124,False,
fednova_sgd,0.1,30,102,55,37,0.3850056626135927,0.07346733388483671,False,
fednova_sgd,0.1,30,102,55,38,0.3854161934731363,0.0512850442968353,False,
fednova_sgd,0.1,30,102,55,39,0.3906852744343007,0.07050209257028973,False,
fednova_sgd,0.1,30,102,55,40,0.3932137192813474,0.05108809003501537,False,
fednova_sgd,0.1,30,102,55,41,0.3844726792332523,0.06937959731938906,False,
fednova_sgd,0.1,30,102,55,42,0.40864318596807325,0.050623170259489376,False,
fednova_sgd,0.1,30,102,55,43,0.38673245147821783,0.06654871828238328,False,
fednova_sgd,0.1,30,102,55,44,0.39296828325240885,0.051524885367019505,False,
fednova_sgd,0.1,30,102,55,45,0.3886353637678969,0.06888042049795057,False,
fedavg_sgd,0.3,15,103,11,1,0.24551121789911978,0.1285256235663005,False,
fedavg_sgd,0.3,15,103,11,2,0.2482906211412905,0.1408158588445644,False,
fedavg_sgd,0.3,15,103,11,3,0.2882849888451011,0.11066449603183695,False,
fedavg_sgd,0.3,15,103,11,4,0.24991659898380178,0.11785775584981996,False,
fedavg_sgd,0.3,15,103,11,5,0.2867368060356142,0.10355218119620428,False,
fedavg_sgd,0.3,15,103,11,6,0.26748800694262925,0.10684678989972425,False,
fedavg_sgd,0.3,15,103,11,7,0.4015579150908927,0.0887070309125776,False,
fedavg_sgd,0.3,15,103,11,8,0.3692787559709866,0.10130139653551068,False,
fedavg_sgd,0.3,15,103,11,9,0.36581353106344183,0.0859851011304721,False,
fedavg_sgd,0.3,15,103,11,10,0.37955650966367915,0.09021695751629062,False,
fedavg_sgd,0.3,15,103,11,11,0.3939876061297683,0.0769426080486733,False,
fedavg_sgd,0.3,15,103,11,12,0.39080549558784433,0.0828526760436374,False,
fedavg_sgd,0.3,15,103,11,13,0.43571381234862255,0.07029640109080605,False,
fedavg_sgd,0.3,15,103,11,14,0.3899295317989029,0.07851624808572201,False,
fedavg_sgd,0.3,15,103,11,15,0.3928618315817838,0.06930081835484775,False,
fedavg_sgd,0.3,15,103,11,16,0.3954886029443024,0.06936715816784582,False,
fedavg_sgd,0.3,15,103,11,17,0.4151264314942791,0.06394515973233326,False,
fedavg_sgd,0.3,15,103,11,18,0.399699764221585,0.0681987285083458,False,
fedavg_sgd,0.3,15,103,11,19,0.4135082818435033,0.06328469993130476,False,
fedavg_sgd,0.3,15,103,11,20,0.40135590415467776,0.06232203636194779,False,
fedavg_sgd,0.3,15,103,11,21,0.4049996534861491,0.06297731639296503,False,
fedavg_sgd,0.3,15,103,11,22,0.4094625360090008,0.06389975755690994,False,
fedavg_sgd,0.3,15,103,11,23,0.4704590264308922,0.058145488359184795,False,
fedavg_sgd,0.3,15,103,11,24,0.41906601687120015,0.07530846510385705,False,
fedavg_sgd,0.3,15,103,11,25,0.41843926758847316,0.0583832088805997,False,
fedavg_sgd,0.3,15,103,11,26,0.4066841761346997,0.06715945785835074,False,
fedavg_sgd,0.3,15,103,11,27,0.4546783675053408,0.05665417047862919,False,
fedavg_sgd,0.3,15,103,11,28,0.4135551544527053,0.06870574311371237,False,
fedavg_sgd,0.3,15,103,11,29,0.4674844695022046,0.057376041169317306,False,
fedavg_sgd,0.3,15,103,11,30,0.4115525022067554,0.07284425233660632,False,
fedavg_sgd,0.3,15,103,11,31,0.4193956077562286,0.05737783573679515,False,
fedavg_sgd,0.3,15,103,11,32,0.42248041150550975,0.057651645742814936,False,
fedavg_sgd,0.3,15,103,11,33,0.43145630396412427,0.06406567298402868,False,
fedavg_sgd,0.3,15,103,11,34,0.4554998426647139,0.05513796995116178,False,
fedavg_sgd,0.3,15,103,11,35,0.42288995272562396,0.05653665944763398,False,
fedavg_sgd,0.3,15,103,11,36,0.42772711439345223,0.05811724760722898,False,
fedavg_sgd,0.3,15,103,11,37,0.43638169568983476,0.05818964235318297,False,
fedavg_sgd,0.3,15,103,11,38,0.4483394181019198,0.0543463650132813,False,
fedavg_sgd,0.3,15,103,11,39,0.42256709227044165,0.05762501730062933,False,
fedavg_sgd,0.3,15,103,11,40,0.42242194308002823,0.0569234358076687,False,
fedavg_sgd,0.3,15,103,11,41,0.4313847531623124,0.054752127154151044,False,
fedavg_sgd,0.3,15,103,11,42,0.4270997387421194,0.05818848189727734,False,
fedavg_sgd,0.3,15,103,11,43,0.42966755176230503,0.06265555890752776,False,
fedavg_sgd,0.3,15,103,11,44,0.4281692852729067,0.05869963245616154,False,
fedavg_sgd,0.3,15,103,11,45,0.4520960937822418,0.05468933772957531,False,
fedavg_sgd,0.3,15,103,22,1,0.24583158385452863,0.12798749178668145,False,
fedavg_sgd,0.3,15,103,22,2,0.24623210939044662,0.13141319204124285,False,
fedavg_sgd,0.3,15,103,22,3,0.2533017200031057,0.11406663632186632,False,
fedavg_sgd,0.3,15,103,22,4,0.25446615741770556,0.11515054692299342,False,
fedavg_sgd,0.3,15,103,22,5,0.29550513059825706,0.10465537774266592,False,
fedavg_sgd,0.3,15,103,22,6,0.29509028462260006,0.11877209580437577,False,
fedavg_sgd,0.3,15,103,22,7,0.38555041413152696,0.09122037531394304,False,
fedavg_sgd,0.3,15,103,22,8,0.38805634920566573,0.09902019886759343,False,
fedavg_sgd,0.3,15,103,22,9,0.39701684891173045,0.08665818049677275,False,
fedavg_sgd,0.3,15,103,22,10,0.3946116697125238,0.09122926880781146,False,
fedavg_sgd,0.3,15,103,22,11,0.4350148836235892,0.07702987444431668,False,
fedavg_sgd,0.3,15,103,22,12,0.3962113940420261,0.08724976204154086,False,
fedavg_sgd,0.3,15,103,22,13,0.4495271663341789,0.07334427864951676,False,
fedavg_sgd,0.3,15,103,22,14,0.4040088515494975,0.08551645945554798,False,
fedavg_sgd,0.3,15,103,22,15,0.4141338194915158,0.06782077294790943,False,
fedavg_sgd,0.3,15,103,22,16,0.40540286107380713,0.07647851963797533,False,
fedavg_sgd,0.3,15,103,22,17,0.4120592477081874,0.063009274370975,False,
fedavg_sgd,0.3,15,103,22,18,0.41064391863920746,0.073785683807949,False,
fedavg_sgd,0.3,15,103,22,19,0.46077587503278544,0.06101405806148575,False,
fedavg_sgd,0.3,15,103,22,20,0.41114928867313744,0.08269489568156808,False,
fedavg_sgd,0.3,15,103,22,21,0.40438742200508165,0.06627713957996363,False,
fedavg_sgd,0.3,15,103,22,22,0.4215046847868254,0.06102908579574067,False,
fedavg_sgd,0.3,15,103,22,23,0.4130998985902973,0.06085262148471296,False,
fedavg_sgd,0.3,15,103,22,24,0.4215688578493755,0.05991112016223349,False,
fedavg_sgd,0.3,15,103,22,25,0.4225188910978734,0.05900714153289746,False,
fedavg_sgd,0.3,15,103,22,26,0.41732749685823783,0.06283930229943767,False,
fedavg_sgd,0.3,15,103,22,27,0.4193518521745815,0.0583816596294073,False,
fedavg_sgd,0.3,15,103,22,28,0.41835259971500766,0.0646367836552852,False,
fedavg_sgd,0.3,15,103,22,29,0.4678426211885465,0.05477486111677151,False,
fedavg_sgd,0.3,15,103,22,30,0.4236472753263908,0.06137434184601049,False,
fedavg_sgd,0.3,15,103,22,31,0.4679497139539401,0.05434126177939831,False,
fedavg_sgd,0.3,15,103,22,32,0.4330162494482663,0.06336270010264398,False,
fedavg_sgd,0.3,15,103,22,33,0.4304108868678597,0.05529551699395263,False,
fedavg_sgd,0.3,15,103,22,34,0.42460699938155466,0.06242480895948164,False,
fedavg_sgd,0.3,15,103,22,35,0.42293629025550833,0.05899601134580155,False,
fedavg_sgd,0.3,15,103,22,36,0.4311051292298107,0.061576385449378455,False,
fedavg_sgd,0.3,15,103,22,37,0.4945322451863925,0.05105919561060522,False,
fedavg_sgd,0.3,15,103,22,38,0.43147386110677294,0.06759858135639787,False,
fedavg_sgd,0.3,15,103,22,39,0.45541689502949534,0.05341011857200817,False,
fedavg_sgd,0.3,15,103,22,40,0.42407137801976513,0.06471531209898053,False,
fedavg_sgd,0.3,15,103,22,41,0.437428910638183,0.05524630768240161,False,
fedavg_sgd,0.3,15,103,22,42,0.43640324746405934,0.05975859379795233,False,
fedavg_sgd,0.3,15,103,22,43,0.4554611600497372,0.05283161522979576,False,
fedavg_sgd,0.3,15,103,22,44,0.447275414733665,0.05825897301524295,False,
fedavg_sgd,0.3,15,103,22,45,0.4441178328954055,0.05430630981508207,False,
fedavg_sgd,0.3,15,103,33,1,0.24255032901264809,0.13545647764031532,False,
fedavg_sgd,0.3,15,103,33,2,0.2455572936320404,0.1417600673291412,False,
fedavg_sgd,0.3,15,103,33,3,0.26391618693037544,0.11179895467149056,False,
fedavg_sgd,0.3,15,103,33,4,0.27697538279348005,0.10646994183629713,False,
fedavg_sgd,0.3,15,103,33,5,0.28440661364731973,0.11615359928810723,False,
fedavg_sgd,0.3,15,103,33,6,0.3120845455573548,0.10050463002548811,False,
fedavg_sgd,0.3,15,103,33,7,0.3022077025911679,0.10046948903823688,False,
fedavg_sgd,0.3,15,103,33,8,0.35062960960567746,0.08642327761871192,False,
fedavg_sgd,0.3,15,103,33,9,0.40127357818276504,0.0831730495838714,False,
fedavg_sgd,0.3,15,103,33,10,0.40021575710495744,0.08046230870664069,False,
fedavg_sgd,0.3,15,103,33,11,0.40161335439949497,0.08242124400489835,False,
fedavg_sgd,0.3,15,103,33,12,0.4180346134915461,0.07047021567742114,False,
fedavg_sgd,0.3,15,103,33,13,0.41059949962438336,0.07639441709600958,False,
fedavg_sgd,0.3,15,103,33,14,0.421610133852359,0.06667624609501605,False,
fedavg_sgd,0.3,15,103,33,15,0.4117973278370763,0.07290781407829454,False,
fedavg_sgd,0.3,15,103,33,16,0.42073134019610053,0.06579772737474283,False,
fedavg_sgd,0.3,15,103,33,17,0.42409531904821723,0.07717161517696042,False,
fedavg_sgd,0.3,15,103,33,18,0.4374648701204838,0.06139142593983912,False,
fedavg_sgd,0.3,15,103,33,19,0.4249171380836177,0.06897589314217133,False,
fedavg_sgd,0.3,15,103,33,20,0.42315720448070926,0.059003522823425296,False,
fedavg_sgd,0.3,15,103,33,21,0.42342765552993256,0.07214172243210504,False,
fedavg_sgd,0.3,15,103,33,22,0.43155528385746966,0.056750292969415306,False,
fedavg_sgd,0.3,15,103,33,23,0.43315035359527854,0.06342683223469713,False,
fedavg_sgd,0.3,15,103,33,24,0.43949999941615214,0.05533275376143922,False,
fedavg_sgd,0.3,15,103,33,25,0.43254759616602617,0.06641062732045218,False,
fedavg_sgd,0.3,15,103,33,26,0.4825228868315631,0.055027743752962495,False,
fedavg_sgd,0.3,15,103,33,27,0.4333654971248531,0.06385015369598747,False,
fedavg_sgd,0.3,15,103,33,28,0.44468089854077725,0.056452169010709354,False,
fedavg_sgd,0.3,15,103,33,29,0.43817018124395984,0.06165584735828454,False,
fedavg_sgd,0.3,15,103,33,30,0.44547583812338254,0.05513704549332329,False,
fedavg_sgd,0.3,15,103,33,31,0.4414308525712125,0.05852055303461286,False,
fedavg_sgd,0.3,15,103,33,32,0.4460842075884288,0.054406110826949836,False,
fedavg_sgd,0.3,15,103,33,33,0.4371486090825519,0.060651440235459285,False,
fedavg_sgd,0.3,15,103,33,34,0.48431954433326996,0.05272343699710596,False,
fedavg_sgd,0.3,15,103,33,35,0.4343750015719352,0.07964599521628277,False,
fedavg_sgd,0.3,15,103,33,36,0.48294000999162456,0.05436643362861594,False,
fedavg_sgd,0.3,15,103,33,37,0.43538595055146095,0.06420605026661201,False,
fedavg_sgd,0.3,15,103,33,38,0.4411847547430998,0.05309728614711472,False,
fedavg_sgd,0.3,15,103,33,39,0.44837826167419503,0.05372855972611029,False,
fedavg_sgd,0.3,15,103,33,40,0.4338982532252793,0.060636680990519456,False,
fedavg_sgd,0.3,15,103,33,41,0.489514490860629,0.0526024133679048,False,
fedavg_sgd,0.3,15,103,33,42,0.43046965753486227,0.06896447682876994,False,
fedavg_sgd,0.3,15,103,33,43,0.4507730283903486,0.05380243312363899,False,
fedavg_sgd,0.3,15,103,33,44,0.4372023861540787,0.05989117470648827,False,
fedavg_sgd,0.3,15,103,33,45,0.4870547504311698,0.05326775102782049,False,
fedavg_sgd,0.3,15,103,44,1,0.2450302759146279,0.13037325058138147,False,
fedavg_sgd,0.3,15,103,44,2,0.24713595725682724,0.13035889949095192,False,
fedavg_sgd,0.3,15,103,44,3,0.2724666284635988,0.10661378302772583,False,
fedavg_sgd,0.3,15,103,44,4,0.2500354884056475,0.11367825600261068,False,
fedavg_sgd,0.3,15,103,44,5,0.2824874416353577,0.10007566259027241,False,
fedavg_sgd,0.3,15,103,44,6,0.3308521590294348,0.09437098885530397,False,
fedavg_sgd,0.3,15,103,44,7,0.34016838718944237,0.09258496567201087,False,
fedavg_sgd,0.3,15,103,44,8,0.3404322772795632,0.09202262060328707,False,
fedavg_sgd,0.3,15,103,44,9,0.3669730284191939,0.08031529533508212,False,
fedavg_sgd,0.3,15,103,44,10,0.35297473795416123,0.08441415310122417,False,
fedavg_sgd,0.3,15,103,44,11,0.37196349290823244,0.07917640268315726,False,
fedavg_sgd,0.3,15,103,44,12,0.37667365300578676,0.07665405764346468,False,
fedavg_sgd,0.3,15,103,44,13,0.3970100247611872,0.07049429632405485,False,
fedavg_sgd,0.3,15,103,44,14,0.40595267266814195,0.0717006119708135,False,
fedavg_sgd,0.3,15,103,44,15,0.4408458560174698,0.06430068717340111,False,
fedavg_sgd,0.3,15,103,44,16,0.3905367045260159,0.07335486769485505,False,
fedavg_sgd,0.3,15,103,44,17,0.43600460374969013,0.06328932363275792,False,
fedavg_sgd,0.3,15,103,44,18,0.393258516598494,0.08984912215548639,False,
fedavg_sgd,0.3,15,103,44,19,0.39263804159110344,0.06469249648827513,False,
fedavg_sgd,0.3,15,103,44,20,0.400678287617229,0.06365704867912755,False,
fedavg_sgd,0.3,15,103,44,21,0.41336665220341773,0.05895014638174963,False,
fedavg_sgd,0.3,15,103,44,22,0.41846559073580275,0.06323590426690741,False,
fedavg_sgd,0.3,15,103,44,23,0.4535404064505281,0.05626501068023073,False,
fedavg_sgd,0.3,15,103,44,24,0.42388579045580776,0.07420729133314688,False,
fedavg_sgd,0.3,15,103,44,25,0.41356630077834394,0.05855437025240788,False,
fedavg_sgd,0.3,15,103,44,26,0.4132616763682362,0.06261508789867988,False,
fedavg_sgd,0.3,15,103,44,27,0.45316376549709947,0.05571416663091878,False,
fedavg_sgd,0.3,15,103,44,28,0.4250214529233485,0.06692471927766164,False,
fedavg_sgd,0.3,15,103,44,29,0.4553838520955218,0.0542748819140329,False,
fedavg_sgd,0.3,15,103,44,30,0.4170215243851354,0.07063435495516787,False,
fedavg_sgd,0.3,15,103,44,31,0.43397282517855656,0.05520392014032844,False,
fedavg_sgd,0.3,15,103,44,32,0.42652158363974224,0.060623277627696405,False,
fedavg_sgd,0.3,15,103,44,33,0.46172429844838736,0.052695220565733884,False,
fedavg_sgd,0.3,15,103,44,34,0.42305355705825687,0.07093084701085269,False,
fedavg_sgd,0.3,15,103,44,35,0.4338339190243359,0.05350590518817357,False,
fedavg_sgd,0.3,15,103,44,36,0.42984094216767077,0.057583435582255656,False,
fedavg_sgd,0.3,15,103,44,37,0.43725104194985354,0.05492225999955406,False,
fedavg_sgd,0.3,15,103,44,38,0.4314452102024011,0.05790155696688362,False,
fedavg_sgd,0.3,15,103,44,39,0.4634870625734556,0.053632169052307936,False,
fedavg_sgd,0.3,15,103,44,40,0.433556095564011,0.06309940321260506,False,
fedavg_sgd,0.3,15,103,44,41,0.4853515968902371,0.05240507445963573,False,
fedavg_sgd,0.3,15,103,44,42,0.4359809193733091,0.0721421356671602,False,
fedavg_sgd,0.3,15,103,44,43,0.4598258488024826,0.05235901316483402,False,
fedavg_sgd,0.3,15,103,44,44,0.4266912592309302,0.06031661205483033,False,
fedavg_sgd,0.3,15,103,44,45,0.4309175858903138,0.05573250564062487,False,
fedavg_sgd,0.3,15,103,55,1,0.2423896568640465,0.14743784854163935,False,
fedavg_sgd,0.3,15,103,55,2,0.24618646348226875,0.14062947608994744,False,
fedavg_sgd,0.3,15,103,55,3,0.24757654608557203,0.11754571698646009,False,
fedavg_sgd,0.3,15,103,55,4,0.2542715058391959,0.11063387887485089,False,
fedavg_sgd,0.3,15,103,55,5,0.26702048912563014,0.10836692326482515,False,
fedavg_sgd,0.3,15,103,55,6,0.3176112328498183,0.0947498451030359,False,
fedavg_sgd,0.3,15,103,55,7,0.35047961091137264,0.09509826975533642,False,
fedavg_sgd,0.3,15,103,55,8,0.38886909799249747,0.0841063690095674,False,
fedavg_sgd,0.3,15,103,55,9,0.3811771568005865,0.09003593843933394,False,
fedavg_sgd,0.3,15,103,55,10,0.4448070870834464,0.07767897877830197,False,
fedavg_sgd,0.3,15,103,55,11,0.4002082349578481,0.08909313468690873,False,
fedavg_sgd,0.3,15,103,55,12,0.41939874299095103,0.069310781426225,False,
fedavg_sgd,0.3,15,103,55,13,0.40459774701058215,0.07629415843806064,False,
fedavg_sgd,0.3,15,103,55,14,0.402783169183479,0.06968527716699408,False,
fedavg_sgd,0.3,15,103,55,15,0.41096532724545176,0.07408715523776607,False,
fedavg_sgd,0.3,15,103,55,16,0.4109252474614097,0.06651237382407399,False,
fedavg_sgd,0.3,15,103,55,17,0.4042458446099372,0.06777063310804686,False,
fedavg_sgd,0.3,15,103,55,18,0.41585922313411167,0.06232298650985671,False,
fedavg_sgd,0.3,15,103,55,19,0.4054841269615365,0.06338701458978624,False,
fedavg_sgd,0.3,15,103,55,20,0.4142923983935121,0.06140040149987483,False,
fedavg_sgd,0.3,15,103,55,21,0.4207484681314222,0.06131922017055986,False,
fedavg_sgd,0.3,15,103,55,22,0.42621691242087084,0.06090350461611394,False,
fedavg_sgd,0.3,15,103,55,23,0.4276669978865152,0.058862232656581075,False,
fedavg_sgd,0.3,15,103,55,24,0.43784616615799293,0.05620050205914676,False,
fedavg_sgd,0.3,15,103,55,25,0.4285001137763339,0.06083781657043428,False,
fedavg_sgd,0.3,15,103,55,26,0.47177414836278725,0.054377072394800684,False,
fedavg_sgd,0.3,15,103,55,27,0.41576562993611876,0.0714690542904154,False,
fedavg_sgd,0.3,15,103,55,28,0.48965157470816617,0.052138105353415926,False,
fedavg_sgd,0.3,15,103,55,29,0.4184070031871882,0.06898341349741391,False,
fedavg_sgd,0.3,15,103,55,30,0.42516878882916487,0.05593794023288735,False,
fedavg_sgd,0.3,15,103,55,31,0.41836555469325076,0.06661190296755266,False,
fedavg_sgd,0.3,15,103,55,32,0.46391848905146055,0.05387160300964077,False,
fedavg_sgd,0.3,15,103,55,33,0.4332811561224388,0.06482935159889366,False,
fedavg_sgd,0.3,15,103,55,34,0.4399829803849777,0.054791553627677445,False,
fedavg_sgd,0.3,15,103,55,35,0.4263012992503242,0.0587946072888953,False,
fedavg_sgd,0.3,15,103,55,36,0.49618746162381266,0.05225580078639704,False,
fedavg_sgd,0.3,15,103,55,37,0.4276124961408542,0.07521778697093695,False,
fedavg_sgd,0.3,15,103,55,38,0.437941665046633,0.051697863967459415,False,
fedavg_sgd,0.3,15,103,55,39,0.43678527649658105,0.0643016313883825,False,
fedavg_sgd,0.3,15,103,55,40,0.45798277846111035,0.051965705449476145,False,
fedavg_sgd,0.3,15,103,55,41,0.43102805050232157,0.0577326751762085,False,
fedavg_sgd,0.3,15,103,55,42,0.4660651994269933,0.05227757993756669,False,
fedavg_sgd,0.3,15,103,55,43,0.43152380202640933,0.06340042022427322,False,
fedavg_sgd,0.3,15,103,55,44,0.49110728820134736,0.051582397093881585,False,
fedavg_sgd,0.3,15,103,55,45,0.43119763124690835,0.0706686200094901,False,
fednova_sgd,0.3,15,103,11,1,0.20821905286627304,0.13299642874628367,False,
fednova_sgd,0.3,15,103,11,2,0.22278304193955714,0.1040871567200524,False,
fednova_sgd,0.3,15,103,11,3,0.30222156103926257,0.09273921991085884,False,
fednova_sgd,0.3,15,103,11,4,0.3150389766783805,0.08456940916080907,False,
fednova_sgd,0.3,15,103,11,5,0.30398882518384895,0.08382323995161817,False,
fednova_sgd,0.3,15,103,11,6,0.26811665422831255,0.09463043946854109,False,
fednova_sgd,0.3,15,103,11,7,0.2881949756085617,0.10263059451770315,False,
fednova_sgd,0.3,15,103,11,8,0.3110326967300582,0.10120906391171516,False,
fednova_sgd,0.3,15,103,11,9,0.3445499026939453,0.07225632056930183,False,
fednova_sgd,0.3,15,103,11,10,0.362182233868347,0.06293944217716917,False,
fednova_sgd,0.3,15,103,11,11,0.3802033735556101,0.061076549210781275,False,
fednova_sgd,0.3,15,103,11,12,0.4153942654802366,0.055111667723980975,False,
fednova_sgd,0.3,15,103,11,13,0.37663249806357435,0.06260969576847014,False,
fednova_sgd,0.3,15,103,11,14,0.38725028976142517,0.05881148593152995,False,
fednova_sgd,0.3,15,103,11,15,0.35886702147833,0.08035472053912066,False,
fednova_sgd,0.3,15,103,11,16,0.4165279544183785,0.06238836460450257,False,
fednova_sgd,0.3,15,103,11,17,0.37908331343627943,0.07241829412339318,False,
fednova_sgd,0.3,15,103,11,18,0.4274642475069801,0.05595167860663926,False,
fednova_sgd,0.3,15,103,11,19,0.3849853205377347,0.06623500989766115,False,
fednova_sgd,0.3,15,103,11,20,0.4279549595009433,0.056264353666778864,False,
fednova_sgd,0.3,15,103,11,21,0.3742863451223038,0.0672783355973923,False,
fednova_sgd,0.3,15,103,11,22,0.43775594549662894,0.05556716657722079,False,
fednova_sgd,0.3,15,103,11,23,0.3920472245763435,0.06362899997714584,False,
fednova_sgd,0.3,15,103,11,24,0.4416909388581335,0.05591981367343541,False,
fednova_sgd,0.3,15,103,11,25,0.40453035848651225,0.06257967553074864,False,
fednova_sgd,0.3,15,103,11,26,0.46515358018449465,0.05429877633837969,False,
fednova_sgd,0.3,15,103,11,27,0.39998861802818103,0.061581596972816496,False,
fednova_sgd,0.3,15,103,11,28,0.4407856858457034,0.0554555080762666,False,
fednova_sgd,0.3,15,103,11,29,0.403035337730933,0.06199707806355105,False,
fednova_sgd,0.3,15,103,11,30,0.46957554141643804,0.052782778702429346,False,
fednova_sgd,0.3,15,103,11,31,0.39727042002512425,0.05918198493014847,False,
fednova_sgd,0.3,15,103,11,32,0.45259618376285143,0.0514540993365743,False,
fednova_sgd,0.3,15,103,11,33,0.404511865020526,0.06282833585396475,False,
fednova_sgd,0.3,15,103,11,34,0.4596197660343062,0.0537482110097058,False,
fednova_sgd,0.3,15,103,11,35,0.4013328125016542,0.05767383074808173,False,
fednova_sgd,0.3,15,103,11,36,0.4763792732561223,0.05186014733707724,False,
fednova_sgd,0.3,15,103,11,37,0.4130608238441226,0.06068672811435749,False,
fednova_sgd,0.3,15,103,11,38,0.46464804393876225,0.05199093339404672,False,
fednova_sgd,0.3,15,103,11,39,0.4121578527157135,0.0569783510979382,False,
fednova_sgd,0.3,15,103,11,40,0.4931792089154152,0.050036184983073426,False,
fednova_sgd,0.3,15,103,11,41,0.4248966342972862,0.05608415105793488,False,
fednova_sgd,0.3,15,103,11,42,0.4949896926297039,0.04906181857773506,False,
fednova_sgd,0.3,15,103,11,43,0.440678428005945,0.057998273366799545,False,
fednova_sgd,0.3,15,103,11,44,0.49846078658207066,0.04931478378378201,False,
fednova_sgd,0.3,15,103,11,45,0.445364394774577,0.05509901521220818,False,
fednova_sgd,0.3,15,103,22,1,0.21652502186147768,0.1283820582932743,False,
fednova_sgd,0.3,15,103,22,2,0.20914210477052977,0.104830014338406,False,
fednova_sgd,0.3,15,103,22,3,0.24921867693177832,0.09820831162538997,False,
fednova_sgd,0.3,15,103,22,4,0.24802292402604043,0.09297316756503997,False,
fednova_sgd,0.3,15,103,22,5,0.24969222712867845,0.10372153983409466,False,
fednova_sgd,0.3,15,103,22,6,0.27254735047405243,0.10362262562245399,False,
fednova_sgd,0.3,15,103,22,7,0.2984370189919969,0.08381096998317518,False,
fednova_sgd,0.3,15,103,22,8,0.33843928544791524,0.07552784585489469,False,
fednova_sgd,0.3,15,103,22,9,0.3642797352920409,0.07359898012771679,False,
fednova_sgd,0.3,15,103,22,10,0.37082397989149957,0.06503941181096301,False,
fednova_sgd,0.3,15,103,22,11,0.37221519457426677,0.06680058785621922,False,
fednova_sgd,0.3,15,103,22,12,0.39208507259511527,0.06356516016890923,False,
fednova_sgd,0.3,15,103,22,13,0.36629828814997595,0.07496220701365526,False,
fednova_sgd,0.3,15,103,22,14,0.412805036784768,0.06341841239500258,False,
fednova_sgd,0.3,15,103,22,15,0.36988218936475337,0.08030773426904766,False,
fednova_sgd,0.3,15,103,22,16,0.44942014218350046,0.05957858605411254,False,
fednova_sgd,0.3,15,103,22,17,0.37917649455392843,0.06813371496241259,False,
fednova_sgd,0.3,15,103,22,18,0.4518457539838565,0.05754799171979059,False,
fednova_sgd,0.3,15,103,22,19,0.3932127689388349,0.06588583803160758,False,
fednova_sgd,0.3,15,103,22,20,0.4670909320997596,0.0576138178311543,False,
fednova_sgd,0.3,15,103,22,21,0.4135799339447469,0.0647039132954666,False,
fednova_sgd,0.3,15,103,22,22,0.45705100669556725,0.056825307323313555,False,
fednova_sgd,0.3,15,103,22,23,0.398257086988399,0.06550335967049484,False,
fednova_sgd,0.3,15,103,22,24,0.460127294670296,0.057275551727527386,False,
fednova_sgd,0.3,15,103,22,25,0.4006237700837558,0.06946257639427532,False,
fednova_sgd,0.3,15,103,22,26,0.4811223561747837,0.0556800640992993,False,
fednova_sgd,0.3,15,103,22,27,0.40945748859158293,0.06292679667017088,False,
fednova_sgd,0.3,15,103,22,28,0.47001099688767334,0.054727365844294135,False,
fednova_sgd,0.3,15,103,22,29,0.39615194237335877,0.06485572152925374,False,
fednova_sgd,0.3,15,103,22,30,0.44229819536124765,0.05683399769168768,False,
fednova_sgd,0.3,15,103,22,31,0.39836808813761077,0.06967993652664975,False,
fednova_sgd,0.3,15,103,22,32,0.4402851701768138,0.05567046591957321,False,
fednova_sgd,0.3,15,103,22,33,0.40541417828571535,0.06880431989436028,False,
fednova_sgd,0.3,15,103,22,34,0.4741481829598179,0.05371946786423673,False,
fednova_sgd,0.3,15,103,22,35,0.41268294469750644,0.06230118870224927,False,
fednova_sgd,0.3,15,103,22,36,0.5028530817215932,0.05381535308128939,False,
fednova_sgd,0.3,15,103,22,37,0.4320373215909503,0.05999474254554471,False,
fednova_sgd,0.3,15,103,22,38,0.49914453741201403,0.05223558215416822,False,
fednova_sgd,0.3,15,103,22,39,0.41415106623542736,0.060481114450673806,False,
fednova_sgd,0.3,15,103,22,40,0.48314485009087643,0.05336470505595782,False,
fednova_sgd,0.3,15,103,22,41,0.424374394970672,0.06344965857481605,False,
fednova_sgd,0.3,15,103,22,42,0.5074720050062222,0.05164174769784924,False,
fednova_sgd,0.3,15,103,22,43,0.4283489568260639,0.061229712926506794,False,
fednova_sgd,0.3,15,103,22,44,0.4981651241306124,0.05134790815979758,False,
fednova_sgd,0.3,15,103,22,45,0.43161894652257443,0.05969627450524761,False,
fednova_sgd,0.3,15,103,33,1,0.23705770424703262,0.12656286845646092,False,
fednova_sgd,0.3,15,103,33,2,0.23589715971170092,0.10193630504544841,False,
fednova_sgd,0.3,15,103,33,3,0.24895616577267723,0.09805863672600393,False,
fednova_sgd,0.3,15,103,33,4,0.2917072171151979,0.09515054645593428,False,
fednova_sgd,0.3,15,103,33,5,0.24967579411295832,0.09297662288108069,False,
fednova_sgd,0.3,15,103,33,6,0.2533414845505277,0.10686220331548946,False,
fednova_sgd,0.3,15,103,33,7,0.3000465142581593,0.08307643224836413,False,
fednova_sgd,0.3,15,103,33,8,0.305582673058011,0.07972287445431021,False,
fednova_sgd,0.3,15,103,33,9,0.32333145746077396,0.0742232979129029,False,
fednova_sgd,0.3,15,103,33,10,0.3907663869095596,0.0691833964508748,False,
fednova_sgd,0.3,15,103,33,11,0.37856303651869405,0.06645578694492037,False,
fednova_sgd,0.3,15,103,33,12,0.40928703273838013,0.06134219217221095,False,
fednova_sgd,0.3,15,103,33,13,0.3892616417866261,0.06152275367054008,False,
fednova_sgd,0.3,15,103,33,14,0.4026335977261381,0.05861183926007207,False,
fednova_sgd,0.3,15,103,33,15,0.4136623077188918,0.06280455041783814,False,
fednova_sgd,0.3,15,103,33,16,0.40379033352283655,0.056812952765322396,False,
fednova_sgd,0.3,15,103,33,17,0.40010647446026026,0.06526630018153405,False,
fednova_sgd,0.3,15,103,33,18,0.43520532062469797,0.05523290577830103,False,
fednova_sgd,0.3,15,103,33,19,0.39462518416007863,0.06762266297886513,False,
fednova_sgd,0.3,15,103,33,20,0.42522349070275106,0.06431529703864872,False,
fednova_sgd,0.3,15,103,33,21,0.3791714740674669,0.07951650680528151,False,
fednova_sgd,0.3,15,103,33,22,0.44966333037943823,0.0618670045349863,False,
fednova_sgd,0.3,15,103,33,23,0.3962075318458343,0.07176900199051658,False,
fednova_sgd,0.3,15,103,33,24,0.47764850130034653,0.05368145202274359,False,
fednova_sgd,0.3,15,103,33,25,0.3983683624188289,0.060967196636659324,False,
fednova_sgd,0.3,15,103,33,26,0.4705062208666895,0.053458426290947554,False,
fednova_sgd,0.3,15,103,33,27,0.3999377381449475,0.062018942406524516,False,
fednova_sgd,0.3,15,103,33,28,0.4567717149538893,0.05310974913371537,False,
fednova_sgd,0.3,15,103,33,29,0.42036261925213647,0.061486268415078774,False,
fednova_sgd,0.3,15,103,33,30,0.4720784693812101,0.052699204341295894,False,
fednova_sgd,0.3,15,103,33,31,0.42830001882143637,0.05713561231340087,False,
fednova_sgd,0.3,15,103,33,32,0.4819561450959887,0.05170829875971547,False,
fednova_sgd,0.3,15,103,33,33,0.41692784855558934,0.06245867738508086,False,
fednova_sgd,0.3,15,103,33,34,0.4412590317752867,0.05496294446547178,False,
fednova_sgd,0.3,15,103,33,35,0.4112974298873623,0.06392257528433289,False,
fednova_sgd,0.3,15,103,33,36,0.44697828139750473,0.05338949210614891,False,
fednova_sgd,0.3,15,103,33,37,0.40269188914841086,0.06183574842607994,False,
fednova_sgd,0.3,15,103,33,38,0.4950445619749536,0.050782225716748564,False,
fednova_sgd,0.3,15,103,33,39,0.4175798741232381,0.05555681183727366,False,
fednova_sgd,0.3,15,103,33,40,0.5215240853025106,0.05140673018947965,False,
fednova_sgd,0.3,15,103,33,41,0.42046519471396265,0.05392495292028245,False,
fednova_sgd,0.3,15,103,33,42,0.5135269391787293,0.050004302765800826,False,
fednova_sgd,0.3,15,103,33,43,0.42424287459730187,0.05967108430048366,False,
fednova_sgd,0.3,15,103,33,44,0.4855763388959155,0.05256824739055615,False,
fednova_sgd,0.3,15,103,33,45,0.4155658937572573,0.058762064575034474,False,
fednova_sgd,0.3,15,103,44,1,0.24065540825896636,0.11965402518147383,False,
fednova_sgd,0.3,15,103,44,2,0.28542305949470753,0.10134520033318002,False,
fednova_sgd,0.3,15,103,44,3,0.3210323375866435,0.08812055990886337,False,
fednova_sgd,0.3,15,103,44,4,0.27896687662254993,0.08991616418815183,False,
fednova_sgd,0.3,15,103,44,5,0.28620066304209174,0.0895635761079588,False,
fednova_sgd,0.3,15,103,44,6,0.27500469054919985,0.10417268428148473,False,
fednova_sgd,0.3,15,103,44,7,0.2549171627198481,0.10260262185237017,False,
fednova_sgd,0.3,15,103,44,8,0.3361590543097957,0.06939659632663538,False,
fednova_sgd,0.3,15,103,44,9,0.36186369005450125,0.06358541243691045,False,
fednova_sgd,0.3,15,103,44,10,0.3409322593457135,0.06047897614696594,False,
fednova_sgd,0.3,15,103,44,11,0.4120593643490937,0.0608455893181307,False,
fednova_sgd,0.3,15,103,44,12,0.35539852864390414,0.06171980055258551,False,
fednova_sgd,0.3,15,103,44,13,0.3547086085682781,0.06943371718573442,False,
fednova_sgd,0.3,15,103,44,14,0.3586588886507114,0.07633765239814144,False,
fednova_sgd,0.3,15,103,44,15,0.37496347671213043,0.06720953734970647,False,
fednova_sgd,0.3,15,103,44,16,0.3681855245879169,0.061843709119078834,False,
fednova_sgd,0.3,15,103,44,17,0.375363450050737,0.06477814422529084,False,
fednova_sgd,0.3,15,103,44,18,0.36587479572051573,0.06818997370397316,False,
fednova_sgd,0.3,15,103,44,19,0.3975631242155967,0.06120034065865679,False,
fednova_sgd,0.3,15,103,44,20,0.3775417793645491,0.060905969058886886,False,
fednova_sgd,0.3,15,103,44,21,0.4040085056127263,0.058774877835684525,False,
fednova_sgd,0.3,15,103,44,22,0.38195752558823737,0.06120040505781523,False,
fednova_sgd,0.3,15,103,44,23,0.398498171071805,0.05981123020394801,False,
fednova_sgd,0.3,15,103,44,24,0.40315274283732583,0.05969760656699765,False,
fednova_sgd,0.3,15,103,44,25,0.45146105179173573,0.05555895193646043,False,
fednova_sgd,0.3,15,103,44,26,0.40511809455397,0.056035952692668534,False,
fednova_sgd,0.3,15,103,44,27,0.41984540906464496,0.05765170290258052,False,
fednova_sgd,0.3,15,103,44,28,0.39778187875763,0.05891083864546415,False,
fednova_sgd,0.3,15,103,44,29,0.41620967063018566,0.05865357334447939,False,
fednova_sgd,0.3,15,103,44,30,0.40622451830394435,0.0610301030787666,False,
fednova_sgd,0.3,15,103,44,31,0.4664829443353102,0.056035603042761194,False,
fednova_sgd,0.3,15,103,44,32,0.4037066543940792,0.05485670282303297,False,
fednova_sgd,0.3,15,103,44,33,0.42864871286726847,0.05675767926449842,False,
fednova_sgd,0.3,15,103,44,34,0.4136373969364887,0.057464039645507774,False,
fednova_sgd,0.3,15,103,44,35,0.44810879252142016,0.055623575186372884,False,
fednova_sgd,0.3,15,103,44,36,0.4111864901342483,0.05580767956697649,False,
fednova_sgd,0.3,15,103,44,37,0.46724550745330906,0.05322883136550037,False,
fednova_sgd,0.3,15,103,44,38,0.4206658328607256,0.05648466442286214,False,
fednova_sgd,0.3,15,103,44,39,0.45057023182704814,0.05441719215068124,False,
fednova_sgd,0.3,15,103,44,40,0.43541047676495764,0.053426145407350044,False,
fednova_sgd,0.3,15,103,44,41,0.47558265383686066,0.05426238361702222,False,
fednova_sgd,0.3,15,103,44,42,0.42883098674493003,0.05734379191895072,False,
fednova_sgd,0.3,15,103,44,43,0.46871790651201245,0.05299428650783338,False,
fednova_sgd,0.3,15,103,44,44,0.43939234699345925,0.0524926400617737,False,
fednova_sgd,0.3,15,103,44,45,0.5041198419931363,0.05417430119051157,False,
fednova_sgd,0.3,15,103,55,1,0.2082544082224909,0.14460078439027116,False,
fednova_sgd,0.3,15,103,55,2,0.28807488078934707,0.10443181259326054,False,
fednova_sgd,0.3,15,103,55,3,0.2695589037319892,0.0938553494131938,False,
fednova_sgd,0.3,15,103,55,4,0.24675457805370649,0.08899854361403077,False,
fednova_sgd,0.3,15,103,55,5,0.2541334053074382,0.09755158690157481,False,
fednova_sgd,0.3,15,103,55,6,0.25038370397853593,0.10609799340169708,False,
fednova_sgd,0.3,15,103,55,7,0.3037598267674818,0.08498853078156174,False,
fednova_sgd,0.3,15,103,55,8,0.3202385093789723,0.0817473572773314,False,
fednova_sgd,0.3,15,103,55,9,0.32434458871806177,0.07536957519029674,False,
fednova_sgd,0.3,15,103,55,10,0.38220611672454213,0.06709786273931083,False,
fednova_sgd,0.3,15,103,55,11,0.3921234359298908,0.0629425118658428,False,
fednova_sgd,0.3,15,103,55,12,0.41009609884300047,0.05821624824668731,False,
fednova_sgd,0.3,15,103,55,13,0.3766938415633224,0.06575495908525218,False,
fednova_sgd,0.3,15,103,55,14,0.4081934205425962,0.061169486375970444,False,
fednova_sgd,0.3,15,103,55,15,0.3758991894103748,0.0815401184367284,False,
fednova_sgd,0.3,15,103,55,16,0.4321115652361867,0.057686609134131275,False,
fednova_sgd,0.3,15,103,55,17,0.38199044924538406,0.0709293385279653,False,
fednova_sgd,0.3,15,103,55,18,0.46116306047859656,0.05550889285588553,False,
fednova_sgd,0.3,15,103,55,19,0.39473163484793083,0.06245040672438476,False,
fednova_sgd,0.3,15,103,55,20,0.4714496140873598,0.05525864896293922,False,
fednova_sgd,0.3,15,103,55,21,0.41787548366600485,0.06492921580184263,False,
fednova_sgd,0.3,15,103,55,22,0.46660669494734475,0.05511938454520024,False,
fednova_sgd,0.3,15,103,55,23,0.40421169998709927,0.06258873687422876,False,
fednova_sgd,0.3,15,103,55,24,0.4590963349232086,0.0542885809134976,False,
fednova_sgd,0.3,15,103,55,25,0.4056088988695332,0.06219017248717934,False,
fednova_sgd,0.3,15,103,55,26,0.46476862270085056,0.05215276875026898,False,
fednova_sgd,0.3,15,103,55,27,0.4004785705343752,0.06237064093750272,False,
fednova_sgd,0.3,15,103,55,28,0.4588164526732639,0.05159614911790497,False,
fednova_sgd,0.3,15,103,55,29,0.41019567163573445,0.05999311531823673,False,
fednova_sgd,0.3,15,103,55,30,0.490275484042249,0.051059191018902675,False,
fednova_sgd,0.3,15,103,55,31,0.4323981459538357,0.059729267374705,False,
fednova_sgd,0.3,15,103,55,32,0.4790663835491926,0.05213750531181341,False,
fednova_sgd,0.3,15,103,55,33,0.4117158156085849,0.061325758361747904,False,
fednova_sgd,0.3,15,103,55,34,0.49238057567386356,0.05085019896730504,False,
fednova_sgd,0.3,15,103,55,35,0.43764310700651043,0.05772569418085623,False,
fednova_sgd,0.3,15,103,55,36,0.4796571652728635,0.05023684530456799,False,
fednova_sgd,0.3,15,103,55,37,0.42370428384784975,0.06249290561692245,False,
fednova_sgd,0.3,15,103,55,38,0.49494880334527047,0.05044728765413431,False,
fednova_sgd,0.3,15,103,55,39,0.4328550583322184,0.05776848505665356,False,
fednova_sgd,0.3,15,103,55,40,0.511072144967514,0.04840040626273629,False,
fednova_sgd,0.3,15,103,55,41,0.42499823165044076,0.05531752074129323,False,
fednova_sgd,0.3,15,103,55,42,0.5155363315051431,0.048810911901435695,False,
fednova_sgd,0.3,15,103,55,43,0.45670974658026026,0.056846729532452595,False,
fednova_sgd,0.3,15,103,55,44,0.5057831089836239,0.048873412346800295,False,
fednova_sgd,0.3,15,103,55,45,0.4466807617371984,0.05884819770522329,False,
fedavg_sgd,1.0,10,101,11,1,0.21632095094775905,0.11877593895248661,False,
fedavg_sgd,1.0,10,101,11,2,0.3071082961701288,0.12194411473218753,False,
fedavg_sgd,1.0,10,101,11,3,0.31542994479005526,0.10320431401410723,False,
fedavg_sgd,1.0,10,101,11,4,0.32512455348547376,0.09153788104119166,False,
fedavg_sgd,1.0,10,101,11,5,0.35112478423490523,0.08324898861349972,False,
fedavg_sgd,1.0,10,101,11,6,0.41608520846951963,0.07887860469502193,False,
fedavg_sgd,1.0,10,101,11,7,0.3920513081192499,0.0732269703226459,False,
fedavg_sgd,1.0,10,101,11,8,0.4015365252228659,0.0727485580002237,False,
fedavg_sgd,1.0,10,101,11,9,0.3862137997560179,0.06593933795484738,False,
fedavg_sgd,1.0,10,101,11,10,0.41882303633303036,0.0670341461580028,False,
fedavg_sgd,1.0,10,101,11,11,0.4049283091000641,0.06384709477620394,False,
fedavg_sgd,1.0,10,101,11,12,0.45855623091466274,0.06278160153991169,False,
fedavg_sgd,1.0,10,101,11,13,0.4229974770611759,0.06572507349780529,False,
fedavg_sgd,1.0,10,101,11,14,0.43901735524804325,0.056688879671645834,False,
fedavg_sgd,1.0,10,101,11,15,0.41514913040136864,0.06281489495618546,False,
fedavg_sgd,1.0,10,101,11,16,0.43312249824045523,0.059157429302956775,False,
fedavg_sgd,1.0,10,101,11,17,0.42927988625797686,0.05359662596575059,False,
fedavg_sgd,1.0,10,101,11,18,0.44033865236533953,0.05817747572447112,False,
fedavg_sgd,1.0,10,101,11,19,0.4759551270985716,0.04941231332543524,False,
fedavg_sgd,1.0,10,101,11,20,0.44907691427814744,0.05629867185441753,False,
fedavg_sgd,1.0,10,101,11,21,0.467557465587663,0.052620047287426606,False,
fedavg_sgd,1.0,10,101,11,22,0.458671186951209,0.05136191680335948,False,
fedavg_sgd,1.0,10,101,11,23,0.5050813685509692,0.055661874439406143,False,
fedavg_sgd,1.0,10,101,11,24,0.5235674338035943,0.051954513228587816,False,
fedavg_sgd,1.0,10,101,11,25,0.49397208371157475,0.0525689725067698,False,
fedavg_sgd,1.0,10,101,11,26,0.4919987265423511,0.05176646132520625,False,
fedavg_sgd,1.0,10,101,11,27,0.4800492592920968,0.05406420279372649,False,
fedavg_sgd,1.0,10,101,11,28,0.5125487473413933,0.050411254157591755,False,
fedavg_sgd,1.0,10,101,11,29,0.46387568095697534,0.05498473277843038,False,
fedavg_sgd,1.0,10,101,11,30,0.539279708695259,0.0517401675433984,False,
fedavg_sgd,1.0,10,101,11,31,0.4833509301749003,0.05182407108091886,False,
fedavg_sgd,1.0,10,101,11,32,0.5527715046416187,0.04968870184027487,False,
fedavg_sgd,1.0,10,101,11,33,0.46283113080053073,0.053655354085922646,False,
fedavg_sgd,1.0,10,101,11,34,0.5728330646048653,0.05058224831089471,False,
fedavg_sgd,1.0,10,101,11,35,0.4864386488525436,0.05176054507351112,False,
fedavg_sgd,1.0,10,101,11,36,0.5182518424777948,0.05042180905814177,False,
fedavg_sgd,1.0,10,101,11,37,0.5287727097666552,0.050504399842212305,False,
fedavg_sgd,1.0,10,101,11,38,0.4874637590785581,0.05285516201447034,False,
fedavg_sgd,1.0,10,101,11,39,0.532750853550356,0.050008248798284555,False,
fedavg_sgd,1.0,10,101,11,40,0.5012752048935762,0.05071407462296133,False,
fedavg_sgd,1.0,10,101,11,41,0.5633894071320231,0.04850965415948801,False,
fedavg_sgd,1.0,10,101,11,42,0.503098259123635,0.052312565531161564,False,
fedavg_sgd,1.0,10,101,11,43,0.5701505012152267,0.04889093192535293,False,
fedavg_sgd,1.0,10,101,11,44,0.5549117499857986,0.05033629904601344,False,
fedavg_sgd,1.0,10,101,11,45,0.5219324143205135,0.05001583380021864,False,
fedavg_sgd,1.0,10,101,22,1,0.23939126008230607,0.11924258536964964,False,
fedavg_sgd,1.0,10,101,22,2,0.31700783288492407,0.11206433605926318,False,
fedavg_sgd,1.0,10,101,22,3,0.34929454622499845,0.1121243819563814,False,
fedavg_sgd,1.0,10,101,22,4,0.3225039579620792,0.0924817230370154,False,
fedavg_sgd,1.0,10,101,22,5,0.34179501542212104,0.09085721478994137,False,
fedavg_sgd,1.0,10,101,22,6,0.3546047844012945,0.08200485353256347,False,
fedavg_sgd,1.0,10,101,22,7,0.4016463761091787,0.0807470204172044,False,
fedavg_sgd,1.0,10,101,22,8,0.3843902717708734,0.07596377558025338,False,
fedavg_sgd,1.0,10,101,22,9,0.4109750637060033,0.07229941268913129,False,
fedavg_sgd,1.0,10,101,22,10,0.40858477219547734,0.07100564761990369,False,
fedavg_sgd,1.0,10,101,22,11,0.3929535195181955,0.07021619420796693,False,
fedavg_sgd,1.0,10,101,22,12,0.4152701560504412,0.06763636485848479,False,
fedavg_sgd,1.0,10,101,22,13,0.4118428285158729,0.06725900310281395,False,
fedavg_sgd,1.0,10,101,22,14,0.4098232997435983,0.06402733167124888,False,
fedavg_sgd,1.0,10,101,22,15,0.45717785616630024,0.061315385655613085,False,
fedavg_sgd,1.0,10,101,22,16,0.452017916027196,0.060134358935028824,False,
fedavg_sgd,1.0,10,101,22,17,0.4380907047437884,0.06133523863452324,False,
fedavg_sgd,1.0,10,101,22,18,0.4351215063894021,0.06037105118778888,False,
fedavg_sgd,1.0,10,101,22,19,0.45178254552060515,0.059079794116281066,False,
fedavg_sgd,1.0,10,101,22,20,0.5100297180667569,0.060159631675237885,False,
fedavg_sgd,1.0,10,101,22,21,0.4428643003759547,0.062328926678381504,False,
fedavg_sgd,1.0,10,101,22,22,0.5316493975753425,0.056931674772742955,False,
fedavg_sgd,1.0,10,101,22,23,0.4340344687996987,0.06500291665396672,False,
fedavg_sgd,1.0,10,101,22,24,0.5374396024814134,0.05910087337839801,False,
fedavg_sgd,1.0,10,101,22,25,0.4553066958041561,0.0619446922720138,False,
fedavg_sgd,1.0,10,101,22,26,0.5109420805686796,0.05836579506454374,False,
fedavg_sgd,1.0,10,101,22,27,0.4658364608570986,0.06010173011672226,False,
fedavg_sgd,1.0,10,101,22,28,0.4887806041733668,0.056365173769013885,False,
fedavg_sgd,1.0,10,101,22,29,0.5066744818175423,0.059438576189371595,False,
fedavg_sgd,1.0,10,101,22,30,0.501649803172841,0.0600189589912065,False,
fedavg_sgd,1.0,10,101,22,31,0.47904087355001906,0.060944509275765855,False,
fedavg_sgd,1.0,10,101,22,32,0.499392565235157,0.06001332853218352,False,
fedavg_sgd,1.0,10,101,22,33,0.5186496719389984,0.059708588410670685,False,
fedavg_sgd,1.0,10,101,22,34,0.5171037183720921,0.05617886625962866,False,
fedavg_sgd,1.0,10,101,22,35,0.5294161339745319,0.05831557525177214,False,
fedavg_sgd,1.0,10,101,22,36,0.5036492064758322,0.058670109206504215,False,
fedavg_sgd,1.0,10,101,22,37,0.5578743006151515,0.05614061592651048,False,
fedavg_sgd,1.0,10,101,22,38,0.5162254045035242,0.058379983418896934,False,
fedavg_sgd,1.0,10,101,22,39,0.5457540358132912,0.05771392680331743,False,
fedavg_sgd,1.0,10,101,22,40,0.49908478173193394,0.058595629461564144,False,
fedavg_sgd,1.0,10,101,22,41,0.6052220118678355,0.05997025771404052,False,
fedavg_sgd,1.0,10,101,22,42,0.46968362275515596,0.060023465318298753,False,
fedavg_sgd,1.0,10,101,22,43,0.619339893047137,0.057101591482281625,False,
fedavg_sgd,1.0,10,101,22,44,0.4927874854992205,0.06097426665921239,False,
fedavg_sgd,1.0,10,101,22,45,0.6047468058400997,0.058685407996644075,False,
fedavg_sgd,1.0,10,101,33,1,0.21092081731873927,0.12116508100204547,False,
fedavg_sgd,1.0,10,101,33,2,0.3034352293181927,0.11764508662343508,False,
fedavg_sgd,1.0,10,101,33,3,0.3159051660391158,0.10510843918564927,False,
fedavg_sgd,1.0,10,101,33,4,0.32965500783021173,0.09442898282958476,False,
fedavg_sgd,1.0,10,101,33,5,0.35270946778198753,0.08587598730610656,False,
fedavg_sgd,1.0,10,101,33,6,0.35839382247316137,0.0779596060236749,False,
fedavg_sgd,1.0,10,101,33,7,0.3997488379284996,0.07534277219518798,False,
fedavg_sgd,1.0,10,101,33,8,0.3774434268119685,0.07080340927610411,False,
fedavg_sgd,1.0,10,101,33,9,0.3895133042025761,0.0712603489676888,False,
fedavg_sgd,1.0,10,101,33,10,0.439204363109399,0.066834388732378,False,
fedavg_sgd,1.0,10,101,33,11,0.4373685127734718,0.06891690939489538,False,
fedavg_sgd,1.0,10,101,33,12,0.4153953874195133,0.062467819565351905,False,
fedavg_sgd,1.0,10,101,33,13,0.41557533838152455,0.06323394729030989,False,
fedavg_sgd,1.0,10,101,33,14,0.422405911167296,0.0589013425915366,False,
fedavg_sgd,1.0,10,101,33,15,0.26284334887959926,1.531857927380477,False,
fedavg_sgd,1.0,10,101,33,16,,,True,1
fedavg_sgd,1.0,10,101,44,1,0.2192058560433344,0.11590048846699133,False,
fedavg_sgd,1.0,10,101,44,2,0.28983423449803414,0.11445779023249743,False,
fedavg_sgd,1.0,10,101,44,3,0.32005377831270265,0.10365398655439072,False,
fedavg_sgd,1.0,10,101,44,4,0.31703276807591013,0.09404383760314979,False,
fedavg_sgd,1.0,10,101,44,5,0.34719732946700776,0.08330142915490954,False,
fedavg_sgd,1.0,10,101,44,6,0.38566218133310354,0.07779800697180321,False,
fedavg_sgd,1.0,10,101,44,7,0.4178916735576021,0.06885734209997786,False,
fedavg_sgd,1.0,10,101,44,8,0.39422526227101795,0.0716396417754955,False,
fedavg_sgd,1.0,10,101,44,9,0.46147113504164206,0.06451761378622178,False,
fedavg_sgd,1.0,10,101,44,10,0.42011752601818547,0.06781808636158763,False,
fedavg_sgd,1.0,10,101,44,11,0.40478600990538943,0.06559295259132765,False,
fedavg_sgd,1.0,10,101,44,12,0.40971911396139404,0.05916102550154387,False,
fedavg_sgd,1.0,10,101,44,13,0.44840665406663455,0.05978073712556996,False,
fedavg_sgd,1.0,10,101,44,14,0.40151506336883913,0.06425019076850128,False,
fedavg_sgd,1.0,10,101,44,15,0.40913126583130555,0.06364907891918069,False,
fedavg_sgd,1.0,10,101,44,16,0.4289764214655368,0.05695621620241052,False,
fedavg_sgd,1.0,10,101,44,17,0.43250199718851057,0.058222872584623095,False,
fedavg_sgd,1.0,10,101,44,18,0.420498695485218,0.058263515905048475,False,
fedavg_sgd,1.0,10,101,44,19,0.445642089296025,0.05726598733977558,False,
fedavg_sgd,1.0,10,101,44,20,0.4339472480823519,0.05826903926528471,False,
fedavg_sgd,1.0,10,101,44,21,0.5054721739935054,0.05870186969780949,False,
fedavg_sgd,1.0,10,101,44,22,0.4418290672129358,0.053727846996973874,False,
fedavg_sgd,1.0,10,101,44,23,0.49539418739465824,0.05391779880652025,False,
fedavg_sgd,1.0,10,101,44,24,0.4457139988133647,0.056618969635634064,False,
fedavg_sgd,1.0,10,101,44,25,0.45932619418549986,0.05517029462530969,False,
fedavg_sgd,1.0,10,101,44,26,0.45868131981333143,0.05505386628353605,False,
fedavg_sgd,1.0,10,101,44,27,0.47117009218337613,0.054237286901442944,False,
fedavg_sgd,1.0,10,101,44,28,0.5218100253366059,0.053494022179297274,False,
fedavg_sgd,1.0,10,101,44,29,0.47432594639142955,0.054554932289404626,False,
fedavg_sgd,1.0,10,101,44,30,0.536968459936126,0.050536119961923684,False,
fedavg_sgd,1.0,10,101,44,31,0.49581930129136786,0.05240454043650909,False,
fedavg_sgd,1.0,10,101,44,32,0.4933439321764197,0.05273508647734528,False,
fedavg_sgd,1.0,10,101,44,33,0.48449368843035195,0.05223308406348783,False,
fedavg_sgd,1.0,10,101,44,34,0.5033494588149238,0.05348674428618067,False,
fedavg_sgd,1.0,10,101,44,35,0.5012103493946246,0.05422878354446423,False,
fedavg_sgd,1.0,10,101,44,36,0.4945869977002396,0.05365147890026193,False,
fedavg_sgd,1.0,10,101,44,37,0.554737750669664,0.05018997909398831,False,
fedavg_sgd,1.0,10,101,44,38,0.4877735326114597,0.05129689735430063,False,
fedavg_sgd,1.0,10,101,44,39,0.5013298417413756,0.054581442763671204,False,
fedavg_sgd,1.0,10,101,44,40,0.5034998318175323,0.051885331015363294,False,
fedavg_sgd,1.0,10,101,44,41,0.5367089636832012,0.051285763849669055,False,
fedavg_sgd,1.0,10,101,44,42,0.5628247667026179,0.04924984737907757,False,
fedavg_sgd,1.0,10,101,44,43,0.5654941369479609,0.049538338074966375,False,
fedavg_sgd,1.0,10,101,44,44,0.492338409253924,0.05447825428453723,False,
fedavg_sgd,1.0,10,101,44,45,0.5788568008253837,0.04910554701236553,False,
fedavg_sgd,1.0,10,101,55,1,0.15401970090956285,0.15039818034985372,False,
fedavg_sgd,1.0,10,101,55,2,0.29983158893821804,0.11817697902432617,False,
fedavg_sgd,1.0,10,101,55,3,0.30712731915262137,0.09963128442951782,False,
fedavg_sgd,1.0,10,101,55,4,0.3445734674113767,0.08967242013969486,False,
fedavg_sgd,1.0,10,101,55,5,0.3574709826839802,0.08213882348696266,False,
fedavg_sgd,1.0,10,101,55,6,0.3563155329733854,0.08290450635833617,False,
fedavg_sgd,1.0,10,101,55,7,0.3677939678245232,0.07365793574994586,False,
fedavg_sgd,1.0,10,101,55,8,0.37568684507887906,0.0712936305511386,False,
fedavg_sgd,1.0,10,101,55,9,0.4515602239519644,0.06426816878861132,False,
fedavg_sgd,1.0,10,101,55,10,0.3915559719095315,0.06948176755256409,False,
fedavg_sgd,1.0,10,101,55,11,0.38736599821197826,0.06796188341248811,False,
fedavg_sgd,1.0,10,101,55,12,0.39674530103212463,0.06883944143995063,False,
fedavg_sgd,1.0,10,101,55,13,0.41464889510338193,0.06370196802855616,False,
fedavg_sgd,1.0,10,101,55,14,0.44525259592119426,0.05862982091252501,False,
fedavg_sgd,1.0,10,101,55,15,0.41944323702572217,0.062247503427493446,False,
fedavg_sgd,1.0,10,101,55,16,0.4190288467833925,0.05973981301412318,False,
fedavg_sgd,1.0,10,101,55,17,0.42057325483464386,0.05757534803264446,False,
fedavg_sgd,1.0,10,101,55,18,0.44307124738465764,0.05683430566578827,False,
fedavg_sgd,1.0,10,101,55,19,0.4173064640657273,0.0561957814368263,False,
fedavg_sgd,1.0,10,101,55,20,0.4510438054186777,0.05473519671762424,False,
fedavg_sgd,1.0,10,101,55,21,0.43369967796015524,0.055606540251394464,False,
fedavg_sgd,1.0,10,101,55,22,0.4451325559727412,0.055673064925031206,False,
fedavg_sgd,1.0,10,101,55,23,0.45192974760772286,0.05814947006847777,False,
fedavg_sgd,1.0,10,101,55,24,0.474262741638358,0.05207532560757787,False,
fedavg_sgd,1.0,10,101,55,25,0.4572519137851181,0.05648522626269876,False,
fedavg_sgd,1.0,10,101,55,26,0.46002947237240366,0.05506736358233184,False,
fedavg_sgd,1.0,10,101,55,27,0.4742516129301077,0.05568464136433297,False,
fedavg_sgd,1.0,10,101,55,28,0.49687955686467233,0.05209107357429558,False,
fedavg_sgd,1.0,10,101,55,29,0.5234010198763086,0.05225475449046831,False,
fedavg_sgd,1.0,10,101,55,30,0.4966399467489041,0.05222699849773445,False,
fedavg_sgd,1.0,10,101,55,31,0.4815289599197714,0.05627180893815393,False,
fedavg_sgd,1.0,10,101,55,32,0.5038059266166833,0.05211839229923141,False,
fedavg_sgd,1.0,10,101,55,33,0.4826414062241385,0.055159197365130384,False,
fedavg_sgd,1.0,10,101,55,34,0.5556659784816067,0.05177179771066033,False,
fedavg_sgd,1.0,10,101,55,35,0.4758112976245493,0.05430239791615389,False,
fedavg_sgd,1.0,10,101,55,36,0.5529609084102711,0.05355944686677574,False,
fedavg_sgd,1.0,10,101,55,37,0.49434080334652947,0.05369819929216788,False,
fedavg_sgd,1.0,10,101,55,38,0.49862378377789135,0.05329116309817424,False,
fedavg_sgd,1.0,10,101,55,39,0.5153089099442338,0.05272170070771921,False,
fedavg_sgd,1.0,10,101,55,40,0.4897274505976623,0.05324742721315125,False,
fedavg_sgd,1.0,10,101,55,41,0.576043246148488,0.05199733923062744,False,
fedavg_sgd,1.0,10,101,55,42,0.5672601858074423,0.0509591000045998,False,
fedavg_sgd,1.0,10,101,55,43,0.5013985838744276,0.05208212037830693,False,
fedavg_sgd,1.0,10,101,55,44,0.5980398219075982,0.05044048798098044,False,
fedavg_sgd,1.0,10,101,55,45,0.543331403375156,0.05409186659225337,False,
fednova_sgd,1.0,10,101,11,1,0.30449907706213064,0.106665038367615,False,
fednova_sgd,1.0,10,101,11,2,0.42097525200035957,0.06327537188131313,False,
fednova_sgd,1.0,10,101,11,3,0.4044968691003433,0.06960578645172942,False,
fednova_sgd,1.0,10,101,11,4,0.3837046613085614,0.0590488592921674,False,
fednova_sgd,1.0,10,101,11,5,0.42629279676534687,0.061309984384286635,False,
fednova_sgd,1.0,10,101,11,6,0.4503704504987333,0.06286287345415706,False,
fednova_sgd,1.0,10,101,11,7,0.3824701598498739,0.06325838456978797,False,
fednova_sgd,1.0,10,101,11,8,0.3754187438883523,0.05467825999618363,False,
fednova_sgd,1.0,10,101,11,9,0.4276034022448003,0.05841570553124133,False,
fednova_sgd,1.0,10,101,11,10,0.37430091927403514,0.06463155578127733,False,
fednova_sgd,1.0,10,101,11,11,0.3901451127061255,0.06212133727322485,False,
fednova_sgd,1.0,10,101,11,12,0.4438247087385838,0.06111197385270077,False,
fednova_sgd,1.0,10,101,11,13,0.40882061658303614,0.06977354782400484,False,
fednova_sgd,1.0,10,101,11,14,0.43034360618816797,0.06254412052469308,False,
fednova_sgd,1.0,10,101,11,15,0.43516024717066754,0.05690215273702293,False,
fednova_sgd,1.0,10,101,11,16,0.4232263769716778,0.054821784161317555,False,
fednova_sgd,1.0,10,101,11,17,0.4370751049627887,0.06061541123082471,False,
fednova_sgd,1.0,10,101,11,18,0.44361169179982957,0.05808232373884677,False,
fednova_sgd,1.0,10,101,11,19,0.41713437004434567,0.06829468637400295,False,
fednova_sgd,1.0,10,101,11,20,0.43077570260009235,0.05966156834521923,False,
fednova_sgd,1.0,10,101,11,21,0.42251119271943227,0.06856776119193837,False,
fednova_sgd,1.0,10,101,11,22,0.46972577353748624,0.054685840900771096,False,
fednova_sgd,1.0,10,101,11,23,0.48700327343458283,0.06481585269945084,False,
fednova_sgd,1.0,10,101,11,24,0.4477065282455734,0.059669122950151546,False,
fednova_sgd,1.0,10,101,11,25,0.43468121605876403,0.06505280071801069,False,
fednova_sgd,1.0,10,101,11,26,0.4297473005265121,0.05832538882011853,False,
fednova_sgd,1.0,10,101,11,27,0.4254738415982555,0.059680928532731554,False,
fednova_sgd,1.0,10,101,11,28,0.4712787876625221,0.05709114604539596,False,
fednova_sgd,1.0,10,101,11,29,0.4593143276333115,0.05835024555416488,False,
fednova_sgd,1.0,10,101,11,30,0.4580488003904945,0.05202869804232843,False,
fednova_sgd,1.0,10,101,11,31,0.4385965549365218,0.062024925772527724,False,
fednova_sgd,1.0,10,101,11,32,0.46179588794320847,0.06119221197567059,False,
fednova_sgd,1.0,10,101,11,33,0.42681136804742015,0.06184695897867504,False,
fednova_sgd,1.0,10,101,11,34,0.4609042131381902,0.055027991409504234,False,
fednova_sgd,1.0,10,101,11,35,0.4292644221689529,0.06721216969408901,False,
fednova_sgd,1.0,10,101,11,36,0.4559805590817088,0.05396799333751692,False,
fednova_sgd,1.0,10,101,11,37,0.4728909028465338,0.05958765764827204,False,
fednova_sgd,1.0,10,101,11,38,0.5108666774045835,0.054202265141966514,False,
fednova_sgd,1.0,10,101,11,39,0.4813641727596348,0.05886269320936602,False,
fednova_sgd,1.0,10,101,11,40,0.49715592966918454,0.04805286367773354,False,
fednova_sgd,1.0,10,101,11,41,0.4734153229240159,0.0571192198893383,False,
fednova_sgd,1.0,10,101,11,42,0.5120519632737788,0.050451886221216886,False,
fednova_sgd,1.0,10,101,11,43,0.44606320006377487,0.06529690870744252,False,
fednova_sgd,1.0,10,101,11,44,0.4999624246338641,0.0563641045749339,False,
fednova_sgd,1.0,10,101,11,45,0.4441505886086558,0.06269253029399824,False,
fednova_sgd,1.0,10,101,22,1,0.31471465945503707,0.10655160813249918,False,
fednova_sgd,1.0,10,101,22,2,0.39670865243047193,0.0696347241913883,False,
fednova_sgd,1.0,10,101,22,3,0.38445419313237067,0.06742951633990402,False,
fednova_sgd,1.0,10,101,22,4,0.35515538069803976,0.06359294624646931,False,
fednova_sgd,1.0,10,101,22,5,0.3962173606040856,0.0595133850534429,False,
fednova_sgd,1.0,10,101,22,6,0.40329772779583045,0.06208900010985083,False,
fednova_sgd,1.0,10,101,22,7,0.3914927810135799,0.061569392126720204,False,
fednova_sgd,1.0,10,101,22,8,0.4349516163118488,0.07196425587558242,False,
fednova_sgd,1.0,10,101,22,9,0.45191940373151546,0.06689819086035384,False,
fednova_sgd,1.0,10,101,22,10,0.4411223265362836,0.06280780197930438,False,
fednova_sgd,1.0,10,101,22,11,0.4710899326126497,0.061891213571609434,False,
fednova_sgd,1.0,10,101,22,12,0.4363738540520948,0.06084118811465072,False,
fednova_sgd,1.0,10,101,22,13,0.49599000684156547,0.05200549527721161,False,
fednova_sgd,1.0,10,101,22,14,0.3997281395416288,0.06142883594905106,False,
fednova_sgd,1.0,10,101,22,15,0.4705011631384555,0.06304483018849197,False,
fednova_sgd,1.0,10,101,22,16,0.3841116913136891,0.06034162071721483,False,
fednova_sgd,1.0,10,101,22,17,0.48165575298562135,0.07770730603611431,False,
fednova_sgd,1.0,10,101,22,18,0.3938582917279219,0.05172787709287114,False,
fednova_sgd,1.0,10,101,22,19,0.48538911091922887,0.05515929146459736,False,
fednova_sgd,1.0,10,101,22,20,0.49017818681527076,0.054046276096936026,False,
fednova_sgd,1.0,10,101,22,21,0.43088433983685914,0.06351452118388105,False,
fednova_sgd,1.0,10,101,22,22,0.4851767612147804,0.05231610038372209,False,
fednova_sgd,1.0,10,101,22,23,0.4482300035175514,0.06775953273095536,False,
fednova_sgd,1.0,10,101,22,24,0.4427752773304344,0.056441398746974736,False,
fednova_sgd,1.0,10,101,22,25,0.4348146004650134,0.07620864103501858,False,
fednova_sgd,1.0,10,101,22,26,0.43517567970665705,0.05649972934641281,False,
fednova_sgd,1.0,10,101,22,27,0.4585689534083522,0.06881310030376091,False,
fednova_sgd,1.0,10,101,22,28,0.49599356038490605,0.05239458098327403,False,
fednova_sgd,1.0,10,101,22,29,0.44878513641402773,0.06845024158065476,False,
fednova_sgd,1.0,10,101,22,30,0.4953879649105049,0.05579861798331711,False,
fednova_sgd,1.0,10,101,22,31,0.48743797011460316,0.06351849742986077,False,
fednova_sgd,1.0,10,101,22,32,0.49683962365291595,0.05394574219884323,False,
fednova_sgd,1.0,10,101,22,33,0.5065436668548287,0.06122338584078873,False,
fednova_sgd,1.0,10,101,22,34,0.5162430944443932,0.05209447365369829,False,
fednova_sgd,1.0,10,101,22,35,0.4794759435576894,0.06116970355660426,False,
fednova_sgd,1.0,10,101,22,36,0.5143938204376508,0.05433254572591574,False,
fednova_sgd,1.0,10,101,22,37,0.5462801016963371,0.06280243531610714,False,
fednova_sgd,1.0,10,101,22,38,0.4711069996693031,0.051370381440453396,False,
fednova_sgd,1.0,10,101,22,39,0.5524632699682056,0.06354576317091978,False,
fednova_sgd,1.0,10,101,22,40,0.4070642750996507,0.05469743435426728,False,
fednova_sgd,1.0,10,101,22,41,0.5347773322787683,0.06560746435468684,False,
fednova_sgd,1.0,10,101,22,42,0.3950154951050246,0.05885340641384253,False,
fednova_sgd,1.0,10,101,22,43,0.5194060779270034,0.06621268140010228,False,
fednova_sgd,1.0,10,101,22,44,0.4350027222557132,0.05209158262528001,False,
fednova_sgd,1.0,10,101,22,45,0.5561793428224435,0.060652911984551985,False,
fednova_sgd,1.0,10,101,33,1,0.3305333209131968,0.10495195971095148,False,
fednova_sgd,1.0,10,101,33,2,0.36054697081352927,0.06233852007208783,False,
fednova_sgd,1.0,10,101,33,3,0.4020252446942951,0.06425128795785719,False,
fednova_sgd,1.0,10,101,33,4,0.37950663455654304,0.057088718344509834,False,
fednova_sgd,1.0,10,101,33,5,0.4081240749454525,0.05804624865898055,False,
fednova_sgd,1.0,10,101,33,6,0.36766983945809806,0.06079446238525471,False,
fednova_sgd,1.0,10,101,33,7,0.3925141604262051,0.05381683556125134,False,
fednova_sgd,1.0,10,101,33,8,0.3715361970258667,0.06260267795178139,False,
fednova_sgd,1.0,10,101,33,9,0.4247754496765239,0.05014826803105075,False,
fednova_sgd,1.0,10,101,33,10,0.37873183072038635,0.05696479687564432,False,
fednova_sgd,1.0,10,101,33,11,0.4204997693313837,0.05240777939239397,False,
fednova_sgd,1.0,10,101,33,12,0.39772550316607774,0.06616865215554767,False,
fednova_sgd,1.0,10,101,33,13,0.46554191155041036,0.06023351212566148,False,
fednova_sgd,1.0,10,101,33,14,0.3938718855939368,0.0702021898332209,False,
fednova_sgd,1.0,10,101,33,15,0.46044314458714364,0.06451035007931424,False,
fednova_sgd,1.0,10,101,33,16,0.4022344652134979,0.06784830951258003,False,
fednova_sgd,1.0,10,101,33,17,0.46152941171038697,0.06026419478037196,False,
fednova_sgd,1.0,10,101,33,18,0.4182794728350072,0.07059106741983696,False,
fednova_sgd,1.0,10,101,33,19,0.4441282071257671,0.05556741775104127,False,
fednova_sgd,1.0,10,101,33,20,0.45060166010938446,0.061903273831108434,False,
fednova_sgd,1.0,10,101,33,21,0.4753712652488905,0.05760494074175423,False,
fednova_sgd,1.0,10,101,33,22,0.48552191281704044,0.0697888991481432,False,
fednova_sgd,1.0,10,101,33,23,0.4362654919120332,0.05735945590162228,False,
fednova_sgd,1.0,10,101,33,24,0.4747668949465791,0.07064721893699866,False,
fednova_sgd,1.0,10,101,33,25,0.4810341071606361,0.058307851978891594,False,
fednova_sgd,1.0,10,101,33,26,0.4313574823744124,0.06777483973912558,False,
fednova_sgd,1.0,10,101,33,27,0.44956258645202396,0.059402119516605185,False,
fednova_sgd,1.0,10,101,33,28,0.4405981789313917,0.0695642787664135,False,
fednova_sgd,1.0,10,101,33,29,0.4763900318460607,0.05520689479235763,False,
fednova_sgd,1.0,10,101,33,30,0.41832909662205836,0.06427961990474973,False,
fednova_sgd,1.0,10,101,33,31,0.45767565505951147,0.054866312739760385,False,
fednova_sgd,1.0,10,101,33,32,0.4669226968659024,0.06446644202119847,False,
fednova_sgd,1.0,10,101,33,33,0.45981449238004946,0.053173528615409714,False,
fednova_sgd,1.0,10,101,33,34,0.4389660967872982,0.06321077546492704,False,
fednova_sgd,1.0,10,101,33,35,0.4780403719578598,0.05209594324362128,False,
fednova_sgd,1.0,10,101,33,36,0.4265089221584219,0.06349869842371564,False,
fednova_sgd,1.0,10,101,33,37,0.46977379089306104,0.049809139215293105,False,
fednova_sgd,1.0,10,101,33,38,0.4454707314537085,0.060122747438796725,False,
fednova_sgd,1.0,10,101,33,39,0.508777293035184,0.050841348263446454,False,
fednova_sgd,1.0,10,101,33,40,0.45818864248848157,0.06883589155437891,False,
fednova_sgd,1.0,10,101,33,41,0.48544812350871225,0.048514703660451824,False,
fednova_sgd,1.0,10,101,33,42,0.46119838919423256,0.06033441154847839,False,
fednova_sgd,1.0,10,101,33,43,0.5261470788403955,0.05064267376548983,False,
fednova_sgd,1.0,10,101,33,44,0.43756405595249137,0.06328178816721781,False,
fednova_sgd,1.0,10,101,33,45,0.5229040114995177,0.04948589253644691,False,
fednova_sgd,1.0,10,101,44,1,0.29501245652128794,0.1090026979740135,False,
fednova_sgd,1.0,10,101,44,2,0.40056547356879635,0.06354315690062325,False,
fednova_sgd,1.0,10,101,44,3,0.3383736325064579,0.06938115478645403,False,
fednova_sgd,1.0,10,101,44,4,0.36309807095724944,0.05679086669333941,False,
fednova_sgd,1.0,10,101,44,5,0.41037512726213676,0.05677377761814534,False,
fednova_sgd,1.0,10,101,44,6,0.37247946321913045,0.05908289024537467,False,
fednova_sgd,1.0,10,101,44,7,0.4142017844142732,0.05478345612960482,False,
fednova_sgd,1.0,10,101,44,8,0.3847840851090953,0.0639153342111959,False,
fednova_sgd,1.0,10,101,44,9,0.3923687813469805,0.0647072152914818,False,
fednova_sgd,1.0,10,101,44,10,0.3784679086068578,0.0699143361676966,False,
fednova_sgd,1.0,10,101,44,11,0.4126554531132467,0.061815390972261894,False,
fednova_sgd,1.0,10,101,44,12,0.3822601661824414,0.06556062980132908,False,
fednova_sgd,1.0,10,101,44,13,0.4169185279600345,0.06333162745996751,False,
fednova_sgd,1.0,10,101,44,14,0.39130381410778314,0.05981406429824176,False,
fednova_sgd,1.0,10,101,44,15,0.4344526191266311,0.057172855602866036,False,
fednova_sgd,1.0,10,101,44,16,0.4208553601585153,0.05907631417545529,False,
fednova_sgd,1.0,10,101,44,17,0.4694186860742544,0.056434941861272785,False,
fednova_sgd,1.0,10,101,44,18,0.413595689059905,0.05945514377069445,False,
fednova_sgd,1.0,10,101,44,19,0.4787607577584502,0.05145026301242012,False,
fednova_sgd,1.0,10,101,44,20,0.42807176989619933,0.06597451342716781,False,
fednova_sgd,1.0,10,101,44,21,0.47356566431568464,0.058674998995632256,False,
fednova_sgd,1.0,10,101,44,22,0.44842141429066285,0.05669243041175413,False,
fednova_sgd,1.0,10,101,44,23,0.4608999435600806,0.053514683870090195,False,
fednova_sgd,1.0,10,101,44,24,0.4430587302633176,0.06441671723021611,False,
fednova_sgd,1.0,10,101,44,25,0.48853454746478103,0.06195218999090694,False,
fednova_sgd,1.0,10,101,44,26,0.4765268048082871,0.06081470719568209,False,
fednova_sgd,1.0,10,101,44,27,0.4431253213275835,0.05763088327645305,False,
fednova_sgd,1.0,10,101,44,28,0.5212274352877707,0.05605784041532352,False,
fednova_sgd,1.0,10,101,44,29,0.45211480511556584,0.05585803880806507,False,
fednova_sgd,1.0,10,101,44,30,0.5036634560621486,0.06351585626413218,False,
fednova_sgd,1.0,10,101,44,31,0.4219935769274017,0.06164264070336089,False,
fednova_sgd,1.0,10,101,44,32,0.4712334827669939,0.0649278749097551,False,
fednova_sgd,1.0,10,101,44,33,0.41886512762512684,0.0608818316566541,False,
fednova_sgd,1.0,10,101,44,34,0.4715036963213641,0.05714868373055621,False,
fednova_sgd,1.0,10,101,44,35,0.45006304174122125,0.054761522502034,False,
fednova_sgd,1.0,10,101,44,36,0.5191788272764803,0.059003767951304256,False,
fednova_sgd,1.0,10,101,44,37,0.43736527543139714,0.0578734921884801,False,
fednova_sgd,1.0,10,101,44,38,0.5103331369142151,0.055659022812757766,False,
fednova_sgd,1.0,10,101,44,39,0.4522484560866045,0.05521732912901452,False,
fednova_sgd,1.0,10,101,44,40,0.5180747691545915,0.05496506898737302,False,
fednova_sgd,1.0,10,101,44,41,0.4478272273751655,0.05268643985643911,False,
fednova_sgd,1.0,10,101,44,42,0.5157766719787751,0.0607441657855972,False,
fednova_sgd,1.0,10,101,44,43,0.5124638881884034,0.051098302205921126,False,
fednova_sgd,1.0,10,101,44,44,0.4928745554321529,0.06044167769186863,False,
fednova_sgd,1.0,10,101,44,45,0.5036033764006677,0.051658919190909716,False,
fednova_sgd,1.0,10,101,55,1,0.3138107949878373,0.11219798568604772,False,
fednova_sgd,1.0,10,101,55,2,0.4183842861528626,0.06090000225817855,False,
fednova_sgd,1.0,10,101,55,3,0.40614875298940156,0.07285783228491743,False,
fednova_sgd,1.0,10,101,55,4,0.3663946598684254,0.05652719469962645,False,
fednova_sgd,1.0,10,101,55,5,0.43311179318326,0.06472587696251403,False,
fednova_sgd,1.0,10,101,55,6,0.3678616199043517,0.06054310480574023,False,
fednova_sgd,1.0,10,101,55,7,0.40158324077534785,0.06569212325076539,False,
fednova_sgd,1.0,10,101,55,8,0.3728552440190147,0.06556651125673356,False,
fednova_sgd,1.0,10,101,55,9,0.3775086295010874,0.06541958490020974,False,
fednova_sgd,1.0,10,101,55,10,0.3807571662168516,0.07402753840841063,False,
fednova_sgd,1.0,10,101,55,11,0.3934173720066585,0.06486814658585777,False,
fednova_sgd,1.0,10,101,55,12,0.4545181345951085,0.06745228988091258,False,
fednova_sgd,1.0,10,101,55,13,0.4640056354093278,0.06197344378292009,False,
fednova_sgd,1.0,10,101,55,14,0.4492707682768111,0.06089656879671971,False,
fednova_sgd,1.0,10,101,55,15,0.429983543642857,0.0607457730141306,False,
fednova_sgd,1.0,10,101,55,16,0.44130605750702123,0.06432486851383948,False,
fednova_sgd,1.0,10,101,55,17,0.40432806310245284,0.0602276041182999,False,
fednova_sgd,1.0,10,101,55,18,0.4523930144129637,0.06074019587356334,False,
fednova_sgd,1.0,10,101,55,19,0.4238444684062698,0.05803245635746137,False,
fednova_sgd,1.0,10,101,55,20,0.4773312558093213,0.055909836067586004,False,
fednova_sgd,1.0,10,101,55,21,0.40978991000398335,0.06956223117930506,False,
fednova_sgd,1.0,10,101,55,22,0.4419191229534937,0.05891594965206303,False,
fednova_sgd,1.0,10,101,55,23,0.4182254292964531,0.0698088997656644,False,
fednova_sgd,1.0,10,101,55,24,0.4128009328679233,0.057255232414575544,False,
fednova_sgd,1.0,10,101,55,25,0.40752458562976507,0.07218746126349293,False,
fednova_sgd,1.0,10,101,55,26,0.4219911719632116,0.05833401100686922,False,
fednova_sgd,1.0,10,101,55,27,0.4298881074336773,0.06893116426015117,False,
fednova_sgd,1.0,10,101,55,28,0.4208551750686829,0.055981485621424895,False,
fednova_sgd,1.0,10,101,55,29,0.41049659805035976,0.06512625242855417,False,
fednova_sgd,1.0,10,101,55,30,0.4206599806845537,0.05654740661593391,False,
fednova_sgd,1.0,10,101,55,31,0.4464321322131463,0.0666015721318082,False,
fednova_sgd,1.0,10,101,55,32,0.4466196577308001,0.057136839924697085,False,
fednova_sgd,1.0,10,101,55,33,0.475058598573014,0.0630344408496801,False,
fednova_sgd,1.0,10,101,55,34,0.4820082240362896,0.051957571772460756,False,
fednova_sgd,1.0,10,101,55,35,0.5174136188090852,0.059984251529204245,False,
fednova_sgd,1.0,10,101,55,36,0.4593150415565327,0.054531636292939396,False,
fednova_sgd,1.0,10,101,55,37,0.5035663789383736,0.05810896627462384,False,
fednova_sgd,1.0,10,101,55,38,0.43549940445755025,0.05596977436153453,False,
fednova_sgd,1.0,10,101,55,39,0.5116662695282255,0.054844753526659365,False,
fednova_sgd,1.0,10,101,55,40,0.42156899158299266,0.05439126591821657,False,
fednova_sgd,1.0,10,101,55,41,0.5685117840431466,0.05679291898339659,False,
fednova_sgd,1.0,10,101,55,42,0.48620031754632476,0.053012033427954214,False,
fednova_sgd,1.0,10,101,55,43,0.5392850302411883,0.05733481841918259,False,
fednova_sgd,1.0,10,101,55,44,0.4712995901704431,0.05632008455831225,False,
fednova_sgd,1.0,10,101,55,45,0.526364051643188,0.05757726284286565,False,
